start_time,entry_speed,apex_speed,min_gear,speed_drop,driver_number,session_key
2024-03-01T16:07:17.399000+00:00,176,58,1,118,1,9468
2024-03-01T16:07:33.360000+00:00,277,113,3,164,1,9468
2024-03-01T16:07:42.599000+00:00,233,165,4,68,1,9468
2024-03-01T16:07:48.799000+00:00,233,73,1,160,1,9468
2024-03-01T16:08:02.959000+00:00,218,78,2,140,1,9468
2024-03-01T16:08:17.639000+00:00,274,144,3,130,1,9468
2024-03-01T16:08:29.279000+00:00,239,103,2,136,1,9468
2024-03-01T16:08:35.079000+00:00,165,95,2,70,1,9468
2024-03-01T16:08:46.160000+00:00,261,125,3,136,1,9468
2024-03-01T16:09:03.599000+00:00,284,88,3,196,1,9468
2024-03-01T16:09:17.800000+00:00,303,141,4,162,1,9468
2024-03-01T16:09:30.840000+00:00,236,96,3,140,1,9468
2024-03-01T16:09:40.760000+00:00,247,83,3,164,1,9468
2024-03-01T16:09:53.520000+00:00,309,175,4,134,1,9468
2024-03-01T16:10:04.120000+00:00,261,147,4,114,1,9468
2024-03-01T16:10:16.520000+00:00,291,147,4,144,1,9468
2024-03-01T16:10:34.120000+00:00,219,68,2,151,1,9468
2024-03-01T16:10:52.080000+00:00,239,105,3,134,1,9468
2024-03-01T16:11:14.320000+00:00,135,76,2,59,1,9468
2024-03-01T16:11:28.120000+00:00,147,72,2,75,1,9468
2024-03-01T16:12:00+00:00,168,123,3,45,1,9468
2024-03-01T16:12:18.320000+00:00,177,113,3,64,1,9468
2024-03-01T16:12:28.641000+00:00,175,83,2,92,1,9468
2024-03-01T16:16:02.281000+00:00,127,64,1,63,1,9468
2024-03-01T16:16:18.721000+00:00,268,110,3,158,1,9468
2024-03-01T16:16:36.601000+00:00,231,87,3,144,1,9468
2024-03-01T16:16:50.001000+00:00,150,78,2,72,1,9468
2024-03-01T16:17:04.162000+00:00,262,154,4,108,1,9468
2024-03-01T16:17:16.441000+00:00,238,117,3,121,1,9468
2024-03-01T16:17:26.601000+00:00,162,113,2,49,1,9468
2024-03-01T16:17:35.521000+00:00,214,129,3,85,1,9468
2024-03-01T16:17:52.401000+00:00,316,81,3,235,1,9468
2024-03-01T16:18:06.961000+00:00,284,148,4,136,1,9468
2024-03-01T16:18:19.721000+00:00,246,91,3,155,1,9468
2024-03-01T16:18:29.722000+00:00,254,89,3,165,1,9468
2024-03-01T16:18:42.721000+00:00,309,169,4,140,1,9468
2024-03-01T16:18:53.161000+00:00,274,149,4,125,1,9468
2024-03-01T16:19:05.881000+00:00,281,149,4,132,1,9468
2024-03-01T16:19:23.602000+00:00,205,86,2,119,1,9468
2024-03-01T16:19:39.641000+00:00,248,138,4,110,1,9468
2024-03-01T16:19:54.801000+00:00,208,97,3,111,1,9468
2024-03-01T16:20:05.322000+00:00,208,83,3,125,1,9468
2024-03-01T16:20:19.681000+00:00,253,174,4,79,1,9468
2024-03-01T16:20:30.482000+00:00,248,153,4,95,1,9468
2024-03-01T16:20:44.322000+00:00,237,145,4,92,1,9468
2024-03-01T16:20:52.442000+00:00,209,90,2,119,1,9468
2024-03-01T16:28:36.084000+00:00,160,54,1,106,1,9468
2024-03-01T16:28:52.123000+00:00,291,100,2,191,1,9468
2024-03-01T16:29:01.284000+00:00,233,151,4,82,1,9468
2024-03-01T16:29:08.124000+00:00,218,71,2,147,1,9468
2024-03-01T16:29:21.484000+00:00,206,78,2,128,1,9468
2024-03-01T16:29:36.004000+00:00,283,134,3,149,1,9468
2024-03-01T16:29:48.844000+00:00,232,110,3,122,1,9468
2024-03-01T16:30:03.643000+00:00,241,178,4,63,1,9468
2024-03-01T16:30:05.843000+00:00,187,127,3,60,1,9468
2024-03-01T16:30:22.444000+00:00,289,82,3,207,1,9468
2024-03-01T16:30:36.764000+00:00,304,137,4,167,1,9468
2024-03-01T16:30:49.324000+00:00,262,83,3,179,1,9468
2024-03-01T16:30:59.363000+00:00,245,86,3,159,1,9468
2024-03-01T16:31:12.363000+00:00,279,177,4,102,1,9468
2024-03-01T16:31:22.684000+00:00,269,160,4,109,1,9468
2024-03-01T16:31:34.964000+00:00,296,150,4,146,1,9468
2024-03-01T16:31:52.604000+00:00,204,79,2,125,1,9468
2024-03-01T16:32:09.924000+00:00,241,111,3,130,1,9468
2024-03-01T16:32:19.844000+00:00,211,140,3,71,1,9468
2024-03-01T16:32:27.764000+00:00,199,85,2,114,1,9468
2024-03-01T16:32:39.964000+00:00,168,79,2,89,1,9468
2024-03-01T16:32:54.844000+00:00,253,150,4,103,1,9468
2024-03-01T16:33:10.404000+00:00,185,122,4,63,1,9468
2024-03-01T16:33:26.164000+00:00,232,122,3,110,1,9468
2024-03-01T16:33:35.724000+00:00,205,108,2,97,1,9468
2024-03-01T16:37:30.925000+00:00,257,105,3,152,1,9468
2024-03-01T16:37:40.965000+00:00,219,170,4,49,1,9468
2024-03-01T16:37:47.765000+00:00,216,92,2,124,1,9468
2024-03-01T16:37:58.925000+00:00,184,76,2,108,1,9468
2024-03-01T16:38:13.245000+00:00,266,145,3,121,1,9468
2024-03-01T16:38:27.445000+00:00,228,130,3,98,1,9468
2024-03-01T16:38:41.605000+00:00,270,122,3,148,1,9468
2024-03-01T16:38:59.005000+00:00,320,87,3,233,1,9468
2024-03-01T16:39:13.726000+00:00,286,134,4,152,1,9468
2024-03-01T16:39:26.486000+00:00,229,93,3,136,1,9468
2024-03-01T16:39:36.125000+00:00,258,81,3,177,1,9468
2024-03-01T16:39:49.405000+00:00,301,169,4,132,1,9468
2024-03-01T16:39:58.765000+00:00,237,113,2,124,1,9468
2024-03-01T16:40:14.246000+00:00,263,140,3,123,1,9468
2024-03-01T16:40:22.805000+00:00,227,78,2,149,1,9468
2024-03-01T16:48:50.047000+00:00,185,58,1,127,1,9468
2024-03-01T16:49:07.127000+00:00,275,91,2,184,1,9468
2024-03-01T16:49:17.207000+00:00,211,151,3,60,1,9468
2024-03-01T16:49:24.728000+00:00,198,79,2,119,1,9468
2024-03-01T16:49:36.167000+00:00,206,86,2,120,1,9468
2024-03-01T16:49:51.608000+00:00,269,123,3,146,1,9468
2024-03-01T16:50:04.848000+00:00,218,118,3,100,1,9468
2024-03-01T16:50:19.247000+00:00,266,128,3,138,1,9468
2024-03-01T16:50:36.567000+00:00,265,82,3,183,1,9468
2024-03-01T16:50:50.648000+00:00,302,142,4,160,1,9468
2024-03-01T16:51:03.247000+00:00,260,92,3,168,1,9468
2024-03-01T16:51:13.327000+00:00,257,81,3,176,1,9468
2024-03-01T16:51:26.328000+00:00,288,173,4,115,1,9468
2024-03-01T16:51:36.608000+00:00,272,152,4,120,1,9468
2024-03-01T16:51:49.247000+00:00,237,152,4,85,1,9468
2024-03-01T16:52:06.768000+00:00,201,79,2,122,1,9468
2024-03-01T16:52:23.168000+00:00,247,130,3,117,1,9468
2024-03-01T16:52:39.488000+00:00,154,83,2,71,1,9468
2024-03-01T16:52:50.768000+00:00,187,83,2,104,1,9468
2024-03-01T16:53:06.248000+00:00,240,142,3,98,1,9468
2024-03-01T16:53:20.288000+00:00,195,123,3,72,1,9468
2024-03-01T16:53:36.408000+00:00,198,123,3,75,1,9468
2024-03-01T16:53:45.528000+00:00,221,84,2,137,1,9468
2024-03-01T16:57:24.368000+00:00,186,63,1,123,1,9468
2024-03-01T16:57:41.609000+00:00,281,102,2,179,1,9468
2024-03-01T16:57:50.768000+00:00,225,162,4,63,1,9468
2024-03-01T16:57:57.248000+00:00,205,97,3,108,1,9468
2024-03-01T16:58:08.009000+00:00,229,91,2,138,1,9468
2024-03-01T16:58:22.889000+00:00,279,102,2,177,1,9468
2024-03-01T16:58:36.729000+00:00,242,75,2,167,1,9468
2024-03-01T16:58:59.529000+00:00,206,123,3,83,1,9468
2024-03-01T16:59:16.569000+00:00,314,78,3,236,1,9468
2024-03-01T16:59:30.970000+00:00,280,128,4,152,1,9468
2024-03-01T16:59:43.490000+00:00,259,101,3,158,1,9468
2024-03-01T16:59:53.569000+00:00,243,87,3,156,1,9468
2024-03-01T17:00:06.449000+00:00,296,171,4,125,1,9468
2024-03-01T17:00:16.650000+00:00,275,151,4,124,1,9468
2024-03-01T17:00:29.009000+00:00,295,145,4,150,1,9468
2024-03-01T17:00:47.369000+00:00,185,75,2,110,1,9468
2024-03-01T17:01:05.849000+00:00,242,116,3,126,1,9468
2024-03-01T17:01:22.170000+00:00,200,92,2,108,1,9468
2024-03-01T17:01:31.810000+00:00,213,88,2,125,1,9468
2024-03-01T17:01:48.050000+00:00,232,179,5,53,1,9468
2024-03-01T17:02:27.249000+00:00,147,106,2,41,1,9468
2024-03-01T16:06:00.239000+00:00,118,58,2,60,2,9468
2024-03-01T16:06:16.519000+00:00,295,111,4,184,2,9468
2024-03-01T16:06:32.559000+00:00,220,84,3,136,2,9468
2024-03-01T16:06:43.799000+00:00,224,73,3,151,2,9468
2024-03-01T16:06:58.079000+00:00,278,141,4,137,2,9468
2024-03-01T16:07:10.399000+00:00,226,94,3,132,2,9468
2024-03-01T16:07:25.800000+00:00,253,100,3,153,2,9468
2024-03-01T16:07:48.799000+00:00,315,80,3,235,2,9468
2024-03-01T16:08:03.119000+00:00,300,128,4,172,2,9468
2024-03-01T16:08:16.159000+00:00,251,86,3,165,2,9468
2024-03-01T16:08:26.280000+00:00,251,89,3,162,2,9468
2024-03-01T16:08:39.280000+00:00,309,169,4,140,2,9468
2024-03-01T16:08:49.879000+00:00,268,155,4,113,2,9468
2024-03-01T16:09:02.359000+00:00,293,132,4,161,2,9468
2024-03-01T16:09:16.279000+00:00,296,63,2,233,2,9468
2024-03-01T16:09:27.760000+00:00,130,65,2,65,2,9468
2024-03-01T16:09:42.839000+00:00,253,112,3,141,2,9468
2024-03-01T16:09:51.760000+00:00,223,174,6,49,2,9468
2024-03-01T16:09:58.280000+00:00,213,87,3,126,2,9468
2024-03-01T16:10:09.039000+00:00,213,82,3,131,2,9468
2024-03-01T16:10:28.439000+00:00,242,162,4,80,2,9468
2024-03-01T16:10:39.800000+00:00,255,143,4,112,2,9468
2024-03-01T16:10:53+00:00,270,124,4,146,2,9468
2024-03-01T16:11:01.280000+00:00,237,76,2,161,2,9468
2024-03-01T16:15:05+00:00,289,116,4,173,2,9468
2024-03-01T16:15:20.521000+00:00,222,82,2,140,2,9468
2024-03-01T16:15:31.840000+00:00,219,84,3,135,2,9468
2024-03-01T16:15:46.081000+00:00,293,151,4,142,2,9468
2024-03-01T16:15:58.481000+00:00,224,112,3,112,2,9468
2024-03-01T16:16:13.201000+00:00,264,104,3,160,2,9468
2024-03-01T16:16:31.881000+00:00,297,77,3,220,2,9468
2024-03-01T16:16:46.481000+00:00,299,138,4,161,2,9468
2024-03-01T16:16:59.601000+00:00,246,87,3,159,2,9468
2024-03-01T16:17:09.601000+00:00,253,87,3,166,2,9468
2024-03-01T16:17:22.841000+00:00,295,172,4,123,2,9468
2024-03-01T16:17:33.401000+00:00,255,154,4,101,2,9468
2024-03-01T16:17:46.081000+00:00,284,137,4,147,2,9468
2024-03-01T16:17:57.642000+00:00,259,166,5,93,2,9468
2024-03-01T16:18:08.401000+00:00,138,54,1,84,2,9468
2024-03-01T16:18:26.521000+00:00,237,107,4,130,2,9468
2024-03-01T16:18:44.002000+00:00,217,79,3,138,2,9468
2024-03-01T16:18:54.841000+00:00,184,76,2,108,2,9468
2024-03-01T16:19:11.762000+00:00,242,144,4,98,2,9468
2024-03-01T16:19:25.362000+00:00,195,141,4,54,2,9468
2024-03-01T16:19:36.722000+00:00,251,197,6,54,2,9468
2024-03-01T16:19:40.001000+00:00,180,126,3,54,2,9468
2024-03-01T16:19:48.602000+00:00,189,75,2,114,2,9468
2024-03-01T16:06:02.039000+00:00,246,118,3,128,3,9468
2024-03-01T16:06:11.359000+00:00,220,171,4,49,3,9468
2024-03-01T16:06:17.759000+00:00,207,89,2,118,3,9468
2024-03-01T16:06:29.279000+00:00,209,96,2,113,3,9468
2024-03-01T16:06:44.079000+00:00,267,145,3,122,3,9468
2024-03-01T16:06:50.479000+00:00,196,154,4,42,3,9468
2024-03-01T16:06:59.520000+00:00,213,135,3,78,3,9468
2024-03-01T16:07:14.559000+00:00,246,136,3,110,3,9468
2024-03-01T16:07:32+00:00,311,79,2,232,3,9468
2024-03-01T16:07:46.800000+00:00,271,128,3,143,3,9468
2024-03-01T16:07:59.680000+00:00,237,92,2,145,3,9468
2024-03-01T16:08:09.599000+00:00,243,91,2,152,3,9468
2024-03-01T16:08:22.919000+00:00,256,168,4,88,3,9468
2024-03-01T16:08:32.960000+00:00,271,156,4,115,3,9468
2024-03-01T16:08:45.720000+00:00,295,134,3,161,3,9468
2024-03-01T16:09:05.400000+00:00,153,93,2,60,3,9468
2024-03-01T16:09:22.359000+00:00,200,134,3,66,3,9468
2024-03-01T16:09:38.040000+00:00,170,97,2,73,3,9468
2024-03-01T16:09:52.560000+00:00,157,94,2,63,3,9468
2024-03-01T16:10:06.840000+00:00,243,190,5,53,3,9468
2024-03-01T16:10:33.240000+00:00,234,155,5,79,3,9468
2024-03-01T16:10:43.400000+00:00,176,109,2,67,3,9468
2024-03-01T16:15:24.040000+00:00,280,135,3,145,3,9468
2024-03-01T16:15:33.161000+00:00,232,178,4,54,3,9468
2024-03-01T16:15:39.881000+00:00,220,83,2,137,3,9468
2024-03-01T16:15:51.640000+00:00,210,81,2,129,3,9468
2024-03-01T16:16:06.521000+00:00,251,166,4,85,3,9468
2024-03-01T16:16:17.880000+00:00,216,118,2,98,3,9468
2024-03-01T16:16:37.441000+00:00,253,129,3,124,3,9468
2024-03-01T16:16:55.241000+00:00,272,81,2,191,3,9468
2024-03-01T16:17:09.601000+00:00,274,134,3,140,3,9468
2024-03-01T16:17:22.441000+00:00,252,83,2,169,3,9468
2024-03-01T16:17:32.441000+00:00,255,91,2,164,3,9468
2024-03-01T16:17:45.481000+00:00,304,179,4,125,3,9468
2024-03-01T16:17:56.041000+00:00,257,149,4,108,3,9468
2024-03-01T16:18:08.841000+00:00,238,142,3,96,3,9468
2024-03-01T16:18:26.521000+00:00,212,84,2,128,3,9468
2024-03-01T16:18:43.482000+00:00,209,148,4,61,3,9468
2024-03-01T16:18:59.361000+00:00,176,92,2,84,3,9468
2024-03-01T16:19:10.922000+00:00,184,98,2,86,3,9468
2024-03-01T16:19:25.801000+00:00,223,173,6,50,3,9468
2024-03-01T16:19:53.161000+00:00,200,143,4,57,3,9468
2024-03-01T16:27:39.523000+00:00,114,73,2,41,3,9468
2024-03-01T16:27:56.163000+00:00,275,150,4,125,3,9468
2024-03-01T16:28:05.923000+00:00,206,162,4,44,3,9468
2024-03-01T16:28:13.003000+00:00,184,98,2,86,3,9468
2024-03-01T16:28:25.603000+00:00,193,90,2,103,3,9468
2024-03-01T16:28:40.563000+00:00,262,159,4,103,3,9468
2024-03-01T16:28:53.083000+00:00,227,156,4,71,3,9468
2024-03-01T16:29:07.243000+00:00,256,137,3,119,3,9468
2024-03-01T16:29:24.963000+00:00,280,83,2,197,3,9468
2024-03-01T16:29:39.803000+00:00,234,137,4,97,3,9468
2024-03-01T16:29:52.483000+00:00,238,83,2,155,3,9468
2024-03-01T16:30:02.644000+00:00,244,87,2,157,3,9468
2024-03-01T16:30:15.684000+00:00,293,182,4,111,3,9468
2024-03-01T16:30:26.203000+00:00,264,149,4,115,3,9468
2024-03-01T16:30:38.883000+00:00,282,144,4,138,3,9468
2024-03-01T16:30:57.603000+00:00,198,84,2,114,3,9468
2024-03-01T16:31:14.604000+00:00,218,140,4,78,3,9468
2024-03-01T16:31:30.164000+00:00,160,95,2,65,3,9468
2024-03-01T16:31:41.644000+00:00,177,96,2,81,3,9468
2024-03-01T16:31:56.284000+00:00,209,165,7,44,3,9468
2024-03-01T16:32:22.844000+00:00,221,152,6,69,3,9468
2024-03-01T16:32:33.004000+00:00,175,79,2,96,3,9468
2024-03-01T16:36:22.245000+00:00,162,71,1,91,3,9468
2024-03-01T16:36:38.205000+00:00,276,134,3,142,3,9468
2024-03-01T16:36:53.964000+00:00,213,104,2,109,3,9468
2024-03-01T16:37:05.725000+00:00,218,90,2,128,3,9468
2024-03-01T16:37:20.564000+00:00,253,200,6,53,3,9468
2024-03-01T16:37:32.485000+00:00,224,125,3,99,3,9468
2024-03-01T16:37:49.565000+00:00,224,123,3,101,3,9468
2024-03-01T16:38:06.925000+00:00,286,81,2,205,3,9468
2024-03-01T16:38:21.365000+00:00,298,153,4,145,3,9468
2024-03-01T16:38:34.125000+00:00,249,89,2,160,3,9468
2024-03-01T16:38:44.125000+00:00,245,89,2,156,3,9468
2024-03-01T16:38:57.045000+00:00,310,162,4,148,3,9468
2024-03-01T16:39:07.366000+00:00,265,161,4,104,3,9468
2024-03-01T16:39:20.126000+00:00,284,142,3,142,3,9468
2024-03-01T16:39:32.445000+00:00,261,172,4,89,3,9468
2024-03-01T16:39:41.965000+00:00,150,75,1,75,3,9468
2024-03-01T16:40:00.326000+00:00,196,135,3,61,3,9468
2024-03-01T16:40:16.525000+00:00,173,96,2,77,3,9468
2024-03-01T16:40:27.846000+00:00,178,100,2,78,3,9468
2024-03-01T16:06:56.519000+00:00,109,61,1,48,4,9468
2024-03-01T16:07:12.840000+00:00,270,129,3,141,4,9468
2024-03-01T16:07:28.039000+00:00,233,90,3,143,4,9468
2024-03-01T16:07:39.080000+00:00,221,86,2,135,4,9468
2024-03-01T16:07:53.600000+00:00,266,137,3,129,4,9468
2024-03-01T16:08:06.080000+00:00,202,109,3,93,4,9468
2024-03-01T16:08:23.159000+00:00,221,139,3,82,4,9468
2024-03-01T16:08:40.560000+00:00,275,77,2,198,4,9468
2024-03-01T16:08:54.639000+00:00,300,144,5,156,4,9468
2024-03-01T16:09:07.759000+00:00,227,101,2,126,4,9468
2024-03-01T16:09:17.800000+00:00,236,93,2,143,4,9468
2024-03-01T16:09:30.480000+00:00,301,179,4,122,4,9468
2024-03-01T16:09:40.760000+00:00,273,165,4,108,4,9468
2024-03-01T16:09:53.200000+00:00,295,148,3,147,4,9468
2024-03-01T16:10:10.640000+00:00,255,69,2,186,4,9468
2024-03-01T16:10:27.920000+00:00,201,127,3,74,4,9468
2024-03-01T16:10:44+00:00,180,90,2,90,4,9468
2024-03-01T16:10:58.840000+00:00,157,83,2,74,4,9468
2024-03-01T16:11:13.560000+00:00,220,157,4,63,4,9468
2024-03-01T16:11:43.240000+00:00,192,136,3,56,4,9468
2024-03-01T16:11:52.080000+00:00,184,68,2,116,4,9468
2024-03-01T16:16:29.521000+00:00,254,118,3,136,4,9468
2024-03-01T16:16:46.121000+00:00,211,95,2,116,4,9468
2024-03-01T16:16:59.361000+00:00,206,82,2,124,4,9468
2024-03-01T16:17:14.361000+00:00,256,132,3,124,4,9468
2024-03-01T16:17:27.841000+00:00,232,162,4,70,4,9468
2024-03-01T16:17:41.201000+00:00,250,131,3,119,4,9468
2024-03-01T16:17:50.722000+00:00,182,76,2,106,4,9468
2024-03-01T16:27:18.963000+00:00,154,57,1,97,4,9468
2024-03-01T16:27:36.283000+00:00,207,115,3,92,4,9468
2024-03-01T16:27:50.643000+00:00,232,91,2,141,4,9468
2024-03-01T16:28:02.084000+00:00,221,80,2,141,4,9468
2024-03-01T16:28:17.163000+00:00,260,178,6,82,4,9468
2024-03-01T16:28:29.124000+00:00,218,138,3,80,4,9468
2024-03-01T16:28:38.363000+00:00,239,129,3,110,4,9468
2024-03-01T16:29:04.963000+00:00,294,84,2,210,4,9468
2024-03-01T16:29:19.363000+00:00,274,144,5,130,4,9468
2024-03-01T16:29:32.203000+00:00,224,99,2,125,4,9468
2024-03-01T16:29:42.124000+00:00,249,85,2,164,4,9468
2024-03-01T16:29:54.964000+00:00,299,170,4,129,4,9468
2024-03-01T16:30:05.483000+00:00,253,153,4,100,4,9468
2024-03-01T16:30:17.923000+00:00,296,152,3,144,4,9468
2024-03-01T16:30:35.964000+00:00,207,72,2,135,4,9468
2024-03-01T16:30:53.204000+00:00,215,142,3,73,4,9468
2024-03-01T16:31:11.203000+00:00,191,86,2,105,4,9468
2024-03-01T16:31:23.284000+00:00,171,90,2,81,4,9468
2024-03-01T16:32:08.804000+00:00,200,146,3,54,4,9468
2024-03-01T16:32:17.644000+00:00,186,97,2,89,4,9468
2024-03-01T16:37:35.125000+00:00,180,59,1,121,4,9468
2024-03-01T16:37:52.925000+00:00,265,104,3,161,4,9468
2024-03-01T16:38:11.725000+00:00,216,87,2,129,4,9468
2024-03-01T16:38:26.405000+00:00,175,78,2,97,4,9468
2024-03-01T16:38:41.445000+00:00,281,180,6,101,4,9468
2024-03-01T16:38:53.846000+00:00,216,142,3,74,4,9468
2024-03-01T16:39:04.085000+00:00,262,129,3,133,4,9468
2024-03-01T16:39:15.125000+00:00,157,112,3,45,4,9468
2024-03-01T16:39:35.445000+00:00,185,70,2,115,4,9468
2024-03-01T16:39:50.165000+00:00,261,65,2,196,4,9468
2024-03-01T16:40:10.445000+00:00,193,88,2,105,4,9468
2024-03-01T16:40:21.765000+00:00,189,83,2,106,4,9468
2024-03-01T16:40:35.805000+00:00,239,173,4,66,4,9468
2024-03-01T16:40:49.085000+00:00,202,142,3,60,4,9468
2024-03-01T16:41:02.885000+00:00,210,131,3,79,4,9468
2024-03-01T16:41:12.566000+00:00,156,81,2,75,4,9468
2024-03-01T16:48:21.847000+00:00,195,54,2,141,4,9468
2024-03-01T16:48:39.607000+00:00,255,118,3,137,4,9468
2024-03-01T16:48:55.727000+00:00,209,81,2,128,4,9468
2024-03-01T16:49:08.207000+00:00,199,81,2,118,4,9468
2024-03-01T16:49:23.007000+00:00,246,195,6,51,4,9468
2024-03-01T16:49:37.287000+00:00,203,134,3,69,4,9468
2024-03-01T16:49:52.327000+00:00,220,145,3,75,4,9468
2024-03-01T16:50:09.727000+00:00,297,101,7,196,4,9468
2024-03-01T16:50:24.088000+00:00,284,140,3,144,4,9468
2024-03-01T16:50:36.847000+00:00,256,95,2,161,4,9468
2024-03-01T16:50:46.967000+00:00,226,99,2,127,4,9468
2024-03-01T16:50:59.927000+00:00,280,179,4,101,4,9468
2024-03-01T16:51:09.847000+00:00,275,169,4,106,4,9468
2024-03-01T16:51:22.327000+00:00,294,148,4,146,4,9468
2024-03-01T16:51:40.047000+00:00,214,70,2,144,4,9468
2024-03-01T16:51:56.568000+00:00,240,120,3,120,4,9468
2024-03-01T16:52:12.968000+00:00,175,87,2,88,4,9468
2024-03-01T16:52:24.168000+00:00,195,93,2,102,4,9468
2024-03-01T16:52:50.768000+00:00,211,161,4,50,4,9468
2024-03-01T16:53:13.488000+00:00,188,85,2,103,4,9468
2024-03-01T16:56:11.328000+00:00,165,54,1,111,4,9468
2024-03-01T16:56:28.249000+00:00,275,114,3,161,4,9468
2024-03-01T16:56:44.208000+00:00,198,85,2,113,4,9468
2024-03-01T16:56:56.488000+00:00,213,81,2,132,4,9468
2024-03-01T16:57:11.528000+00:00,275,202,7,73,4,9468
2024-03-01T16:57:25.329000+00:00,200,126,3,74,4,9468
2024-03-01T16:57:39.489000+00:00,276,227,7,49,4,9468
2024-03-01T16:57:40.289000+00:00,215,133,3,82,4,9468
2024-03-01T16:57:57.528000+00:00,278,88,2,190,4,9468
2024-03-01T16:58:11.889000+00:00,302,147,3,155,4,9468
2024-03-01T16:58:25.249000+00:00,176,94,2,82,4,9468
2024-03-01T16:58:34.689000+00:00,244,90,2,154,4,9468
2024-03-01T16:58:47.609000+00:00,286,187,4,99,4,9468
2024-03-01T16:58:57.849000+00:00,244,163,4,81,4,9468
2024-03-01T16:59:10.049000+00:00,286,145,3,141,4,9468
2024-03-01T16:59:28.249000+00:00,203,72,2,131,4,9468
2024-03-01T16:59:47.249000+00:00,214,123,3,91,4,9468
2024-03-01T17:00:03.250000+00:00,192,92,2,100,4,9468
2024-03-01T17:00:13.489000+00:00,174,103,2,71,4,9468
2024-03-01T17:00:30.250000+00:00,225,90,2,135,4,9468
2024-03-01T17:00:49.650000+00:00,212,156,4,56,4,9468
2024-03-01T17:01:03.370000+00:00,199,134,3,65,4,9468
2024-03-01T17:01:11.530000+00:00,178,71,1,107,4,9468
2024-03-01T16:01:02.878000+00:00,285,106,3,179,10,9468
2024-03-01T16:01:21.278000+00:00,197,80,2,117,10,9468
2024-03-01T16:01:32.318000+00:00,227,83,2,144,10,9468
2024-03-01T16:01:47.518000+00:00,283,142,3,141,10,9468
2024-03-01T16:02:00.598000+00:00,213,59,2,154,10,9468
2024-03-01T16:02:21.318000+00:00,250,118,3,132,10,9468
2024-03-01T16:02:39.158000+00:00,308,77,2,231,10,9468
2024-03-01T16:02:54.238000+00:00,276,138,4,138,10,9468
2024-03-01T16:03:07.598000+00:00,242,85,3,157,10,9468
2024-03-01T16:03:17.839000+00:00,243,99,3,144,10,9468
2024-03-01T16:03:30.999000+00:00,282,171,4,111,10,9468
2024-03-01T16:03:41.639000+00:00,254,154,4,100,10,9468
2024-03-01T16:03:54.238000+00:00,292,138,4,154,10,9468
2024-03-01T16:04:11.559000+00:00,251,79,2,172,10,9468
2024-03-01T16:04:28.679000+00:00,244,120,3,124,10,9468
2024-03-01T16:04:44.959000+00:00,196,90,2,106,10,9468
2024-03-01T16:04:55.919000+00:00,216,80,2,136,10,9468
2024-03-01T16:05:11.439000+00:00,223,144,3,79,10,9468
2024-03-01T16:05:24.599000+00:00,207,128,3,79,10,9468
2024-03-01T16:05:39.159000+00:00,210,125,3,85,10,9468
2024-03-01T16:05:48.359000+00:00,212,69,2,143,10,9468
2024-03-01T16:08:49.679000+00:00,256,100,3,156,10,9468
2024-03-01T16:09:10.319000+00:00,202,81,2,121,10,9468
2024-03-01T16:09:21.719000+00:00,212,78,2,134,10,9468
2024-03-01T16:09:36.920000+00:00,270,138,4,132,10,9468
2024-03-01T16:09:51.080000+00:00,190,122,3,68,10,9468
2024-03-01T16:09:57.680000+00:00,154,101,3,53,10,9468
2024-03-01T16:10:10.160000+00:00,248,134,3,114,10,9468
2024-03-01T16:10:27.920000+00:00,285,81,2,204,10,9468
2024-03-01T16:10:42.359000+00:00,300,145,4,155,10,9468
2024-03-01T16:10:55.519000+00:00,248,88,3,160,10,9468
2024-03-01T16:11:05.480000+00:00,255,96,3,159,10,9468
2024-03-01T16:11:18.920000+00:00,266,175,4,91,10,9468
2024-03-01T16:11:29.200000+00:00,251,140,4,111,10,9468
2024-03-01T16:11:42.041000+00:00,255,140,4,115,10,9468
2024-03-01T16:11:58.760000+00:00,263,72,2,191,10,9468
2024-03-01T16:12:16.040000+00:00,247,125,3,122,10,9468
2024-03-01T16:12:32.560000+00:00,191,88,2,103,10,9468
2024-03-01T16:12:43.480000+00:00,213,83,2,130,10,9468
2024-03-01T16:12:58.920000+00:00,256,161,4,95,10,9468
2024-03-01T16:13:12.640000+00:00,193,138,4,55,10,9468
2024-03-01T16:13:26.560000+00:00,242,123,3,119,10,9468
2024-03-01T16:13:35.321000+00:00,223,81,2,142,10,9468
2024-03-01T16:16:17.880000+00:00,116,60,2,56,10,9468
2024-03-01T16:16:32.681000+00:00,264,111,3,153,10,9468
2024-03-01T16:16:43.761000+00:00,222,172,5,50,10,9468
2024-03-01T16:16:50.801000+00:00,209,75,2,134,10,9468
2024-03-01T16:17:03.961000+00:00,164,72,2,92,10,9468
2024-03-01T16:17:18.321000+00:00,224,158,4,66,10,9468
2024-03-01T16:17:31.202000+00:00,199,121,3,78,10,9468
2024-03-01T16:17:45.481000+00:00,253,120,3,133,10,9468
2024-03-01T16:18:05.801000+00:00,297,86,2,211,10,9468
2024-03-01T16:18:20.521000+00:00,282,135,4,147,10,9468
2024-03-01T16:18:33.521000+00:00,237,87,3,150,10,9468
2024-03-01T16:18:43.482000+00:00,251,88,3,163,10,9468
2024-03-01T16:18:56.522000+00:00,300,182,4,118,10,9468
2024-03-01T16:19:07.281000+00:00,248,147,4,101,10,9468
2024-03-01T16:19:19.761000+00:00,267,136,4,131,10,9468
2024-03-01T16:19:36.082000+00:00,283,70,2,213,10,9468
2024-03-01T16:19:55.402000+00:00,225,108,3,117,10,9468
2024-03-01T16:20:14.801000+00:00,162,84,2,78,10,9468
2024-03-01T16:20:28.001000+00:00,156,75,2,81,10,9468
2024-03-01T16:20:44.002000+00:00,222,138,3,84,10,9468
2024-03-01T16:20:58.882000+00:00,172,131,3,41,10,9468
2024-03-01T16:07:50.319000+00:00,171,64,2,107,11,9468
2024-03-01T16:08:06.720000+00:00,272,131,4,141,11,9468
2024-03-01T16:08:21.479000+00:00,221,91,3,130,11,9468
2024-03-01T16:08:32.680000+00:00,229,76,3,153,11,9468
2024-03-01T16:08:52.120000+00:00,265,150,5,115,11,9468
2024-03-01T16:09:03.799000+00:00,235,148,4,87,11,9468
2024-03-01T16:09:20+00:00,264,140,3,124,11,9468
2024-03-01T16:09:37.160000+00:00,289,86,3,203,11,9468
2024-03-01T16:09:51.760000+00:00,264,133,4,131,11,9468
2024-03-01T16:10:04.440000+00:00,258,91,3,167,11,9468
2024-03-01T16:10:14.520000+00:00,254,90,3,164,11,9468
2024-03-01T16:10:27.360000+00:00,309,171,5,138,11,9468
2024-03-01T16:10:37.960000+00:00,255,146,4,109,11,9468
2024-03-01T16:10:50.560000+00:00,261,139,4,122,11,9468
2024-03-01T16:11:09.720000+00:00,165,69,2,96,11,9468
2024-03-01T16:11:28.120000+00:00,228,117,3,111,11,9468
2024-03-01T16:11:46.480000+00:00,178,91,3,87,11,9468
2024-03-01T16:11:58.280000+00:00,187,84,3,103,11,9468
2024-03-01T16:12:13.720000+00:00,250,147,5,103,11,9468
2024-03-01T16:12:27.640000+00:00,212,140,4,72,11,9468
2024-03-01T16:12:41.921000+00:00,231,121,4,110,11,9468
2024-03-01T16:12:52.320000+00:00,165,61,2,104,11,9468
2024-03-01T16:16:16.881000+00:00,142,65,2,77,11,9468
2024-03-01T16:16:33.081000+00:00,256,108,3,148,11,9468
2024-03-01T16:16:49.401000+00:00,218,85,3,133,11,9468
2024-03-01T16:16:58.641000+00:00,212,75,2,137,11,9468
2024-03-01T16:17:04.801000+00:00,140,76,2,64,11,9468
2024-03-01T16:17:17.522000+00:00,280,151,4,129,11,9468
2024-03-01T16:17:30.081000+00:00,231,143,4,88,11,9468
2024-03-01T16:17:46.441000+00:00,214,138,3,76,11,9468
2024-03-01T16:18:03.442000+00:00,319,79,3,240,11,9468
2024-03-01T16:18:18.122000+00:00,306,124,3,182,11,9468
2024-03-01T16:18:31.242000+00:00,224,94,3,130,11,9468
2024-03-01T16:18:41.121000+00:00,257,89,3,168,11,9468
2024-03-01T16:19:04.522000+00:00,273,152,4,121,11,9468
2024-03-01T16:19:17.242000+00:00,274,155,4,119,11,9468
2024-03-01T16:19:34.121000+00:00,228,77,3,151,11,9468
2024-03-01T16:19:52.002000+00:00,237,124,3,113,11,9468
2024-03-01T16:20:07.201000+00:00,222,89,3,133,11,9468
2024-03-01T16:20:19.321000+00:00,178,85,3,93,11,9468
2024-03-01T16:20:34.722000+00:00,209,146,5,63,11,9468
2024-03-01T16:21:04.762000+00:00,248,133,4,115,11,9468
2024-03-01T16:21:13.281000+00:00,204,71,2,133,11,9468
2024-03-01T16:28:44.923000+00:00,159,64,2,95,11,9468
2024-03-01T16:29:01.284000+00:00,278,117,4,161,11,9468
2024-03-01T16:29:13.323000+00:00,198,77,2,121,11,9468
2024-03-01T16:29:30.643000+00:00,219,78,2,141,11,9468
2024-03-01T16:29:48.204000+00:00,269,148,4,121,11,9468
2024-03-01T16:30:00.283000+00:00,257,140,4,117,11,9468
2024-03-01T16:30:14.204000+00:00,265,141,4,124,11,9468
2024-03-01T16:30:31.243000+00:00,283,81,3,202,11,9468
2024-03-01T16:30:45.403000+00:00,299,131,4,168,11,9468
2024-03-01T16:30:58.123000+00:00,256,87,3,169,11,9468
2024-03-01T16:31:08.044000+00:00,254,84,3,170,11,9468
2024-03-01T16:31:21.324000+00:00,291,173,5,118,11,9468
2024-03-01T16:31:31.763000+00:00,245,149,4,96,11,9468
2024-03-01T16:31:44.044000+00:00,289,146,4,143,11,9468
2024-03-01T16:32:01.884000+00:00,229,77,2,152,11,9468
2024-03-01T16:32:19.004000+00:00,251,124,3,127,11,9468
2024-03-01T16:32:34.564000+00:00,212,89,3,123,11,9468
2024-03-01T16:32:46.444000+00:00,183,86,3,97,11,9468
2024-03-01T16:33:01.644000+00:00,237,139,4,98,11,9468
2024-03-01T16:33:15.564000+00:00,200,143,5,57,11,9468
2024-03-01T16:33:29.524000+00:00,256,125,3,131,11,9468
2024-03-01T16:33:38.684000+00:00,203,67,2,136,11,9468
2024-03-01T16:37:42.645000+00:00,277,116,3,161,11,9468
2024-03-01T16:37:52.005000+00:00,228,179,5,49,11,9468
2024-03-01T16:37:56.085000+00:00,145,73,3,72,11,9468
2024-03-01T16:38:02.845000+00:00,132,87,3,45,11,9468
2024-03-01T16:38:13.245000+00:00,226,81,3,145,11,9468
2024-03-01T16:38:25.565000+00:00,180,102,3,78,11,9468
2024-03-01T16:38:33.885000+00:00,205,149,4,56,11,9468
2024-03-01T16:38:44.405000+00:00,216,85,2,131,11,9468
2024-03-01T16:39:02.845000+00:00,234,141,3,93,11,9468
2024-03-01T16:39:19.566000+00:00,303,82,3,221,11,9468
2024-03-01T16:39:32.445000+00:00,290,124,3,166,11,9468
2024-03-01T16:39:43.205000+00:00,200,151,4,49,11,9468
2024-03-01T16:39:52.886000+00:00,137,75,2,62,11,9468
2024-03-01T16:40:03.605000+00:00,136,59,2,77,11,9468
2024-03-01T16:40:25.486000+00:00,173,126,4,47,11,9468
2024-03-01T16:40:44.965000+00:00,184,123,4,61,11,9468
2024-03-01T16:40:59.926000+00:00,237,115,3,122,11,9468
2024-03-01T16:49:10.247000+00:00,172,70,2,102,11,9468
2024-03-01T16:49:28.087000+00:00,266,116,4,150,11,9468
2024-03-01T16:49:37.968000+00:00,221,173,5,48,11,9468
2024-03-01T16:49:45.208000+00:00,209,83,3,126,11,9468
2024-03-01T16:49:56.367000+00:00,207,88,3,119,11,9468
2024-03-01T16:50:11.928000+00:00,267,160,4,107,11,9468
2024-03-01T16:50:23.567000+00:00,244,143,4,101,11,9468
2024-03-01T16:50:37.968000+00:00,268,142,3,126,11,9468
2024-03-01T16:50:54.607000+00:00,321,80,3,241,11,9468
2024-03-01T16:51:09.447000+00:00,262,127,4,135,11,9468
2024-03-01T16:51:21.967000+00:00,255,93,3,162,11,9468
2024-03-01T16:51:32.168000+00:00,236,86,3,150,11,9468
2024-03-01T16:51:45.008000+00:00,310,182,5,128,11,9468
2024-03-01T16:51:55.767000+00:00,238,146,4,92,11,9468
2024-03-01T16:52:08.047000+00:00,261,136,4,125,11,9468
2024-03-01T16:52:25.048000+00:00,222,78,2,144,11,9468
2024-03-01T16:52:43.608000+00:00,212,119,3,93,11,9468
2024-03-01T16:52:58.928000+00:00,223,93,3,130,11,9468
2024-03-01T16:53:09.328000+00:00,219,85,3,134,11,9468
2024-03-01T16:53:24.448000+00:00,245,152,4,93,11,9468
2024-03-01T16:53:35.928000+00:00,254,148,4,106,11,9468
2024-03-01T16:53:49.408000+00:00,253,133,4,120,11,9468
2024-03-01T16:53:58.008000+00:00,226,66,2,160,11,9468
2024-03-01T16:57:58.169000+00:00,150,63,2,87,11,9468
2024-03-01T16:58:14.769000+00:00,263,126,4,137,11,9468
2024-03-01T16:58:23.289000+00:00,230,182,5,48,11,9468
2024-03-01T16:58:29.169000+00:00,236,85,2,151,11,9468
2024-03-01T16:58:40.889000+00:00,203,82,2,121,11,9468
2024-03-01T16:58:59.529000+00:00,230,125,3,105,11,9468
2024-03-01T16:59:11.569000+00:00,237,144,4,93,11,9468
2024-03-01T16:59:16.930000+00:00,158,104,2,54,11,9468
2024-03-01T16:59:21.129000+00:00,186,144,4,42,11,9468
2024-03-01T16:59:29.970000+00:00,237,143,3,94,11,9468
2024-03-01T16:59:46.689000+00:00,314,76,2,238,11,9468
2024-03-01T17:00:01.449000+00:00,249,134,4,115,11,9468
2024-03-01T17:00:13.969000+00:00,246,92,3,154,11,9468
2024-03-01T17:00:23.690000+00:00,260,89,3,171,11,9468
2024-03-01T17:00:36.690000+00:00,298,178,5,120,11,9468
2024-03-01T17:00:47.369000+00:00,237,148,4,89,11,9468
2024-03-01T17:00:59.449000+00:00,280,148,4,132,11,9468
2024-03-01T17:01:16.410000+00:00,208,72,2,136,11,9468
2024-03-01T17:01:38.330000+00:00,219,120,3,99,11,9468
2024-03-01T17:01:54.489000+00:00,197,89,3,108,11,9468
2024-03-01T17:02:06.049000+00:00,185,80,3,105,11,9468
2024-03-01T17:02:20.489000+00:00,239,145,4,94,11,9468
2024-03-01T17:02:34.090000+00:00,217,139,4,78,11,9468
2024-03-01T16:07:24.039000+00:00,268,111,3,157,14,9468
2024-03-01T16:07:33.160000+00:00,215,157,4,58,14,9468
2024-03-01T16:07:40.200000+00:00,196,81,3,115,14,9468
2024-03-01T16:07:51.559000+00:00,214,74,2,140,14,9468
2024-03-01T16:08:07.439000+00:00,283,158,4,125,14,9468
2024-03-01T16:08:15.479000+00:00,214,162,4,52,14,9468
2024-03-01T16:08:21.119000+00:00,227,114,3,113,14,9468
2024-03-01T16:08:27.999000+00:00,194,108,2,86,14,9468
2024-03-01T16:08:38.280000+00:00,246,134,4,112,14,9468
2024-03-01T16:08:55.839000+00:00,288,75,2,213,14,9468
2024-03-01T16:09:10.319000+00:00,292,135,4,157,14,9468
2024-03-01T16:09:22.999000+00:00,258,82,3,176,14,9468
2024-03-01T16:09:33.120000+00:00,255,96,3,159,14,9468
2024-03-01T16:09:46.360000+00:00,249,163,4,86,14,9468
2024-03-01T16:09:56.760000+00:00,230,173,4,57,14,9468
2024-03-01T16:10:09.039000+00:00,272,138,4,134,14,9468
2024-03-01T16:10:20.720000+00:00,292,158,4,134,14,9468
2024-03-01T16:10:29.079000+00:00,197,69,2,128,14,9468
2024-03-01T16:10:48.839000+00:00,162,121,4,41,14,9468
2024-03-01T16:11:06.600000+00:00,138,80,2,58,14,9468
2024-03-01T16:11:19.520000+00:00,147,75,2,72,14,9468
2024-03-01T16:11:35.680000+00:00,186,142,4,44,14,9468
2024-03-01T16:16:03.681000+00:00,257,103,2,154,14,9468
2024-03-01T16:16:17.480000+00:00,223,158,4,65,14,9468
2024-03-01T16:16:25.201000+00:00,179,77,3,102,14,9468
2024-03-01T16:16:39.361000+00:00,184,71,2,113,14,9468
2024-03-01T16:16:54.121000+00:00,273,143,4,130,14,9468
2024-03-01T16:17:06.841000+00:00,196,132,4,64,14,9468
2024-03-01T16:17:20.561000+00:00,236,70,2,166,14,9468
2024-03-01T16:17:43.601000+00:00,315,72,2,243,14,9468
2024-03-01T16:17:58.042000+00:00,264,129,4,135,14,9468
2024-03-01T16:18:12.961000+00:00,199,89,3,110,14,9468
2024-03-01T16:18:25.721000+00:00,191,73,2,118,14,9468
2024-03-01T16:18:43.802000+00:00,220,153,4,67,14,9468
2024-03-01T16:18:59.561000+00:00,218,138,4,80,14,9468
2024-03-01T16:19:12.881000+00:00,246,129,4,117,14,9468
2024-03-01T16:28:16.163000+00:00,269,107,3,162,14,9468
2024-03-01T16:28:25.883000+00:00,224,162,4,62,14,9468
2024-03-01T16:28:32.843000+00:00,207,89,2,118,14,9468
2024-03-01T16:28:44.043000+00:00,221,80,2,141,14,9468
2024-03-01T16:29:01.284000+00:00,263,153,4,110,14,9468
2024-03-01T16:29:13.323000+00:00,216,140,4,76,14,9468
2024-03-01T16:29:27.524000+00:00,260,115,3,145,14,9468
2024-03-01T16:29:45.803000+00:00,302,71,2,231,14,9468
2024-03-01T16:30:00.604000+00:00,265,141,4,124,14,9468
2024-03-01T16:30:13.323000+00:00,240,84,3,156,14,9468
2024-03-01T16:30:23.444000+00:00,228,88,2,140,14,9468
2024-03-01T16:30:36.164000+00:00,298,181,4,117,14,9468
2024-03-01T16:30:46.764000+00:00,244,168,4,76,14,9468
2024-03-01T16:30:58.963000+00:00,288,144,4,144,14,9468
2024-03-01T16:31:12.363000+00:00,272,226,6,46,14,9468
2024-03-01T16:31:37.443000+00:00,168,116,4,52,14,9468
2024-03-01T16:31:55.204000+00:00,140,84,2,56,14,9468
2024-03-01T16:32:07.844000+00:00,170,76,2,94,14,9468
2024-03-01T16:32:23.524000+00:00,217,147,4,70,14,9468
2024-03-01T16:33:01.884000+00:00,208,84,2,124,14,9468
2024-03-01T16:37:06.604000+00:00,255,113,3,142,14,9468
2024-03-01T16:37:22.605000+00:00,198,77,2,121,14,9468
2024-03-01T16:37:33.804000+00:00,234,72,2,162,14,9468
2024-03-01T16:37:49.565000+00:00,281,154,4,127,14,9468
2024-03-01T16:38:02.325000+00:00,208,143,4,65,14,9468
2024-03-01T16:38:15.645000+00:00,243,112,3,131,14,9468
2024-03-01T16:38:34.565000+00:00,276,74,2,202,14,9468
2024-03-01T16:38:49.045000+00:00,274,135,4,139,14,9468
2024-03-01T16:39:01.845000+00:00,224,82,3,142,14,9468
2024-03-01T16:39:11.805000+00:00,242,89,3,153,14,9468
2024-03-01T16:39:24.725000+00:00,283,174,5,109,14,9468
2024-03-01T16:39:35.445000+00:00,222,144,4,78,14,9468
2024-03-01T16:39:47.486000+00:00,280,155,5,125,14,9468
2024-03-01T16:40:07.326000+00:00,141,76,2,65,14,9468
2024-03-01T16:40:27.006000+00:00,177,113,4,64,14,9468
2024-03-01T16:40:44.965000+00:00,153,79,2,74,14,9468
2024-03-01T16:40:57.325000+00:00,173,79,2,94,14,9468
2024-03-01T16:41:13.046000+00:00,204,150,4,54,14,9468
2024-03-01T16:41:41.366000+00:00,194,125,4,69,14,9468
2024-03-01T16:41:52.046000+00:00,148,79,2,69,14,9468
2024-03-01T16:53:43.928000+00:00,154,68,1,86,14,9468
2024-03-01T16:54:01.768000+00:00,242,112,3,130,14,9468
2024-03-01T16:54:10.808000+00:00,212,169,5,43,14,9468
2024-03-01T16:54:17.688000+00:00,198,90,2,108,14,9468
2024-03-01T16:54:29.128000+00:00,215,79,2,136,14,9468
2024-03-01T16:54:44.128000+00:00,296,149,4,147,14,9468
2024-03-01T16:54:57.048000+00:00,201,134,4,67,14,9468
2024-03-01T16:55:10.528000+00:00,274,115,3,159,14,9468
2024-03-01T16:55:28.329000+00:00,314,77,2,237,14,9468
2024-03-01T16:55:42.888000+00:00,275,142,4,133,14,9468
2024-03-01T16:55:55.529000+00:00,257,88,3,169,14,9468
2024-03-01T16:56:05.808000+00:00,217,80,2,137,14,9468
2024-03-01T16:56:18.248000+00:00,300,180,5,120,14,9468
2024-03-01T16:56:28.409000+00:00,270,174,5,96,14,9468
2024-03-01T16:56:40.849000+00:00,287,164,5,123,14,9468
2024-03-01T16:57:02.929000+00:00,115,74,2,41,14,9468
2024-03-01T16:57:20.049000+00:00,160,108,4,52,14,9468
2024-03-01T16:57:39.329000+00:00,117,71,2,46,14,9468
2024-03-01T16:57:52.849000+00:00,125,71,1,54,14,9468
2024-03-01T16:58:10.209000+00:00,173,123,4,50,14,9468
2024-03-01T16:58:25.249000+00:00,158,113,3,45,14,9468
2024-03-01T16:58:41.049000+00:00,151,98,3,53,14,9468
2024-03-01T16:00:50.038000+00:00,260,113,3,147,16,9468
2024-03-01T16:00:59.398000+00:00,216,163,4,53,16,9468
2024-03-01T16:01:06.758000+00:00,207,76,3,131,16,9468
2024-03-01T16:01:17.998000+00:00,230,70,2,160,16,9468
2024-03-01T16:01:32.598000+00:00,273,151,4,122,16,9468
2024-03-01T16:01:44.798000+00:00,243,139,4,104,16,9468
2024-03-01T16:01:57.479000+00:00,232,115,3,117,16,9468
2024-03-01T16:02:19.558000+00:00,311,83,3,228,16,9468
2024-03-01T16:02:34.158000+00:00,299,136,4,163,16,9468
2024-03-01T16:02:47.478000+00:00,254,85,3,169,16,9468
2024-03-01T16:02:57.839000+00:00,254,89,3,165,16,9468
2024-03-01T16:03:10.599000+00:00,306,191,5,115,16,9468
2024-03-01T16:03:21.078000+00:00,274,149,4,125,16,9468
2024-03-01T16:03:33.638000+00:00,295,139,4,156,16,9468
2024-03-01T16:03:50.199000+00:00,247,72,2,175,16,9468
2024-03-01T16:04:08.719000+00:00,242,119,3,123,16,9468
2024-03-01T16:04:27.198000+00:00,199,81,3,118,16,9468
2024-03-01T16:04:39.039000+00:00,201,72,2,129,16,9468
2024-03-01T16:04:53.518000+00:00,263,145,4,118,16,9468
2024-03-01T16:05:06.478000+00:00,222,145,4,77,16,9468
2024-03-01T16:05:20.238000+00:00,262,120,3,142,16,9468
2024-03-01T16:05:29.879000+00:00,225,79,2,146,16,9468
2024-03-01T16:08:21.119000+00:00,251,115,3,136,16,9468
2024-03-01T16:08:37.880000+00:00,202,155,4,47,16,9468
2024-03-01T16:08:45+00:00,206,74,2,132,16,9468
2024-03-01T16:08:56.759000+00:00,227,81,2,146,16,9468
2024-03-01T16:09:12.360000+00:00,267,140,4,127,16,9468
2024-03-01T16:09:26.480000+00:00,213,135,4,78,16,9468
2024-03-01T16:09:40.760000+00:00,273,120,3,153,16,9468
2024-03-01T16:09:59.240000+00:00,271,72,3,199,16,9468
2024-03-01T16:10:13.600000+00:00,259,131,4,128,16,9468
2024-03-01T16:10:26.320000+00:00,260,84,3,176,16,9468
2024-03-01T16:10:36.320000+00:00,258,87,3,171,16,9468
2024-03-01T16:10:49.480000+00:00,286,190,5,96,16,9468
2024-03-01T16:10:59.840000+00:00,272,142,4,130,16,9468
2024-03-01T16:11:12.240000+00:00,293,133,4,160,16,9468
2024-03-01T16:11:28.320000+00:00,285,62,2,223,16,9468
2024-03-01T16:11:46.720000+00:00,253,116,3,137,16,9468
2024-03-01T16:11:56.640000+00:00,211,163,4,48,16,9468
2024-03-01T16:12:03.640000+00:00,214,87,3,127,16,9468
2024-03-01T16:12:14.921000+00:00,222,69,2,153,16,9468
2024-03-01T16:12:29.720000+00:00,262,154,4,108,16,9468
2024-03-01T16:12:42.321000+00:00,222,141,4,81,16,9468
2024-03-01T16:12:56.040000+00:00,260,126,3,134,16,9468
2024-03-01T16:13:05.240000+00:00,229,86,2,143,16,9468
2024-03-01T16:15:42.281000+00:00,123,59,1,64,16,9468
2024-03-01T16:16:11.160000+00:00,265,101,3,164,16,9468
2024-03-01T16:16:21.201000+00:00,227,169,4,58,16,9468
2024-03-01T16:16:25.681000+00:00,165,100,2,65,16,9468
2024-03-01T16:16:29.801000+00:00,147,75,2,72,16,9468
2024-03-01T16:16:40.521000+00:00,220,71,2,149,16,9468
2024-03-01T16:16:55.721000+00:00,268,140,4,128,16,9468
2024-03-01T16:17:06.841000+00:00,209,127,3,82,16,9468
2024-03-01T16:17:18.721000+00:00,230,171,4,59,16,9468
2024-03-01T16:17:21.921000+00:00,183,125,3,58,16,9468
2024-03-01T16:17:30.922000+00:00,158,114,3,44,16,9468
2024-03-01T16:17:40.241000+00:00,174,84,2,90,16,9468
2024-03-01T16:28:41.644000+00:00,277,113,3,164,16,9468
2024-03-01T16:28:51.043000+00:00,223,170,5,53,16,9468
2024-03-01T16:28:57.763000+00:00,219,79,3,140,16,9468
2024-03-01T16:29:09.164000+00:00,231,73,2,158,16,9468
2024-03-01T16:29:23.443000+00:00,285,149,4,136,16,9468
2024-03-01T16:29:36.244000+00:00,235,138,4,97,16,9468
2024-03-01T16:29:44.003000+00:00,234,122,3,112,16,9468
2024-03-01T16:29:52.483000+00:00,253,128,3,125,16,9468
2024-03-01T16:30:10.163000+00:00,279,72,2,207,16,9468
2024-03-01T16:30:24.603000+00:00,261,140,4,121,16,9468
2024-03-01T16:30:37.163000+00:00,261,97,3,164,16,9468
2024-03-01T16:30:47.244000+00:00,259,79,3,180,16,9468
2024-03-01T16:31:00.084000+00:00,307,174,5,133,16,9468
2024-03-01T16:31:10.404000+00:00,273,161,4,112,16,9468
2024-03-01T16:31:23.284000+00:00,229,144,4,85,16,9468
2024-03-01T16:31:40.004000+00:00,241,62,2,179,16,9468
2024-03-01T16:31:56.804000+00:00,260,125,4,135,16,9468
2024-03-01T16:32:13.164000+00:00,218,86,3,132,16,9468
2024-03-01T16:32:24.164000+00:00,226,78,2,148,16,9468
2024-03-01T16:32:38.844000+00:00,261,156,4,105,16,9468
2024-03-01T16:32:51.644000+00:00,230,153,4,77,16,9468
2024-03-01T16:33:05.524000+00:00,251,126,4,125,16,9468
2024-03-01T16:33:14.564000+00:00,236,82,2,154,16,9468
2024-03-01T16:37:18.885000+00:00,278,113,3,165,16,9468
2024-03-01T16:37:28.405000+00:00,221,169,4,52,16,9468
2024-03-01T16:37:35.565000+00:00,220,79,3,141,16,9468
2024-03-01T16:37:46.605000+00:00,233,72,2,161,16,9468
2024-03-01T16:38:01.645000+00:00,286,140,4,146,16,9468
2024-03-01T16:38:14.165000+00:00,232,123,4,109,16,9468
2024-03-01T16:38:28.125000+00:00,263,117,3,146,16,9468
2024-03-01T16:38:45.925000+00:00,303,83,2,220,16,9468
2024-03-01T16:39:00.326000+00:00,302,140,4,162,16,9468
2024-03-01T16:39:12.966000+00:00,261,90,3,171,16,9468
2024-03-01T16:39:22.725000+00:00,260,88,3,172,16,9468
2024-03-01T16:39:35.765000+00:00,307,181,5,126,16,9468
2024-03-01T16:39:45.846000+00:00,272,168,4,104,16,9468
2024-03-01T16:39:58.565000+00:00,241,147,4,94,16,9468
2024-03-01T16:40:17.125000+00:00,171,62,2,109,16,9468
2024-03-01T16:40:38.726000+00:00,202,109,3,93,16,9468
2024-03-01T16:40:57.565000+00:00,182,76,2,106,16,9468
2024-03-01T16:41:08.965000+00:00,216,68,2,148,16,9468
2024-03-01T16:41:25.166000+00:00,249,146,4,103,16,9468
2024-03-01T16:41:39.046000+00:00,212,129,4,83,16,9468
2024-03-01T16:41:53.566000+00:00,238,123,3,115,16,9468
2024-03-01T16:42:04.046000+00:00,165,75,2,90,16,9468
2024-03-01T16:49:32.207000+00:00,117,64,2,53,16,9468
2024-03-01T16:49:49.727000+00:00,275,114,4,161,16,9468
2024-03-01T16:49:58.968000+00:00,223,160,4,63,16,9468
2024-03-01T16:50:05.967000+00:00,214,78,2,136,16,9468
2024-03-01T16:50:17.768000+00:00,227,71,2,156,16,9468
2024-03-01T16:50:32.727000+00:00,241,145,4,96,16,9468
2024-03-01T16:50:44.888000+00:00,238,141,4,97,16,9468
2024-03-01T16:50:55.847000+00:00,268,72,2,196,16,9468
2024-03-01T16:51:02.367000+00:00,177,117,3,60,16,9468
2024-03-01T16:51:19.967000+00:00,314,71,2,243,16,9468
2024-03-01T16:51:34.447000+00:00,302,135,4,167,16,9468
2024-03-01T16:51:46.967000+00:00,260,124,3,136,16,9468
2024-03-01T16:51:57.088000+00:00,260,85,3,175,16,9468
2024-03-01T16:52:10.088000+00:00,298,183,5,115,16,9468
2024-03-01T16:52:20.208000+00:00,275,158,4,117,16,9468
2024-03-01T16:52:32.648000+00:00,292,139,4,153,16,9468
2024-03-01T16:52:48.968000+00:00,249,69,2,180,16,9468
2024-03-01T16:53:06.768000+00:00,259,122,3,137,16,9468
2024-03-01T16:53:24.088000+00:00,183,81,2,102,16,9468
2024-03-01T16:53:35.648000+00:00,218,72,2,146,16,9468
2024-03-01T16:53:50.928000+00:00,240,150,4,90,16,9468
2024-03-01T16:54:04.768000+00:00,195,136,6,59,16,9468
2024-03-01T16:54:19.088000+00:00,249,129,4,120,16,9468
2024-03-01T16:54:27.809000+00:00,225,90,2,135,16,9468
2024-03-01T16:57:41.609000+00:00,129,52,1,77,16,9468
2024-03-01T16:58:01.929000+00:00,246,104,3,142,16,9468
2024-03-01T16:58:18.729000+00:00,208,81,3,127,16,9468
2024-03-01T16:58:30.129000+00:00,234,70,2,164,16,9468
2024-03-01T16:58:40.169000+00:00,240,108,2,132,16,9468
2024-03-01T16:58:48.569000+00:00,229,149,4,80,16,9468
2024-03-01T16:59:00.209000+00:00,241,130,4,111,16,9468
2024-03-01T16:59:13.969000+00:00,275,130,3,145,16,9468
2024-03-01T16:59:31.449000+00:00,314,93,2,221,16,9468
2024-03-01T16:59:45.849000+00:00,302,138,4,164,16,9468
2024-03-01T16:59:58.489000+00:00,263,83,3,180,16,9468
2024-03-01T17:00:08.569000+00:00,258,89,3,169,16,9468
2024-03-01T17:00:21.569000+00:00,307,186,5,121,16,9468
2024-03-01T17:00:31.610000+00:00,275,161,4,114,16,9468
2024-03-01T17:00:44.090000+00:00,292,153,4,139,16,9468
2024-03-01T17:01:00.129000+00:00,253,71,2,182,16,9468
2024-03-01T17:01:20.569000+00:00,196,118,3,78,16,9468
2024-03-01T17:01:37.330000+00:00,179,80,3,99,16,9468
2024-03-01T17:01:49.610000+00:00,189,75,2,114,16,9468
2024-03-01T17:02:20.489000+00:00,188,137,4,51,16,9468
2024-03-01T17:02:38.290000+00:00,170,121,3,49,16,9468
2024-03-01T16:06:48.199000+00:00,114,70,2,44,18,9468
2024-03-01T16:07:03.119000+00:00,283,130,4,153,18,9468
2024-03-01T16:07:19.120000+00:00,203,84,3,119,18,9468
2024-03-01T16:07:29.519000+00:00,206,81,3,125,18,9468
2024-03-01T16:07:44.719000+00:00,218,156,4,62,18,9468
2024-03-01T16:07:56.999000+00:00,242,152,4,90,18,9468
2024-03-01T16:08:06.080000+00:00,217,120,3,97,18,9468
2024-03-01T16:08:13.560000+00:00,231,122,3,109,18,9468
2024-03-01T16:08:31.720000+00:00,309,74,2,235,18,9468
2024-03-01T16:08:46.480000+00:00,276,145,4,131,18,9468
2024-03-01T16:08:59.440000+00:00,240,80,2,160,18,9468
2024-03-01T16:09:09.519000+00:00,243,83,2,160,18,9468
2024-03-01T16:09:22.679000+00:00,254,169,6,85,18,9468
2024-03-01T16:09:33.120000+00:00,247,135,4,112,18,9468
2024-03-01T16:09:45.640000+00:00,263,132,4,131,18,9468
2024-03-01T16:10:02.039000+00:00,253,80,2,173,18,9468
2024-03-01T16:10:19.480000+00:00,230,114,3,116,18,9468
2024-03-01T16:10:38.520000+00:00,212,84,2,128,18,9468
2024-03-01T16:10:49.199000+00:00,209,86,2,123,18,9468
2024-03-01T16:11:03.120000+00:00,264,163,5,101,18,9468
2024-03-01T16:11:15.279000+00:00,232,155,5,77,18,9468
2024-03-01T16:11:28.640000+00:00,257,142,4,115,18,9468
2024-03-01T16:11:36.920000+00:00,232,82,1,150,18,9468
2024-03-01T16:15:35.881000+00:00,276,121,3,155,18,9468
2024-03-01T16:15:51+00:00,229,86,2,143,18,9468
2024-03-01T16:16:02.281000+00:00,195,83,3,112,18,9468
2024-03-01T16:16:16.481000+00:00,255,155,4,100,18,9468
2024-03-01T16:16:27.841000+00:00,231,136,4,95,18,9468
2024-03-01T16:16:32.441000+00:00,146,97,2,49,18,9468
2024-03-01T16:16:38.881000+00:00,205,120,3,85,18,9468
2024-03-01T16:16:46.481000+00:00,209,138,4,71,18,9468
2024-03-01T16:17:03.961000+00:00,313,82,2,231,18,9468
2024-03-01T16:17:18.521000+00:00,286,146,4,140,18,9468
2024-03-01T16:17:31.202000+00:00,239,85,3,154,18,9468
2024-03-01T16:17:41.201000+00:00,249,84,2,165,18,9468
2024-03-01T16:17:54.121000+00:00,301,171,4,130,18,9468
2024-03-01T16:18:04.362000+00:00,268,148,4,120,18,9468
2024-03-01T16:18:17.002000+00:00,272,133,3,139,18,9468
2024-03-01T16:18:33.521000+00:00,251,81,2,170,18,9468
2024-03-01T16:18:49.882000+00:00,257,122,3,135,18,9468
2024-03-01T16:19:07.521000+00:00,190,86,2,104,18,9468
2024-03-01T16:19:19.481000+00:00,179,87,3,92,18,9468
2024-03-01T16:19:32.961000+00:00,250,152,5,98,18,9468
2024-03-01T16:20:05.322000+00:00,154,107,2,47,18,9468
2024-03-01T16:20:17.922000+00:00,140,82,1,58,18,9468
2024-03-01T16:27:30.283000+00:00,146,67,2,79,18,9468
2024-03-01T16:27:46.363000+00:00,259,113,3,146,18,9468
2024-03-01T16:28:02.084000+00:00,217,81,2,136,18,9468
2024-03-01T16:28:13.003000+00:00,207,76,1,131,18,9468
2024-03-01T16:28:26.883000+00:00,262,150,4,112,18,9468
2024-03-01T16:28:39.163000+00:00,226,141,4,85,18,9468
2024-03-01T16:28:42.963000+00:00,126,78,2,48,18,9468
2024-03-01T16:28:52.443000+00:00,234,154,5,80,18,9468
2024-03-01T16:28:57.763000+00:00,221,125,4,96,18,9468
2024-03-01T16:29:15.844000+00:00,309,80,2,229,18,9468
2024-03-01T16:29:30.403000+00:00,287,150,4,137,18,9468
2024-03-01T16:29:43.283000+00:00,253,79,3,174,18,9468
2024-03-01T16:29:53.563000+00:00,239,78,2,161,18,9468
2024-03-01T16:30:06.523000+00:00,293,170,4,123,18,9468
2024-03-01T16:30:17.323000+00:00,230,167,5,63,18,9468
2024-03-01T16:30:29.644000+00:00,266,139,4,127,18,9468
2024-03-01T16:30:47.244000+00:00,231,76,3,155,18,9468
2024-03-01T16:30:56.684000+00:00,172,91,2,81,18,9468
2024-03-01T16:31:06.204000+00:00,244,125,4,119,18,9468
2024-03-01T16:31:21.084000+00:00,211,77,2,134,18,9468
2024-03-01T16:31:32.484000+00:00,229,79,2,150,18,9468
2024-03-01T16:31:45.523000+00:00,259,160,4,99,18,9468
2024-03-01T16:31:57.963000+00:00,246,144,4,102,18,9468
2024-03-01T16:32:10.564000+00:00,252,122,3,130,18,9468
2024-03-01T16:32:20.524000+00:00,228,91,1,137,18,9468
2024-03-01T16:36:13.564000+00:00,129,74,2,55,18,9468
2024-03-01T16:36:29.765000+00:00,282,127,4,155,18,9468
2024-03-01T16:36:45.005000+00:00,228,83,3,145,18,9468
2024-03-01T16:36:55.685000+00:00,230,87,3,143,18,9468
2024-03-01T16:37:09.205000+00:00,281,164,5,117,18,9468
2024-03-01T16:37:20.884000+00:00,233,123,3,110,18,9468
2024-03-01T16:37:36.885000+00:00,223,121,3,102,18,9468
2024-03-01T16:37:41.805000+00:00,209,118,3,91,18,9468
2024-03-01T16:38:00.324000+00:00,298,80,2,218,18,9468
2024-03-01T16:38:14.485000+00:00,304,142,4,162,18,9468
2024-03-01T16:38:27.086000+00:00,252,86,3,166,18,9468
2024-03-01T16:38:37.285000+00:00,251,81,3,170,18,9468
2024-03-01T16:38:50.445000+00:00,306,167,4,139,18,9468
2024-03-01T16:39:00.805000+00:00,265,169,4,96,18,9468
2024-03-01T16:39:13.446000+00:00,285,144,4,141,18,9468
2024-03-01T16:39:30.685000+00:00,191,56,1,135,18,9468
2024-03-01T16:39:55.965000+00:00,267,125,4,142,18,9468
2024-03-01T16:40:10.445000+00:00,222,79,2,143,18,9468
2024-03-01T16:40:20.926000+00:00,215,74,2,141,18,9468
2024-03-01T16:40:37.005000+00:00,247,158,4,89,18,9468
2024-03-01T16:40:49.085000+00:00,225,164,5,61,18,9468
2024-03-01T16:41:19.366000+00:00,202,72,1,130,18,9468
2024-03-01T16:06:40.199000+00:00,268,131,4,137,20,9468
2024-03-01T16:06:49.679000+00:00,227,185,6,42,20,9468
2024-03-01T16:06:55.439000+00:00,231,88,3,143,20,9468
2024-03-01T16:07:06.280000+00:00,237,54,2,183,20,9468
2024-03-01T16:07:24.039000+00:00,248,132,4,116,20,9468
2024-03-01T16:07:35.559000+00:00,256,67,3,189,20,9468
2024-03-01T16:07:48.479000+00:00,222,126,4,96,20,9468
2024-03-01T16:07:54.159000+00:00,223,138,4,85,20,9468
2024-03-01T16:08:11.239000+00:00,290,79,2,211,20,9468
2024-03-01T16:08:25.840000+00:00,284,124,4,160,20,9468
2024-03-01T16:08:39.040000+00:00,242,91,3,151,20,9468
2024-03-01T16:08:48.759000+00:00,258,89,3,169,20,9468
2024-03-01T16:09:02.359000+00:00,292,176,5,116,20,9468
2024-03-01T16:09:12.720000+00:00,273,161,4,112,20,9468
2024-03-01T16:09:25.440000+00:00,274,130,4,144,20,9468
2024-03-01T16:09:41.040000+00:00,300,82,3,218,20,9468
2024-03-01T16:10:01.280000+00:00,230,141,5,89,20,9468
2024-03-01T16:10:09.319000+00:00,236,188,6,48,20,9468
2024-03-01T16:10:15.119000+00:00,236,102,3,134,20,9468
2024-03-01T16:10:25.640000+00:00,232,91,3,141,20,9468
2024-03-01T16:10:39.560000+00:00,279,173,5,106,20,9468
2024-03-01T16:10:50.560000+00:00,259,145,4,114,20,9468
2024-03-01T16:11:03.960000+00:00,259,120,4,139,20,9468
2024-03-01T16:11:12.240000+00:00,223,80,2,143,20,9468
2024-03-01T16:14:34.241000+00:00,115,70,2,45,20,9468
2024-03-01T16:14:49.161000+00:00,265,128,4,137,20,9468
2024-03-01T16:14:57.800000+00:00,230,149,5,81,20,9468
2024-03-01T16:15:04+00:00,229,93,3,136,20,9468
2024-03-01T16:15:15.161000+00:00,224,68,3,156,20,9468
2024-03-01T16:15:30.081000+00:00,277,147,5,130,20,9468
2024-03-01T16:15:37.880000+00:00,212,151,5,61,20,9468
2024-03-01T16:15:56.241000+00:00,239,111,4,128,20,9468
2024-03-01T16:16:03.401000+00:00,233,128,4,105,20,9468
2024-03-01T16:16:20.521000+00:00,314,84,2,230,20,9468
2024-03-01T16:16:35.001000+00:00,296,127,4,169,20,9468
2024-03-01T16:16:48.001000+00:00,253,96,3,157,20,9468
2024-03-01T16:16:57.961000+00:00,258,83,3,175,20,9468
2024-03-01T16:17:11.241000+00:00,305,155,4,150,20,9468
2024-03-01T16:17:21.641000+00:00,268,143,4,125,20,9468
2024-03-01T16:17:34.161000+00:00,298,130,4,168,20,9468
2024-03-01T16:17:46.441000+00:00,291,170,6,121,20,9468
2024-03-01T16:18:18.122000+00:00,126,71,2,55,20,9468
2024-03-01T16:18:30.202000+00:00,186,143,5,43,20,9468
2024-03-01T16:18:38.561000+00:00,174,91,3,83,20,9468
2024-03-01T16:18:50.202000+00:00,180,87,3,93,20,9468
2024-03-01T16:19:07.281000+00:00,221,143,5,78,20,9468
2024-03-01T16:19:20.521000+00:00,209,158,5,51,20,9468
2024-03-01T16:19:34.121000+00:00,274,131,4,143,20,9468
2024-03-01T16:19:42.642000+00:00,240,80,2,160,20,9468
2024-03-01T16:27:16.443000+00:00,278,117,4,161,20,9468
2024-03-01T16:27:33.883000+00:00,163,70,3,93,20,9468
2024-03-01T16:27:50.403000+00:00,199,69,3,130,20,9468
2024-03-01T16:28:05.923000+00:00,270,164,6,106,20,9468
2024-03-01T16:28:17.963000+00:00,246,143,4,103,20,9468
2024-03-01T16:28:29.124000+00:00,269,150,5,119,20,9468
2024-03-01T16:28:51.043000+00:00,283,85,2,198,20,9468
2024-03-01T16:29:05.443000+00:00,304,133,4,171,20,9468
2024-03-01T16:29:18.923000+00:00,236,87,3,149,20,9468
2024-03-01T16:29:28.764000+00:00,256,89,3,167,20,9468
2024-03-01T16:29:41.924000+00:00,309,180,5,129,20,9468
2024-03-01T16:29:52.483000+00:00,275,146,4,129,20,9468
2024-03-01T16:30:05.123000+00:00,290,133,4,157,20,9468
2024-03-01T16:30:20.284000+00:00,306,116,4,190,20,9468
2024-03-01T16:30:39.964000+00:00,263,123,4,140,20,9468
2024-03-01T16:30:49.324000+00:00,228,183,6,45,20,9468
2024-03-01T16:30:54.604000+00:00,170,52,1,118,20,9468
2024-03-01T16:31:09.924000+00:00,224,86,3,138,20,9468
2024-03-01T16:31:23.924000+00:00,277,165,5,112,20,9468
2024-03-01T16:31:35.404000+00:00,257,152,4,105,20,9468
2024-03-01T16:31:48.324000+00:00,278,131,4,147,20,9468
2024-03-01T16:31:57.044000+00:00,246,92,2,154,20,9468
2024-03-01T16:35:44.565000+00:00,165,66,3,99,20,9468
2024-03-01T16:35:59.804000+00:00,267,98,3,169,20,9468
2024-03-01T16:36:10.405000+00:00,215,151,5,64,20,9468
2024-03-01T16:36:16.765000+00:00,227,83,3,144,20,9468
2024-03-01T16:36:28.485000+00:00,231,85,3,146,20,9468
2024-03-01T16:36:43.445000+00:00,270,115,3,155,20,9468
2024-03-01T16:36:53.724000+00:00,232,158,5,74,20,9468
2024-03-01T16:36:58.365000+00:00,151,107,4,44,20,9468
2024-03-01T16:37:05.365000+00:00,193,114,4,79,20,9468
2024-03-01T16:37:16.725000+00:00,259,132,3,127,20,9468
2024-03-01T16:37:34.124000+00:00,317,85,2,232,20,9468
2024-03-01T16:37:48.365000+00:00,303,136,4,167,20,9468
2024-03-01T16:37:56.525000+00:00,250,208,6,42,20,9468
2024-03-01T16:38:01.645000+00:00,228,86,2,142,20,9468
2024-03-01T16:38:11.445000+00:00,257,80,3,177,20,9468
2024-03-01T16:38:24.525000+00:00,310,170,4,140,20,9468
2024-03-01T16:38:35.085000+00:00,271,140,4,131,20,9468
2024-03-01T16:38:47.605000+00:00,297,137,3,160,20,9468
2024-03-01T16:39:03.725000+00:00,312,81,3,231,20,9468
2024-03-01T16:39:23.725000+00:00,229,121,3,108,20,9468
2024-03-01T16:39:38.205000+00:00,227,90,3,137,20,9468
2024-03-01T16:39:49.205000+00:00,236,86,3,150,20,9468
2024-03-01T16:40:03.325000+00:00,262,156,5,106,20,9468
2024-03-01T16:40:15.885000+00:00,253,141,4,112,20,9468
2024-03-01T16:40:29.605000+00:00,215,120,4,95,20,9468
2024-03-01T16:40:37.205000+00:00,216,78,2,138,20,9468
2024-03-01T16:06:27.239000+00:00,256,117,3,139,22,9468
2024-03-01T16:06:46.400000+00:00,185,77,2,108,22,9468
2024-03-01T16:06:58.279000+00:00,216,74,2,142,22,9468
2024-03-01T16:07:14.559000+00:00,271,157,4,114,22,9468
2024-03-01T16:07:27.119000+00:00,207,155,4,52,22,9468
2024-03-01T16:07:40.599000+00:00,266,138,3,128,22,9468
2024-03-01T16:07:58.280000+00:00,305,80,2,225,22,9468
2024-03-01T16:08:12.800000+00:00,300,144,4,156,22,9468
2024-03-01T16:08:25.840000+00:00,243,92,2,151,22,9468
2024-03-01T16:08:35.879000+00:00,256,88,2,168,22,9468
2024-03-01T16:08:48.919000+00:00,302,172,4,130,22,9468
2024-03-01T16:08:59.440000+00:00,253,154,4,99,22,9468
2024-03-01T16:09:11.960000+00:00,295,132,3,163,22,9468
2024-03-01T16:09:29.159000+00:00,240,74,2,166,22,9468
2024-03-01T16:09:47.760000+00:00,215,114,3,101,22,9468
2024-03-01T16:10:02.039000+00:00,174,78,2,96,22,9468
2024-03-01T16:10:16.239000+00:00,208,85,2,123,22,9468
2024-03-01T16:10:30.440000+00:00,248,162,4,86,22,9468
2024-03-01T16:10:42.960000+00:00,227,136,4,91,22,9468
2024-03-01T16:10:57.280000+00:00,213,117,3,96,22,9468
2024-03-01T16:11:07.720000+00:00,192,77,2,115,22,9468
2024-03-01T16:15:16.641000+00:00,252,108,3,144,22,9468
2024-03-01T16:15:35.121000+00:00,197,81,2,116,22,9468
2024-03-01T16:15:47.921000+00:00,155,86,2,69,22,9468
2024-03-01T16:16:02.721000+00:00,267,155,4,112,22,9468
2024-03-01T16:16:14.881000+00:00,237,165,4,72,22,9468
2024-03-01T16:16:28.721000+00:00,256,144,4,112,22,9468
2024-03-01T16:16:46.121000+00:00,302,79,2,223,22,9468
2024-03-01T16:17:00.841000+00:00,261,150,4,111,22,9468
2024-03-01T16:17:13.481000+00:00,241,93,2,148,22,9468
2024-03-01T16:17:23.441000+00:00,257,92,2,165,22,9468
2024-03-01T16:17:36.521000+00:00,294,168,4,126,22,9468
2024-03-01T16:17:46.961000+00:00,274,157,4,117,22,9468
2024-03-01T16:17:59.401000+00:00,295,145,3,150,22,9468
2024-03-01T16:18:17.002000+00:00,256,77,2,179,22,9468
2024-03-01T16:18:33.521000+00:00,208,117,3,91,22,9468
2024-03-01T16:18:51.002000+00:00,185,85,2,100,22,9468
2024-03-01T16:19:03.522000+00:00,180,84,2,96,22,9468
2024-03-01T16:19:18.801000+00:00,254,151,4,103,22,9468
2024-03-01T16:19:33.681000+00:00,197,140,3,57,22,9468
2024-03-01T16:19:48.001000+00:00,249,121,3,128,22,9468
2024-03-01T16:19:58.122000+00:00,215,84,2,131,22,9468
2024-03-01T16:27:48.003000+00:00,109,59,1,50,22,9468
2024-03-01T16:28:05.283000+00:00,269,111,3,158,22,9468
2024-03-01T16:28:15.764000+00:00,197,150,3,47,22,9468
2024-03-01T16:28:24.003000+00:00,194,83,2,111,22,9468
2024-03-01T16:28:35.244000+00:00,217,82,2,135,22,9468
2024-03-01T16:28:51.843000+00:00,251,167,4,84,22,9468
2024-03-01T16:29:04.243000+00:00,206,155,4,51,22,9468
2024-03-01T16:29:18.003000+00:00,251,135,3,116,22,9468
2024-03-01T16:29:35.524000+00:00,277,80,2,197,22,9468
2024-03-01T16:29:50.003000+00:00,300,140,4,160,22,9468
2024-03-01T16:30:02.884000+00:00,250,88,2,162,22,9468
2024-03-01T16:30:13.003000+00:00,255,95,2,160,22,9468
2024-03-01T16:30:26.403000+00:00,288,171,4,117,22,9468
2024-03-01T16:30:36.764000+00:00,271,156,4,115,22,9468
2024-03-01T16:30:49.324000+00:00,287,139,3,148,22,9468
2024-03-01T16:31:06.884000+00:00,258,75,2,183,22,9468
2024-03-01T16:31:23.284000+00:00,225,139,4,86,22,9468
2024-03-01T16:31:38.083000+00:00,205,89,2,116,22,9468
2024-03-01T16:31:49.244000+00:00,204,83,2,121,22,9468
2024-03-01T16:32:03.484000+00:00,247,172,4,75,22,9468
2024-03-01T16:32:14.524000+00:00,236,154,4,82,22,9468
2024-03-01T16:32:28.484000+00:00,247,140,3,107,22,9468
2024-03-01T16:32:37.883000+00:00,211,81,2,130,22,9468
2024-03-01T16:36:54.604000+00:00,273,113,3,160,22,9468
2024-03-01T16:37:04.325000+00:00,210,166,4,44,22,9468
2024-03-01T16:37:11.245000+00:00,208,82,2,126,22,9468
2024-03-01T16:37:22.605000+00:00,224,82,2,142,22,9468
2024-03-01T16:37:38.925000+00:00,265,182,4,83,22,9468
2024-03-01T16:37:50.725000+00:00,236,158,4,78,22,9468
2024-03-01T16:38:07.965000+00:00,236,129,3,107,22,9468
2024-03-01T16:38:25.565000+00:00,276,80,2,196,22,9468
2024-03-01T16:38:40.005000+00:00,277,145,4,132,22,9468
2024-03-01T16:38:52.445000+00:00,251,88,2,163,22,9468
2024-03-01T16:39:02.845000+00:00,220,88,2,132,22,9468
2024-03-01T16:39:15.765000+00:00,283,174,4,109,22,9468
2024-03-01T16:39:26.086000+00:00,254,157,4,97,22,9468
2024-03-01T16:39:38.405000+00:00,295,141,3,154,22,9468
2024-03-01T16:39:55.645000+00:00,250,80,2,170,22,9468
2024-03-01T16:40:14.246000+00:00,193,118,3,75,22,9468
2024-03-01T16:40:31.725000+00:00,179,86,2,93,22,9468
2024-03-01T16:40:43.925000+00:00,187,89,2,98,22,9468
2024-03-01T16:41:28.685000+00:00,213,123,3,90,22,9468
2024-03-01T16:41:38.326000+00:00,181,80,2,101,22,9468
2024-03-01T16:05:36.959000+00:00,136,51,2,85,23,9468
2024-03-01T16:05:55.719000+00:00,283,96,3,187,23,9468
2024-03-01T16:06:24.199000+00:00,231,73,2,158,23,9468
2024-03-01T16:06:40.199000+00:00,299,139,4,160,23,9468
2024-03-01T16:06:52.600000+00:00,246,137,4,109,23,9468
2024-03-01T16:07:06.280000+00:00,273,130,4,143,23,9468
2024-03-01T16:07:24.519000+00:00,292,73,3,219,23,9468
2024-03-01T16:07:39.080000+00:00,281,128,4,153,23,9468
2024-03-01T16:07:52.160000+00:00,241,89,3,152,23,9468
2024-03-01T16:08:02.319000+00:00,228,84,3,144,23,9468
2024-03-01T16:08:14.879000+00:00,309,162,5,147,23,9468
2024-03-01T16:08:25.480000+00:00,263,151,4,112,23,9468
2024-03-01T16:08:38.280000+00:00,240,134,4,106,23,9468
2024-03-01T16:08:57.119000+00:00,203,72,2,131,23,9468
2024-03-01T16:09:13.840000+00:00,254,100,3,154,23,9468
2024-03-01T16:09:33.720000+00:00,190,81,3,109,23,9468
2024-03-01T16:09:44.360000+00:00,206,77,2,129,23,9468
2024-03-01T16:10:16.520000+00:00,208,134,4,74,23,9468
2024-03-01T16:10:30.760000+00:00,245,119,3,126,23,9468
2024-03-01T16:10:40+00:00,241,77,2,164,23,9468
2024-03-01T16:14:40.041000+00:00,131,53,1,78,23,9468
2024-03-01T16:14:57.520000+00:00,278,105,3,173,23,9468
2024-03-01T16:15:07.401000+00:00,211,159,4,52,23,9468
2024-03-01T16:15:14.681000+00:00,210,70,2,140,23,9468
2024-03-01T16:15:25.841000+00:00,226,71,2,155,23,9468
2024-03-01T16:15:41.401000+00:00,280,141,4,139,23,9468
2024-03-01T16:15:54.081000+00:00,220,137,4,83,23,9468
2024-03-01T16:16:07.761000+00:00,268,133,4,135,23,9468
2024-03-01T16:16:25.441000+00:00,317,73,3,244,23,9468
2024-03-01T16:16:40.121000+00:00,268,130,4,138,23,9468
2024-03-01T16:16:53.081000+00:00,237,84,3,153,23,9468
2024-03-01T16:17:03.321000+00:00,231,87,3,144,23,9468
2024-03-01T16:17:15.961000+00:00,307,171,5,136,23,9468
2024-03-01T16:17:26.601000+00:00,243,149,4,94,23,9468
2024-03-01T16:17:39.161000+00:00,241,139,4,102,23,9468
2024-03-01T16:17:51.561000+00:00,293,147,5,146,23,9468
2024-03-01T16:18:01.601000+00:00,110,55,2,55,23,9468
2024-03-01T16:18:26.121000+00:00,239,110,3,129,23,9468
2024-03-01T16:18:42.201000+00:00,197,83,2,114,23,9468
2024-03-01T16:18:54.841000+00:00,167,77,2,90,23,9468
2024-03-01T16:19:10.202000+00:00,233,143,4,90,23,9468
2024-03-01T16:19:24.242000+00:00,195,148,4,47,23,9468
2024-03-01T16:19:38.442000+00:00,245,125,4,120,23,9468
2024-03-01T16:19:48.001000+00:00,217,73,2,144,23,9468
2024-03-01T16:28:21.123000+00:00,286,103,4,183,23,9468
2024-03-01T16:28:38.363000+00:00,202,77,3,125,23,9468
2024-03-01T16:28:50.043000+00:00,224,74,2,150,23,9468
2024-03-01T16:29:06.283000+00:00,286,142,4,144,23,9468
2024-03-01T16:29:18.563000+00:00,231,136,4,95,23,9468
2024-03-01T16:29:33.443000+00:00,268,125,4,143,23,9468
2024-03-01T16:29:51.483000+00:00,319,73,3,246,23,9468
2024-03-01T16:30:06.163000+00:00,280,128,4,152,23,9468
2024-03-01T16:30:19.203000+00:00,250,81,3,169,23,9468
2024-03-01T16:30:29.644000+00:00,234,86,3,148,23,9468
2024-03-01T16:30:42.484000+00:00,309,174,5,135,23,9468
2024-03-01T16:30:52.963000+00:00,274,152,4,122,23,9468
2024-03-01T16:31:05.523000+00:00,288,142,4,146,23,9468
2024-03-01T16:31:22.484000+00:00,275,71,2,204,23,9468
2024-03-01T16:31:39.484000+00:00,250,113,3,137,23,9468
2024-03-01T16:31:56.604000+00:00,198,81,3,117,23,9468
2024-03-01T16:32:08.284000+00:00,176,75,2,101,23,9468
2024-03-01T16:32:23.004000+00:00,258,156,4,102,23,9468
2024-03-01T16:32:35.284000+00:00,219,159,4,60,23,9468
2024-03-01T16:32:48.684000+00:00,238,138,4,100,23,9468
2024-03-01T16:32:57.244000+00:00,242,75,2,167,23,9468
2024-03-01T16:36:19.924000+00:00,282,103,3,179,23,9468
2024-03-01T16:36:36.525000+00:00,206,76,3,130,23,9468
2024-03-01T16:36:47.284000+00:00,231,74,3,157,23,9468
2024-03-01T16:37:03.445000+00:00,266,144,4,122,23,9468
2024-03-01T16:37:15.605000+00:00,234,136,4,98,23,9468
2024-03-01T16:37:29.885000+00:00,235,125,4,110,23,9468
2024-03-01T16:37:47.284000+00:00,321,75,3,246,23,9468
2024-03-01T16:38:01.965000+00:00,281,127,4,154,23,9468
2024-03-01T16:38:14.725000+00:00,244,84,3,160,23,9468
2024-03-01T16:38:25.085000+00:00,248,83,3,165,23,9468
2024-03-01T16:38:37.885000+00:00,309,170,5,139,23,9468
2024-03-01T16:38:48.365000+00:00,263,145,4,118,23,9468
2024-03-01T16:39:00.805000+00:00,297,140,4,157,23,9468
2024-03-01T16:39:15.125000+00:00,273,146,4,127,23,9468
2024-03-01T16:39:21.405000+00:00,149,64,2,85,23,9468
2024-03-01T16:39:39.806000+00:00,225,100,3,125,23,9468
2024-03-01T16:40:03.605000+00:00,155,85,2,70,23,9468
2024-03-01T16:40:13.246000+00:00,234,84,2,150,23,9468
2024-03-01T16:40:33.286000+00:00,240,158,4,82,23,9468
2024-03-01T16:40:46.126000+00:00,199,140,4,59,23,9468
2024-03-01T16:41:00.126000+00:00,258,140,4,118,23,9468
2024-03-01T16:41:09.165000+00:00,205,53,2,152,23,9468
2024-03-01T16:06:15.319000+00:00,101,54,1,47,24,9468
2024-03-01T16:06:32.559000+00:00,252,103,3,149,24,9468
2024-03-01T16:06:42.759000+00:00,222,137,4,85,24,9468
2024-03-01T16:06:50.079000+00:00,214,75,2,139,24,9468
2024-03-01T16:07:01.959000+00:00,201,71,2,130,24,9468
2024-03-01T16:07:17.999000+00:00,274,137,4,137,24,9468
2024-03-01T16:07:32+00:00,208,117,3,91,24,9468
2024-03-01T16:07:46.800000+00:00,261,116,4,145,24,9468
2024-03-01T16:08:05.280000+00:00,298,75,2,223,24,9468
2024-03-01T16:08:19.800000+00:00,300,126,4,174,24,9468
2024-03-01T16:08:32.960000+00:00,254,84,3,170,24,9468
2024-03-01T16:08:43.119000+00:00,243,79,3,164,24,9468
2024-03-01T16:08:56.039000+00:00,303,175,5,128,24,9468
2024-03-01T16:09:06.560000+00:00,274,147,4,127,24,9468
2024-03-01T16:09:19.400000+00:00,255,145,4,110,24,9468
2024-03-01T16:09:32.880000+00:00,285,198,6,87,24,9468
2024-03-01T16:09:37.680000+00:00,183,65,1,118,24,9468
2024-03-01T16:09:55.959000+00:00,256,112,3,144,24,9468
2024-03-01T16:10:05.280000+00:00,223,166,5,57,24,9468
2024-03-01T16:10:11.880000+00:00,218,83,2,135,24,9468
2024-03-01T16:10:22.879000+00:00,223,82,2,141,24,9468
2024-03-01T16:10:37.960000+00:00,282,157,5,125,24,9468
2024-03-01T16:10:49.920000+00:00,250,138,4,112,24,9468
2024-03-01T16:11:02.680000+00:00,272,131,4,141,24,9468
2024-03-01T16:11:11.120000+00:00,223,77,2,146,24,9468
2024-03-01T16:14:03.720000+00:00,138,54,1,84,24,9468
2024-03-01T16:14:20.801000+00:00,271,98,3,173,24,9468
2024-03-01T16:14:30.680000+00:00,229,149,4,80,24,9468
2024-03-01T16:14:37.400000+00:00,227,79,2,148,24,9468
2024-03-01T16:14:48.121000+00:00,224,69,2,155,24,9468
2024-03-01T16:15:04.560000+00:00,272,115,3,157,24,9468
2024-03-01T16:15:13.081000+00:00,223,165,5,58,24,9468
2024-03-01T16:15:19.281000+00:00,197,111,3,86,24,9468
2024-03-01T16:15:32.761000+00:00,266,156,5,110,24,9468
2024-03-01T16:15:53.521000+00:00,263,84,2,179,24,9468
2024-03-01T16:16:08.241000+00:00,249,130,4,119,24,9468
2024-03-01T16:16:20.681000+00:00,258,81,3,177,24,9468
2024-03-01T16:16:30.880000+00:00,254,87,3,167,24,9468
2024-03-01T16:16:44.081000+00:00,297,181,7,116,24,9468
2024-03-01T16:16:54.481000+00:00,270,155,4,115,24,9468
2024-03-01T16:17:07.241000+00:00,270,137,4,133,24,9468
2024-03-01T16:17:23.681000+00:00,268,66,2,202,24,9468
2024-03-01T16:17:43.441000+00:00,241,106,3,135,24,9468
2024-03-01T16:17:59.601000+00:00,225,83,2,142,24,9468
2024-03-01T16:18:15.841000+00:00,191,79,2,112,24,9468
2024-03-01T16:18:31.242000+00:00,252,148,5,104,24,9468
2024-03-01T16:18:43.202000+00:00,243,138,4,105,24,9468
2024-03-01T16:18:56.522000+00:00,259,112,3,147,24,9468
2024-03-01T16:19:07.281000+00:00,168,89,2,79,24,9468
2024-03-01T16:06:08.839000+00:00,267,105,3,162,27,9468
2024-03-01T16:06:19.039000+00:00,218,155,5,63,27,9468
2024-03-01T16:06:26.320000+00:00,202,84,2,118,27,9468
2024-03-01T16:06:37.519000+00:00,222,76,2,146,27,9468
2024-03-01T16:06:54.119000+00:00,272,133,4,139,27,9468
2024-03-01T16:07:07.759000+00:00,225,124,3,101,27,9468
2024-03-01T16:07:23.639000+00:00,272,123,3,149,27,9468
2024-03-01T16:07:41.479000+00:00,302,91,2,211,27,9468
2024-03-01T16:07:55.799000+00:00,305,129,4,176,27,9468
2024-03-01T16:08:03.879000+00:00,255,208,6,47,27,9468
2024-03-01T16:08:08.959000+00:00,254,94,3,160,27,9468
2024-03-01T16:08:18.840000+00:00,257,92,3,165,27,9468
2024-03-01T16:08:31.720000+00:00,311,161,4,150,27,9468
2024-03-01T16:08:42.359000+00:00,274,144,4,130,27,9468
2024-03-01T16:08:55.039000+00:00,288,137,4,151,27,9468
2024-03-01T16:09:13.440000+00:00,236,75,2,161,27,9468
2024-03-01T16:09:30.239000+00:00,237,117,3,120,27,9468
2024-03-01T16:09:45.920000+00:00,195,86,2,109,27,9468
2024-03-01T16:09:57+00:00,204,91,2,113,27,9468
2024-03-01T16:10:11.560000+00:00,270,140,4,130,27,9468
2024-03-01T16:10:27.360000+00:00,223,136,4,87,27,9468
2024-03-01T16:10:41.600000+00:00,251,130,3,121,27,9468
2024-03-01T16:10:50.560000+00:00,185,59,1,126,27,9468
2024-03-01T16:14:37.960000+00:00,275,120,4,155,27,9468
2024-03-01T16:14:47.201000+00:00,216,164,5,52,27,9468
2024-03-01T16:14:54.201000+00:00,203,81,2,122,27,9468
2024-03-01T16:15:06.121000+00:00,199,72,2,127,27,9468
2024-03-01T16:15:21.321000+00:00,280,139,4,141,27,9468
2024-03-01T16:15:34.761000+00:00,227,130,3,97,27,9468
2024-03-01T16:15:50.840000+00:00,265,129,3,136,27,9468
2024-03-01T16:16:08.241000+00:00,310,81,2,229,27,9468
2024-03-01T16:16:22.481000+00:00,302,128,4,174,27,9468
2024-03-01T16:16:35.601000+00:00,257,94,3,163,27,9468
2024-03-01T16:16:45.641000+00:00,258,87,3,171,27,9468
2024-03-01T16:16:58.441000+00:00,312,147,4,165,27,9468
2024-03-01T16:17:09.321000+00:00,274,147,4,127,27,9468
2024-03-01T16:17:21.921000+00:00,291,135,4,156,27,9468
2024-03-01T16:17:36.961000+00:00,204,130,3,74,27,9468
2024-03-01T16:17:44.562000+00:00,144,78,2,66,27,9468
2024-03-01T16:17:59.881000+00:00,259,121,3,138,27,9468
2024-03-01T16:18:08.401000+00:00,224,176,5,48,27,9468
2024-03-01T16:18:14.321000+00:00,224,85,2,139,27,9468
2024-03-01T16:18:24.882000+00:00,234,85,2,149,27,9468
2024-03-01T16:18:38.921000+00:00,287,156,4,131,27,9468
2024-03-01T16:18:54.081000+00:00,230,149,4,81,27,9468
2024-03-01T16:19:07.521000+00:00,277,128,3,149,27,9468
2024-03-01T16:19:16.882000+00:00,146,78,2,68,27,9468
2024-03-01T16:26:50.843000+00:00,144,65,1,79,27,9468
2024-03-01T16:27:10.763000+00:00,227,100,3,127,27,9468
2024-03-01T16:27:21.203000+00:00,195,146,5,49,27,9468
2024-03-01T16:27:29.163000+00:00,169,83,2,86,27,9468
2024-03-01T16:27:40.483000+00:00,215,74,2,141,27,9468
2024-03-01T16:27:56.523000+00:00,257,130,4,127,27,9468
2024-03-01T16:28:10.883000+00:00,211,128,4,83,27,9468
2024-03-01T16:28:25.603000+00:00,260,122,3,138,27,9468
2024-03-01T16:28:43.323000+00:00,312,82,2,230,27,9468
2024-03-01T16:28:58.043000+00:00,303,125,4,178,27,9468
2024-03-01T16:29:11.363000+00:00,219,87,3,132,27,9468
2024-03-01T16:29:21.284000+00:00,245,90,3,155,27,9468
2024-03-01T16:29:34.084000+00:00,303,155,4,148,27,9468
2024-03-01T16:29:45.163000+00:00,256,143,4,113,27,9468
2024-03-01T16:29:57.323000+00:00,295,144,4,151,27,9468
2024-03-01T16:30:14.204000+00:00,268,75,2,193,27,9468
2024-03-01T16:30:30.963000+00:00,260,109,3,151,27,9468
2024-03-01T16:30:51.043000+00:00,206,90,2,116,27,9468
2024-03-01T16:31:01.804000+00:00,213,85,2,128,27,9468
2024-03-01T16:31:15.764000+00:00,286,161,4,125,27,9468
2024-03-01T16:31:27.564000+00:00,257,141,4,116,27,9468
2024-03-01T16:31:44.923000+00:00,207,139,4,68,27,9468
2024-03-01T16:31:53.364000+00:00,186,76,2,110,27,9468
2024-03-01T16:35:34.764000+00:00,161,54,2,107,27,9468
2024-03-01T16:35:53.204000+00:00,260,112,4,148,27,9468
2024-03-01T16:36:02.765000+00:00,195,142,4,53,27,9468
2024-03-01T16:36:10.805000+00:00,185,78,2,107,27,9468
2024-03-01T16:36:22.245000+00:00,210,72,2,138,27,9468
2024-03-01T16:36:38.485000+00:00,264,127,4,137,27,9468
2024-03-01T16:36:52.565000+00:00,216,119,3,97,27,9468
2024-03-01T16:37:07.324000+00:00,274,122,3,152,27,9468
2024-03-01T16:37:24.765000+00:00,314,82,2,232,27,9468
2024-03-01T16:37:39.165000+00:00,304,148,5,156,27,9468
2024-03-01T16:37:47.124000+00:00,252,208,6,44,27,9468
2024-03-01T16:37:52.445000+00:00,220,97,3,123,27,9468
2024-03-01T16:38:01.965000+00:00,256,86,3,170,27,9468
2024-03-01T16:38:15.005000+00:00,292,161,4,131,27,9468
2024-03-01T16:38:25.565000+00:00,262,148,4,114,27,9468
2024-03-01T16:38:37.885000+00:00,261,137,4,124,27,9468
2024-03-01T16:38:54.725000+00:00,297,85,2,212,27,9468
2024-03-01T16:39:14.405000+00:00,196,122,3,74,27,9468
2024-03-01T16:39:29.645000+00:00,199,88,2,111,27,9468
2024-03-01T16:39:41.525000+00:00,178,76,2,102,27,9468
2024-03-01T16:39:55.645000+00:00,232,152,4,80,27,9468
2024-03-01T16:40:09.085000+00:00,194,127,4,67,27,9468
2024-03-01T16:40:23.845000+00:00,230,129,4,101,27,9468
2024-03-01T16:40:33.286000+00:00,183,81,2,102,27,9468
2024-03-01T16:48:32.127000+00:00,242,117,4,125,27,9468
2024-03-01T16:48:41.527000+00:00,212,150,5,62,27,9468
2024-03-01T16:48:49.007000+00:00,197,82,2,115,27,9468
2024-03-01T16:49:00.247000+00:00,212,69,2,143,27,9468
2024-03-01T16:49:16.207000+00:00,271,152,4,119,27,9468
2024-03-01T16:49:29.047000+00:00,228,130,4,98,27,9468
2024-03-01T16:49:43.567000+00:00,264,122,3,142,27,9468
2024-03-01T16:50:01.007000+00:00,303,91,2,212,27,9468
2024-03-01T16:50:15.487000+00:00,297,132,4,165,27,9468
2024-03-01T16:50:28.447000+00:00,259,90,3,169,27,9468
2024-03-01T16:50:38.488000+00:00,255,88,3,167,27,9468
2024-03-01T16:50:51.528000+00:00,307,165,4,142,27,9468
2024-03-01T16:51:02.167000+00:00,270,154,4,116,27,9468
2024-03-01T16:51:14.447000+00:00,296,150,4,146,27,9468
2024-03-01T16:51:31.328000+00:00,282,81,2,201,27,9468
2024-03-01T16:51:47.847000+00:00,248,119,3,129,27,9468
2024-03-01T16:52:03.008000+00:00,211,89,2,122,27,9468
2024-03-01T16:52:13.767000+00:00,212,79,2,133,27,9468
2024-03-01T16:52:28.327000+00:00,252,152,4,100,27,9468
2024-03-01T16:52:40.248000+00:00,221,145,4,76,27,9468
2024-03-01T16:52:54.527000+00:00,237,138,4,99,27,9468
2024-03-01T16:53:03.608000+00:00,181,86,2,95,27,9468
2024-03-01T16:56:19.529000+00:00,174,59,2,115,27,9468
2024-03-01T16:56:36.488000+00:00,262,104,3,158,27,9468
2024-03-01T16:56:54.369000+00:00,192,82,2,110,27,9468
2024-03-01T16:57:05.649000+00:00,220,71,2,149,27,9468
2024-03-01T16:57:21.369000+00:00,272,139,4,133,27,9468
2024-03-01T16:57:35.889000+00:00,176,117,3,59,27,9468
2024-03-01T16:57:50.568000+00:00,276,124,3,152,27,9468
2024-03-01T16:58:08.009000+00:00,315,84,2,231,27,9468
2024-03-01T16:58:22.889000+00:00,260,141,4,119,27,9468
2024-03-01T16:58:35.729000+00:00,239,89,3,150,27,9468
2024-03-01T16:58:45.769000+00:00,256,86,3,170,27,9468
2024-03-01T16:58:58.649000+00:00,310,171,4,139,27,9468
2024-03-01T16:59:09.169000+00:00,275,150,4,125,27,9468
2024-03-01T16:59:21.649000+00:00,296,135,4,161,27,9468
2024-03-01T16:59:40.089000+00:00,210,80,2,130,27,9468
2024-03-01T16:59:57.210000+00:00,241,122,4,119,27,9468
2024-03-01T17:00:15.529000+00:00,216,86,3,130,27,9468
2024-03-01T17:00:26.809000+00:00,194,79,2,115,27,9468
2024-03-01T17:00:41.409000+00:00,240,151,4,89,27,9468
2024-03-01T17:00:53.729000+00:00,208,137,4,71,27,9468
2024-03-01T17:01:08.329000+00:00,219,136,4,83,27,9468
2024-03-01T17:01:16.650000+00:00,174,75,1,99,27,9468
2024-03-01T16:00:43.718000+00:00,106,62,2,44,31,9468
2024-03-01T16:01:00.918000+00:00,276,100,3,176,31,9468
2024-03-01T16:01:18.758000+00:00,183,71,2,112,31,9468
2024-03-01T16:01:31.318000+00:00,181,73,2,108,31,9468
2024-03-01T16:01:46.198000+00:00,288,133,4,155,31,9468
2024-03-01T16:01:59.838000+00:00,206,129,4,77,31,9468
2024-03-01T16:02:13.718000+00:00,247,115,3,132,31,9468
2024-03-01T16:02:32.118000+00:00,284,69,2,215,31,9468
2024-03-01T16:02:47.038000+00:00,284,132,4,152,31,9468
2024-03-01T16:03:00.318000+00:00,236,85,3,151,31,9468
2024-03-01T16:03:10.079000+00:00,252,93,3,159,31,9468
2024-03-01T16:03:23.559000+00:00,302,174,4,128,31,9468
2024-03-01T16:03:34.078000+00:00,271,146,4,125,31,9468
2024-03-01T16:03:46.838000+00:00,280,136,4,144,31,9468
2024-03-01T16:04:03.399000+00:00,282,79,1,203,31,9468
2024-03-01T16:04:23.799000+00:00,229,142,4,87,31,9468
2024-03-01T16:04:41.799000+00:00,176,105,2,71,31,9468
2024-03-01T16:04:53.758000+00:00,179,74,2,105,31,9468
2024-03-01T16:05:09.519000+00:00,226,157,4,69,31,9468
2024-03-01T16:05:23.119000+00:00,186,141,4,45,31,9468
2024-03-01T16:05:36.959000+00:00,254,114,3,140,31,9468
2024-03-01T16:05:47.159000+00:00,181,93,2,88,31,9468
2024-03-01T16:08:34.080000+00:00,274,129,3,145,31,9468
2024-03-01T16:08:53.640000+00:00,189,72,2,117,31,9468
2024-03-01T16:09:05.880000+00:00,188,75,2,113,31,9468
2024-03-01T16:09:20+00:00,268,170,4,98,31,9468
2024-03-01T16:09:36.199000+00:00,221,130,3,91,31,9468
2024-03-01T16:09:50.080000+00:00,268,120,3,148,31,9468
2024-03-01T16:10:08.040000+00:00,312,80,2,232,31,9468
2024-03-01T16:10:22.879000+00:00,300,133,4,167,31,9468
2024-03-01T16:10:35.879000+00:00,255,86,3,169,31,9468
2024-03-01T16:10:46.080000+00:00,252,87,3,165,31,9468
2024-03-01T16:10:59.440000+00:00,269,175,4,94,31,9468
2024-03-01T16:11:09.720000+00:00,270,144,4,126,31,9468
2024-03-01T16:11:22.600000+00:00,280,126,4,154,31,9468
2024-03-01T16:11:39+00:00,288,67,2,221,31,9468
2024-03-01T16:11:56.640000+00:00,258,111,4,147,31,9468
2024-03-01T16:12:12.440000+00:00,204,86,2,118,31,9468
2024-03-01T16:12:23.880000+00:00,205,75,2,130,31,9468
2024-03-01T16:12:39.760000+00:00,233,148,4,85,31,9468
2024-03-01T16:12:53.080000+00:00,193,140,4,53,31,9468
2024-03-01T16:13:07.841000+00:00,232,126,3,106,31,9468
2024-03-01T16:13:17.200000+00:00,196,95,2,101,31,9468
2024-03-01T16:16:03.161000+00:00,105,57,1,48,31,9468
2024-03-01T16:16:18.721000+00:00,261,107,3,154,31,9468
2024-03-01T16:16:26.561000+00:00,164,94,3,70,31,9468
2024-03-01T16:16:37.001000+00:00,198,70,2,128,31,9468
2024-03-01T16:16:50.001000+00:00,225,67,2,158,31,9468
2024-03-01T16:17:06.121000+00:00,275,138,3,137,31,9468
2024-03-01T16:17:19.321000+00:00,216,137,4,79,31,9468
2024-03-01T16:17:25.601000+00:00,187,125,3,62,31,9468
2024-03-01T16:17:31.601000+00:00,180,129,3,51,31,9468
2024-03-01T16:17:39.881000+00:00,204,123,3,81,31,9468
2024-03-01T16:17:56.802000+00:00,315,73,2,242,31,9468
2024-03-01T16:18:11.681000+00:00,274,125,4,149,31,9468
2024-03-01T16:18:24.522000+00:00,239,79,3,160,31,9468
2024-03-01T16:18:34.561000+00:00,251,85,3,166,31,9468
2024-03-01T16:18:47.961000+00:00,254,174,5,80,31,9468
2024-03-01T16:18:58.122000+00:00,260,149,4,111,31,9468
2024-03-01T16:19:10.922000+00:00,288,143,4,145,31,9468
2024-03-01T16:19:26.961000+00:00,295,79,2,216,31,9468
2024-03-01T16:19:46.241000+00:00,222,116,4,106,31,9468
2024-03-01T16:20:03.482000+00:00,173,97,2,76,31,9468
2024-03-01T16:20:15.642000+00:00,187,82,2,105,31,9468
2024-03-01T16:21:20.201000+00:00,117,68,2,49,31,9468
2024-03-01T16:07:37.839000+00:00,138,61,2,77,44,9468
2024-03-01T16:07:54.159000+00:00,250,160,5,90,44,9468
2024-03-01T16:07:57.159000+00:00,159,97,3,62,44,9468
2024-03-01T16:08:06.080000+00:00,215,145,5,70,44,9468
2024-03-01T16:08:13.320000+00:00,196,88,3,108,44,9468
2024-03-01T16:08:21.839000+00:00,195,98,3,97,44,9468
2024-03-01T16:08:27.519000+00:00,164,70,2,94,44,9468
2024-03-01T16:08:41.159000+00:00,291,141,4,150,44,9468
2024-03-01T16:08:53.640000+00:00,240,137,5,103,44,9468
2024-03-01T16:09:06.920000+00:00,260,109,3,151,44,9468
2024-03-01T16:09:25.440000+00:00,304,75,3,229,44,9468
2024-03-01T16:09:39.840000+00:00,302,133,4,169,44,9468
2024-03-01T16:09:52.960000+00:00,251,88,3,163,44,9468
2024-03-01T16:10:02.639000+00:00,256,88,3,168,44,9468
2024-03-01T16:10:15.959000+00:00,307,163,4,144,44,9468
2024-03-01T16:10:26.640000+00:00,250,148,4,102,44,9468
2024-03-01T16:10:39.160000+00:00,262,144,4,118,44,9468
2024-03-01T16:10:55.759000+00:00,257,71,3,186,44,9468
2024-03-01T16:11:13.400000+00:00,244,120,4,124,44,9468
2024-03-01T16:11:30.400000+00:00,172,83,3,89,44,9468
2024-03-01T16:11:42.280000+00:00,175,83,3,92,44,9468
2024-03-01T16:11:57.680000+00:00,230,135,5,95,44,9468
2024-03-01T16:12:28.641000+00:00,220,120,4,100,44,9468
2024-03-01T16:12:39.160000+00:00,198,70,3,128,44,9468
2024-03-01T16:15:31.440000+00:00,128,59,2,69,44,9468
2024-03-01T16:15:48.281000+00:00,279,105,4,174,44,9468
2024-03-01T16:15:57.960000+00:00,221,158,5,63,44,9468
2024-03-01T16:16:05.281000+00:00,205,81,3,124,44,9468
2024-03-01T16:16:16.001000+00:00,227,79,3,148,44,9468
2024-03-01T16:16:30.880000+00:00,277,131,4,146,44,9468
2024-03-01T16:16:43.761000+00:00,225,133,4,92,44,9468
2024-03-01T16:16:56.961000+00:00,276,125,3,151,44,9468
2024-03-01T16:17:15.441000+00:00,308,95,3,213,44,9468
2024-03-01T16:17:30.081000+00:00,289,136,4,153,44,9468
2024-03-01T16:17:42.921000+00:00,250,86,3,164,44,9468
2024-03-01T16:17:53.041000+00:00,238,82,3,156,44,9468
2024-03-01T16:18:06.161000+00:00,301,158,4,143,44,9468
2024-03-01T16:18:16.562000+00:00,259,160,4,99,44,9468
2024-03-01T16:18:28.841000+00:00,293,140,4,153,44,9468
2024-03-01T16:18:44.962000+00:00,267,70,2,197,44,9468
2024-03-01T16:19:05.521000+00:00,207,110,4,97,44,9468
2024-03-01T16:19:23.282000+00:00,172,81,3,91,44,9468
2024-03-01T16:19:35.361000+00:00,182,82,2,100,44,9468
2024-03-01T16:19:51.042000+00:00,225,149,5,76,44,9468
2024-03-01T16:20:05.322000+00:00,193,138,5,55,44,9468
2024-03-01T16:20:19.082000+00:00,239,129,4,110,44,9468
2024-03-01T16:20:28.762000+00:00,175,75,2,100,44,9468
2024-03-01T16:29:02.204000+00:00,145,60,2,85,44,9468
2024-03-01T16:29:20.603000+00:00,252,102,4,150,44,9468
2024-03-01T16:29:30.643000+00:00,194,137,5,57,44,9468
2024-03-01T16:29:39.243000+00:00,181,78,3,103,44,9468
2024-03-01T16:29:50.563000+00:00,222,82,2,140,44,9468
2024-03-01T16:30:06.723000+00:00,273,162,5,111,44,9468
2024-03-01T16:30:18.963000+00:00,239,143,5,96,44,9468
2024-03-01T16:30:31.603000+00:00,249,195,7,54,44,9468
2024-03-01T16:30:33.484000+00:00,183,117,3,66,44,9468
2024-03-01T16:30:50.683000+00:00,288,82,3,206,44,9468
2024-03-01T16:31:05.203000+00:00,284,137,4,147,44,9468
2024-03-01T16:31:18.323000+00:00,219,84,3,135,44,9468
2024-03-01T16:31:28.044000+00:00,252,83,3,169,44,9468
2024-03-01T16:31:41.204000+00:00,289,181,4,108,44,9468
2024-03-01T16:31:51.683000+00:00,242,144,4,98,44,9468
2024-03-01T16:32:03.964000+00:00,294,139,4,155,44,9468
2024-03-01T16:32:20.844000+00:00,279,72,2,207,44,9468
2024-03-01T16:32:37.284000+00:00,261,111,4,150,44,9468
2024-03-01T16:32:53.164000+00:00,210,90,3,120,44,9468
2024-03-01T16:33:03.844000+00:00,231,81,3,150,44,9468
2024-03-01T16:33:17.284000+00:00,255,144,5,111,44,9468
2024-03-01T16:33:31.285000+00:00,200,153,5,47,44,9468
2024-03-01T16:33:44.325000+00:00,261,161,7,100,44,9468
2024-03-01T16:33:53.164000+00:00,240,78,2,162,44,9468
2024-03-01T16:37:52.445000+00:00,129,64,2,65,44,9468
2024-03-01T16:38:07.965000+00:00,288,107,3,181,44,9468
2024-03-01T16:38:17.965000+00:00,211,137,4,74,44,9468
2024-03-01T16:38:24.525000+00:00,152,98,3,54,44,9468
2024-03-01T16:38:28.725000+00:00,128,79,2,49,44,9468
2024-03-01T16:38:38.645000+00:00,220,84,3,136,44,9468
2024-03-01T16:38:52.965000+00:00,295,151,5,144,44,9468
2024-03-01T16:39:03.725000+00:00,227,87,3,140,44,9468
2024-03-01T16:39:21.965000+00:00,277,123,3,154,44,9468
2024-03-01T16:39:40.086000+00:00,296,81,3,215,44,9468
2024-03-01T16:39:54.645000+00:00,279,136,4,143,44,9468
2024-03-01T16:40:07.166000+00:00,257,90,3,167,44,9468
2024-03-01T16:40:17.125000+00:00,251,89,3,162,44,9468
2024-03-01T16:40:30.205000+00:00,285,176,5,109,44,9468
2024-03-01T16:40:40.606000+00:00,271,153,4,118,44,9468
2024-03-01T16:40:53.006000+00:00,261,149,4,112,44,9468
2024-03-01T16:41:08.965000+00:00,269,72,2,197,44,9468
2024-03-01T16:41:28.405000+00:00,208,120,4,88,44,9468
2024-03-01T16:41:46.086000+00:00,167,82,3,85,44,9468
2024-03-01T16:41:58.926000+00:00,173,85,3,88,44,9468
2024-03-01T16:42:13.406000+00:00,212,129,5,83,44,9468
2024-03-01T16:42:45.486000+00:00,173,115,4,58,44,9468
2024-03-01T16:42:57.166000+00:00,138,76,2,62,44,9468
2024-03-01T16:48:59.687000+00:00,145,57,2,88,44,9468
2024-03-01T16:49:17.207000+00:00,280,103,4,177,44,9468
2024-03-01T16:49:27.367000+00:00,202,131,5,71,44,9468
2024-03-01T16:49:35.807000+00:00,179,85,4,94,44,9468
2024-03-01T16:49:47.447000+00:00,192,72,3,120,44,9468
2024-03-01T16:50:02.007000+00:00,264,123,4,141,44,9468
2024-03-01T16:50:16.327000+00:00,212,138,5,74,44,9468
2024-03-01T16:50:29.567000+00:00,269,135,3,134,44,9468
2024-03-01T16:50:47.727000+00:00,302,76,3,226,44,9468
2024-03-01T16:51:02.367000+00:00,298,130,4,168,44,9468
2024-03-01T16:51:15.207000+00:00,249,90,3,159,44,9468
2024-03-01T16:51:25.328000+00:00,245,80,3,165,44,9468
2024-03-01T16:51:38.248000+00:00,302,176,4,126,44,9468
2024-03-01T16:51:48.567000+00:00,272,149,4,123,44,9468
2024-03-01T16:52:01.167000+00:00,286,138,4,148,44,9468
2024-03-01T16:52:17.768000+00:00,288,76,2,212,44,9468
2024-03-01T16:52:34.047000+00:00,256,135,4,121,44,9468
2024-03-01T16:52:48.327000+00:00,227,90,3,137,44,9468
2024-03-01T16:52:59.248000+00:00,227,82,3,145,44,9468
2024-03-01T16:53:13.168000+00:00,243,165,5,78,44,9468
2024-03-01T16:53:26.048000+00:00,209,154,6,55,44,9468
2024-03-01T16:53:41.648000+00:00,184,133,5,51,44,9468
2024-03-01T16:53:52.328000+00:00,142,73,3,69,44,9468
2024-03-01T16:57:14.289000+00:00,175,62,2,113,44,9468
2024-03-01T16:57:30.848000+00:00,287,111,4,176,44,9468
2024-03-01T16:57:40.489000+00:00,205,129,4,76,44,9468
2024-03-01T16:57:49.169000+00:00,182,84,3,98,44,9468
2024-03-01T16:58:00.649000+00:00,189,81,3,108,44,9468
2024-03-01T16:58:15.849000+00:00,253,117,4,136,44,9468
2024-03-01T16:58:32.449000+00:00,183,119,4,64,44,9468
2024-03-01T16:58:44.449000+00:00,222,166,5,56,44,9468
2024-03-01T16:58:49.369000+00:00,226,119,3,107,44,9468
2024-03-01T16:59:06.929000+00:00,302,77,3,225,44,9468
2024-03-01T16:59:21.489000+00:00,273,131,4,142,44,9468
2024-03-01T16:59:34.369000+00:00,218,92,3,126,44,9468
2024-03-01T16:59:43.890000+00:00,256,84,3,172,44,9468
2024-03-01T16:59:57.210000+00:00,274,173,4,101,44,9468
2024-03-01T17:00:07.329000+00:00,270,148,4,122,44,9468
2024-03-01T17:00:19.689000+00:00,293,139,4,154,44,9468
2024-03-01T17:00:39.849000+00:00,141,75,2,66,44,9468
2024-03-01T17:00:58.250000+00:00,203,130,4,73,44,9468
2024-03-01T17:01:15.730000+00:00,164,87,3,77,44,9468
2024-03-01T17:01:28.890000+00:00,149,82,3,67,44,9468
2024-03-01T17:02:17.170000+00:00,191,122,4,69,44,9468
2024-03-01T16:00:21.838000+00:00,136,51,1,85,55,9468
2024-03-01T16:00:40.598000+00:00,266,111,4,155,55,9468
2024-03-01T16:00:57.838000+00:00,213,88,2,125,55,9468
2024-03-01T16:01:10.318000+00:00,210,86,2,124,55,9468
2024-03-01T16:01:24.798000+00:00,279,142,4,137,55,9468
2024-03-01T16:01:38.118000+00:00,233,127,3,106,55,9468
2024-03-01T16:01:52.598000+00:00,267,124,3,143,55,9468
2024-03-01T16:02:10.319000+00:00,309,69,2,240,55,9468
2024-03-01T16:02:25.558000+00:00,284,147,7,137,55,9468
2024-03-01T16:02:38.678000+00:00,255,85,3,170,55,9468
2024-03-01T16:02:48.638000+00:00,255,86,2,169,55,9468
2024-03-01T16:03:01.678000+00:00,301,177,5,124,55,9468
2024-03-01T16:03:12.158000+00:00,269,153,4,116,55,9468
2024-03-01T16:03:24.799000+00:00,268,142,4,126,55,9468
2024-03-01T16:03:44.639000+00:00,149,69,2,80,55,9468
2024-03-01T16:04:03.399000+00:00,205,110,3,95,55,9468
2024-03-01T16:04:21.879000+00:00,174,87,3,87,55,9468
2024-03-01T16:04:33.638000+00:00,181,90,3,91,55,9468
2024-03-01T16:04:48.999000+00:00,226,155,4,71,55,9468
2024-03-01T16:05:02.599000+00:00,180,135,4,45,55,9468
2024-03-01T16:05:15.959000+00:00,241,131,3,110,55,9468
2024-03-01T16:05:25.399000+00:00,219,52,0,167,55,9468
2024-03-01T16:08:23.399000+00:00,130,54,1,76,55,9468
2024-03-01T16:08:39.840000+00:00,277,121,4,156,55,9468
2024-03-01T16:08:50.479000+00:00,206,150,4,56,55,9468
2024-03-01T16:08:56.039000+00:00,186,79,1,107,55,9468
2024-03-01T16:09:11.560000+00:00,197,67,2,130,55,9468
2024-03-01T16:09:31.400000+00:00,263,164,5,99,55,9468
2024-03-01T16:09:45.320000+00:00,189,120,3,69,55,9468
2024-03-01T16:10:01.479000+00:00,269,114,3,155,55,9468
2024-03-01T16:10:19.480000+00:00,311,71,2,240,55,9468
2024-03-01T16:10:33.920000+00:00,299,144,5,155,55,9468
2024-03-01T16:10:47.200000+00:00,232,91,3,141,55,9468
2024-03-01T16:10:56.960000+00:00,254,83,3,171,55,9468
2024-03-01T16:11:09.720000+00:00,301,178,5,123,55,9468
2024-03-01T16:11:19.960000+00:00,273,160,5,113,55,9468
2024-03-01T16:11:32.440000+00:00,284,139,4,145,55,9468
2024-03-01T16:11:49.520000+00:00,227,70,1,157,55,9468
2024-03-01T16:12:08.201000+00:00,218,130,4,88,55,9468
2024-03-01T16:12:23.720000+00:00,203,87,2,116,55,9468
2024-03-01T16:12:34.881000+00:00,208,87,2,121,55,9468
2024-03-01T16:12:49.520000+00:00,238,171,5,67,55,9468
2024-03-01T16:13:02.001000+00:00,213,144,4,69,55,9468
2024-03-01T16:13:15.481000+00:00,256,133,4,123,55,9468
2024-03-01T16:13:25.120000+00:00,205,75,2,130,55,9468
2024-03-01T16:28:29.483000+00:00,268,113,4,155,55,9468
2024-03-01T16:28:39.403000+00:00,205,160,4,45,55,9468
2024-03-01T16:28:46.683000+00:00,212,78,2,134,55,9468
2024-03-01T16:28:58.643000+00:00,209,85,2,124,55,9468
2024-03-01T16:29:13.323000+00:00,270,170,4,100,55,9468
2024-03-01T16:29:25.803000+00:00,219,114,3,105,55,9468
2024-03-01T16:29:40.483000+00:00,230,115,3,115,55,9468
2024-03-01T16:29:58.323000+00:00,297,70,2,227,55,9468
2024-03-01T16:30:12.763000+00:00,301,148,6,153,55,9468
2024-03-01T16:30:25.723000+00:00,252,83,3,169,55,9468
2024-03-01T16:30:35.964000+00:00,249,80,2,169,55,9468
2024-03-01T16:30:48.804000+00:00,308,180,5,128,55,9468
2024-03-01T16:30:59.163000+00:00,273,148,4,125,55,9468
2024-03-01T16:31:11.683000+00:00,290,138,4,152,55,9468
2024-03-01T16:31:28.204000+00:00,240,69,2,171,55,9468
2024-03-01T16:31:47.764000+00:00,233,120,3,113,55,9468
2024-03-01T16:32:04.363000+00:00,186,93,3,93,55,9468
2024-03-01T16:32:14.924000+00:00,203,85,3,118,55,9468
2024-03-01T16:32:29.684000+00:00,236,167,4,69,55,9468
2024-03-01T16:32:42.004000+00:00,217,140,4,77,55,9468
2024-03-01T16:32:55.244000+00:00,258,132,4,126,55,9468
2024-03-01T16:33:04.645000+00:00,212,66,2,146,55,9468
2024-03-01T16:36:19.924000+00:00,129,52,1,77,55,9468
2024-03-01T16:36:44.205000+00:00,261,122,4,139,55,9468
2024-03-01T16:37:01.365000+00:00,192,76,2,116,55,9468
2024-03-01T16:37:14.404000+00:00,218,67,2,151,55,9468
2024-03-01T16:37:29.525000+00:00,278,145,4,133,55,9468
2024-03-01T16:37:44.005000+00:00,202,122,3,80,55,9468
2024-03-01T16:37:59.165000+00:00,261,116,3,145,55,9468
2024-03-01T16:38:17.405000+00:00,301,72,2,229,55,9468
2024-03-01T16:38:31.685000+00:00,303,140,4,163,55,9468
2024-03-01T16:38:44.405000+00:00,259,90,3,169,55,9468
2024-03-01T16:38:54.485000+00:00,253,84,3,169,55,9468
2024-03-01T16:39:07.366000+00:00,303,183,5,120,55,9468
2024-03-01T16:39:17.605000+00:00,273,167,4,106,55,9468
2024-03-01T16:39:30.045000+00:00,278,142,4,136,55,9468
2024-03-01T16:39:46.966000+00:00,218,74,2,144,55,9468
2024-03-01T16:40:06.366000+00:00,225,127,4,98,55,9468
2024-03-01T16:40:22.805000+00:00,187,83,3,104,55,9468
2024-03-01T16:40:34.965000+00:00,177,83,2,94,55,9468
2024-03-01T16:40:49.405000+00:00,231,159,4,72,55,9468
2024-03-01T16:41:02.405000+00:00,206,146,4,60,55,9468
2024-03-01T16:41:16.485000+00:00,223,139,4,84,55,9468
2024-03-01T16:41:25.686000+00:00,201,80,2,121,55,9468
2024-03-01T16:49:18.047000+00:00,153,57,1,96,55,9468
2024-03-01T16:49:37.287000+00:00,264,109,3,155,55,9468
2024-03-01T16:49:55.407000+00:00,189,76,2,113,55,9468
2024-03-01T16:50:07.727000+00:00,211,84,2,127,55,9468
2024-03-01T16:50:23.567000+00:00,264,126,4,138,55,9468
2024-03-01T16:50:38.128000+00:00,211,124,4,87,55,9468
2024-03-01T16:50:52.967000+00:00,266,118,3,148,55,9468
2024-03-01T16:51:11.088000+00:00,302,67,2,235,55,9468
2024-03-01T16:51:25.688000+00:00,277,147,4,130,55,9468
2024-03-01T16:51:38.248000+00:00,252,85,3,167,55,9468
2024-03-01T16:51:48.407000+00:00,253,80,3,173,55,9468
2024-03-01T16:52:01.167000+00:00,298,174,4,124,55,9468
2024-03-01T16:52:11.248000+00:00,274,149,4,125,55,9468
2024-03-01T16:52:23.688000+00:00,292,145,4,147,55,9468
2024-03-01T16:52:40.647000+00:00,212,71,2,141,55,9468
2024-03-01T16:53:01.687000+00:00,224,117,3,107,55,9468
2024-03-01T16:53:19.928000+00:00,168,83,3,85,55,9468
2024-03-01T16:53:32.208000+00:00,176,80,2,96,55,9468
2024-03-01T16:53:46.928000+00:00,235,162,4,73,55,9468
2024-03-01T16:54:00.328000+00:00,202,132,4,70,55,9468
2024-03-01T16:54:14.489000+00:00,260,129,4,131,55,9468
2024-03-01T16:54:23.768000+00:00,223,75,2,148,55,9468
2024-03-01T16:58:05.169000+00:00,256,117,3,139,55,9468
2024-03-01T16:58:14.769000+00:00,211,158,4,53,55,9468
2024-03-01T16:58:20.929000+00:00,203,63,1,140,55,9468
2024-03-01T16:58:36.529000+00:00,220,75,2,145,55,9468
2024-03-01T16:58:51.049000+00:00,272,149,4,123,55,9468
2024-03-01T16:59:04.409000+00:00,221,127,4,94,55,9468
2024-03-01T16:59:12.969000+00:00,143,102,3,41,55,9468
2024-03-01T16:59:21.649000+00:00,251,125,3,126,55,9468
2024-03-01T16:59:39.329000+00:00,318,69,2,249,55,9468
2024-03-01T16:59:53.889000+00:00,303,137,4,166,55,9468
2024-03-01T17:00:06.729000+00:00,254,87,3,167,55,9468
2024-03-01T17:00:16.850000+00:00,251,83,3,168,55,9468
2024-03-01T17:00:29.450000+00:00,308,185,5,123,55,9468
2024-03-01T17:00:39.849000+00:00,260,162,5,98,55,9468
2024-03-01T17:00:52.249000+00:00,283,146,4,137,55,9468
2024-03-01T17:01:12.809000+00:00,139,66,2,73,55,9468
2024-03-01T17:01:33.009000+00:00,181,121,4,60,55,9468
2024-03-01T17:01:48.650000+00:00,184,87,2,97,55,9468
2024-03-01T17:02:00.689000+00:00,180,84,2,96,55,9468
2024-03-01T17:02:30.810000+00:00,187,138,4,49,55,9468
2024-03-01T17:02:47.650000+00:00,184,131,4,53,55,9468
2024-03-01T16:07:26.560000+00:00,132,63,1,69,63,9468
2024-03-01T16:07:43.079000+00:00,250,104,3,146,63,9468
2024-03-01T16:08:02.159000+00:00,203,81,2,122,63,9468
2024-03-01T16:08:12.800000+00:00,224,81,2,143,63,9468
2024-03-01T16:08:27.799000+00:00,274,134,4,140,63,9468
2024-03-01T16:08:40.160000+00:00,242,153,4,89,63,9468
2024-03-01T16:08:51.840000+00:00,266,166,5,100,63,9468
2024-03-01T16:08:55.839000+00:00,193,132,4,61,63,9468
2024-03-01T16:09:12.960000+00:00,311,79,3,232,63,9468
2024-03-01T16:09:27.760000+00:00,262,140,4,122,63,9468
2024-03-01T16:09:40.480000+00:00,255,89,3,166,63,9468
2024-03-01T16:09:50.520000+00:00,249,87,3,162,63,9468
2024-03-01T16:10:03.440000+00:00,304,169,4,135,63,9468
2024-03-01T16:10:14.120000+00:00,250,153,4,97,63,9468
2024-03-01T16:10:26.480000+00:00,283,154,5,129,63,9468
2024-03-01T16:10:44.920000+00:00,208,68,2,140,63,9468
2024-03-01T16:11:02.480000+00:00,260,96,3,164,63,9468
2024-03-01T16:11:14.320000+00:00,176,113,3,63,63,9468
2024-03-01T16:11:23.880000+00:00,160,73,2,87,63,9468
2024-03-01T16:11:36.360000+00:00,190,76,2,114,63,9468
2024-03-01T16:11:53.640000+00:00,255,126,3,129,63,9468
2024-03-01T16:12:11.080000+00:00,162,118,3,44,63,9468
2024-03-01T16:12:24.960000+00:00,257,115,3,142,63,9468
2024-03-01T16:12:35.641000+00:00,222,89,2,133,63,9468
2024-03-01T16:15:39.881000+00:00,108,61,1,47,63,9468
2024-03-01T16:15:56.641000+00:00,272,99,3,173,63,9468
2024-03-01T16:16:08.801000+00:00,176,125,4,51,63,9468
2024-03-01T16:16:17.241000+00:00,173,79,3,94,63,9468
2024-03-01T16:16:32.081000+00:00,152,75,2,77,63,9468
2024-03-01T16:16:46.121000+00:00,253,117,4,136,63,9468
2024-03-01T16:17:03.561000+00:00,189,119,4,70,63,9468
2024-03-01T16:17:18.521000+00:00,261,122,3,139,63,9468
2024-03-01T16:17:36.241000+00:00,310,84,3,226,63,9468
2024-03-01T16:17:51.042000+00:00,271,118,3,153,63,9468
2024-03-01T16:18:10.242000+00:00,130,81,2,49,63,9468
2024-03-01T16:18:26.921000+00:00,180,75,2,105,63,9468
2024-03-01T16:18:42.561000+00:00,177,122,4,55,63,9468
2024-03-01T16:19:19.761000+00:00,269,105,3,164,63,9468
2024-03-01T16:19:32.961000+00:00,181,84,2,97,63,9468
2024-03-01T16:28:53.363000+00:00,200,66,2,134,63,9468
2024-03-01T16:29:10.203000+00:00,262,153,4,109,63,9468
2024-03-01T16:29:13.323000+00:00,143,102,3,41,63,9468
2024-03-01T16:29:21.964000+00:00,205,149,4,56,63,9468
2024-03-01T16:29:29.044000+00:00,211,74,2,137,63,9468
2024-03-01T16:29:42.764000+00:00,175,78,2,97,63,9468
2024-03-01T16:29:57.083000+00:00,267,141,4,126,63,9468
2024-03-01T16:30:10.163000+00:00,212,131,4,81,63,9468
2024-03-01T16:30:24.043000+00:00,279,128,3,151,63,9468
2024-03-01T16:30:41.604000+00:00,312,88,3,224,63,9468
2024-03-01T16:30:56.204000+00:00,300,135,4,165,63,9468
2024-03-01T16:31:09.524000+00:00,211,92,3,119,63,9468
2024-03-01T16:31:19.324000+00:00,242,96,3,146,63,9468
2024-03-01T16:31:32.163000+00:00,306,178,5,128,63,9468
2024-03-01T16:31:42.644000+00:00,271,161,4,110,63,9468
2024-03-01T16:31:55.204000+00:00,293,138,4,155,63,9468
2024-03-01T16:32:12.804000+00:00,240,71,2,169,63,9468
2024-03-01T16:32:28.884000+00:00,264,115,4,149,63,9468
2024-03-01T16:32:45.764000+00:00,221,88,3,133,63,9468
2024-03-01T16:32:56.924000+00:00,214,82,2,132,63,9468
2024-03-01T16:33:11.644000+00:00,215,155,5,60,63,9468
2024-03-01T16:33:24.164000+00:00,213,143,4,70,63,9468
2024-03-01T16:33:37.004000+00:00,279,129,4,150,63,9468
2024-03-01T16:33:46.844000+00:00,211,86,2,125,63,9468
2024-03-01T16:37:43.765000+00:00,205,68,2,137,63,9468
2024-03-01T16:37:59.925000+00:00,271,102,3,169,63,9468
2024-03-01T16:38:11.085000+00:00,227,146,4,81,63,9468
2024-03-01T16:38:19.405000+00:00,191,82,3,109,63,9468
2024-03-01T16:38:29.885000+00:00,236,79,2,157,63,9468
2024-03-01T16:38:44.805000+00:00,272,146,4,126,63,9468
2024-03-01T16:38:58.565000+00:00,205,141,4,64,63,9468
2024-03-01T16:39:11.085000+00:00,237,177,5,60,63,9468
2024-03-01T16:39:14.205000+00:00,203,134,4,69,63,9468
2024-03-01T16:39:31.285000+00:00,295,82,3,213,63,9468
2024-03-01T16:39:45.846000+00:00,277,139,4,138,63,9468
2024-03-01T16:39:58.765000+00:00,224,84,3,140,63,9468
2024-03-01T16:40:08.685000+00:00,241,89,3,152,63,9468
2024-03-01T16:40:21.765000+00:00,269,169,4,100,63,9468
2024-03-01T16:40:31.966000+00:00,268,150,4,118,63,9468
2024-03-01T16:40:44.485000+00:00,262,143,4,119,63,9468
2024-03-01T16:41:23.485000+00:00,265,103,3,162,63,9468
2024-03-01T16:41:44.686000+00:00,159,83,2,76,63,9468
2024-03-01T16:41:58.166000+00:00,170,76,2,94,63,9468
2024-03-01T16:42:12.646000+00:00,268,137,4,131,63,9468
2024-03-01T16:42:44.166000+00:00,269,112,3,157,63,9468
2024-03-01T16:42:54.646000+00:00,212,84,2,128,63,9468
2024-03-01T16:48:39.607000+00:00,176,62,2,114,63,9468
2024-03-01T16:48:56.567000+00:00,273,103,3,170,63,9468
2024-03-01T16:49:06.647000+00:00,221,154,4,67,63,9468
2024-03-01T16:49:14.047000+00:00,202,84,2,118,63,9468
2024-03-01T16:49:25.368000+00:00,231,74,2,157,63,9468
2024-03-01T16:49:40.487000+00:00,272,133,4,139,63,9468
2024-03-01T16:49:54.207000+00:00,209,134,4,75,63,9468
2024-03-01T16:50:08.047000+00:00,269,129,3,140,63,9468
2024-03-01T16:50:25.768000+00:00,274,77,3,197,63,9468
2024-03-01T16:50:40.007000+00:00,284,134,4,150,63,9468
2024-03-01T16:50:52.967000+00:00,225,90,3,135,63,9468
2024-03-01T16:51:02.927000+00:00,244,86,3,158,63,9468
2024-03-01T16:51:15.767000+00:00,302,172,4,130,63,9468
2024-03-01T16:51:26.088000+00:00,256,159,4,97,63,9468
2024-03-01T16:51:38.248000+00:00,295,145,4,150,63,9468
2024-03-01T16:51:59.168000+00:00,160,73,2,87,63,9468
2024-03-01T16:52:17.568000+00:00,242,95,3,147,63,9468
2024-03-01T16:52:38.048000+00:00,173,77,2,96,63,9468
2024-03-01T16:52:50.328000+00:00,204,85,2,119,63,9468
2024-03-01T16:53:05.088000+00:00,268,139,4,129,63,9468
2024-03-01T16:53:22.128000+00:00,171,130,4,41,63,9468
2024-03-01T16:53:36.208000+00:00,249,116,3,133,63,9468
2024-03-01T16:53:47.568000+00:00,229,83,2,146,63,9468
2024-03-01T16:57:05.209000+00:00,172,72,1,100,63,9468
2024-03-01T16:57:23.728000+00:00,258,103,3,155,63,9468
2024-03-01T16:57:42.969000+00:00,173,82,2,91,63,9468
2024-03-01T16:57:54.369000+00:00,207,74,2,133,63,9468
2024-03-01T16:58:10.408000+00:00,271,128,4,143,63,9468
2024-03-01T16:58:42.929000+00:00,271,122,3,149,63,9468
2024-03-01T16:59:01.049000+00:00,275,78,3,197,63,9468
2024-03-01T16:59:15.249000+00:00,280,139,4,141,63,9468
2024-03-01T16:59:27.809000+00:00,248,99,3,149,63,9468
2024-03-01T16:59:37.810000+00:00,250,91,3,159,63,9468
2024-03-01T16:59:51.010000+00:00,259,175,5,84,63,9468
2024-03-01T17:00:01.049000+00:00,271,157,4,114,63,9468
2024-03-01T17:00:13.489000+00:00,266,150,4,116,63,9468
2024-03-01T17:00:34.969000+00:00,148,70,2,78,63,9468
2024-03-01T17:01:11.530000+00:00,173,110,5,63,63,9468
2024-03-01T17:01:24.090000+00:00,158,79,2,79,63,9468
2024-03-01T17:02:12.490000+00:00,198,125,5,73,63,9468
2024-03-01T17:02:23.730000+00:00,151,61,1,90,63,9468
2024-03-01T16:06:30.039000+00:00,133,58,2,75,77,9468
2024-03-01T16:06:46.120000+00:00,272,101,3,171,77,9468
2024-03-01T16:06:56.519000+00:00,215,151,4,64,77,9468
2024-03-01T16:07:03.599000+00:00,210,77,2,133,77,9468
2024-03-01T16:07:14.879000+00:00,224,81,2,143,77,9468
2024-03-01T16:07:29.239000+00:00,281,135,4,146,77,9468
2024-03-01T16:07:41.119000+00:00,252,138,4,114,77,9468
2024-03-01T16:07:50.319000+00:00,256,100,2,156,77,9468
2024-03-01T16:07:58.039000+00:00,222,128,4,94,77,9468
2024-03-01T16:08:15.079000+00:00,290,79,2,211,77,9468
2024-03-01T16:08:29.679000+00:00,282,140,4,142,77,9468
2024-03-01T16:08:37.439000+00:00,254,206,6,48,77,9468
2024-03-01T16:08:42.519000+00:00,259,85,3,174,77,9468
2024-03-01T16:08:52.600000+00:00,254,85,3,169,77,9468
2024-03-01T16:09:05.640000+00:00,309,167,5,142,77,9468
2024-03-01T16:09:16.279000+00:00,272,161,4,111,77,9468
2024-03-01T16:09:28.719000+00:00,294,134,4,160,77,9468
2024-03-01T16:09:45.920000+00:00,281,72,2,209,77,9468
2024-03-01T16:10:02.639000+00:00,266,112,3,154,77,9468
2024-03-01T16:10:12.480000+00:00,217,162,5,55,77,9468
2024-03-01T16:10:19.120000+00:00,216,78,3,138,77,9468
2024-03-01T16:10:30.040000+00:00,217,79,3,138,77,9468
2024-03-01T16:10:39.800000+00:00,182,133,4,49,77,9468
2024-03-01T16:10:50.560000+00:00,202,145,4,57,77,9468
2024-03-01T16:11:02.119000+00:00,238,136,5,102,77,9468
2024-03-01T16:11:15.960000+00:00,255,123,4,132,77,9468
2024-03-01T16:11:26.320000+00:00,159,80,2,79,77,9468
2024-03-01T16:14:42.321000+00:00,274,106,3,168,77,9468
2024-03-01T16:14:52.120000+00:00,228,147,4,81,77,9468
2024-03-01T16:14:59.281000+00:00,220,76,2,144,77,9468
2024-03-01T16:15:10.760000+00:00,229,70,2,159,77,9468
2024-03-01T16:15:25.601000+00:00,279,145,4,134,77,9468
2024-03-01T16:15:38.080000+00:00,226,123,3,103,77,9468
2024-03-01T16:15:48.281000+00:00,263,136,4,127,77,9468
2024-03-01T16:15:54.601000+00:00,216,137,4,79,77,9468
2024-03-01T16:16:11.480000+00:00,289,71,2,218,77,9468
2024-03-01T16:16:25.841000+00:00,303,131,4,172,77,9468
2024-03-01T16:16:39.081000+00:00,260,83,3,177,77,9468
2024-03-01T16:16:48.961000+00:00,255,87,3,168,77,9468
2024-03-01T16:17:02.361000+00:00,275,173,5,102,77,9468
2024-03-01T16:17:12.561000+00:00,274,143,4,131,77,9468
2024-03-01T16:17:25.201000+00:00,292,132,4,160,77,9468
2024-03-01T16:17:40.241000+00:00,243,122,4,121,77,9468
2024-03-01T16:18:27.441000+00:00,187,79,3,108,77,9468
2024-03-01T16:18:38.202000+00:00,222,85,3,137,77,9468
2024-03-01T16:18:55.281000+00:00,213,141,4,72,77,9468
2024-03-01T16:18:59.761000+00:00,183,133,4,50,77,9468
2024-03-01T16:19:09.041000+00:00,198,136,5,62,77,9468
2024-03-01T16:19:24.882000+00:00,175,126,5,49,77,9468
2024-03-01T16:19:36.362000+00:00,118,77,2,41,77,9468
2024-03-01T16:06:37.199000+00:00,116,68,1,48,81,9468
2024-03-01T16:06:53.839000+00:00,244,127,3,117,81,9468
2024-03-01T16:07:09.359000+00:00,213,89,2,124,81,9468
2024-03-01T16:07:21.359000+00:00,219,84,2,135,81,9468
2024-03-01T16:07:36.319000+00:00,277,160,4,117,81,9468
2024-03-01T16:07:48.479000+00:00,224,140,3,84,81,9468
2024-03-01T16:08:01.599000+00:00,243,178,4,65,81,9468
2024-03-01T16:08:21.839000+00:00,267,88,2,179,81,9468
2024-03-01T16:08:36.439000+00:00,278,127,3,151,81,9468
2024-03-01T16:08:49.239000+00:00,249,94,2,155,81,9468
2024-03-01T16:08:59.440000+00:00,243,80,2,163,81,9468
2024-03-01T16:09:12.360000+00:00,306,173,4,133,81,9468
2024-03-01T16:09:22.679000+00:00,261,154,4,107,81,9468
2024-03-01T16:09:35.119000+00:00,287,138,3,149,81,9468
2024-03-01T16:09:52.160000+00:00,231,82,2,149,81,9468
2024-03-01T16:10:14.520000+00:00,199,125,3,74,81,9468
2024-03-01T16:10:30.040000+00:00,204,94,2,110,81,9468
2024-03-01T16:10:41.600000+00:00,198,85,2,113,81,9468
2024-03-01T16:11:12.480000+00:00,212,148,4,64,81,9468
2024-03-01T16:11:26.040000+00:00,253,134,3,119,81,9468
2024-03-01T16:11:35.040000+00:00,211,81,2,130,81,9468
2024-03-01T16:14:30.120000+00:00,270,115,2,155,81,9468
2024-03-01T16:14:46.881000+00:00,200,93,2,107,81,9468
2024-03-01T16:14:58.400000+00:00,212,81,2,131,81,9468
2024-03-01T16:15:14.001000+00:00,277,170,4,107,81,9468
2024-03-01T16:15:26.761000+00:00,204,143,4,61,81,9468
2024-03-01T16:15:43.401000+00:00,219,132,3,87,81,9468
2024-03-01T16:16:01.161000+00:00,295,83,2,212,81,9468
2024-03-01T16:16:15.641000+00:00,290,134,3,156,81,9468
2024-03-01T16:16:28.481000+00:00,251,103,2,148,81,9468
2024-03-01T16:16:38.881000+00:00,237,82,2,155,81,9468
2024-03-01T16:16:51.841000+00:00,282,175,4,107,81,9468
2024-03-01T16:17:02.081000+00:00,260,155,4,105,81,9468
2024-03-01T16:17:14.601000+00:00,284,151,6,133,81,9468
2024-03-01T16:17:31.401000+00:00,257,84,2,173,81,9468
2024-03-01T16:17:51.961000+00:00,211,132,3,79,81,9468
2024-03-01T16:18:08.401000+00:00,186,89,2,97,81,9468
2024-03-01T16:18:20.281000+00:00,202,86,2,116,81,9468
2024-03-01T16:18:35.161000+00:00,241,157,4,84,81,9468
2024-03-01T16:18:48.641000+00:00,208,147,4,61,81,9468
2024-03-01T16:19:07.281000+00:00,190,129,3,61,81,9468
2024-03-01T16:19:15.041000+00:00,220,80,2,140,81,9468
2024-03-01T16:27:24.803000+00:00,267,123,3,144,81,9468
2024-03-01T16:27:40.483000+00:00,210,83,2,127,81,9468
2024-03-01T16:27:51.963000+00:00,215,76,2,139,81,9468
2024-03-01T16:28:06.843000+00:00,278,165,4,113,81,9468
2024-03-01T16:28:18.203000+00:00,230,147,4,83,81,9468
2024-03-01T16:28:26.403000+00:00,226,145,4,81,81,9468
2024-03-01T16:28:57.763000+00:00,286,80,2,206,81,9468
2024-03-01T16:29:12.283000+00:00,255,146,3,109,81,9468
2024-03-01T16:29:24.963000+00:00,259,83,2,176,81,9468
2024-03-01T16:29:35.244000+00:00,251,81,2,170,81,9468
2024-03-01T16:29:48.524000+00:00,264,177,4,87,81,9468
2024-03-01T16:29:58.643000+00:00,267,150,4,117,81,9468
2024-03-01T16:30:11.283000+00:00,278,136,3,142,81,9468
2024-03-01T16:30:24.883000+00:00,274,97,2,177,81,9468
2024-03-01T16:30:49.324000+00:00,237,125,3,112,81,9468
2024-03-01T16:31:05.363000+00:00,209,94,2,115,81,9468
2024-03-01T16:31:16.644000+00:00,205,81,2,124,81,9468
2024-03-01T16:31:33.724000+00:00,253,165,4,88,81,9468
2024-03-01T16:31:45.924000+00:00,221,161,4,60,81,9468
2024-03-01T16:31:59.164000+00:00,263,135,3,128,81,9468
2024-03-01T16:32:07.844000+00:00,230,79,2,151,81,9468
2024-03-01T16:35:53.364000+00:00,121,72,2,49,81,9468
2024-03-01T16:36:09.325000+00:00,274,126,3,148,81,9468
2024-03-01T16:36:24.165000+00:00,216,95,2,121,81,9468
2024-03-01T16:36:35.845000+00:00,206,83,2,123,81,9468
2024-03-01T16:36:49.845000+00:00,281,182,4,99,81,9468
2024-03-01T16:37:01.765000+00:00,193,133,4,60,81,9468
2024-03-01T16:37:24.485000+00:00,230,142,3,88,81,9468
2024-03-01T16:37:42.645000+00:00,246,84,2,162,81,9468
2024-03-01T16:37:56.765000+00:00,291,135,3,156,81,9468
2024-03-01T16:38:09.645000+00:00,243,91,2,152,81,9468
2024-03-01T16:38:19.565000+00:00,255,87,2,168,81,9468
2024-03-01T16:38:32.565000+00:00,308,179,4,129,81,9468
2024-03-01T16:38:43.245000+00:00,242,162,4,80,81,9468
2024-03-01T16:38:55.485000+00:00,266,141,3,125,81,9468
2024-03-01T16:39:12.085000+00:00,240,79,2,161,81,9468
2024-03-01T16:39:34.445000+00:00,174,111,3,63,81,9468
2024-03-01T16:39:52.005000+00:00,196,93,2,103,81,9468
2024-03-01T16:40:03.605000+00:00,195,84,2,111,81,9468
2024-03-01T16:40:34.206000+00:00,223,149,4,74,81,9468
2024-03-01T16:40:47.166000+00:00,259,131,3,128,81,9468
2024-03-01T16:40:56.405000+00:00,217,79,2,138,81,9468
2024-03-01T16:48:48.847000+00:00,260,121,3,139,81,9468
2024-03-01T16:49:03.887000+00:00,221,86,2,135,81,9468
2024-03-01T16:49:15.367000+00:00,222,87,2,135,81,9468
2024-03-01T16:49:30.247000+00:00,281,175,4,106,81,9468
2024-03-01T16:49:42.327000+00:00,219,140,4,79,81,9468
2024-03-01T16:49:59.647000+00:00,219,133,3,86,81,9468
2024-03-01T16:50:17.007000+00:00,272,76,2,196,81,9468
2024-03-01T16:50:31.648000+00:00,268,137,3,131,81,9468
2024-03-01T16:50:44.248000+00:00,257,96,2,161,81,9468
2024-03-01T16:50:54.607000+00:00,247,91,2,156,81,9468
2024-03-01T16:51:07.367000+00:00,307,180,4,127,81,9468
2024-03-01T16:51:17.968000+00:00,266,161,4,105,81,9468
2024-03-01T16:51:30.448000+00:00,279,144,3,135,81,9468
2024-03-01T16:51:46.967000+00:00,262,74,2,188,81,9468
2024-03-01T16:52:05.088000+00:00,237,126,3,111,81,9468
2024-03-01T16:52:22.087000+00:00,192,86,2,106,81,9468
2024-03-01T16:52:33.768000+00:00,204,84,2,120,81,9468
2024-03-01T16:52:48.327000+00:00,251,162,4,89,81,9468
2024-03-01T16:53:00.767000+00:00,225,158,4,67,81,9468
2024-03-01T16:53:13.808000+00:00,259,135,3,124,81,9468
2024-03-01T16:53:22.768000+00:00,230,81,2,149,81,9468
2024-03-01T16:56:02.329000+00:00,172,67,1,105,81,9468
2024-03-01T16:56:20.369000+00:00,278,123,3,155,81,9468
2024-03-01T16:56:35.649000+00:00,225,95,2,130,81,9468
2024-03-01T16:56:47.369000+00:00,210,84,2,126,81,9468
2024-03-01T16:57:01.849000+00:00,265,160,4,105,81,9468
2024-03-01T16:57:14.049000+00:00,213,140,4,73,81,9468
2024-03-01T16:57:28.369000+00:00,262,131,3,131,81,9468
2024-03-01T16:57:46.729000+00:00,275,91,2,184,81,9468
2024-03-01T16:58:01.089000+00:00,300,141,3,159,81,9468
2024-03-01T16:58:13.649000+00:00,259,86,2,173,81,9468
2024-03-01T16:58:23.609000+00:00,252,85,2,167,81,9468
2024-03-01T16:58:36.729000+00:00,284,178,4,106,81,9468
2024-03-01T16:58:46.809000+00:00,264,160,4,104,81,9468
2024-03-01T16:58:59.209000+00:00,281,149,3,132,81,9468
2024-03-01T16:59:11.209000+00:00,288,194,5,94,81,9468
2024-03-01T16:59:18.609000+00:00,183,83,2,100,81,9468
2024-03-01T16:59:36.770000+00:00,239,125,3,114,81,9468
2024-03-01T16:59:53.289000+00:00,191,89,2,102,81,9468
2024-03-01T17:00:05.089000+00:00,186,85,2,101,81,9468
2024-03-01T17:00:24.170000+00:00,242,153,4,89,81,9468
2024-03-01T17:00:36.690000+00:00,231,154,4,77,81,9468
2024-03-01T17:00:53.369000+00:00,240,131,3,109,81,9468
2024-07-07T13:20:12.971000+00:00,226,94,2,132,1,9558
2024-07-07T13:20:37.371000+00:00,262,136,3,126,1,9558
2024-07-07T13:21:00.091000+00:00,278,212,6,66,1,9558
2024-07-07T13:21:28.491000+00:00,262,175,5,87,1,9558
2024-07-07T13:21:38.852000+00:00,206,84,2,122,1,9558
2024-07-07T13:22:18.172000+00:00,238,90,3,148,1,9558
2024-07-07T13:22:24.972000+00:00,127,80,2,47,1,9558
2024-07-07T13:22:40.731000+00:00,267,137,4,130,1,9558
2024-07-07T13:23:40.011000+00:00,213,82,2,131,1,9558
2024-07-07T13:24:21.011000+00:00,226,91,3,135,1,9558
2024-07-07T13:24:27.331000+00:00,126,83,2,43,1,9558
2024-07-07T13:24:42.972000+00:00,276,142,4,134,1,9558
2024-07-07T13:25:30.172000+00:00,268,174,5,94,1,9558
2024-07-07T13:25:39.292000+00:00,234,74,2,160,1,9558
2024-07-07T13:28:01.933000+00:00,245,110,3,135,1,9558
2024-07-07T13:28:07.653000+00:00,143,93,2,50,1,9558
2024-07-07T13:28:22.652000+00:00,275,154,4,121,1,9558
2024-07-07T13:29:08.333000+00:00,286,241,7,45,1,9558
2024-07-07T13:29:15.413000+00:00,228,103,3,125,1,9558
2024-07-07T13:29:22.093000+00:00,134,51,0,83,1,9558
2024-07-07T14:00:10.939000+00:00,211,115,3,96,1,9558
2024-07-07T14:00:20.939000+00:00,233,99,2,134,1,9558
2024-07-07T14:00:26.579000+00:00,139,68,1,71,1,9558
2024-07-07T14:00:44.299000+00:00,248,158,4,90,1,9558
2024-07-07T14:00:49.099000+00:00,157,84,1,73,1,9558
2024-07-07T14:01:04.379000+00:00,246,79,1,167,1,9558
2024-07-07T14:01:48.179000+00:00,151,65,1,86,1,9558
2024-07-07T14:03:25.740000+00:00,265,103,3,162,1,9558
2024-07-07T14:03:31.260000+00:00,155,92,2,63,1,9558
2024-07-07T14:03:46.500000+00:00,262,145,4,117,1,9558
2024-07-07T14:03:50.980000+00:00,172,114,3,58,1,9558
2024-07-07T14:04:31.900000+00:00,275,219,6,56,1,9558
2024-07-07T14:04:39.020000+00:00,250,112,3,138,1,9558
2024-07-07T14:04:59.260000+00:00,273,120,3,153,1,9558
2024-07-07T14:05:04.460000+00:00,137,94,3,43,1,9558
2024-07-07T14:05:19.420000+00:00,308,157,4,151,1,9558
2024-07-07T14:05:23.980000+00:00,177,120,4,57,1,9558
2024-07-07T14:06:03.940000+00:00,298,234,6,64,1,9558
2024-07-07T14:06:11.060000+00:00,254,111,3,143,1,9558
2024-07-07T14:06:31.260000+00:00,254,110,3,144,1,9558
2024-07-07T14:06:36.340000+00:00,145,95,3,50,1,9558
2024-07-07T14:06:51.380000+00:00,280,165,4,115,1,9558
2024-07-07T14:06:55.700000+00:00,176,121,4,55,1,9558
2024-07-07T14:07:36.340000+00:00,279,231,6,48,1,9558
2024-07-07T14:07:43.500000+00:00,249,106,3,143,1,9558
2024-07-07T14:08:03.380000+00:00,274,108,3,166,1,9558
2024-07-07T14:08:08.461000+00:00,140,91,3,49,1,9558
2024-07-07T14:08:23.380000+00:00,290,166,4,124,1,9558
2024-07-07T14:09:08.341000+00:00,287,245,6,42,1,9558
2024-07-07T14:09:15.381000+00:00,255,107,3,148,1,9558
2024-07-07T14:09:35.381000+00:00,252,110,3,142,1,9558
2024-07-07T14:09:40.301000+00:00,143,92,3,51,1,9558
2024-07-07T14:09:55.581000+00:00,273,169,4,104,1,9558
2024-07-07T14:09:59.781000+00:00,180,124,4,56,1,9558
2024-07-07T14:10:39.981000+00:00,290,245,8,45,1,9558
2024-07-07T14:10:47.501000+00:00,240,120,3,120,1,9558
2024-07-07T14:11:07.061000+00:00,264,112,3,152,1,9558
2024-07-07T14:11:12.021000+00:00,146,93,3,53,1,9558
2024-07-07T14:11:27.021000+00:00,287,170,4,117,1,9558
2024-07-07T14:11:31.661000+00:00,176,121,4,55,1,9558
2024-07-07T14:12:11.941000+00:00,282,241,6,41,1,9558
2024-07-07T14:12:19.101000+00:00,250,109,3,141,1,9558
2024-07-07T14:12:38.581000+00:00,274,110,3,164,1,9558
2024-07-07T14:12:43.902000+00:00,143,95,3,48,1,9558
2024-07-07T14:12:59.061000+00:00,280,168,4,112,1,9558
2024-07-07T14:13:03.462000+00:00,170,116,4,54,1,9558
2024-07-07T14:13:43.622000+00:00,283,232,6,51,1,9558
2024-07-07T14:13:50.782000+00:00,251,103,3,148,1,9558
2024-07-07T14:14:10.782000+00:00,263,111,3,152,1,9558
2024-07-07T14:14:31.102000+00:00,284,158,4,126,1,9558
2024-07-07T14:14:35.342000+00:00,173,120,4,53,1,9558
2024-07-07T14:15:15.622000+00:00,288,228,6,60,1,9558
2024-07-07T14:15:22.782000+00:00,254,108,3,146,1,9558
2024-07-07T14:15:42.622000+00:00,270,109,3,161,1,9558
2024-07-07T14:15:47.862000+00:00,142,96,3,46,1,9558
2024-07-07T14:16:03.022000+00:00,285,165,4,120,1,9558
2024-07-07T14:16:07.342000+00:00,175,119,3,56,1,9558
2024-07-07T14:16:47.702000+00:00,284,241,8,43,1,9558
2024-07-07T14:16:54.742000+00:00,247,120,3,127,1,9558
2024-07-07T14:17:14.582000+00:00,273,111,3,162,1,9558
2024-07-07T14:17:34.862000+00:00,283,173,4,110,1,9558
2024-07-07T14:17:39.303000+00:00,168,115,4,53,1,9558
2024-07-07T14:18:19.263000+00:00,289,242,8,47,1,9558
2024-07-07T14:18:26.343000+00:00,251,104,3,147,1,9558
2024-07-07T14:18:46.263000+00:00,265,109,3,156,1,9558
2024-07-07T14:18:51.342000+00:00,144,94,3,50,1,9558
2024-07-07T14:19:06.343000+00:00,289,167,4,122,1,9558
2024-07-07T14:19:10.782000+00:00,169,122,4,47,1,9558
2024-07-07T14:19:51.103000+00:00,288,236,6,52,1,9558
2024-07-07T14:19:58.383000+00:00,247,103,3,144,1,9558
2024-07-07T14:20:18.263000+00:00,239,108,3,131,1,9558
2024-07-07T14:20:23.302000+00:00,138,97,3,41,1,9558
2024-07-07T14:20:38.143000+00:00,289,159,4,130,1,9558
2024-07-07T14:20:42.783000+00:00,178,121,4,57,1,9558
2024-07-07T14:21:29.984000+00:00,259,100,3,159,1,9558
2024-07-07T14:21:49.984000+00:00,269,113,3,156,1,9558
2024-07-07T14:21:55.103000+00:00,143,102,3,41,1,9558
2024-07-07T14:22:10.384000+00:00,277,163,4,114,1,9558
2024-07-07T14:22:14.543000+00:00,180,120,4,60,1,9558
2024-07-07T14:23:01.824000+00:00,251,102,3,149,1,9558
2024-07-07T14:23:21.744000+00:00,265,111,3,154,1,9558
2024-07-07T14:23:26.783000+00:00,144,99,3,45,1,9558
2024-07-07T14:23:41.984000+00:00,283,165,4,118,1,9558
2024-07-07T14:23:46.263000+00:00,178,128,4,50,1,9558
2024-07-07T14:24:26.383000+00:00,302,236,6,66,1,9558
2024-07-07T14:24:33.744000+00:00,239,107,3,132,1,9558
2024-07-07T14:24:53.424000+00:00,263,112,3,151,1,9558
2024-07-07T14:24:58.544000+00:00,146,91,3,55,1,9558
2024-07-07T14:25:13.744000+00:00,281,166,4,115,1,9558
2024-07-07T14:25:18.184000+00:00,175,128,4,47,1,9558
2024-07-07T14:25:58.064000+00:00,283,230,7,53,1,9558
2024-07-07T14:26:05.264000+00:00,256,100,3,156,1,9558
2024-07-07T14:26:25.625000+00:00,263,110,3,153,1,9558
2024-07-07T14:26:30.824000+00:00,139,91,3,48,1,9558
2024-07-07T14:26:45.705000+00:00,302,163,4,139,1,9558
2024-07-07T14:27:38.025000+00:00,223,105,3,118,1,9558
2024-07-07T14:27:57.985000+00:00,275,111,3,164,1,9558
2024-07-07T14:28:03.384000+00:00,143,93,3,50,1,9558
2024-07-07T14:28:18.745000+00:00,275,167,4,108,1,9558
2024-07-07T14:28:22.904000+00:00,179,124,4,55,1,9558
2024-07-07T14:29:02.504000+00:00,288,154,4,134,1,9558
2024-07-07T14:29:12.505000+00:00,246,103,3,143,1,9558
2024-07-07T14:29:33.465000+00:00,269,104,3,165,1,9558
2024-07-07T14:29:39.145000+00:00,144,89,2,55,1,9558
2024-07-07T14:29:54.505000+00:00,249,166,4,83,1,9558
2024-07-07T14:30:38.905000+00:00,289,179,4,110,1,9558
2024-07-07T14:30:47.745000+00:00,239,100,3,139,1,9558
2024-07-07T14:31:11.065000+00:00,230,85,3,145,1,9558
2024-07-07T14:31:33.545000+00:00,290,152,4,138,1,9558
2024-07-07T14:32:01.066000+00:00,291,220,6,71,1,9558
2024-07-07T14:32:22.106000+00:00,285,183,4,102,1,9558
2024-07-07T14:32:30.745000+00:00,244,100,3,144,1,9558
2024-07-07T14:32:46.345000+00:00,285,233,6,52,1,9558
2024-07-07T14:32:53.265000+00:00,252,108,3,144,1,9558
2024-07-07T14:33:14.266000+00:00,287,154,4,133,1,9558
2024-07-07T14:34:01.066000+00:00,288,210,5,78,1,9558
2024-07-07T14:34:08.706000+00:00,260,106,3,154,1,9558
2024-07-07T14:34:29.426000+00:00,252,115,3,137,1,9558
2024-07-07T14:34:34.786000+00:00,151,91,2,60,1,9558
2024-07-07T14:34:49.906000+00:00,284,150,3,134,1,9558
2024-07-07T14:35:35.626000+00:00,280,220,6,60,1,9558
2024-07-07T14:35:43.066000+00:00,241,103,3,138,1,9558
2024-07-07T14:36:02.626000+00:00,275,119,3,156,1,9558
2024-07-07T14:36:23.266000+00:00,270,167,4,103,1,9558
2024-07-07T14:36:27.346000+00:00,182,131,4,51,1,9558
2024-07-07T14:37:07.626000+00:00,284,226,6,58,1,9558
2024-07-07T14:37:15.066000+00:00,239,100,3,139,1,9558
2024-07-07T14:37:34.746000+00:00,265,117,3,148,1,9558
2024-07-07T14:37:39.786000+00:00,146,93,3,53,1,9558
2024-07-07T14:37:55.066000+00:00,279,163,4,116,1,9558
2024-07-07T14:37:59.226000+00:00,181,128,4,53,1,9558
2024-07-07T14:38:39.746000+00:00,286,226,6,60,1,9558
2024-07-07T14:38:46.706000+00:00,254,110,3,144,1,9558
2024-07-07T14:39:06.866000+00:00,273,116,3,157,1,9558
2024-07-07T14:39:11.907000+00:00,144,91,3,53,1,9558
2024-07-07T14:39:27.386000+00:00,270,167,4,103,1,9558
2024-07-07T14:40:11.827000+00:00,273,210,5,63,1,9558
2024-07-07T14:40:19.747000+00:00,249,114,3,135,1,9558
2024-07-07T14:40:39.787000+00:00,277,122,3,155,1,9558
2024-07-07T14:40:45.347000+00:00,144,94,3,50,1,9558
2024-07-07T14:41:00.348000+00:00,287,171,4,116,1,9558
2024-07-07T14:41:05.027000+00:00,172,128,3,44,1,9558
2024-07-07T14:41:19.907000+00:00,298,238,6,60,1,9558
2024-07-07T14:41:46.868000+00:00,275,205,5,70,1,9558
2024-07-07T14:41:54.188000+00:00,256,103,3,153,1,9558
2024-07-07T14:42:10.267000+00:00,287,243,6,44,1,9558
2024-07-07T14:42:16.547000+00:00,262,116,3,146,1,9558
2024-07-07T14:42:22.307000+00:00,139,91,3,48,1,9558
2024-07-07T14:42:36.987000+00:00,292,132,3,160,1,9558
2024-07-07T14:42:57.587000+00:00,291,182,5,109,1,9558
2024-07-07T14:43:08.987000+00:00,280,226,5,54,1,9558
2024-07-07T14:43:27.868000+00:00,292,174,4,118,1,9558
2024-07-07T14:43:37.427000+00:00,257,77,2,180,1,9558
2024-07-07T14:44:17.427000+00:00,249,108,2,141,1,9558
2024-07-07T14:44:38.828000+00:00,279,156,4,123,1,9558
2024-07-07T14:44:59.628000+00:00,292,229,6,63,1,9558
2024-07-07T14:45:27.388000+00:00,288,216,5,72,1,9558
2024-07-07T14:45:34.988000+00:00,250,103,3,147,1,9558
2024-07-07T14:45:57.148000+00:00,259,106,3,153,1,9558
2024-07-07T14:46:03.348000+00:00,135,94,3,41,1,9558
2024-07-07T14:46:18.588000+00:00,289,142,3,147,1,9558
2024-07-07T14:46:39.948000+00:00,293,238,6,55,1,9558
2024-07-07T14:47:07.628000+00:00,282,202,5,80,1,9558
2024-07-07T14:47:15.549000+00:00,247,100,2,147,1,9558
2024-07-07T14:47:38.108000+00:00,269,94,3,175,1,9558
2024-07-07T14:47:44.508000+00:00,133,87,3,46,1,9558
2024-07-07T14:48:00.068000+00:00,292,143,4,149,1,9558
2024-07-07T14:48:49.429000+00:00,255,206,6,49,1,9558
2024-07-07T14:48:57.349000+00:00,231,96,3,135,1,9558
2024-07-07T14:49:19.788000+00:00,265,103,3,162,1,9558
2024-07-07T14:49:42.149000+00:00,277,154,4,123,1,9558
2024-07-07T14:50:30.709000+00:00,288,201,5,87,1,9558
2024-07-07T14:50:39.109000+00:00,248,86,3,162,1,9558
2024-07-07T14:51:02.109000+00:00,252,90,3,162,1,9558
2024-07-07T14:51:08.069000+00:00,130,83,3,47,1,9558
2024-07-07T14:51:24.109000+00:00,274,155,4,119,1,9558
2024-07-07T14:51:29.069000+00:00,162,116,3,46,1,9558
2024-07-07T14:52:12.670000+00:00,287,198,5,89,1,9558
2024-07-07T14:52:20.829000+00:00,247,88,3,159,1,9558
2024-07-07T14:52:44.070000+00:00,239,93,3,146,1,9558
2024-07-07T14:52:50.269000+00:00,129,85,2,44,1,9558
2024-07-07T14:53:06.549000+00:00,259,149,4,110,1,9558
2024-07-07T14:53:27.469000+00:00,297,250,7,47,1,9558
2024-07-07T14:53:55.229000+00:00,288,197,5,91,1,9558
2024-07-07T14:54:03.550000+00:00,251,92,3,159,1,9558
2024-07-07T14:54:26.550000+00:00,260,101,3,159,1,9558
2024-07-07T14:54:32.830000+00:00,124,82,2,42,1,9558
2024-07-07T14:54:48.589000+00:00,288,151,4,137,1,9558
2024-07-07T14:55:37.870000+00:00,284,207,5,77,1,9558
2024-07-07T14:55:46.030000+00:00,247,87,3,160,1,9558
2024-07-07T14:56:08.990000+00:00,275,95,3,180,1,9558
2024-07-07T14:56:31.390000+00:00,285,140,4,145,1,9558
2024-07-07T14:57:20.791000+00:00,282,195,5,87,1,9558
2024-07-07T14:57:28.750000+00:00,237,89,3,148,1,9558
2024-07-07T14:57:51.710000+00:00,239,90,3,149,1,9558
2024-07-07T14:58:14.031000+00:00,281,147,4,134,1,9558
2024-07-07T14:58:35.311000+00:00,299,238,6,61,1,9558
2024-07-07T14:59:03.950000+00:00,286,193,5,93,1,9558
2024-07-07T14:59:11.590000+00:00,254,90,3,164,1,9558
2024-07-07T14:59:34.111000+00:00,283,94,3,189,1,9558
2024-07-07T14:59:56.550000+00:00,289,135,4,154,1,9558
2024-07-07T15:00:18.031000+00:00,296,253,7,43,1,9558
2024-07-07T15:00:46.511000+00:00,288,198,5,90,1,9558
2024-07-07T15:00:54.271000+00:00,253,91,3,162,1,9558
2024-07-07T15:01:15.911000+00:00,281,97,3,184,1,9558
2024-07-07T15:01:38.151000+00:00,285,142,4,143,1,9558
2024-07-07T15:02:26.191000+00:00,290,217,5,73,1,9558
2024-07-07T15:02:33.831000+00:00,239,98,3,141,1,9558
2024-07-07T15:02:54.751000+00:00,274,101,3,173,1,9558
2024-07-07T15:03:16.312000+00:00,283,143,3,140,1,9558
2024-07-07T15:04:03.312000+00:00,291,211,5,80,1,9558
2024-07-07T15:04:11.552000+00:00,244,78,2,166,1,9558
2024-07-07T15:04:53.391000+00:00,229,107,3,122,1,9558
2024-07-07T15:05:14.832000+00:00,291,151,4,140,1,9558
2024-07-07T15:06:00.992000+00:00,282,222,6,60,1,9558
2024-07-07T15:06:08.912000+00:00,256,102,3,154,1,9558
2024-07-07T15:06:29.192000+00:00,263,118,3,145,1,9558
2024-07-07T15:06:34.072000+00:00,144,96,3,48,1,9558
2024-07-07T15:06:48.712000+00:00,284,182,4,102,1,9558
2024-07-07T15:06:52.913000+00:00,185,138,3,47,1,9558
2024-07-07T15:07:32.473000+00:00,290,219,7,71,1,9558
2024-07-07T15:07:39.913000+00:00,247,108,3,139,1,9558
2024-07-07T15:07:59.073000+00:00,287,123,3,164,1,9558
2024-07-07T15:08:03.952000+00:00,150,99,3,51,1,9558
2024-07-07T15:08:18.793000+00:00,281,183,4,98,1,9558
2024-07-07T15:09:09.552000+00:00,235,115,3,120,1,9558
2024-07-07T15:09:28.592000+00:00,286,123,3,163,1,9558
2024-07-07T15:09:33.593000+00:00,144,100,3,44,1,9558
2024-07-07T15:09:48.512000+00:00,280,182,4,98,1,9558
2024-07-07T15:09:52.513000+00:00,189,137,3,52,1,9558
2024-07-07T15:10:39.033000+00:00,234,106,3,128,1,9558
2024-07-07T15:10:58.193000+00:00,281,119,3,162,1,9558
2024-07-07T15:11:02.913000+00:00,148,101,3,47,1,9558
2024-07-07T15:11:17.953000+00:00,285,175,4,110,1,9558
2024-07-07T15:11:22.232000+00:00,178,131,3,47,1,9558
2024-07-07T15:12:08.073000+00:00,252,111,3,141,1,9558
2024-07-07T15:12:27.153000+00:00,285,118,3,167,1,9558
2024-07-07T15:12:32.313000+00:00,142,92,3,50,1,9558
2024-07-07T15:12:47.073000+00:00,287,172,4,115,1,9558
2024-07-07T15:13:37.193000+00:00,265,112,3,153,1,9558
2024-07-07T15:13:56.553000+00:00,282,115,3,167,1,9558
2024-07-07T15:14:01.514000+00:00,150,101,3,49,1,9558
2024-07-07T15:14:16.673000+00:00,275,174,4,101,1,9558
2024-07-07T15:15:06.514000+00:00,257,117,3,140,1,9558
2024-07-07T15:15:25.593000+00:00,286,120,3,166,1,9558
2024-07-07T15:15:30.554000+00:00,148,103,3,45,1,9558
2024-07-07T15:15:45.994000+00:00,280,185,4,95,1,9558
2024-07-07T15:15:49.914000+00:00,186,130,3,56,1,9558
2024-07-07T15:16:29.274000+00:00,285,241,6,44,1,9558
2024-07-07T15:16:36.354000+00:00,219,101,3,118,1,9558
2024-07-07T15:16:55.194000+00:00,284,109,3,175,1,9558
2024-07-07T15:17:00.154000+00:00,149,101,3,48,1,9558
2024-07-07T15:17:15.154000+00:00,288,165,4,123,1,9558
2024-07-07T15:17:19.234000+00:00,184,134,3,50,1,9558
2024-07-07T15:17:58.754000+00:00,286,245,7,41,1,9558
2024-07-07T15:18:05.314000+00:00,263,111,3,152,1,9558
2024-07-07T15:18:24.515000+00:00,294,114,3,180,1,9558
2024-07-07T15:18:29.514000+00:00,147,93,3,54,1,9558
2024-07-07T15:18:44.395000+00:00,285,161,4,124,1,9558
2024-07-07T15:19:27.554000+00:00,316,245,6,71,1,9558
2024-07-07T15:19:34.354000+00:00,270,112,3,158,1,9558
2024-07-07T15:19:53.674000+00:00,281,120,3,161,1,9558
2024-07-07T15:19:58.595000+00:00,147,95,3,52,1,9558
2024-07-07T15:20:13.714000+00:00,287,181,4,106,1,9558
2024-07-07T15:20:17.955000+00:00,178,125,3,53,1,9558
2024-07-07T15:21:03.995000+00:00,259,105,3,154,1,9558
2024-07-07T15:21:23.235000+00:00,276,114,3,162,1,9558
2024-07-07T15:21:28.275000+00:00,149,95,3,54,1,9558
2024-07-07T15:21:43.515000+00:00,268,174,4,94,1,9558
2024-07-07T15:21:47.315000+00:00,181,139,3,42,1,9558
2024-07-07T15:22:33.436000+00:00,239,108,3,131,1,9558
2024-07-07T15:22:52.635000+00:00,262,119,3,143,1,9558
2024-07-07T15:22:57.355000+00:00,142,97,3,45,1,9558
2024-07-07T15:23:12.435000+00:00,286,170,4,116,1,9558
2024-07-07T15:23:16.555000+00:00,181,131,3,50,1,9558
2024-07-07T15:24:02.755000+00:00,257,100,3,157,1,9558
2024-07-07T15:24:22.115000+00:00,271,124,3,147,1,9558
2024-07-07T15:24:41.956000+00:00,289,178,4,111,1,9558
2024-07-07T15:24:45.956000+00:00,186,120,3,66,1,9558
2024-07-07T15:25:31.756000+00:00,271,101,3,170,1,9558
2024-07-07T13:22:11.132000+00:00,202,91,3,111,2,9558
2024-07-07T13:22:34.531000+00:00,265,146,4,119,2,9558
2024-07-07T13:22:40.331000+00:00,153,98,3,55,2,9558
2024-07-07T13:22:56.531000+00:00,279,209,6,70,2,9558
2024-07-07T13:23:07.091000+00:00,271,221,6,50,2,9558
2024-07-07T13:23:26.332000+00:00,277,160,4,117,2,9558
2024-07-07T13:23:35.011000+00:00,245,81,2,164,2,9558
2024-07-07T13:24:14.931000+00:00,235,98,3,137,2,9558
2024-07-07T13:24:37.132000+00:00,283,158,4,125,2,9558
2024-07-07T13:24:42.612000+00:00,154,105,3,49,2,9558
2024-07-07T13:24:58.252000+00:00,287,230,6,57,2,9558
2024-07-07T13:25:08.211000+00:00,287,239,6,48,2,9558
2024-07-07T13:25:27.252000+00:00,288,187,5,101,2,9558
2024-07-07T13:25:35.452000+00:00,249,83,2,166,2,9558
2024-07-07T13:26:16.892000+00:00,221,89,3,132,2,9558
2024-07-07T13:26:38.932000+00:00,289,147,4,142,2,9558
2024-07-07T13:26:44.372000+00:00,154,109,3,45,2,9558
2024-07-07T13:27:29.092000+00:00,239,171,5,68,2,9558
2024-07-07T13:27:40.653000+00:00,163,85,3,78,2,9558
2024-07-07T13:27:52.332000+00:00,100,54,2,46,2,9558
2024-07-07T14:00:43.699000+00:00,220,96,3,124,2,9558
2024-07-07T14:01:06.019000+00:00,269,157,4,112,2,9558
2024-07-07T14:01:31.579000+00:00,249,73,2,176,2,9558
2024-07-07T14:02:00.699000+00:00,277,204,5,73,2,9558
2024-07-07T14:02:04.459000+00:00,197,97,2,100,2,9558
2024-07-07T14:02:10.619000+00:00,179,53,1,126,2,9558
2024-07-07T14:03:26.900000+00:00,264,88,3,176,2,9558
2024-07-07T14:03:33.380000+00:00,152,87,3,65,2,9558
2024-07-07T14:03:48.019000+00:00,301,144,4,157,2,9558
2024-07-07T14:04:08.739000+00:00,302,259,7,43,2,9558
2024-07-07T14:04:35.899000+00:00,302,211,6,91,2,9558
2024-07-07T14:04:43.540000+00:00,239,88,3,151,2,9558
2024-07-07T14:05:04.300000+00:00,271,107,3,164,2,9558
2024-07-07T14:05:10.020000+00:00,147,92,3,55,2,9558
2024-07-07T14:05:24.580000+00:00,306,151,4,155,2,9558
2024-07-07T14:05:29.500000+00:00,175,115,3,60,2,9558
2024-07-07T14:06:10.020000+00:00,329,209,6,120,2,9558
2024-07-07T14:06:17.620000+00:00,254,96,2,158,2,9558
2024-07-07T14:06:37.580000+00:00,274,105,3,169,2,9558
2024-07-07T14:06:43.260000+00:00,140,91,3,49,2,9558
2024-07-07T14:06:57.580000+00:00,308,152,4,156,2,9558
2024-07-07T14:07:02.740000+00:00,170,111,3,59,2,9558
2024-07-07T14:07:43.220000+00:00,316,215,6,101,2,9558
2024-07-07T14:07:50.940000+00:00,257,105,3,152,2,9558
2024-07-07T14:08:11.140000+00:00,277,120,3,157,2,9558
2024-07-07T14:08:16.540000+00:00,144,91,3,53,2,9558
2024-07-07T14:08:31.140000+00:00,309,155,4,154,2,9558
2024-07-07T14:08:36.220000+00:00,171,117,3,54,2,9558
2024-07-07T14:09:16.421000+00:00,317,213,6,104,2,9558
2024-07-07T14:09:24.260000+00:00,255,102,3,153,2,9558
2024-07-07T14:09:44.140000+00:00,274,106,3,168,2,9558
2024-07-07T14:09:49.701000+00:00,139,86,3,53,2,9558
2024-07-07T14:10:04.660000+00:00,290,156,4,134,2,9558
2024-07-07T14:10:09.381000+00:00,177,107,3,70,2,9558
2024-07-07T14:10:50.381000+00:00,290,217,6,73,2,9558
2024-07-07T14:10:57.500000+00:00,259,109,3,150,2,9558
2024-07-07T14:11:17.501000+00:00,254,106,3,148,2,9558
2024-07-07T14:11:22.941000+00:00,138,96,3,42,2,9558
2024-07-07T14:11:37.502000+00:00,299,161,4,138,2,9558
2024-07-07T14:11:42.501000+00:00,176,116,3,60,2,9558
2024-07-07T14:12:22.701000+00:00,316,226,6,90,2,9558
2024-07-07T14:12:30.262000+00:00,256,104,3,152,2,9558
2024-07-07T14:12:50.182000+00:00,272,105,3,167,2,9558
2024-07-07T14:12:55.621000+00:00,143,93,3,50,2,9558
2024-07-07T14:13:10.342000+00:00,297,165,4,132,2,9558
2024-07-07T14:13:55.662000+00:00,307,204,6,103,2,9558
2024-07-07T14:14:03.462000+00:00,236,102,3,134,2,9558
2024-07-07T14:14:23.102000+00:00,274,107,3,167,2,9558
2024-07-07T14:14:28.782000+00:00,135,88,3,47,2,9558
2024-07-07T14:14:43.862000+00:00,266,156,4,110,2,9558
2024-07-07T14:14:48.142000+00:00,178,119,4,59,2,9558
2024-07-07T14:15:28.542000+00:00,308,211,6,97,2,9558
2024-07-07T14:15:36.102000+00:00,249,106,3,143,2,9558
2024-07-07T14:15:56.102000+00:00,263,113,3,150,2,9558
2024-07-07T14:16:01.462000+00:00,139,93,3,46,2,9558
2024-07-07T14:16:16.222000+00:00,306,165,4,141,2,9558
2024-07-07T14:16:21.062000+00:00,169,119,3,50,2,9558
2024-07-07T14:17:01.502000+00:00,310,218,6,92,2,9558
2024-07-07T14:17:09.182000+00:00,240,104,3,136,2,9558
2024-07-07T14:17:29.102000+00:00,258,112,3,146,2,9558
2024-07-07T14:17:34.582000+00:00,139,96,3,43,2,9558
2024-07-07T14:17:49.542000+00:00,277,174,4,103,2,9558
2024-07-07T14:17:53.983000+00:00,168,117,3,51,2,9558
2024-07-07T14:18:34.423000+00:00,317,227,6,90,2,9558
2024-07-07T14:18:42.262000+00:00,236,107,3,129,2,9558
2024-07-07T14:19:02.062000+00:00,263,104,3,159,2,9558
2024-07-07T14:19:07.703000+00:00,138,89,3,49,2,9558
2024-07-07T14:19:22.262000+00:00,309,160,4,149,2,9558
2024-07-07T14:19:27.103000+00:00,169,121,3,48,2,9558
2024-07-07T14:20:07.383000+00:00,317,235,6,82,2,9558
2024-07-07T14:20:15.183000+00:00,231,112,3,119,2,9558
2024-07-07T14:20:40.503000+00:00,138,91,3,47,2,9558
2024-07-07T14:20:55.303000+00:00,296,154,4,142,2,9558
2024-07-07T14:21:40.183000+00:00,318,214,6,104,2,9558
2024-07-07T14:21:48.063000+00:00,227,100,3,127,2,9558
2024-07-07T14:22:07.703000+00:00,268,103,3,165,2,9558
2024-07-07T14:22:13.223000+00:00,136,91,3,45,2,9558
2024-07-07T14:22:27.823000+00:00,302,155,4,147,2,9558
2024-07-07T14:22:32.743000+00:00,173,114,3,59,2,9558
2024-07-07T14:23:13.543000+00:00,293,233,6,60,2,9558
2024-07-07T14:23:20.903000+00:00,249,104,3,145,2,9558
2024-07-07T14:23:40.663000+00:00,272,112,3,160,2,9558
2024-07-07T14:24:00.824000+00:00,310,159,4,151,2,9558
2024-07-07T14:24:05.823000+00:00,162,108,3,54,2,9558
2024-07-07T14:24:46.423000+00:00,280,222,6,58,2,9558
2024-07-07T14:24:53.584000+00:00,249,106,3,143,2,9558
2024-07-07T14:25:13.304000+00:00,267,110,3,157,2,9558
2024-07-07T14:25:18.784000+00:00,139,88,3,51,2,9558
2024-07-07T14:25:33.704000+00:00,294,169,4,125,2,9558
2024-07-07T14:25:38.344000+00:00,174,112,4,62,2,9558
2024-07-07T14:26:18.905000+00:00,287,230,6,57,2,9558
2024-07-07T14:26:26.025000+00:00,264,111,3,153,2,9558
2024-07-07T14:26:45.705000+00:00,278,106,3,172,2,9558
2024-07-07T14:27:06.465000+00:00,276,161,4,115,2,9558
2024-07-07T14:27:10.864000+00:00,178,116,3,62,2,9558
2024-07-07T14:27:50.985000+00:00,298,211,6,87,2,9558
2024-07-07T14:27:59.105000+00:00,248,101,3,147,2,9558
2024-07-07T14:28:19.345000+00:00,279,108,3,171,2,9558
2024-07-07T14:28:25.145000+00:00,135,91,3,44,2,9558
2024-07-07T14:28:40.305000+00:00,285,161,4,124,2,9558
2024-07-07T14:28:44.825000+00:00,179,104,3,75,2,9558
2024-07-07T14:29:25.585000+00:00,293,158,5,135,2,9558
2024-07-07T14:29:34.265000+00:00,244,105,3,139,2,9558
2024-07-07T14:29:55.144000+00:00,260,108,3,152,2,9558
2024-07-07T14:30:00.545000+00:00,137,87,3,50,2,9558
2024-07-07T14:30:15.825000+00:00,279,163,4,116,2,9558
2024-07-07T14:30:20.345000+00:00,170,125,3,45,2,9558
2024-07-07T14:31:00.265000+00:00,292,184,5,108,2,9558
2024-07-07T14:31:09.186000+00:00,251,105,3,146,2,9558
2024-07-07T14:31:23.905000+00:00,289,230,6,59,2,9558
2024-07-07T14:31:31.025000+00:00,238,81,3,157,2,9558
2024-07-07T14:31:38.425000+00:00,119,78,2,41,2,9558
2024-07-07T14:31:54.946000+00:00,274,160,4,114,2,9558
2024-07-07T14:32:00.505000+00:00,172,120,3,52,2,9558
2024-07-07T14:32:23.066000+00:00,297,211,6,86,2,9558
2024-07-07T14:32:43.026000+00:00,298,172,5,126,2,9558
2024-07-07T14:32:52.185000+00:00,254,92,3,162,2,9558
2024-07-07T14:33:14.466000+00:00,263,106,3,157,2,9558
2024-07-07T14:33:20.386000+00:00,130,89,3,41,2,9558
2024-07-07T14:33:35.746000+00:00,253,149,4,104,2,9558
2024-07-07T14:33:40.546000+00:00,179,117,3,62,2,9558
2024-07-07T14:34:21.666000+00:00,297,195,5,102,2,9558
2024-07-07T14:34:29.986000+00:00,253,104,3,149,2,9558
2024-07-07T14:34:50.066000+00:00,263,102,3,161,2,9558
2024-07-07T14:34:55.386000+00:00,148,91,3,57,2,9558
2024-07-07T14:35:10.546000+00:00,281,152,4,129,2,9558
2024-07-07T14:35:15.026000+00:00,170,113,3,57,2,9558
2024-07-07T14:35:56.226000+00:00,289,210,6,79,2,9558
2024-07-07T14:36:03.746000+00:00,259,107,3,152,2,9558
2024-07-07T14:36:23.426000+00:00,280,106,3,174,2,9558
2024-07-07T14:36:44.227000+00:00,285,147,4,138,2,9558
2024-07-07T14:36:48.946000+00:00,167,119,3,48,2,9558
2024-07-07T14:37:29.186000+00:00,295,220,6,75,2,9558
2024-07-07T14:37:36.587000+00:00,268,106,3,162,2,9558
2024-07-07T14:37:56.307000+00:00,261,99,3,162,2,9558
2024-07-07T14:38:01.986000+00:00,148,87,3,61,2,9558
2024-07-07T14:38:17.147000+00:00,280,155,4,125,2,9558
2024-07-07T14:38:21.866000+00:00,168,113,3,55,2,9558
2024-07-07T14:39:02.467000+00:00,294,184,5,110,2,9558
2024-07-07T14:39:10.307000+00:00,239,103,3,136,2,9558
2024-07-07T14:39:30.907000+00:00,275,100,3,175,2,9558
2024-07-07T14:39:36.547000+00:00,146,91,3,55,2,9558
2024-07-07T14:39:51.427000+00:00,307,160,4,147,2,9558
2024-07-07T14:39:56.187000+00:00,173,99,3,74,2,9558
2024-07-07T14:40:36.707000+00:00,313,201,6,112,2,9558
2024-07-07T14:40:44.787000+00:00,260,103,3,157,2,9558
2024-07-07T14:41:05.347000+00:00,246,105,3,141,2,9558
2024-07-07T14:41:10.787000+00:00,143,93,3,50,2,9558
2024-07-07T14:41:25.467000+00:00,297,152,4,145,2,9558
2024-07-07T14:41:30.667000+00:00,168,110,3,58,2,9558
2024-07-07T14:41:45.707000+00:00,299,237,6,62,2,9558
2024-07-07T14:42:12.187000+00:00,295,189,5,106,2,9558
2024-07-07T14:42:20.668000+00:00,238,105,3,133,2,9558
2024-07-07T14:42:35.547000+00:00,286,239,6,47,2,9558
2024-07-07T14:42:42.347000+00:00,235,102,3,133,2,9558
2024-07-07T14:42:48.028000+00:00,129,87,3,42,2,9558
2024-07-07T14:43:02.587000+00:00,292,136,4,156,2,9558
2024-07-07T14:43:08.427000+00:00,152,104,3,48,2,9558
2024-07-07T14:43:23.987000+00:00,299,187,6,112,2,9558
2024-07-07T14:43:34.588000+00:00,276,209,6,67,2,9558
2024-07-07T14:43:53.268000+00:00,303,150,5,153,2,9558
2024-07-07T14:44:02.667000+00:00,250,91,3,159,2,9558
2024-07-07T14:44:20.588000+00:00,272,208,6,64,2,9558
2024-07-07T14:44:27.468000+00:00,248,89,3,159,2,9558
2024-07-07T14:44:33.548000+00:00,129,88,3,41,2,9558
2024-07-07T14:44:49.028000+00:00,272,136,4,136,2,9558
2024-07-07T14:45:12.228000+00:00,290,149,4,141,2,9558
2024-07-07T14:45:44.988000+00:00,294,134,4,160,2,9558
2024-07-07T14:45:57.148000+00:00,174,86,2,88,2,9558
2024-07-07T14:46:42.709000+00:00,247,84,3,163,2,9558
2024-07-07T14:47:04.708000+00:00,289,153,4,136,2,9558
2024-07-07T14:47:10.149000+00:00,160,115,3,45,2,9558
2024-07-07T14:47:25.628000+00:00,302,242,6,60,2,9558
2024-07-07T14:47:53.548000+00:00,268,178,5,90,2,9558
2024-07-07T14:48:02.309000+00:00,220,91,3,129,2,9558
2024-07-07T14:48:24.628000+00:00,269,86,3,183,2,9558
2024-07-07T14:48:31.308000+00:00,124,81,3,43,2,9558
2024-07-07T14:48:46.828000+00:00,290,148,4,142,2,9558
2024-07-07T14:49:35.549000+00:00,295,184,5,111,2,9558
2024-07-07T14:49:44.149000+00:00,256,102,3,154,2,9558
2024-07-07T14:50:06.869000+00:00,268,89,4,179,2,9558
2024-07-07T14:50:13.269000+00:00,122,80,4,42,2,9558
2024-07-07T14:50:28.949000+00:00,277,139,4,138,2,9558
2024-07-07T14:50:58.829000+00:00,293,247,6,46,2,9558
2024-07-07T14:51:17.989000+00:00,286,178,5,108,2,9558
2024-07-07T14:51:26.389000+00:00,253,94,3,159,2,9558
2024-07-07T14:51:49.189000+00:00,274,92,3,182,2,9558
2024-07-07T14:51:55.829000+00:00,125,82,3,43,2,9558
2024-07-07T14:52:12.030000+00:00,277,149,4,128,2,9558
2024-07-07T14:52:33.109000+00:00,298,257,6,41,2,9558
2024-07-07T14:53:01.589000+00:00,286,175,5,111,2,9558
2024-07-07T14:53:10.149000+00:00,240,96,3,144,2,9558
2024-07-07T14:53:33.709000+00:00,258,87,3,171,2,9558
2024-07-07T14:53:56.430000+00:00,281,134,4,147,2,9558
2024-07-07T14:54:02.069000+00:00,152,107,3,45,2,9558
2024-07-07T14:54:17.830000+00:00,293,244,6,49,2,9558
2024-07-07T14:54:46.470000+00:00,282,168,5,114,2,9558
2024-07-07T14:54:55.109000+00:00,250,92,3,158,2,9558
2024-07-07T14:55:18.870000+00:00,242,89,3,153,2,9558
2024-07-07T14:55:41.750000+00:00,247,151,4,96,2,9558
2024-07-07T14:56:12.390000+00:00,279,232,6,47,2,9558
2024-07-07T14:56:32.230000+00:00,264,180,5,84,2,9558
2024-07-07T14:56:40.550000+00:00,247,89,3,158,2,9558
2024-07-07T14:57:04.470000+00:00,241,91,3,150,2,9558
2024-07-07T14:57:27.871000+00:00,255,137,4,118,2,9558
2024-07-07T14:57:33.230000+00:00,152,105,3,47,2,9558
2024-07-07T14:57:49.310000+00:00,292,237,6,55,2,9558
2024-07-07T14:57:58.830000+00:00,291,237,6,54,2,9558
2024-07-07T14:58:18.750000+00:00,271,186,5,85,2,9558
2024-07-07T14:58:26.991000+00:00,242,92,3,150,2,9558
2024-07-07T14:58:50.270000+00:00,242,83,3,159,2,9558
2024-07-07T14:59:13.831000+00:00,264,138,4,126,2,9558
2024-07-07T14:59:19.311000+00:00,145,104,3,41,2,9558
2024-07-07T14:59:35.671000+00:00,291,234,6,57,2,9558
2024-07-07T15:00:04.951000+00:00,286,189,5,97,2,9558
2024-07-07T15:00:13.191000+00:00,252,92,4,160,2,9558
2024-07-07T15:00:35.991000+00:00,254,97,3,157,2,9558
2024-07-07T15:00:59.031000+00:00,259,148,4,111,2,9558
2024-07-07T15:01:20.391000+00:00,298,241,6,57,2,9558
2024-07-07T15:01:48.951000+00:00,287,188,5,99,2,9558
2024-07-07T15:01:56.992000+00:00,246,94,3,152,2,9558
2024-07-07T15:02:19.031000+00:00,257,96,3,161,2,9558
2024-07-07T15:02:41.551000+00:00,298,138,4,160,2,9558
2024-07-07T15:02:46.991000+00:00,163,112,3,51,2,9558
2024-07-07T15:03:02.632000+00:00,303,246,6,57,2,9558
2024-07-07T15:03:31.152000+00:00,275,184,5,91,2,9558
2024-07-07T15:03:39.151000+00:00,246,106,3,140,2,9558
2024-07-07T15:04:01.431000+00:00,256,96,3,160,2,9558
2024-07-07T15:04:23.752000+00:00,262,146,4,116,2,9558
2024-07-07T15:04:29.032000+00:00,155,114,3,41,2,9558
2024-07-07T15:05:11.792000+00:00,293,197,5,96,2,9558
2024-07-07T15:05:19.591000+00:00,251,78,2,173,2,9558
2024-07-07T15:06:02.112000+00:00,243,98,3,145,2,9558
2024-07-07T15:06:08.192000+00:00,139,94,3,45,2,9558
2024-07-07T15:06:23.152000+00:00,293,159,4,134,2,9558
2024-07-07T15:06:28.152000+00:00,176,117,3,59,2,9558
2024-07-07T15:06:42.792000+00:00,302,254,6,48,2,9558
2024-07-07T15:07:09.392000+00:00,267,214,6,53,2,9558
2024-07-07T15:07:16.592000+00:00,264,108,3,156,2,9558
2024-07-07T15:07:36.192000+00:00,263,118,3,145,2,9558
2024-07-07T15:07:41.112000+00:00,155,97,3,58,2,9558
2024-07-07T15:07:55.712000+00:00,294,157,4,137,2,9558
2024-07-07T15:08:00.073000+00:00,181,126,3,55,2,9558
2024-07-07T15:08:39.313000+00:00,314,196,5,118,2,9558
2024-07-07T15:08:47.912000+00:00,266,106,3,160,2,9558
2024-07-07T15:09:12.633000+00:00,148,92,3,56,2,9558
2024-07-07T15:09:27.033000+00:00,300,146,4,154,2,9558
2024-07-07T15:09:31.513000+00:00,178,126,3,52,2,9558
2024-07-07T15:10:10.713000+00:00,317,184,5,133,2,9558
2024-07-07T15:10:19.073000+00:00,238,108,3,130,2,9558
2024-07-07T15:10:38.433000+00:00,256,111,3,145,2,9558
2024-07-07T15:10:43.353000+00:00,146,94,3,52,2,9558
2024-07-07T15:10:57.913000+00:00,294,160,4,134,2,9558
2024-07-07T15:11:02.472000+00:00,176,128,4,48,2,9558
2024-07-07T15:11:41.313000+00:00,311,189,5,122,2,9558
2024-07-07T15:11:48.873000+00:00,265,119,3,146,2,9558
2024-07-07T15:12:08.273000+00:00,280,109,3,171,2,9558
2024-07-07T15:12:13.233000+00:00,143,101,3,42,2,9558
2024-07-07T15:12:28.074000+00:00,296,163,4,133,2,9558
2024-07-07T15:12:32.633000+00:00,176,120,4,56,2,9558
2024-07-07T15:13:11.433000+00:00,313,215,6,98,2,9558
2024-07-07T15:13:19.193000+00:00,252,123,3,129,2,9558
2024-07-07T15:13:38.153000+00:00,283,105,3,178,2,9558
2024-07-07T15:13:43.673000+00:00,147,92,3,55,2,9558
2024-07-07T15:13:58.353000+00:00,310,153,4,157,2,9558
2024-07-07T15:14:42.274000+00:00,306,229,6,77,2,9558
2024-07-07T15:14:49.314000+00:00,268,122,3,146,2,9558
2024-07-07T15:15:08.514000+00:00,278,122,3,156,2,9558
2024-07-07T15:15:13.354000+00:00,147,92,3,55,2,9558
2024-07-07T15:15:28.634000+00:00,288,177,4,111,2,9558
2024-07-07T15:15:32.754000+00:00,187,118,3,69,2,9558
2024-07-07T15:16:19.794000+00:00,249,115,3,134,2,9558
2024-07-07T15:16:39.034000+00:00,271,117,4,154,2,9558
2024-07-07T15:16:59.554000+00:00,277,176,4,101,2,9558
2024-07-07T15:17:03.634000+00:00,182,123,4,59,2,9558
2024-07-07T15:17:43.474000+00:00,277,236,6,41,2,9558
2024-07-07T15:17:50.555000+00:00,256,109,3,147,2,9558
2024-07-07T15:18:10.074000+00:00,249,114,4,135,2,9558
2024-07-07T15:18:15.074000+00:00,142,94,3,48,2,9558
2024-07-07T15:18:30.395000+00:00,263,176,5,87,2,9558
2024-07-07T15:18:34.394000+00:00,185,121,4,64,2,9558
2024-07-07T15:19:21.634000+00:00,258,110,3,148,2,9558
2024-07-07T15:19:41.154000+00:00,267,118,4,149,2,9558
2024-07-07T15:19:46.354000+00:00,139,91,3,48,2,9558
2024-07-07T15:20:01.554000+00:00,277,169,5,108,2,9558
2024-07-07T15:20:05.795000+00:00,181,124,4,57,2,9558
2024-07-07T15:20:45.715000+00:00,287,245,7,42,2,9558
2024-07-07T15:20:52.915000+00:00,247,108,3,139,2,9558
2024-07-07T15:21:12.355000+00:00,269,111,4,158,2,9558
2024-07-07T15:21:33.035000+00:00,265,183,5,82,2,9558
2024-07-07T15:21:36.955000+00:00,184,115,4,69,2,9558
2024-07-07T15:22:24.195000+00:00,228,108,3,120,2,9558
2024-07-07T15:22:43.675000+00:00,255,118,4,137,2,9558
2024-07-07T15:23:04.035000+00:00,276,183,5,93,2,9558
2024-07-07T15:23:07.915000+00:00,181,122,4,59,2,9558
2024-07-07T15:23:48.275000+00:00,287,241,6,46,2,9558
2024-07-07T15:23:55.275000+00:00,259,107,3,152,2,9558
2024-07-07T15:24:14.836000+00:00,278,120,4,158,2,9558
2024-07-07T15:24:35.715000+00:00,275,186,5,89,2,9558
2024-07-07T15:24:39.676000+00:00,180,112,4,68,2,9558
2024-07-07T15:25:19.956000+00:00,285,241,6,44,2,9558
2024-07-07T15:25:26.956000+00:00,257,106,3,151,2,9558
2024-07-07T15:25:46.596000+00:00,259,113,4,146,2,9558
2024-07-07T15:25:51.796000+00:00,133,89,3,44,2,9558
2024-07-07T15:26:07.236000+00:00,276,175,5,101,2,9558
2024-07-07T15:26:11.316000+00:00,185,123,3,62,2,9558
2024-07-07T15:26:51.756000+00:00,281,229,6,52,2,9558
2024-07-07T15:26:58.996000+00:00,239,108,3,131,2,9558
2024-07-07T15:27:18.276000+00:00,220,99,3,121,2,9558
2024-07-07T13:20:36.731000+00:00,213,81,2,132,3,9558
2024-07-07T13:21:00.691000+00:00,277,144,3,133,3,9558
2024-07-07T13:21:23.491000+00:00,278,202,5,76,3,9558
2024-07-07T13:21:34.251000+00:00,265,216,6,49,3,9558
2024-07-07T13:21:53.971000+00:00,294,168,4,126,3,9558
2024-07-07T13:22:03.731000+00:00,242,82,2,160,3,9558
2024-07-07T13:22:41.531000+00:00,244,92,3,152,3,9558
2024-07-07T13:22:48.091000+00:00,124,82,2,42,3,9558
2024-07-07T13:23:03.772000+00:00,284,135,3,149,3,9558
2024-07-07T13:23:25.452000+00:00,294,232,6,62,3,9558
2024-07-07T13:23:54.451000+00:00,280,198,5,82,3,9558
2024-07-07T13:24:03.932000+00:00,216,94,2,122,3,9558
2024-07-07T13:24:41.171000+00:00,247,93,3,154,3,9558
2024-07-07T13:25:03.252000+00:00,285,148,4,137,3,9558
2024-07-07T13:25:08.812000+00:00,148,107,3,41,3,9558
2024-07-07T13:26:02.612000+00:00,235,100,2,135,3,9558
2024-07-07T14:00:49.299000+00:00,252,150,3,102,3,9558
2024-07-07T14:01:14.739000+00:00,259,144,3,115,3,9558
2024-07-07T14:01:41.979000+00:00,247,104,2,143,3,9558
2024-07-07T14:02:07.859000+00:00,276,161,4,115,3,9558
2024-07-07T14:02:11.860000+00:00,184,140,3,44,3,9558
2024-07-07T14:02:16.979000+00:00,154,84,2,70,3,9558
2024-07-07T14:02:22.379000+00:00,118,68,1,50,3,9558
2024-07-07T14:02:40.859000+00:00,104,62,1,42,3,9558
2024-07-07T14:03:27.539000+00:00,248,97,2,151,3,9558
2024-07-07T14:03:34.379000+00:00,111,69,1,42,3,9558
2024-07-07T14:03:49.419000+00:00,275,139,3,136,3,9558
2024-07-07T14:04:09.659000+00:00,306,238,6,68,3,9558
2024-07-07T14:04:36.860000+00:00,302,191,5,111,3,9558
2024-07-07T14:04:44.300000+00:00,255,99,3,156,3,9558
2024-07-07T14:05:05.020000+00:00,288,102,3,186,3,9558
2024-07-07T14:05:10.860000+00:00,151,77,2,74,3,9558
2024-07-07T14:05:25.700000+00:00,316,158,4,158,3,9558
2024-07-07T14:06:11.060000+00:00,319,212,5,107,3,9558
2024-07-07T14:06:19.100000+00:00,234,105,3,129,3,9558
2024-07-07T14:06:38.900000+00:00,271,102,3,169,3,9558
2024-07-07T14:06:58.940000+00:00,304,174,4,130,3,9558
2024-07-07T14:07:44.260000+00:00,321,214,5,107,3,9558
2024-07-07T14:07:52.060000+00:00,262,107,3,155,3,9558
2024-07-07T14:08:12.340000+00:00,274,109,3,165,3,9558
2024-07-07T14:08:32.940000+00:00,253,154,4,99,3,9558
2024-07-07T14:09:17.860000+00:00,308,212,5,96,3,9558
2024-07-07T14:09:25.500000+00:00,248,106,3,142,3,9558
2024-07-07T14:09:45.581000+00:00,274,103,3,171,3,9558
2024-07-07T14:09:51.180000+00:00,136,92,2,44,3,9558
2024-07-07T14:10:05.981000+00:00,275,152,4,123,3,9558
2024-07-07T14:10:10.740000+00:00,165,124,3,41,3,9558
2024-07-07T14:10:50.940000+00:00,311,203,5,108,3,9558
2024-07-07T14:10:58.901000+00:00,235,105,3,130,3,9558
2024-07-07T14:11:19.181000+00:00,249,109,3,140,3,9558
2024-07-07T14:11:24.541000+00:00,137,96,2,41,3,9558
2024-07-07T14:11:39.061000+00:00,284,144,4,140,3,9558
2024-07-07T14:11:44.182000+00:00,159,112,3,47,3,9558
2024-07-07T14:12:24.342000+00:00,305,202,5,103,3,9558
2024-07-07T14:12:32.061000+00:00,260,101,3,159,3,9558
2024-07-07T14:12:52.621000+00:00,253,101,3,152,3,9558
2024-07-07T14:12:58.182000+00:00,135,89,2,46,3,9558
2024-07-07T14:13:12.701000+00:00,301,159,4,142,3,9558
2024-07-07T14:13:17.822000+00:00,159,113,3,46,3,9558
2024-07-07T14:13:58.102000+00:00,290,225,5,65,3,9558
2024-07-07T14:14:05.661000+00:00,251,111,3,140,3,9558
2024-07-07T14:14:25.502000+00:00,275,110,3,165,3,9558
2024-07-07T14:14:46.221000+00:00,252,170,4,82,3,9558
2024-07-07T14:14:50.782000+00:00,166,118,3,48,3,9558
2024-07-07T14:15:31.342000+00:00,282,233,6,49,3,9558
2024-07-07T14:15:38.742000+00:00,251,133,3,118,3,9558
2024-07-07T14:15:58.782000+00:00,276,106,3,170,3,9558
2024-07-07T14:16:19.182000+00:00,277,177,4,100,3,9558
2024-07-07T14:16:23.662000+00:00,169,128,3,41,3,9558
2024-07-07T14:17:04.062000+00:00,297,226,5,71,3,9558
2024-07-07T14:17:11.622000+00:00,250,113,3,137,3,9558
2024-07-07T14:17:31.342000+00:00,286,107,3,179,3,9558
2024-07-07T14:17:51.782000+00:00,281,170,4,111,3,9558
2024-07-07T14:18:37.062000+00:00,274,229,5,45,3,9558
2024-07-07T14:18:44.182000+00:00,264,107,3,157,3,9558
2024-07-07T14:19:03.942000+00:00,281,107,3,174,3,9558
2024-07-07T14:19:24.503000+00:00,284,163,4,121,3,9558
2024-07-07T14:19:29.062000+00:00,165,113,3,52,3,9558
2024-07-07T14:20:09.662000+00:00,294,230,5,64,3,9558
2024-07-07T14:20:17.143000+00:00,248,110,3,138,3,9558
2024-07-07T14:20:36.783000+00:00,284,105,3,179,3,9558
2024-07-07T14:20:57.503000+00:00,255,159,4,96,3,9558
2024-07-07T14:21:42.624000+00:00,285,219,5,66,3,9558
2024-07-07T14:21:49.984000+00:00,239,106,3,133,3,9558
2024-07-07T14:22:09.664000+00:00,276,110,3,166,3,9558
2024-07-07T14:22:14.983000+00:00,137,94,2,43,3,9558
2024-07-07T14:22:30.064000+00:00,286,163,4,123,3,9558
2024-07-07T14:23:15.064000+00:00,300,233,6,67,3,9558
2024-07-07T14:23:22.744000+00:00,253,111,3,142,3,9558
2024-07-07T14:23:42.504000+00:00,274,110,3,164,3,9558
2024-07-07T14:23:48.104000+00:00,140,98,2,42,3,9558
2024-07-07T14:24:02.984000+00:00,286,160,4,126,3,9558
2024-07-07T14:24:07.664000+00:00,167,111,3,56,3,9558
2024-07-07T14:24:48.144000+00:00,297,221,5,76,3,9558
2024-07-07T14:24:55.664000+00:00,257,112,3,145,3,9558
2024-07-07T14:25:15.344000+00:00,277,114,3,163,3,9558
2024-07-07T14:25:35.944000+00:00,277,169,4,108,3,9558
2024-07-07T14:25:40.544000+00:00,169,114,3,55,3,9558
2024-07-07T14:26:21.424000+00:00,289,227,6,62,3,9558
2024-07-07T14:26:28.664000+00:00,259,106,3,153,3,9558
2024-07-07T14:26:48.704000+00:00,281,112,3,169,3,9558
2024-07-07T14:27:09.144000+00:00,289,142,3,147,3,9558
2024-07-07T14:27:54.344000+00:00,315,218,5,97,3,9558
2024-07-07T14:28:02.304000+00:00,250,103,3,147,3,9558
2024-07-07T14:28:23.144000+00:00,278,104,3,174,3,9558
2024-07-07T14:28:28.544000+00:00,147,83,2,64,3,9558
2024-07-07T14:28:43.545000+00:00,269,152,4,117,3,9558
2024-07-07T14:28:48.464000+00:00,157,114,3,43,3,9558
2024-07-07T14:29:28.424000+00:00,313,170,4,143,3,9558
2024-07-07T14:29:37.385000+00:00,247,99,3,148,3,9558
2024-07-07T14:29:59.225000+00:00,274,107,3,167,3,9558
2024-07-07T14:30:19.505000+00:00,303,161,4,142,3,9558
2024-07-07T14:31:05.425000+00:00,282,193,5,89,3,9558
2024-07-07T14:31:14.866000+00:00,247,106,3,141,3,9558
2024-07-07T14:31:29.825000+00:00,283,237,6,46,3,9558
2024-07-07T14:31:37.145000+00:00,234,99,3,135,3,9558
2024-07-07T14:32:00.305000+00:00,275,144,3,131,3,9558
2024-07-07T14:32:30.345000+00:00,279,219,5,60,3,9558
2024-07-07T14:32:50.065000+00:00,297,173,4,124,3,9558
2024-07-07T14:32:59.185000+00:00,249,108,3,141,3,9558
2024-07-07T14:33:21.226000+00:00,266,98,3,168,3,9558
2024-07-07T14:33:42.746000+00:00,295,166,4,129,3,9558
2024-07-07T14:34:29.426000+00:00,283,189,4,94,3,9558
2024-07-07T14:34:37.705000+00:00,248,107,3,141,3,9558
2024-07-07T14:34:58.506000+00:00,249,111,3,138,3,9558
2024-07-07T14:35:03.946000+00:00,138,95,2,43,3,9558
2024-07-07T14:35:18.826000+00:00,280,158,4,122,3,9558
2024-07-07T14:36:04.627000+00:00,290,220,5,70,3,9558
2024-07-07T14:36:12.746000+00:00,238,111,3,127,3,9558
2024-07-07T14:36:33.146000+00:00,255,114,3,141,3,9558
2024-07-07T14:36:38.267000+00:00,137,92,3,45,3,9558
2024-07-07T14:36:53.146000+00:00,284,167,4,117,3,9558
2024-07-07T14:36:57.787000+00:00,171,122,3,49,3,9558
2024-07-07T14:37:38.587000+00:00,288,227,5,61,3,9558
2024-07-07T14:37:46.306000+00:00,217,110,3,107,3,9558
2024-07-07T14:38:05.946000+00:00,272,112,3,160,3,9558
2024-07-07T14:38:11.347000+00:00,137,94,3,43,3,9558
2024-07-07T14:38:26.266000+00:00,275,168,4,107,3,9558
2024-07-07T14:39:11.707000+00:00,276,203,5,73,3,9558
2024-07-07T14:39:19.946000+00:00,244,108,3,136,3,9558
2024-07-07T14:39:40.386000+00:00,275,114,3,161,3,9558
2024-07-07T14:40:00.746000+00:00,281,166,4,115,3,9558
2024-07-07T14:40:47.148000+00:00,284,195,4,89,3,9558
2024-07-07T14:40:55.827000+00:00,242,108,3,134,3,9558
2024-07-07T14:41:17.067000+00:00,273,112,3,161,3,9558
2024-07-07T14:41:37.707000+00:00,255,149,4,106,3,9558
2024-07-07T14:41:57.627000+00:00,294,248,6,46,3,9558
2024-07-07T14:42:25.267000+00:00,295,192,4,103,3,9558
2024-07-07T14:42:33.828000+00:00,257,108,3,149,3,9558
2024-07-07T14:42:55.907000+00:00,269,112,3,157,3,9558
2024-07-07T14:43:16.907000+00:00,292,151,4,141,3,9558
2024-07-07T14:43:38.508000+00:00,294,198,5,96,3,9558
2024-07-07T14:43:49.427000+00:00,266,209,5,57,3,9558
2024-07-07T14:44:09.107000+00:00,293,157,4,136,3,9558
2024-07-07T14:44:20.588000+00:00,241,66,2,175,3,9558
2024-07-07T14:45:00.388000+00:00,260,96,3,164,3,9558
2024-07-07T14:45:07.068000+00:00,129,88,3,41,3,9558
2024-07-07T14:45:22.108000+00:00,259,148,4,111,3,9558
2024-07-07T14:45:43.308000+00:00,284,224,5,60,3,9558
2024-07-07T14:46:12.068000+00:00,299,180,4,119,3,9558
2024-07-07T14:46:20.948000+00:00,249,98,3,151,3,9558
2024-07-07T14:46:43.349000+00:00,260,96,3,164,3,9558
2024-07-07T14:46:49.949000+00:00,129,88,2,41,3,9558
2024-07-07T14:47:05.268000+00:00,282,152,4,130,3,9558
2024-07-07T14:47:26.628000+00:00,294,246,6,48,3,9558
2024-07-07T14:47:54.989000+00:00,301,186,4,115,3,9558
2024-07-07T14:48:03.829000+00:00,258,99,3,159,3,9558
2024-07-07T14:48:26.788000+00:00,276,96,3,180,3,9558
2024-07-07T14:48:49.069000+00:00,278,157,4,121,3,9558
2024-07-07T14:49:10.229000+00:00,287,237,6,50,3,9558
2024-07-07T14:49:38.508000+00:00,296,188,4,108,3,9558
2024-07-07T14:49:47.269000+00:00,244,89,3,155,3,9558
2024-07-07T14:50:10.029000+00:00,264,86,3,178,3,9558
2024-07-07T14:50:16.909000+00:00,125,75,2,50,3,9558
2024-07-07T14:50:32.669000+00:00,259,155,4,104,3,9558
2024-07-07T14:50:37.869000+00:00,157,107,3,50,3,9558
2024-07-07T14:50:53.389000+00:00,298,254,6,44,3,9558
2024-07-07T14:51:07.389000+00:00,202,160,4,42,3,9558
2024-07-07T14:51:21.549000+00:00,291,195,4,96,3,9558
2024-07-07T14:51:30.349000+00:00,249,87,3,162,3,9558
2024-07-07T14:51:53.309000+00:00,261,86,3,175,3,9558
2024-07-07T14:52:00.069000+00:00,127,81,2,46,3,9558
2024-07-07T14:52:15.669000+00:00,291,142,4,149,3,9558
2024-07-07T14:53:05.390000+00:00,291,196,4,95,3,9558
2024-07-07T14:53:13.909000+00:00,250,84,3,166,3,9558
2024-07-07T14:53:36.910000+00:00,257,87,3,170,3,9558
2024-07-07T14:53:43.670000+00:00,128,81,2,47,3,9558
2024-07-07T14:53:59.310000+00:00,292,161,4,131,3,9558
2024-07-07T14:54:49.070000+00:00,295,184,4,111,3,9558
2024-07-07T14:54:57.630000+00:00,255,83,3,172,3,9558
2024-07-07T14:55:20.989000+00:00,276,91,3,185,3,9558
2024-07-07T14:55:43.990000+00:00,289,149,4,140,3,9558
2024-07-07T14:55:49.710000+00:00,142,95,3,47,3,9558
2024-07-07T14:56:33.950000+00:00,293,175,4,118,3,9558
2024-07-07T14:56:42.750000+00:00,247,81,3,166,3,9558
2024-07-07T14:57:05.990000+00:00,268,88,3,180,3,9558
2024-07-07T14:57:29.430000+00:00,256,146,4,110,3,9558
2024-07-07T14:57:35.031000+00:00,143,91,3,52,3,9558
2024-07-07T14:57:50.950000+00:00,287,234,6,53,3,9558
2024-07-07T14:58:20.071000+00:00,286,166,4,120,3,9558
2024-07-07T14:58:28.871000+00:00,256,83,3,173,3,9558
2024-07-07T14:58:51.870000+00:00,270,84,3,186,3,9558
2024-07-07T14:59:15.071000+00:00,283,132,4,151,3,9558
2024-07-07T14:59:37.470000+00:00,274,231,6,43,3,9558
2024-07-07T15:00:06.431000+00:00,290,183,5,107,3,9558
2024-07-07T15:00:14.951000+00:00,248,85,3,163,3,9558
2024-07-07T15:00:37.070000+00:00,279,97,3,182,3,9558
2024-07-07T15:00:59.831000+00:00,284,139,4,145,3,9558
2024-07-07T15:01:21.471000+00:00,298,249,6,49,3,9558
2024-07-07T15:01:49.991000+00:00,299,181,4,118,3,9558
2024-07-07T15:01:58.631000+00:00,221,89,3,132,3,9558
2024-07-07T15:02:20.271000+00:00,272,104,3,168,3,9558
2024-07-07T15:02:42.992000+00:00,267,147,4,120,3,9558
2024-07-07T15:03:32.111000+00:00,284,190,5,94,3,9558
2024-07-07T15:03:41.031000+00:00,257,62,2,195,3,9558
2024-07-07T15:04:24.752000+00:00,161,95,2,66,3,9558
2024-07-07T15:04:46.591000+00:00,296,165,4,131,3,9558
2024-07-07T15:05:06.871000+00:00,302,230,6,72,3,9558
2024-07-07T15:05:16.592000+00:00,291,242,6,49,3,9558
2024-07-07T15:05:34.712000+00:00,294,175,4,119,3,9558
2024-07-07T15:05:43.432000+00:00,262,104,3,158,3,9558
2024-07-07T15:06:03.592000+00:00,289,111,3,178,3,9558
2024-07-07T15:06:23.992000+00:00,288,156,4,132,3,9558
2024-07-07T15:07:09.392000+00:00,298,224,6,74,3,9558
2024-07-07T15:07:17.072000+00:00,264,113,3,151,3,9558
2024-07-07T15:07:36.952000+00:00,283,119,3,164,3,9558
2024-07-07T15:07:56.992000+00:00,291,165,4,126,3,9558
2024-07-07T15:08:41.792000+00:00,299,217,5,82,3,9558
2024-07-07T15:08:49.752000+00:00,244,112,3,132,3,9558
2024-07-07T15:09:09.552000+00:00,277,112,3,165,3,9558
2024-07-07T15:09:29.472000+00:00,290,161,4,129,3,9558
2024-07-07T15:09:34.073000+00:00,174,129,3,45,3,9558
2024-07-07T15:10:21.193000+00:00,259,112,3,147,3,9558
2024-07-07T15:10:40.673000+00:00,289,115,3,174,3,9558
2024-07-07T15:11:00.833000+00:00,286,174,4,112,3,9558
2024-07-07T15:11:05.233000+00:00,174,130,3,44,3,9558
2024-07-07T15:11:44.913000+00:00,296,243,7,53,3,9558
2024-07-07T15:11:52.193000+00:00,264,106,3,158,3,9558
2024-07-07T15:12:11.633000+00:00,279,117,3,162,3,9558
2024-07-07T15:12:16.793000+00:00,142,98,3,44,3,9558
2024-07-07T15:12:31.553000+00:00,289,174,4,115,3,9558
2024-07-07T15:12:36.033000+00:00,173,127,3,46,3,9558
2024-07-07T15:13:15.994000+00:00,287,241,6,46,3,9558
2024-07-07T15:13:23.193000+00:00,260,110,3,150,3,9558
2024-07-07T15:13:42.754000+00:00,287,106,3,181,3,9558
2024-07-07T15:13:48.074000+00:00,145,96,3,49,3,9558
2024-07-07T15:14:03.114000+00:00,260,188,4,72,3,9558
2024-07-07T15:14:07.194000+00:00,178,131,3,47,3,9558
2024-07-07T15:14:47.354000+00:00,283,234,6,49,3,9558
2024-07-07T15:14:54.194000+00:00,271,106,3,165,3,9558
2024-07-07T15:15:13.874000+00:00,289,114,3,175,3,9558
2024-07-07T15:15:33.834000+00:00,289,176,4,113,3,9558
2024-07-07T15:15:38.193000+00:00,184,123,3,61,3,9558
2024-07-07T15:16:18.073000+00:00,294,241,6,53,3,9558
2024-07-07T15:16:25.874000+00:00,189,112,3,77,3,9558
2024-07-07T15:16:44.954000+00:00,272,109,3,163,3,9558
2024-07-07T15:17:04.994000+00:00,271,168,4,103,3,9558
2024-07-07T15:17:09.114000+00:00,176,127,3,49,3,9558
2024-07-07T15:17:48.914000+00:00,290,245,7,45,3,9558
2024-07-07T15:17:56.394000+00:00,237,113,3,124,3,9558
2024-07-07T15:18:15.754000+00:00,274,120,3,154,3,9558
2024-07-07T15:18:35.754000+00:00,271,175,4,96,3,9558
2024-07-07T15:18:40.114000+00:00,180,134,3,46,3,9558
2024-07-07T15:19:19.834000+00:00,287,238,6,49,3,9558
2024-07-07T15:19:26.954000+00:00,247,108,3,139,3,9558
2024-07-07T15:19:46.554000+00:00,259,130,3,129,3,9558
2024-07-07T15:19:51.795000+00:00,140,93,3,47,3,9558
2024-07-07T15:20:06.474000+00:00,286,173,4,113,3,9558
2024-07-07T15:20:10.795000+00:00,181,127,3,54,3,9558
2024-07-07T15:20:50.955000+00:00,291,245,6,46,3,9558
2024-07-07T15:20:58.395000+00:00,238,111,3,127,3,9558
2024-07-07T15:21:17.555000+00:00,283,102,3,181,3,9558
2024-07-07T15:21:22.835000+00:00,141,97,3,44,3,9558
2024-07-07T15:21:37.875000+00:00,274,168,4,106,3,9558
2024-07-07T15:21:41.875000+00:00,180,135,3,45,3,9558
2024-07-07T15:22:22.115000+00:00,288,226,5,62,3,9558
2024-07-07T15:22:27.995000+00:00,246,145,4,101,3,9558
2024-07-07T15:22:50.315000+00:00,286,99,3,187,3,9558
2024-07-07T15:22:55.835000+00:00,140,92,3,48,3,9558
2024-07-07T15:23:10.875000+00:00,282,171,4,111,3,9558
2024-07-07T15:23:57.275000+00:00,297,228,6,69,3,9558
2024-07-07T15:24:04.835000+00:00,258,108,3,150,3,9558
2024-07-07T15:24:24.635000+00:00,269,110,3,159,3,9558
2024-07-07T15:24:45.196000+00:00,297,186,4,111,3,9558
2024-07-07T15:25:31.556000+00:00,309,223,5,86,3,9558
2024-07-07T15:25:39.196000+00:00,252,108,3,144,3,9558
2024-07-07T13:21:19.051000+00:00,240,95,2,145,4,9558
2024-07-07T13:21:26.611000+00:00,113,72,2,41,4,9558
2024-07-07T13:21:43.331000+00:00,269,149,3,120,4,9558
2024-07-07T13:22:05.172000+00:00,285,209,5,76,4,9558
2024-07-07T13:22:14.371000+00:00,279,231,6,48,4,9558
2024-07-07T13:22:35.811000+00:00,277,192,4,85,4,9558
2024-07-07T13:22:44.932000+00:00,234,86,2,148,4,9558
2024-07-07T13:23:18.732000+00:00,245,94,3,151,4,9558
2024-07-07T13:23:41.491000+00:00,266,153,3,113,4,9558
2024-07-07T13:24:02.211000+00:00,285,242,6,43,4,9558
2024-07-07T13:24:31.132000+00:00,263,210,5,53,4,9558
2024-07-07T13:24:39.572000+00:00,253,90,2,163,4,9558
2024-07-07T13:25:18.772000+00:00,239,91,3,148,4,9558
2024-07-07T13:25:41.572000+00:00,222,142,3,80,4,9558
2024-07-07T13:26:30.692000+00:00,254,212,5,42,4,9558
2024-07-07T13:26:39.932000+00:00,165,93,2,72,4,9558
2024-07-07T14:00:19.258000+00:00,240,120,3,120,4,9558
2024-07-07T14:00:41.259000+00:00,240,176,4,64,4,9558
2024-07-07T14:00:45.379000+00:00,170,129,3,41,4,9558
2024-07-07T14:00:58.699000+00:00,230,88,2,142,4,9558
2024-07-07T14:01:35.699000+00:00,246,200,5,46,4,9558
2024-07-07T14:03:25.740000+00:00,272,124,3,148,4,9558
2024-07-07T14:03:31.260000+00:00,128,77,2,51,4,9558
2024-07-07T14:03:46.500000+00:00,282,148,4,134,4,9558
2024-07-07T14:03:51.420000+00:00,166,125,3,41,4,9558
2024-07-07T14:04:32.500000+00:00,274,225,5,49,4,9558
2024-07-07T14:04:39.940000+00:00,249,114,3,135,4,9558
2024-07-07T14:04:59.660000+00:00,284,114,3,170,4,9558
2024-07-07T14:05:19.420000+00:00,304,155,4,149,4,9558
2024-07-07T14:06:04.700000+00:00,298,234,6,64,4,9558
2024-07-07T14:06:11.980000+00:00,253,110,3,143,4,9558
2024-07-07T14:06:31.900000+00:00,279,114,3,165,4,9558
2024-07-07T14:06:37.380000+00:00,140,95,3,45,4,9558
2024-07-07T14:06:51.700000+00:00,292,163,4,129,4,9558
2024-07-07T14:06:56.500000+00:00,173,131,3,42,4,9558
2024-07-07T14:07:36.580000+00:00,301,230,5,71,4,9558
2024-07-07T14:07:44.260000+00:00,245,110,3,135,4,9558
2024-07-07T14:08:03.940000+00:00,271,109,3,162,4,9558
2024-07-07T14:08:23.980000+00:00,279,180,4,99,4,9558
2024-07-07T14:09:08.661000+00:00,284,231,5,53,4,9558
2024-07-07T14:09:16.221000+00:00,241,108,3,133,4,9558
2024-07-07T14:09:35.661000+00:00,287,108,3,179,4,9558
2024-07-07T14:09:55.741000+00:00,300,167,4,133,4,9558
2024-07-07T14:10:40.341000+00:00,288,231,6,57,4,9558
2024-07-07T14:10:47.781000+00:00,250,108,3,142,4,9558
2024-07-07T14:11:07.541000+00:00,278,117,3,161,4,9558
2024-07-07T14:11:13.061000+00:00,140,94,3,46,4,9558
2024-07-07T14:11:27.501000+00:00,297,166,4,131,4,9558
2024-07-07T14:12:12.181000+00:00,295,240,6,55,4,9558
2024-07-07T14:12:19.621000+00:00,249,106,3,143,4,9558
2024-07-07T14:12:39.541000+00:00,270,114,3,156,4,9558
2024-07-07T14:12:44.981000+00:00,135,92,3,43,4,9558
2024-07-07T14:12:59.661000+00:00,290,192,5,98,4,9558
2024-07-07T14:13:04.182000+00:00,173,128,3,45,4,9558
2024-07-07T14:13:44.742000+00:00,279,230,6,49,4,9558
2024-07-07T14:13:51.942000+00:00,246,112,3,134,4,9558
2024-07-07T14:14:11.662000+00:00,279,115,3,164,4,9558
2024-07-07T14:14:16.942000+00:00,138,97,3,41,4,9558
2024-07-07T14:14:31.782000+00:00,293,176,4,117,4,9558
2024-07-07T14:14:36.342000+00:00,173,124,3,49,4,9558
2024-07-07T14:15:16.662000+00:00,283,240,6,43,4,9558
2024-07-07T14:15:23.742000+00:00,253,113,3,140,4,9558
2024-07-07T14:15:43.542000+00:00,283,114,3,169,4,9558
2024-07-07T14:16:03.942000+00:00,287,163,4,124,4,9558
2024-07-07T14:16:48.782000+00:00,281,239,6,42,4,9558
2024-07-07T14:16:55.742000+00:00,258,106,3,152,4,9558
2024-07-07T14:17:15.502000+00:00,276,119,3,157,4,9558
2024-07-07T14:17:20.863000+00:00,137,85,3,52,4,9558
2024-07-07T14:17:35.982000+00:00,281,176,4,105,4,9558
2024-07-07T14:18:20.663000+00:00,285,243,6,42,4,9558
2024-07-07T14:18:27.663000+00:00,253,109,3,144,4,9558
2024-07-07T14:18:47.503000+00:00,258,115,3,143,4,9558
2024-07-07T14:19:07.703000+00:00,273,162,4,111,4,9558
2024-07-07T14:19:59.663000+00:00,247,105,3,142,4,9558
2024-07-07T14:20:18.983000+00:00,284,111,3,173,4,9558
2024-07-07T14:20:24.463000+00:00,135,93,3,42,4,9558
2024-07-07T14:20:39.263000+00:00,294,176,4,118,4,9558
2024-07-07T14:21:23.903000+00:00,291,234,6,57,4,9558
2024-07-07T14:21:31.223000+00:00,247,115,3,132,4,9558
2024-07-07T14:21:50.823000+00:00,272,112,3,160,4,9558
2024-07-07T14:22:11.223000+00:00,287,172,4,115,4,9558
2024-07-07T14:22:15.544000+00:00,168,121,3,47,4,9558
2024-07-07T14:22:55.144000+00:00,304,227,5,77,4,9558
2024-07-07T14:23:02.664000+00:00,252,109,3,143,4,9558
2024-07-07T14:23:22.104000+00:00,283,116,3,167,4,9558
2024-07-07T14:23:27.503000+00:00,136,91,3,45,4,9558
2024-07-07T14:23:42.264000+00:00,309,185,4,124,4,9558
2024-07-07T14:24:26.583000+00:00,305,227,5,78,4,9558
2024-07-07T14:24:33.984000+00:00,254,108,3,146,4,9558
2024-07-07T14:24:53.784000+00:00,265,111,3,154,4,9558
2024-07-07T14:25:13.744000+00:00,304,157,4,147,4,9558
2024-07-07T14:25:18.424000+00:00,171,125,3,46,4,9558
2024-07-07T14:25:58.064000+00:00,299,241,6,58,4,9558
2024-07-07T14:26:05.264000+00:00,263,113,3,150,4,9558
2024-07-07T14:26:24.784000+00:00,283,111,3,172,4,9558
2024-07-07T14:26:45.024000+00:00,280,185,4,95,4,9558
2024-07-07T14:26:49.464000+00:00,168,125,3,43,4,9558
2024-07-07T14:27:29.384000+00:00,288,239,6,49,4,9558
2024-07-07T14:27:36.304000+00:00,263,110,3,153,4,9558
2024-07-07T14:27:56.464000+00:00,279,112,3,167,4,9558
2024-07-07T14:28:16.904000+00:00,277,179,4,98,4,9558
2024-07-07T14:28:21.264000+00:00,179,127,3,52,4,9558
2024-07-07T14:29:01.065000+00:00,288,207,5,81,4,9558
2024-07-07T14:29:10.105000+00:00,229,104,3,125,4,9558
2024-07-07T14:29:30.665000+00:00,285,116,3,169,4,9558
2024-07-07T14:29:36.064000+00:00,141,99,3,42,4,9558
2024-07-07T14:29:51.225000+00:00,285,177,4,108,4,9558
2024-07-07T14:29:55.504000+00:00,182,130,3,52,4,9558
2024-07-07T14:30:35.306000+00:00,293,193,5,100,4,9558
2024-07-07T14:30:43.625000+00:00,236,99,3,137,4,9558
2024-07-07T14:30:59.665000+00:00,280,230,6,50,4,9558
2024-07-07T14:31:06.225000+00:00,245,91,3,154,4,9558
2024-07-07T14:31:12.985000+00:00,135,79,2,56,4,9558
2024-07-07T14:31:28.146000+00:00,292,168,4,124,4,9558
2024-07-07T14:31:54.586000+00:00,301,252,6,49,4,9558
2024-07-07T14:32:16.306000+00:00,298,172,4,126,4,9558
2024-07-07T14:32:24.785000+00:00,263,98,3,165,4,9558
2024-07-07T14:32:47.066000+00:00,269,110,3,159,4,9558
2024-07-07T14:33:09.306000+00:00,278,179,4,99,4,9558
2024-07-07T14:33:13.586000+00:00,180,124,3,56,4,9558
2024-07-07T14:33:36.746000+00:00,297,211,6,86,4,9558
2024-07-07T14:33:55.986000+00:00,291,187,4,104,4,9558
2024-07-07T14:34:04.225000+00:00,248,106,3,142,4,9558
2024-07-07T14:34:24.225000+00:00,278,117,3,161,4,9558
2024-07-07T14:34:29.426000+00:00,141,97,3,44,4,9558
2024-07-07T14:34:44.425000+00:00,277,167,4,110,4,9558
2024-07-07T14:34:48.786000+00:00,178,126,3,52,4,9558
2024-07-07T14:35:29.186000+00:00,291,234,5,57,4,9558
2024-07-07T14:35:36.186000+00:00,263,108,3,155,4,9558
2024-07-07T14:35:55.746000+00:00,275,114,3,161,4,9558
2024-07-07T14:36:16.146000+00:00,248,187,4,61,4,9558
2024-07-07T14:36:20.146000+00:00,175,120,3,55,4,9558
2024-07-07T14:37:00.106000+00:00,284,238,6,46,4,9558
2024-07-07T14:37:07.186000+00:00,249,113,3,136,4,9558
2024-07-07T14:37:26.466000+00:00,277,122,3,155,4,9558
2024-07-07T14:37:31.627000+00:00,141,92,3,49,4,9558
2024-07-07T14:37:46.746000+00:00,285,174,4,111,4,9558
2024-07-07T14:37:50.827000+00:00,186,131,3,55,4,9558
2024-07-07T14:38:31.067000+00:00,293,243,6,50,4,9558
2024-07-07T14:38:38.027000+00:00,260,112,3,148,4,9558
2024-07-07T14:38:58.027000+00:00,245,123,3,122,4,9558
2024-07-07T14:39:17.907000+00:00,282,182,4,100,4,9558
2024-07-07T14:39:22.107000+00:00,175,120,3,55,4,9558
2024-07-07T14:40:02.107000+00:00,280,217,5,63,4,9558
2024-07-07T14:40:09.667000+00:00,242,110,3,132,4,9558
2024-07-07T14:40:29.347000+00:00,280,111,3,169,4,9558
2024-07-07T14:40:49.627000+00:00,287,162,4,125,4,9558
2024-07-07T14:40:54.427000+00:00,162,118,3,44,4,9558
2024-07-07T14:41:35.227000+00:00,293,187,5,106,4,9558
2024-07-07T14:41:42.987000+00:00,261,106,3,155,4,9558
2024-07-07T14:42:04.467000+00:00,240,107,3,133,4,9558
2024-07-07T14:42:24.787000+00:00,276,149,4,127,4,9558
2024-07-07T14:42:45.748000+00:00,285,198,5,87,4,9558
2024-07-07T14:42:55.907000+00:00,256,207,5,49,4,9558
2024-07-07T14:43:14.068000+00:00,299,165,4,134,4,9558
2024-07-07T14:43:23.067000+00:00,244,90,3,154,4,9558
2024-07-07T14:43:39.548000+00:00,284,223,5,61,4,9558
2024-07-07T14:43:46.308000+00:00,252,99,3,153,4,9558
2024-07-07T14:44:07.588000+00:00,289,134,3,155,4,9558
2024-07-07T14:44:13.428000+00:00,152,105,3,47,4,9558
2024-07-07T14:44:29.667000+00:00,287,175,4,112,4,9558
2024-07-07T14:44:40.588000+00:00,268,211,5,57,4,9558
2024-07-07T14:44:59.628000+00:00,302,156,4,146,4,9558
2024-07-07T14:45:10.388000+00:00,262,74,2,188,4,9558
2024-07-07T14:45:50.548000+00:00,253,99,3,154,4,9558
2024-07-07T14:46:12.628000+00:00,270,150,3,120,4,9558
2024-07-07T14:46:33.508000+00:00,293,251,6,42,4,9558
2024-07-07T14:47:00.668000+00:00,288,187,4,101,4,9558
2024-07-07T14:47:09.069000+00:00,255,101,3,154,4,9558
2024-07-07T14:47:31.588000+00:00,258,92,3,166,4,9558
2024-07-07T14:47:37.548000+00:00,127,85,3,42,4,9558
2024-07-07T14:47:52.948000+00:00,286,154,4,132,4,9558
2024-07-07T14:48:41.229000+00:00,277,201,5,76,4,9558
2024-07-07T14:48:49.069000+00:00,257,97,3,160,4,9558
2024-07-07T14:49:11.708000+00:00,256,97,3,159,4,9558
2024-07-07T14:49:33.669000+00:00,284,158,3,126,4,9558
2024-07-07T14:49:38.748000+00:00,168,114,3,54,4,9558
2024-07-07T14:50:21.909000+00:00,282,199,5,83,4,9558
2024-07-07T14:50:29.829000+00:00,243,101,3,142,4,9558
2024-07-07T14:50:52.389000+00:00,250,88,3,162,4,9558
2024-07-07T14:51:14.389000+00:00,275,154,4,121,4,9558
2024-07-07T14:51:19.069000+00:00,164,99,3,65,4,9558
2024-07-07T14:52:02.669000+00:00,275,183,4,92,4,9558
2024-07-07T14:52:10.789000+00:00,255,96,3,159,4,9558
2024-07-07T14:52:33.509000+00:00,263,99,3,164,4,9558
2024-07-07T14:52:55.789000+00:00,291,167,4,124,4,9558
2024-07-07T14:53:01.229000+00:00,154,100,3,54,4,9558
2024-07-07T14:53:44.390000+00:00,291,180,5,111,4,9558
2024-07-07T14:53:52.750000+00:00,259,90,3,169,4,9558
2024-07-07T14:54:15.789000+00:00,272,92,3,180,4,9558
2024-07-07T14:54:38.350000+00:00,271,159,4,112,4,9558
2024-07-07T14:55:27.310000+00:00,280,200,5,80,4,9558
2024-07-07T14:55:34.909000+00:00,264,91,3,173,4,9558
2024-07-07T14:55:58.630000+00:00,251,96,3,155,4,9558
2024-07-07T14:56:20.870000+00:00,289,153,4,136,4,9558
2024-07-07T14:56:26.270000+00:00,157,102,3,55,4,9558
2024-07-07T14:57:10.590000+00:00,277,177,4,100,4,9558
2024-07-07T14:57:18.710000+00:00,236,89,3,147,4,9558
2024-07-07T14:57:41.471000+00:00,274,93,3,181,4,9558
2024-07-07T14:58:04.270000+00:00,285,135,4,150,4,9558
2024-07-07T14:58:53.671000+00:00,289,189,4,100,4,9558
2024-07-07T14:59:01.751000+00:00,232,97,3,135,4,9558
2024-07-07T14:59:24.670000+00:00,238,102,3,136,4,9558
2024-07-07T14:59:30.870000+00:00,122,75,3,47,4,9558
2024-07-07T14:59:46.991000+00:00,288,139,3,149,4,9558
2024-07-07T14:59:52.591000+00:00,154,108,3,46,4,9558
2024-07-07T15:00:36.790000+00:00,295,205,5,90,4,9558
2024-07-07T15:00:44.511000+00:00,263,92,3,171,4,9558
2024-07-07T15:01:06.511000+00:00,268,97,3,171,4,9558
2024-07-07T15:01:28.671000+00:00,292,151,3,141,4,9558
2024-07-07T15:01:49.991000+00:00,296,248,6,48,4,9558
2024-07-07T15:02:17.232000+00:00,288,203,5,85,4,9558
2024-07-07T15:02:25.151000+00:00,248,111,3,137,4,9558
2024-07-07T15:02:46.351000+00:00,257,95,3,162,4,9558
2024-07-07T15:03:08.271000+00:00,258,159,4,99,4,9558
2024-07-07T15:03:13.191000+00:00,159,116,3,43,4,9558
2024-07-07T15:03:55.352000+00:00,291,189,5,102,4,9558
2024-07-07T15:04:03.072000+00:00,266,101,3,165,4,9558
2024-07-07T15:04:24.112000+00:00,268,98,3,170,4,9558
2024-07-07T15:04:45.871000+00:00,291,157,3,134,4,9558
2024-07-07T15:05:06.351000+00:00,306,248,6,58,4,9558
2024-07-07T15:05:33.151000+00:00,292,195,5,97,4,9558
2024-07-07T15:05:42.112000+00:00,263,57,2,206,4,9558
2024-07-07T15:06:23.592000+00:00,253,109,3,144,4,9558
2024-07-07T15:06:29.192000+00:00,143,102,2,41,4,9558
2024-07-07T15:06:43.992000+00:00,293,169,4,124,4,9558
2024-07-07T15:07:28.952000+00:00,280,236,6,44,4,9558
2024-07-07T15:07:36.192000+00:00,246,116,3,130,4,9558
2024-07-07T15:07:55.472000+00:00,286,121,3,165,4,9558
2024-07-07T15:08:15.352000+00:00,272,169,4,103,4,9558
2024-07-07T15:08:19.433000+00:00,175,128,3,47,4,9558
2024-07-07T15:08:59.033000+00:00,288,247,6,41,4,9558
2024-07-07T15:09:05.873000+00:00,260,116,3,144,4,9558
2024-07-07T15:09:25.273000+00:00,280,122,3,158,4,9558
2024-07-07T15:09:30.553000+00:00,137,95,3,42,4,9558
2024-07-07T15:09:45.153000+00:00,272,168,4,104,4,9558
2024-07-07T15:09:49.512000+00:00,167,126,3,41,4,9558
2024-07-07T15:10:36.032000+00:00,256,112,3,144,4,9558
2024-07-07T15:10:55.272000+00:00,279,123,3,156,4,9558
2024-07-07T15:11:00.233000+00:00,144,91,3,53,4,9558
2024-07-07T15:11:14.953000+00:00,288,192,4,96,4,9558
2024-07-07T15:12:05.433000+00:00,252,119,3,133,4,9558
2024-07-07T15:12:24.393000+00:00,282,119,3,163,4,9558
2024-07-07T15:12:29.793000+00:00,143,99,3,44,4,9558
2024-07-07T15:12:44.793000+00:00,264,185,4,79,4,9558
2024-07-07T15:12:48.634000+00:00,178,130,3,48,4,9558
2024-07-07T15:13:34.954000+00:00,257,110,3,147,4,9558
2024-07-07T15:13:54.274000+00:00,276,115,3,161,4,9558
2024-07-07T15:14:14.234000+00:00,284,186,4,98,4,9558
2024-07-07T15:14:18.193000+00:00,185,117,3,68,4,9558
2024-07-07T15:15:04.353000+00:00,259,143,4,116,4,9558
2024-07-07T15:15:23.953000+00:00,276,112,3,164,4,9558
2024-07-07T15:15:29.074000+00:00,138,86,3,52,4,9558
2024-07-07T15:15:44.433000+00:00,263,178,4,85,4,9558
2024-07-07T15:15:48.274000+00:00,184,120,3,64,4,9558
2024-07-07T15:16:34.594000+00:00,252,109,3,143,4,9558
2024-07-07T15:16:53.754000+00:00,284,121,3,163,4,9558
2024-07-07T15:17:14.274000+00:00,263,183,4,80,4,9558
2024-07-07T15:17:17.995000+00:00,182,117,3,65,4,9558
2024-07-07T15:18:04.315000+00:00,258,108,3,150,4,9558
2024-07-07T15:18:23.675000+00:00,284,117,3,167,4,9558
2024-07-07T15:18:44.075000+00:00,277,185,4,92,4,9558
2024-07-07T15:18:47.994000+00:00,181,126,3,55,4,9558
2024-07-07T15:19:27.554000+00:00,284,242,6,42,4,9558
2024-07-07T15:19:34.354000+00:00,258,105,3,153,4,9558
2024-07-07T15:19:54.234000+00:00,266,109,3,157,4,9558
2024-07-07T15:19:59.514000+00:00,140,93,3,47,4,9558
2024-07-07T15:20:14.314000+00:00,292,166,4,126,4,9558
2024-07-07T15:20:18.515000+00:00,177,116,3,61,4,9558
2024-07-07T15:21:05.115000+00:00,267,115,3,152,4,9558
2024-07-07T15:21:24.795000+00:00,278,113,3,165,4,9558
2024-07-07T15:21:30.155000+00:00,133,90,3,43,4,9558
2024-07-07T15:21:45.075000+00:00,291,186,4,105,4,9558
2024-07-07T15:21:49.195000+00:00,182,110,3,72,4,9558
2024-07-07T15:22:35.835000+00:00,260,109,3,151,4,9558
2024-07-07T15:22:55.195000+00:00,282,114,3,168,4,9558
2024-07-07T15:23:15.515000+00:00,281,178,4,103,4,9558
2024-07-07T15:23:19.796000+00:00,181,110,3,71,4,9558
2024-07-07T15:24:06.396000+00:00,263,110,3,153,4,9558
2024-07-07T15:24:25.956000+00:00,283,121,3,162,4,9558
2024-07-07T15:24:46.436000+00:00,298,176,4,122,4,9558
2024-07-07T15:24:50.715000+00:00,179,102,3,77,4,9558
2024-07-07T15:25:37.275000+00:00,270,115,3,155,4,9558
2024-07-07T13:20:32.971000+00:00,222,101,3,121,10,9558
2024-07-07T13:20:56.611000+00:00,272,147,3,125,10,9558
2024-07-07T13:21:19.571000+00:00,289,198,5,91,10,9558
2024-07-07T13:21:50.371000+00:00,280,171,4,109,10,9558
2024-07-07T13:22:00.011000+00:00,215,85,2,130,10,9558
2024-07-07T13:22:37.492000+00:00,247,107,3,140,10,9558
2024-07-07T13:23:00.251000+00:00,270,141,3,129,10,9558
2024-07-07T13:23:06.052000+00:00,146,103,3,43,10,9558
2024-07-07T13:23:22.531000+00:00,272,224,5,48,10,9558
2024-07-07T13:23:51.852000+00:00,262,180,4,82,10,9558
2024-07-07T13:24:00.571000+00:00,238,80,2,158,10,9558
2024-07-07T13:24:38.252000+00:00,248,103,3,145,10,9558
2024-07-07T13:25:00.691000+00:00,260,150,4,110,10,9558
2024-07-07T13:25:22.052000+00:00,281,238,6,43,10,9558
2024-07-07T13:25:51.412000+00:00,251,191,5,60,10,9558
2024-07-07T13:25:59.492000+00:00,246,105,3,141,10,9558
2024-07-07T14:00:58.699000+00:00,218,103,3,115,10,9558
2024-07-07T14:01:23.339000+00:00,208,152,3,56,10,9558
2024-07-07T14:02:29.579000+00:00,194,83,2,111,10,9558
2024-07-07T13:20:17.131000+00:00,232,109,3,123,11,9558
2024-07-07T13:20:40.931000+00:00,279,150,4,129,11,9558
2024-07-07T13:21:03.691000+00:00,292,211,6,81,11,9558
2024-07-07T13:21:13.931000+00:00,283,241,7,42,11,9558
2024-07-07T13:21:33.051000+00:00,284,178,5,106,11,9558
2024-07-07T13:21:42.051000+00:00,194,83,2,111,11,9558
2024-07-07T13:22:21.291000+00:00,246,94,3,152,11,9558
2024-07-07T13:22:43.532000+00:00,293,149,4,144,11,9558
2024-07-07T13:22:49.331000+00:00,158,104,3,54,11,9558
2024-07-07T13:23:05.252000+00:00,291,229,6,62,11,9558
2024-07-07T13:23:14.811000+00:00,291,250,7,41,11,9558
2024-07-07T13:23:33.012000+00:00,296,181,5,115,11,9558
2024-07-07T13:23:41.491000+00:00,232,121,4,111,11,9558
2024-07-07T13:23:45.132000+00:00,116,73,2,43,11,9558
2024-07-07T13:24:22.091000+00:00,239,103,3,136,11,9558
2024-07-07T13:24:44.092000+00:00,286,162,4,124,11,9558
2024-07-07T13:24:49.652000+00:00,151,107,3,44,11,9558
2024-07-07T13:25:32.652000+00:00,285,187,5,98,11,9558
2024-07-07T13:25:43.012000+00:00,172,97,2,75,11,9558
2024-07-07T13:26:21.612000+00:00,245,99,3,146,11,9558
2024-07-07T13:26:44.052000+00:00,274,139,4,135,11,9558
2024-07-07T13:27:05.452000+00:00,278,221,7,57,11,9558
2024-07-07T13:27:36.572000+00:00,250,194,6,56,11,9558
2024-07-07T13:27:46.933000+00:00,203,75,2,128,11,9558
2024-07-07T14:03:34.179000+00:00,237,115,3,122,11,9558
2024-07-07T14:03:56.819000+00:00,284,147,4,137,11,9558
2024-07-07T14:04:02.059000+00:00,159,111,3,48,11,9558
2024-07-07T14:04:44.300000+00:00,276,216,6,60,11,9558
2024-07-07T14:04:51.300000+00:00,261,112,3,149,11,9558
2024-07-07T14:05:12.100000+00:00,275,115,3,160,11,9558
2024-07-07T14:05:32.100000+00:00,290,156,4,134,11,9558
2024-07-07T14:05:36.740000+00:00,171,117,3,54,11,9558
2024-07-07T14:06:17.620000+00:00,293,207,5,86,11,9558
2024-07-07T14:06:24.900000+00:00,259,107,3,152,11,9558
2024-07-07T14:06:44.820000+00:00,285,114,3,171,11,9558
2024-07-07T14:07:05.180000+00:00,263,166,4,97,11,9558
2024-07-07T14:07:09.500000+00:00,171,118,3,53,11,9558
2024-07-07T14:07:49.940000+00:00,295,209,5,86,11,9558
2024-07-07T14:07:57.100000+00:00,262,107,3,155,11,9558
2024-07-07T14:08:17.260000+00:00,270,113,3,157,11,9558
2024-07-07T14:08:22.501000+00:00,144,89,2,55,11,9558
2024-07-07T14:08:36.700000+00:00,317,155,4,162,11,9558
2024-07-07T14:09:22.781000+00:00,298,224,5,74,11,9558
2024-07-07T14:09:29.621000+00:00,266,118,3,148,11,9558
2024-07-07T14:09:49.701000+00:00,286,117,3,169,11,9558
2024-07-07T14:10:09.901000+00:00,294,170,4,124,11,9558
2024-07-07T14:10:14.621000+00:00,176,117,3,59,11,9558
2024-07-07T14:10:54.901000+00:00,298,205,5,93,11,9558
2024-07-07T14:11:02.021000+00:00,268,117,3,151,11,9558
2024-07-07T14:11:21.941000+00:00,282,111,3,171,11,9558
2024-07-07T14:11:27.021000+00:00,143,102,3,41,11,9558
2024-07-07T14:11:41.901000+00:00,298,164,4,134,11,9558
2024-07-07T14:11:46.461000+00:00,172,117,3,55,11,9558
2024-07-07T14:12:27.061000+00:00,298,218,5,80,11,9558
2024-07-07T14:12:34.101000+00:00,264,108,3,156,11,9558
2024-07-07T14:12:54.061000+00:00,276,101,3,175,11,9558
2024-07-07T14:12:59.381000+00:00,142,86,2,56,11,9558
2024-07-07T14:13:13.621000+00:00,326,154,4,172,11,9558
2024-07-07T14:13:19.621000+00:00,165,117,3,48,11,9558
2024-07-07T14:13:59.581000+00:00,325,201,5,124,11,9558
2024-07-07T14:14:07.501000+00:00,243,109,3,134,11,9558
2024-07-07T14:14:27.381000+00:00,261,110,3,151,11,9558
2024-07-07T14:14:53.221000+00:00,166,111,3,55,11,9558
2024-07-07T14:15:33.461000+00:00,314,221,5,93,11,9558
2024-07-07T14:15:40.982000+00:00,237,111,3,126,11,9558
2024-07-07T14:16:00.622000+00:00,288,110,3,178,11,9558
2024-07-07T14:16:06.062000+00:00,142,92,3,50,11,9558
2024-07-07T14:16:20.782000+00:00,312,162,4,150,11,9558
2024-07-07T14:16:25.822000+00:00,169,127,3,42,11,9558
2024-07-07T14:17:05.302000+00:00,323,199,5,124,11,9558
2024-07-07T14:17:13.423000+00:00,265,104,3,161,11,9558
2024-07-07T14:17:33.583000+00:00,278,107,3,171,11,9558
2024-07-07T14:17:38.902000+00:00,141,89,3,52,11,9558
2024-07-07T14:17:53.663000+00:00,311,155,4,156,11,9558
2024-07-07T14:17:58.662000+00:00,165,112,3,53,11,9558
2024-07-07T14:18:38.503000+00:00,323,201,5,122,11,9558
2024-07-07T14:18:46.263000+00:00,257,114,3,143,11,9558
2024-07-07T14:19:06.063000+00:00,285,111,3,174,11,9558
2024-07-07T14:19:26.423000+00:00,301,149,4,152,11,9558
2024-07-07T14:19:31.223000+00:00,167,120,3,47,11,9558
2024-07-07T14:20:10.983000+00:00,321,203,5,118,11,9558
2024-07-07T14:20:18.663000+00:00,257,102,3,155,11,9558
2024-07-07T14:20:38.623000+00:00,279,103,3,176,11,9558
2024-07-07T14:20:44.383000+00:00,134,89,3,45,11,9558
2024-07-07T14:20:58.703000+00:00,315,159,4,156,11,9558
2024-07-07T14:21:04.223000+00:00,156,107,3,49,11,9558
2024-07-07T14:21:43.743000+00:00,324,206,5,118,11,9558
2024-07-07T14:21:51.223000+00:00,254,111,3,143,11,9558
2024-07-07T14:22:11.023000+00:00,284,105,3,179,11,9558
2024-07-07T14:22:31.303000+00:00,300,142,4,158,11,9558
2024-07-07T14:22:36.584000+00:00,166,115,3,51,11,9558
2024-07-07T14:23:01.624000+00:00,282,241,6,41,11,9558
2024-07-07T14:23:16.184000+00:00,314,207,5,107,11,9558
2024-07-07T14:23:23.944000+00:00,256,110,3,146,11,9558
2024-07-07T14:23:44.064000+00:00,281,116,3,165,11,9558
2024-07-07T14:23:49.424000+00:00,138,85,3,53,11,9558
2024-07-07T14:24:04.184000+00:00,299,142,4,157,11,9558
2024-07-07T14:24:08.944000+00:00,166,120,3,46,11,9558
2024-07-07T14:24:48.904000+00:00,311,199,5,112,11,9558
2024-07-07T14:24:56.184000+00:00,264,108,3,156,11,9558
2024-07-07T14:25:16.224000+00:00,284,106,3,178,11,9558
2024-07-07T14:25:36.584000+00:00,311,154,4,157,11,9558
2024-07-07T14:25:41.664000+00:00,172,124,3,48,11,9558
2024-07-07T14:26:06.824000+00:00,276,233,6,43,11,9558
2024-07-07T14:26:21.424000+00:00,327,184,5,143,11,9558
2024-07-07T14:26:28.664000+00:00,263,106,3,157,11,9558
2024-07-07T14:26:48.944000+00:00,284,97,3,187,11,9558
2024-07-07T14:26:54.824000+00:00,140,86,3,54,11,9558
2024-07-07T14:27:09.424000+00:00,312,160,4,152,11,9558
2024-07-07T14:27:14.944000+00:00,170,116,3,54,11,9558
2024-07-07T14:27:54.744000+00:00,322,196,5,126,11,9558
2024-07-07T14:28:03.024000+00:00,250,102,3,148,11,9558
2024-07-07T14:28:23.424000+00:00,282,117,3,165,11,9558
2024-07-07T14:28:28.904000+00:00,142,90,3,52,11,9558
2024-07-07T14:28:43.545000+00:00,308,151,4,157,11,9558
2024-07-07T14:28:48.664000+00:00,173,106,3,67,11,9558
2024-07-07T14:29:28.424000+00:00,333,190,5,143,11,9558
2024-07-07T14:29:37.225000+00:00,248,101,3,147,11,9558
2024-07-07T14:29:58.905000+00:00,237,112,3,125,11,9558
2024-07-07T14:30:04.145000+00:00,139,94,3,45,11,9558
2024-07-07T14:30:19.505000+00:00,270,153,4,117,11,9558
2024-07-07T14:30:24.305000+00:00,178,112,3,66,11,9558
2024-07-07T14:31:04.345000+00:00,297,195,5,102,11,9558
2024-07-07T14:31:12.585000+00:00,251,106,3,145,11,9558
2024-07-07T14:31:29.306000+00:00,274,227,6,47,11,9558
2024-07-07T14:31:34.065000+00:00,251,103,3,148,11,9558
2024-07-07T14:31:58.105000+00:00,271,165,4,106,11,9558
2024-07-07T14:32:27.025000+00:00,287,237,7,50,11,9558
2024-07-07T14:32:29.266000+00:00,214,171,5,43,11,9558
2024-07-07T14:32:45.825000+00:00,302,187,5,115,11,9558
2024-07-07T14:32:55.546000+00:00,253,81,2,172,11,9558
2024-07-07T14:33:35.146000+00:00,248,102,3,146,11,9558
2024-07-07T14:33:56.706000+00:00,292,159,4,133,11,9558
2024-07-07T14:34:45.506000+00:00,295,195,5,100,11,9558
2024-07-07T14:34:53.306000+00:00,258,104,3,154,11,9558
2024-07-07T14:35:15.266000+00:00,253,103,3,150,11,9558
2024-07-07T14:35:37.066000+00:00,285,159,4,126,11,9558
2024-07-07T14:35:42.546000+00:00,157,97,3,60,11,9558
2024-07-07T14:35:57.827000+00:00,288,243,6,45,11,9558
2024-07-07T14:36:26.026000+00:00,294,199,5,95,11,9558
2024-07-07T14:36:34.146000+00:00,250,103,3,147,11,9558
2024-07-07T14:36:57.787000+00:00,239,94,3,145,11,9558
2024-07-07T14:37:19.906000+00:00,292,145,4,147,11,9558
2024-07-07T14:37:26.146000+00:00,155,107,3,48,11,9558
2024-07-07T14:38:11.347000+00:00,270,197,5,73,11,9558
2024-07-07T14:38:19.147000+00:00,256,100,3,156,11,9558
2024-07-07T14:38:42.947000+00:00,246,95,3,151,11,9558
2024-07-07T14:39:05.707000+00:00,290,147,4,143,11,9558
2024-07-07T14:39:11.907000+00:00,149,106,3,43,11,9558
2024-07-07T14:39:28.307000+00:00,285,226,6,59,11,9558
2024-07-07T14:39:57.067000+00:00,283,189,5,94,11,9558
2024-07-07T14:40:05.107000+00:00,254,101,3,153,11,9558
2024-07-07T14:40:28.267000+00:00,245,99,3,146,11,9558
2024-07-07T14:40:53.027000+00:00,301,133,4,168,11,9558
2024-07-07T14:41:16.547000+00:00,282,223,6,59,11,9558
2024-07-07T14:41:43.547000+00:00,293,133,4,160,11,9558
2024-07-07T14:41:55.707000+00:00,252,97,3,155,11,9558
2024-07-07T14:42:13.308000+00:00,284,242,7,42,11,9558
2024-07-07T14:42:19.588000+00:00,257,91,3,166,11,9558
2024-07-07T14:42:42.347000+00:00,292,138,4,154,11,9558
2024-07-07T14:43:05.788000+00:00,282,216,6,66,11,9558
2024-07-07T14:43:34.948000+00:00,287,181,5,106,11,9558
2024-07-07T14:43:43.107000+00:00,247,103,3,144,11,9558
2024-07-07T14:44:06.268000+00:00,270,101,3,169,11,9558
2024-07-07T14:44:28.708000+00:00,294,145,4,149,11,9558
2024-07-07T14:44:52.228000+00:00,284,230,6,54,11,9558
2024-07-07T14:45:20.308000+00:00,280,182,5,98,11,9558
2024-07-07T14:45:28.748000+00:00,255,106,3,149,11,9558
2024-07-07T14:45:52.228000+00:00,260,99,3,161,11,9558
2024-07-07T14:46:16.069000+00:00,232,141,4,91,11,9558
2024-07-07T14:47:08.188000+00:00,292,141,4,151,11,9558
2024-07-07T14:47:20.228000+00:00,203,95,3,108,11,9558
2024-07-07T14:47:45.148000+00:00,264,93,3,171,11,9558
2024-07-07T14:48:08.029000+00:00,281,141,4,140,11,9558
2024-07-07T14:48:59.708000+00:00,254,177,5,77,11,9558
2024-07-07T14:49:09.349000+00:00,254,86,2,168,11,9558
2024-07-07T14:49:53.589000+00:00,247,106,3,141,11,9558
2024-07-07T14:50:15.909000+00:00,294,156,4,138,11,9558
2024-07-07T14:51:04.029000+00:00,298,203,5,95,11,9558
2024-07-07T14:51:12.030000+00:00,257,101,3,156,11,9558
2024-07-07T14:51:34.149000+00:00,276,110,3,166,11,9558
2024-07-07T14:51:56.069000+00:00,283,162,4,121,11,9558
2024-07-07T14:52:01.069000+00:00,164,120,3,44,11,9558
2024-07-07T14:52:16.509000+00:00,299,257,7,42,11,9558
2024-07-07T14:52:43.749000+00:00,296,188,5,108,11,9558
2024-07-07T14:52:51.950000+00:00,244,95,3,149,11,9558
2024-07-07T14:53:14.109000+00:00,272,95,3,177,11,9558
2024-07-07T14:53:35.989000+00:00,286,149,4,137,11,9558
2024-07-07T14:54:25.630000+00:00,275,185,5,90,11,9558
2024-07-07T14:54:34.069000+00:00,229,96,3,133,11,9558
2024-07-07T14:54:57.070000+00:00,254,97,3,157,11,9558
2024-07-07T14:55:03.510000+00:00,129,76,3,53,11,9558
2024-07-07T14:55:19.230000+00:00,295,142,4,153,11,9558
2024-07-07T14:55:25.230000+00:00,155,108,4,47,11,9558
2024-07-07T14:56:09.230000+00:00,289,193,5,96,11,9558
2024-07-07T14:56:17.470000+00:00,254,90,3,164,11,9558
2024-07-07T14:56:40.830000+00:00,265,94,3,171,11,9558
2024-07-07T14:56:47.871000+00:00,120,74,3,46,11,9558
2024-07-07T14:57:03.870000+00:00,289,144,4,145,11,9558
2024-07-07T14:57:53.711000+00:00,302,182,5,120,11,9558
2024-07-07T14:58:02.430000+00:00,257,88,3,169,11,9558
2024-07-07T14:58:25.550000+00:00,257,88,3,169,11,9558
2024-07-07T14:58:48.551000+00:00,292,141,4,151,11,9558
2024-07-07T14:59:10.830000+00:00,297,230,6,67,11,9558
2024-07-07T14:59:39.951000+00:00,290,188,5,102,11,9558
2024-07-07T14:59:48.031000+00:00,248,91,3,157,11,9558
2024-07-07T15:00:10.710000+00:00,271,91,3,180,11,9558
2024-07-07T15:00:33.511000+00:00,282,152,4,130,11,9558
2024-07-07T15:01:23.951000+00:00,289,185,5,104,11,9558
2024-07-07T15:01:31.751000+00:00,261,98,3,163,11,9558
2024-07-07T15:01:54.311000+00:00,261,93,3,168,11,9558
2024-07-07T15:02:16.352000+00:00,288,147,4,141,11,9558
2024-07-07T15:02:38.231000+00:00,292,244,6,48,11,9558
2024-07-07T15:03:06.031000+00:00,295,192,5,103,11,9558
2024-07-07T15:03:13.871000+00:00,253,111,3,142,11,9558
2024-07-07T15:03:35.832000+00:00,273,98,3,175,11,9558
2024-07-07T15:03:57.912000+00:00,292,143,4,149,11,9558
2024-07-07T15:04:03.312000+00:00,156,107,3,49,11,9558
2024-07-07T15:04:19.351000+00:00,285,239,6,46,11,9558
2024-07-07T15:04:46.591000+00:00,285,188,5,97,11,9558
2024-07-07T15:04:55.872000+00:00,249,77,1,172,11,9558
2024-07-07T15:05:37.232000+00:00,236,93,3,143,11,9558
2024-07-07T15:05:59.551000+00:00,291,160,4,131,11,9558
2024-07-07T15:06:04.832000+00:00,160,118,3,42,11,9558
2024-07-07T15:06:20.112000+00:00,291,250,7,41,11,9558
2024-07-07T15:06:47.032000+00:00,285,201,5,84,11,9558
2024-07-07T15:06:54.272000+00:00,255,109,3,146,11,9558
2024-07-07T15:07:15.832000+00:00,280,110,3,170,11,9558
2024-07-07T15:07:20.952000+00:00,145,93,2,52,11,9558
2024-07-07T15:07:35.832000+00:00,274,175,4,99,11,9558
2024-07-07T15:07:40.352000+00:00,178,126,3,52,11,9558
2024-07-07T15:08:20.792000+00:00,286,208,5,78,11,9558
2024-07-07T15:08:28.152000+00:00,260,108,3,152,11,9558
2024-07-07T15:08:48.432000+00:00,267,112,3,155,11,9558
2024-07-07T15:08:53.553000+00:00,152,93,3,59,11,9558
2024-07-07T15:09:08.912000+00:00,217,155,4,62,11,9558
2024-07-07T15:09:53.993000+00:00,318,204,5,114,11,9558
2024-07-07T15:10:01.432000+00:00,264,107,3,157,11,9558
2024-07-07T15:10:21.393000+00:00,290,108,3,182,11,9558
2024-07-07T15:10:26.633000+00:00,146,99,3,47,11,9558
2024-07-07T15:10:41.233000+00:00,293,179,4,114,11,9558
2024-07-07T15:10:45.833000+00:00,178,134,3,44,11,9558
2024-07-07T15:11:25.553000+00:00,298,234,7,64,11,9558
2024-07-07T15:11:32.913000+00:00,263,116,3,147,11,9558
2024-07-07T15:11:52.193000+00:00,285,116,3,169,11,9558
2024-07-07T15:12:12.113000+00:00,280,169,4,111,11,9558
2024-07-07T15:12:16.433000+00:00,180,131,3,49,11,9558
2024-07-07T15:12:56.073000+00:00,292,218,6,74,11,9558
2024-07-07T15:13:02.913000+00:00,268,113,3,155,11,9558
2024-07-07T15:13:22.714000+00:00,283,111,3,172,11,9558
2024-07-07T15:13:42.434000+00:00,292,175,4,117,11,9558
2024-07-07T15:13:46.793000+00:00,186,131,3,55,11,9558
2024-07-07T15:14:26.634000+00:00,291,234,6,57,11,9558
2024-07-07T15:14:33.914000+00:00,238,116,3,122,11,9558
2024-07-07T15:14:52.994000+00:00,277,113,3,164,11,9558
2024-07-07T15:14:57.913000+00:00,147,93,3,54,11,9558
2024-07-07T15:15:13.354000+00:00,245,171,4,74,11,9558
2024-07-07T15:15:17.233000+00:00,183,131,3,52,11,9558
2024-07-07T15:15:56.874000+00:00,293,241,7,52,11,9558
2024-07-07T15:16:04.154000+00:00,250,115,3,135,11,9558
2024-07-07T15:16:24.074000+00:00,211,114,3,97,11,9558
2024-07-07T15:16:43.354000+00:00,285,174,4,111,11,9558
2024-07-07T15:16:47.754000+00:00,184,131,3,53,11,9558
2024-07-07T15:17:27.594000+00:00,287,217,6,70,11,9558
2024-07-07T15:17:34.594000+00:00,259,116,3,143,11,9558
2024-07-07T15:17:53.994000+00:00,275,128,3,147,11,9558
2024-07-07T15:17:58.754000+00:00,146,98,3,48,11,9558
2024-07-07T15:18:13.754000+00:00,289,178,4,111,11,9558
2024-07-07T15:18:18.035000+00:00,190,115,3,75,11,9558
2024-07-07T15:18:57.715000+00:00,288,235,8,53,11,9558
2024-07-07T15:19:04.835000+00:00,256,126,3,130,11,9558
2024-07-07T15:19:24.155000+00:00,277,113,3,164,11,9558
2024-07-07T15:19:29.034000+00:00,149,95,3,54,11,9558
2024-07-07T15:19:44.715000+00:00,240,172,4,68,11,9558
2024-07-07T15:19:48.474000+00:00,187,133,3,54,11,9558
2024-07-07T15:20:28.475000+00:00,266,221,6,45,11,9558
2024-07-07T15:20:36.115000+00:00,254,74,2,180,11,9558
2024-07-07T15:21:17.075000+00:00,202,97,2,105,11,9558
2024-07-07T15:21:40.234000+00:00,261,155,4,106,11,9558
2024-07-07T15:21:59.675000+00:00,226,183,6,43,11,9558
2024-07-07T15:22:30.435000+00:00,286,194,5,92,11,9558
2024-07-07T15:22:38.355000+00:00,225,86,2,139,11,9558
2024-07-07T15:23:00.716000+00:00,270,109,3,161,11,9558
2024-07-07T15:23:23.155000+00:00,224,156,4,68,11,9558
2024-07-07T15:24:09.515000+00:00,298,192,5,106,11,9558
2024-07-07T15:24:17.555000+00:00,248,103,3,145,11,9558
2024-07-07T15:24:37.835000+00:00,296,114,3,182,11,9558
2024-07-07T15:24:42.635000+00:00,148,98,2,50,11,9558
2024-07-07T15:24:57.835000+00:00,296,177,4,119,11,9558
2024-07-07T15:25:02.195000+00:00,189,135,3,54,11,9558
2024-07-07T15:25:41.396000+00:00,300,243,7,57,11,9558
2024-07-07T15:25:48.036000+00:00,280,124,3,156,11,9558
2024-07-07T15:26:01.436000+00:00,289,220,7,69,11,9558
2024-07-07T15:26:11.076000+00:00,161,107,3,54,11,9558
2024-07-07T13:21:26.011000+00:00,233,86,2,147,14,9558
2024-07-07T13:21:50.211000+00:00,281,128,4,153,14,9558
2024-07-07T13:22:13.891000+00:00,285,208,6,77,14,9558
2024-07-07T13:22:24.492000+00:00,274,233,6,41,14,9558
2024-07-07T13:22:43.892000+00:00,271,192,5,79,14,9558
2024-07-07T13:22:52.372000+00:00,239,82,2,157,14,9558
2024-07-07T13:23:28.531000+00:00,241,96,3,145,14,9558
2024-07-07T13:23:35.491000+00:00,126,80,2,46,14,9558
2024-07-07T13:23:51.652000+00:00,266,132,3,134,14,9558
2024-07-07T13:24:13.651000+00:00,284,233,6,51,14,9558
2024-07-07T13:24:42.212000+00:00,263,186,5,77,14,9558
2024-07-07T13:24:50.972000+00:00,237,75,2,162,14,9558
2024-07-07T13:25:27.492000+00:00,239,96,3,143,14,9558
2024-07-07T13:25:51.412000+00:00,239,136,3,103,14,9558
2024-07-07T13:25:57.132000+00:00,145,103,3,42,14,9558
2024-07-07T13:26:43.012000+00:00,264,201,6,63,14,9558
2024-07-07T13:26:51.092000+00:00,239,79,2,160,14,9558
2024-07-07T13:27:00.373000+00:00,111,55,0,56,14,9558
2024-07-07T14:00:37.059000+00:00,254,83,2,171,14,9558
2024-07-07T14:01:00.619000+00:00,270,163,4,107,14,9558
2024-07-07T14:01:25.099000+00:00,245,81,2,164,14,9558
2024-07-07T14:01:59.500000+00:00,164,91,3,73,14,9558
2024-07-07T14:02:07.419000+00:00,170,67,2,103,14,9558
2024-07-07T14:03:20.339000+00:00,239,197,5,42,14,9558
2024-07-07T14:03:26.900000+00:00,274,92,2,182,14,9558
2024-07-07T14:03:48.339000+00:00,293,155,4,138,14,9558
2024-07-07T14:04:35.099000+00:00,292,214,6,78,14,9558
2024-07-07T14:04:42.659000+00:00,238,92,3,146,14,9558
2024-07-07T14:05:02.780000+00:00,283,105,3,178,14,9558
2024-07-07T14:05:08.619000+00:00,140,97,3,43,14,9558
2024-07-07T14:05:23.260000+00:00,272,159,4,113,14,9558
2024-07-07T14:05:28.459000+00:00,164,123,3,41,14,9558
2024-07-07T14:06:08.580000+00:00,314,203,5,111,14,9558
2024-07-07T14:06:16.220000+00:00,239,107,3,132,14,9558
2024-07-07T14:06:36.340000+00:00,256,108,3,148,14,9558
2024-07-07T14:06:56.140000+00:00,306,145,4,161,14,9558
2024-07-07T14:07:01.301000+00:00,165,120,3,45,14,9558
2024-07-07T14:07:41.341000+00:00,312,210,5,102,14,9558
2024-07-07T14:07:48.981000+00:00,254,105,3,149,14,9558
2024-07-07T14:08:09.181000+00:00,273,108,3,165,14,9558
2024-07-07T14:08:29.660000+00:00,270,155,4,115,14,9558
2024-07-07T14:08:34.181000+00:00,175,114,3,61,14,9558
2024-07-07T14:09:15.141000+00:00,270,217,6,53,14,9558
2024-07-07T14:09:22.221000+00:00,252,103,3,149,14,9558
2024-07-07T14:09:42.221000+00:00,285,106,3,179,14,9558
2024-07-07T14:10:02.461000+00:00,289,161,4,128,14,9558
2024-07-07T14:10:07.021000+00:00,178,125,3,53,14,9558
2024-07-07T14:10:47.781000+00:00,288,220,6,68,14,9558
2024-07-07T14:10:55.221000+00:00,239,100,3,139,14,9558
2024-07-07T14:11:14.821000+00:00,281,102,3,179,14,9558
2024-07-07T14:11:35.461000+00:00,262,165,4,97,14,9558
2024-07-07T14:11:39.821000+00:00,168,117,3,51,14,9558
2024-07-07T14:12:20.261000+00:00,291,214,6,77,14,9558
2024-07-07T14:12:27.901000+00:00,233,98,3,135,14,9558
2024-07-07T14:12:47.501000+00:00,284,121,3,163,14,9558
2024-07-07T14:13:08.021000+00:00,267,162,4,105,14,9558
2024-07-07T14:13:12.421000+00:00,175,120,3,55,14,9558
2024-07-07T14:13:53.141000+00:00,281,204,5,77,14,9558
2024-07-07T14:14:00.621000+00:00,221,105,3,116,14,9558
2024-07-07T14:14:20.181000+00:00,291,104,3,187,14,9558
2024-07-07T14:14:25.502000+00:00,144,93,3,51,14,9558
2024-07-07T14:14:40.741000+00:00,289,143,4,146,14,9558
2024-07-07T14:14:45.182000+00:00,175,118,3,57,14,9558
2024-07-07T14:15:25.622000+00:00,296,220,6,76,14,9558
2024-07-07T14:15:33.062000+00:00,252,105,3,147,14,9558
2024-07-07T14:15:53.022000+00:00,255,98,3,157,14,9558
2024-07-07T14:15:58.142000+00:00,143,102,3,41,14,9558
2024-07-07T14:16:13.182000+00:00,295,154,4,141,14,9558
2024-07-07T14:16:17.862000+00:00,171,120,3,51,14,9558
2024-07-07T14:16:58.222000+00:00,287,211,5,76,14,9558
2024-07-07T14:17:05.582000+00:00,252,109,3,143,14,9558
2024-07-07T14:17:25.622000+00:00,249,112,3,137,14,9558
2024-07-07T14:17:45.983000+00:00,277,144,4,133,14,9558
2024-07-07T14:18:31.022000+00:00,286,216,6,70,14,9558
2024-07-07T14:18:38.503000+00:00,243,103,3,140,14,9558
2024-07-07T14:18:58.143000+00:00,279,110,3,169,14,9558
2024-07-07T14:19:03.422000+00:00,144,103,3,41,14,9558
2024-07-07T14:19:18.583000+00:00,287,145,4,142,14,9558
2024-07-07T14:20:03.542000+00:00,295,240,6,55,14,9558
2024-07-07T14:20:10.983000+00:00,249,97,3,152,14,9558
2024-07-07T14:20:30.583000+00:00,280,121,3,159,14,9558
2024-07-07T14:20:35.903000+00:00,141,99,3,42,14,9558
2024-07-07T14:20:51.103000+00:00,285,154,4,131,14,9558
2024-07-07T14:20:55.503000+00:00,172,110,3,62,14,9558
2024-07-07T14:21:43.144000+00:00,254,98,3,156,14,9558
2024-07-07T14:22:03.264000+00:00,260,107,3,153,14,9558
2024-07-07T14:22:23.504000+00:00,282,153,4,129,14,9558
2024-07-07T14:22:28.023000+00:00,171,107,3,64,14,9558
2024-07-07T14:23:08.384000+00:00,296,212,5,84,14,9558
2024-07-07T14:23:15.744000+00:00,257,104,3,153,14,9558
2024-07-07T14:23:35.504000+00:00,282,105,3,177,14,9558
2024-07-07T14:23:56.024000+00:00,276,148,4,128,14,9558
2024-07-07T14:24:00.824000+00:00,160,112,3,48,14,9558
2024-07-07T14:24:40.664000+00:00,295,214,6,81,14,9558
2024-07-07T14:24:48.144000+00:00,248,100,3,148,14,9558
2024-07-07T14:25:08.184000+00:00,245,114,3,131,14,9558
2024-07-07T14:25:13.304000+00:00,148,89,3,59,14,9558
2024-07-07T14:25:28.584000+00:00,271,146,4,125,14,9558
2024-07-07T14:25:32.904000+00:00,173,115,3,58,14,9558
2024-07-07T14:26:13.264000+00:00,291,223,6,68,14,9558
2024-07-07T14:26:20.504000+00:00,260,102,3,158,14,9558
2024-07-07T14:26:40.304000+00:00,289,105,3,184,14,9558
2024-07-07T14:26:45.705000+00:00,141,94,3,47,14,9558
2024-07-07T14:27:00.664000+00:00,281,157,4,124,14,9558
2024-07-07T14:27:05.465000+00:00,165,123,3,42,14,9558
2024-07-07T14:27:44.945000+00:00,318,200,5,118,14,9558
2024-07-07T14:27:52.705000+00:00,248,100,3,148,14,9558
2024-07-07T14:28:12.785000+00:00,272,104,3,168,14,9558
2024-07-07T14:28:33.265000+00:00,281,167,4,114,14,9558
2024-07-07T14:28:37.785000+00:00,170,114,3,56,14,9558
2024-07-07T14:29:17.305000+00:00,316,163,4,153,14,9558
2024-07-07T14:29:26.985000+00:00,252,96,3,156,14,9558
2024-07-07T14:29:48.065000+00:00,278,107,3,171,14,9558
2024-07-07T14:30:08.345000+00:00,299,139,4,160,14,9558
2024-07-07T14:30:53.545000+00:00,310,193,5,117,14,9558
2024-07-07T14:31:02.426000+00:00,244,83,3,161,14,9558
2024-07-07T14:31:17.745000+00:00,280,224,6,56,14,9558
2024-07-07T14:31:25.585000+00:00,236,91,2,145,14,9558
2024-07-07T14:31:32.905000+00:00,128,68,2,60,14,9558
2024-07-07T14:31:49.506000+00:00,286,147,4,139,14,9558
2024-07-07T14:32:19.425000+00:00,280,223,7,57,14,9558
2024-07-07T14:32:38.985000+00:00,309,159,4,150,14,9558
2024-07-07T14:32:48.426000+00:00,255,85,3,170,14,9558
2024-07-07T14:33:11.585000+00:00,255,108,3,147,14,9558
2024-07-07T14:33:17.625000+00:00,132,85,3,47,14,9558
2024-07-07T14:33:32.425000+00:00,284,148,4,136,14,9558
2024-07-07T14:34:18.946000+00:00,300,199,5,101,14,9558
2024-07-07T14:34:26.786000+00:00,264,90,3,174,14,9558
2024-07-07T14:34:47.386000+00:00,283,103,3,180,14,9558
2024-07-07T14:34:53.106000+00:00,143,93,3,50,14,9558
2024-07-07T14:35:07.946000+00:00,271,159,4,112,14,9558
2024-07-07T14:35:12.586000+00:00,178,122,3,56,14,9558
2024-07-07T14:35:52.906000+00:00,294,214,6,80,14,9558
2024-07-07T14:36:00.706000+00:00,262,97,3,165,14,9558
2024-07-07T14:36:20.666000+00:00,255,104,3,151,14,9558
2024-07-07T14:36:25.866000+00:00,141,91,3,50,14,9558
2024-07-07T14:36:40.906000+00:00,269,157,4,112,14,9558
2024-07-07T14:36:45.466000+00:00,172,131,3,41,14,9558
2024-07-07T14:37:25.786000+00:00,285,212,6,73,14,9558
2024-07-07T14:37:33.106000+00:00,264,97,3,167,14,9558
2024-07-07T14:37:53.266000+00:00,289,104,3,185,14,9558
2024-07-07T14:37:58.587000+00:00,149,95,3,54,14,9558
2024-07-07T14:38:13.786000+00:00,277,156,4,121,14,9558
2024-07-07T14:38:18.107000+00:00,177,125,3,52,14,9558
2024-07-07T14:38:58.427000+00:00,275,220,6,55,14,9558
2024-07-07T14:39:05.707000+00:00,248,94,3,154,14,9558
2024-07-07T14:39:26.147000+00:00,262,113,3,149,14,9558
2024-07-07T14:39:31.467000+00:00,145,94,3,51,14,9558
2024-07-07T14:39:46.547000+00:00,265,149,4,116,14,9558
2024-07-07T14:39:51.067000+00:00,175,123,3,52,14,9558
2024-07-07T14:40:31.467000+00:00,295,201,5,94,14,9558
2024-07-07T14:40:39.267000+00:00,259,91,3,168,14,9558
2024-07-07T14:40:59.987000+00:00,281,108,3,173,14,9558
2024-07-07T14:41:20.548000+00:00,265,153,4,112,14,9558
2024-07-07T14:41:25.467000+00:00,165,122,3,43,14,9558
2024-07-07T14:42:06.868000+00:00,281,195,5,86,14,9558
2024-07-07T14:42:14.627000+00:00,259,98,3,161,14,9558
2024-07-07T14:42:36.267000+00:00,271,101,3,170,14,9558
2024-07-07T14:42:41.947000+00:00,139,96,3,43,14,9558
2024-07-07T14:42:56.667000+00:00,287,125,4,162,14,9558
2024-07-07T14:43:18.428000+00:00,279,223,6,56,14,9558
2024-07-07T14:43:47.108000+00:00,300,166,4,134,14,9558
2024-07-07T14:43:56.227000+00:00,222,87,3,135,14,9558
2024-07-07T14:44:20.588000+00:00,240,90,3,150,14,9558
2024-07-07T14:44:41.628000+00:00,276,126,3,150,14,9558
2024-07-07T14:45:05.468000+00:00,287,196,5,91,14,9558
2024-07-07T14:45:16.627000+00:00,274,221,5,53,14,9558
2024-07-07T14:45:37.068000+00:00,273,146,4,127,14,9558
2024-07-07T14:45:47.108000+00:00,246,85,2,161,14,9558
2024-07-07T14:46:28.948000+00:00,232,91,3,141,14,9558
2024-07-07T14:46:35.348000+00:00,135,86,3,49,14,9558
2024-07-07T14:46:50.828000+00:00,260,132,3,128,14,9558
2024-07-07T14:47:40.748000+00:00,277,180,5,97,14,9558
2024-07-07T14:47:49.149000+00:00,241,90,3,151,14,9558
2024-07-07T14:48:13.588000+00:00,251,87,3,164,14,9558
2024-07-07T14:48:19.788000+00:00,136,80,3,56,14,9558
2024-07-07T14:48:35.829000+00:00,242,129,4,113,14,9558
2024-07-07T14:48:41.229000+00:00,162,118,3,44,14,9558
2024-07-07T14:48:56.789000+00:00,283,240,7,43,14,9558
2024-07-07T14:49:24.708000+00:00,278,168,5,110,14,9558
2024-07-07T14:49:33.429000+00:00,240,79,3,161,14,9558
2024-07-07T14:49:56.309000+00:00,240,89,3,151,14,9558
2024-07-07T14:50:18.269000+00:00,273,128,4,145,14,9558
2024-07-07T14:50:23.989000+00:00,160,115,3,45,14,9558
2024-07-07T14:50:39.389000+00:00,286,237,7,49,14,9558
2024-07-07T14:51:07.749000+00:00,284,182,5,102,14,9558
2024-07-07T14:51:16.029000+00:00,248,85,3,163,14,9558
2024-07-07T14:51:38.590000+00:00,262,88,3,174,14,9558
2024-07-07T14:51:44.870000+00:00,127,84,3,43,14,9558
2024-07-07T14:52:00.829000+00:00,263,132,4,131,14,9558
2024-07-07T14:52:06.309000+00:00,159,114,3,45,14,9558
2024-07-07T14:52:21.829000+00:00,297,243,6,54,14,9558
2024-07-07T14:52:49.949000+00:00,288,186,5,102,14,9558
2024-07-07T14:52:58.190000+00:00,256,86,3,170,14,9558
2024-07-07T14:53:21.189000+00:00,264,88,3,176,14,9558
2024-07-07T14:53:43.470000+00:00,286,127,3,159,14,9558
2024-07-07T14:53:49.309000+00:00,161,107,3,54,14,9558
2024-07-07T14:54:05.190000+00:00,288,235,6,53,14,9558
2024-07-07T14:54:14.229000+00:00,287,243,6,44,14,9558
2024-07-07T14:54:33.230000+00:00,288,177,5,111,14,9558
2024-07-07T14:54:41.909000+00:00,256,78,3,178,14,9558
2024-07-07T14:55:04.950000+00:00,262,85,3,177,14,9558
2024-07-07T14:55:27.709000+00:00,255,135,4,120,14,9558
2024-07-07T14:55:49.150000+00:00,292,239,6,53,14,9558
2024-07-07T14:56:17.230000+00:00,288,175,5,113,14,9558
2024-07-07T14:56:25.830000+00:00,253,79,3,174,14,9558
2024-07-07T14:56:49.190000+00:00,268,83,3,185,14,9558
2024-07-07T14:57:12.230000+00:00,248,136,4,112,14,9558
2024-07-07T14:57:17.510000+00:00,159,93,3,66,14,9558
2024-07-07T14:58:02.190000+00:00,261,178,5,83,14,9558
2024-07-07T14:58:10.550000+00:00,235,81,3,154,14,9558
2024-07-07T14:58:33.431000+00:00,258,81,3,177,14,9558
2024-07-07T14:58:56.350000+00:00,278,130,4,148,14,9558
2024-07-07T14:59:02.351000+00:00,147,100,3,47,14,9558
2024-07-07T14:59:18.390000+00:00,287,243,7,44,14,9558
2024-07-07T14:59:46.671000+00:00,287,181,5,106,14,9558
2024-07-07T14:59:54.911000+00:00,260,90,3,170,14,9558
2024-07-07T15:00:17.430000+00:00,268,90,3,178,14,9558
2024-07-07T15:00:40.351000+00:00,259,128,4,131,14,9558
2024-07-07T15:00:46.071000+00:00,147,103,3,44,14,9558
2024-07-07T15:01:29.711000+00:00,296,178,5,118,14,9558
2024-07-07T15:01:38.151000+00:00,226,83,3,143,14,9558
2024-07-07T15:01:59.631000+00:00,271,87,3,184,14,9558
2024-07-07T15:02:22.631000+00:00,245,131,4,114,14,9558
2024-07-07T15:03:11.112000+00:00,289,186,5,103,14,9558
2024-07-07T15:03:19.431000+00:00,219,91,3,128,14,9558
2024-07-07T15:03:40.551000+00:00,264,97,3,167,14,9558
2024-07-07T15:04:02.752000+00:00,289,131,4,158,14,9558
2024-07-07T15:04:50.952000+00:00,289,200,5,89,14,9558
2024-07-07T15:04:59.631000+00:00,244,81,2,163,14,9558
2024-07-07T15:05:41.672000+00:00,251,100,3,151,14,9558
2024-07-07T15:05:47.752000+00:00,137,87,2,50,14,9558
2024-07-07T15:06:02.632000+00:00,281,142,4,139,14,9558
2024-07-07T15:06:34.552000+00:00,253,209,5,44,14,9558
2024-07-07T15:06:50.192000+00:00,288,206,6,82,14,9558
2024-07-07T15:06:58.192000+00:00,228,101,3,127,14,9558
2024-07-07T15:07:17.912000+00:00,292,110,3,182,14,9558
2024-07-07T15:07:23.512000+00:00,144,102,3,42,14,9558
2024-07-07T15:07:38.272000+00:00,257,148,4,109,14,9558
2024-07-07T15:07:42.952000+00:00,173,129,3,44,14,9558
2024-07-07T15:08:22.912000+00:00,276,213,6,63,14,9558
2024-07-07T15:08:30.232000+00:00,227,109,3,118,14,9558
2024-07-07T15:08:49.432000+00:00,264,113,3,151,14,9558
2024-07-07T15:08:54.472000+00:00,149,99,3,50,14,9558
2024-07-07T15:09:08.512000+00:00,291,158,4,133,14,9558
2024-07-07T15:09:53.593000+00:00,289,222,6,67,14,9558
2024-07-07T15:10:00.593000+00:00,263,101,3,162,14,9558
2024-07-07T15:10:19.993000+00:00,275,109,3,166,14,9558
2024-07-07T15:10:25.233000+00:00,142,101,3,41,14,9558
2024-07-07T15:10:39.753000+00:00,285,161,4,124,14,9558
2024-07-07T15:10:44.393000+00:00,174,128,3,46,14,9558
2024-07-07T15:11:23.713000+00:00,291,235,7,56,14,9558
2024-07-07T15:11:30.793000+00:00,257,104,3,153,14,9558
2024-07-07T15:11:50.113000+00:00,281,109,3,172,14,9558
2024-07-07T15:11:55.113000+00:00,146,95,3,51,14,9558
2024-07-07T15:12:10.153000+00:00,281,164,5,117,14,9558
2024-07-07T15:12:14.353000+00:00,181,132,3,49,14,9558
2024-07-07T15:12:54.033000+00:00,280,231,7,49,14,9558
2024-07-07T15:13:00.994000+00:00,259,107,3,152,14,9558
2024-07-07T15:13:20.193000+00:00,281,121,3,160,14,9558
2024-07-07T15:13:40.153000+00:00,273,167,4,106,14,9558
2024-07-07T15:14:24.233000+00:00,271,230,7,41,14,9558
2024-07-07T15:14:30.793000+00:00,266,116,3,150,14,9558
2024-07-07T15:14:50.313000+00:00,265,115,3,150,14,9558
2024-07-07T15:14:54.994000+00:00,146,92,3,54,14,9558
2024-07-07T15:15:10.074000+00:00,285,166,5,119,14,9558
2024-07-07T15:15:14.114000+00:00,188,117,3,71,14,9558
2024-07-07T15:15:53.954000+00:00,281,238,7,43,14,9558
2024-07-07T15:16:00.994000+00:00,240,101,3,139,14,9558
2024-07-07T15:16:20.114000+00:00,276,111,3,165,14,9558
2024-07-07T15:16:24.994000+00:00,144,103,3,41,14,9558
2024-07-07T15:16:39.954000+00:00,284,177,5,107,14,9558
2024-07-07T15:16:44.034000+00:00,187,126,3,61,14,9558
2024-07-07T15:17:30.594000+00:00,262,105,3,157,14,9558
2024-07-07T15:17:49.714000+00:00,284,104,3,180,14,9558
2024-07-07T15:17:54.754000+00:00,144,95,3,49,14,9558
2024-07-07T15:18:09.594000+00:00,290,164,4,126,14,9558
2024-07-07T15:18:13.994000+00:00,183,120,3,63,14,9558
2024-07-07T15:19:00.314000+00:00,266,102,3,164,14,9558
2024-07-07T15:19:19.834000+00:00,248,117,3,131,14,9558
2024-07-07T15:19:24.435000+00:00,148,93,3,55,14,9558
2024-07-07T15:19:39.594000+00:00,287,161,4,126,14,9558
2024-07-07T15:19:43.955000+00:00,181,123,3,58,14,9558
2024-07-07T15:20:30.315000+00:00,252,106,3,146,14,9558
2024-07-07T15:20:49.835000+00:00,248,114,3,134,14,9558
2024-07-07T15:21:09.715000+00:00,276,173,5,103,14,9558
2024-07-07T15:21:13.954000+00:00,186,131,3,55,14,9558
2024-07-07T15:22:01.155000+00:00,228,105,3,123,14,9558
2024-07-07T15:22:20.356000+00:00,258,112,3,146,14,9558
2024-07-07T15:22:40.516000+00:00,257,178,5,79,14,9558
2024-07-07T15:22:45.115000+00:00,167,126,3,41,14,9558
2024-07-07T15:23:31.875000+00:00,230,109,3,121,14,9558
2024-07-07T15:23:51.075000+00:00,269,112,3,157,14,9558
2024-07-07T15:24:11.355000+00:00,249,159,5,90,14,9558
2024-07-07T15:24:15.595000+00:00,175,130,3,45,14,9558
2024-07-07T15:25:02.195000+00:00,241,105,3,136,14,9558
2024-07-07T15:25:21.956000+00:00,231,115,4,116,14,9558
2024-07-07T15:25:41.876000+00:00,260,172,5,88,14,9558
2024-07-07T15:26:33.596000+00:00,242,111,3,131,14,9558
2024-07-07T13:20:52.651000+00:00,220,93,3,127,16,9558
2024-07-07T13:21:16.251000+00:00,273,126,3,147,16,9558
2024-07-07T13:21:39.811000+00:00,278,214,5,64,16,9558
2024-07-07T13:22:09.331000+00:00,279,190,5,89,16,9558
2024-07-07T13:22:18.172000+00:00,242,80,2,162,16,9558
2024-07-07T13:23:03.492000+00:00,220,104,3,116,16,9558
2024-07-07T13:23:25.892000+00:00,265,144,4,121,16,9558
2024-07-07T13:23:31.172000+00:00,151,105,3,46,16,9558
2024-07-07T13:23:47.451000+00:00,280,225,6,55,16,9558
2024-07-07T13:24:15.531000+00:00,278,183,5,95,16,9558
2024-07-07T13:24:24.292000+00:00,221,79,2,142,16,9558
2024-07-07T13:26:40.292000+00:00,237,114,3,123,16,9558
2024-07-07T13:27:01.293000+00:00,259,164,4,95,16,9558
2024-07-07T13:27:20.813000+00:00,282,230,6,52,16,9558
2024-07-07T13:27:48.772000+00:00,284,230,5,54,16,9558
2024-07-07T13:27:56.652000+00:00,245,94,2,151,16,9558
2024-07-07T13:28:06.133000+00:00,113,52,0,61,16,9558
2024-07-07T14:00:40.539000+00:00,251,116,3,135,16,9558
2024-07-07T14:00:46.339000+00:00,134,90,2,44,16,9558
2024-07-07T14:01:02.779000+00:00,256,155,4,101,16,9558
2024-07-07T14:01:27.819000+00:00,249,82,2,167,16,9558
2024-07-07T14:02:01.179000+00:00,196,59,2,137,16,9558
2024-07-07T14:02:08.659000+00:00,196,57,1,139,16,9558
2024-07-07T14:03:26.580000+00:00,274,88,3,186,16,9558
2024-07-07T14:03:32.940000+00:00,128,78,2,50,16,9558
2024-07-07T14:03:47.779000+00:00,294,174,4,120,16,9558
2024-07-07T14:04:34.140000+00:00,296,214,6,82,16,9558
2024-07-07T14:04:41.699000+00:00,263,97,2,166,16,9558
2024-07-07T14:05:02.219000+00:00,260,108,3,152,16,9558
2024-07-07T14:05:07.780000+00:00,133,91,3,42,16,9558
2024-07-07T14:05:22.139000+00:00,312,158,4,154,16,9558
2024-07-07T14:06:07.420000+00:00,313,221,5,92,16,9558
2024-07-07T14:06:15.021000+00:00,258,101,3,157,16,9558
2024-07-07T14:06:34.981000+00:00,272,118,3,154,16,9558
2024-07-07T14:06:54.901000+00:00,309,155,4,154,16,9558
2024-07-07T14:07:39.860000+00:00,316,223,6,93,16,9558
2024-07-07T14:07:47.461000+00:00,262,102,3,160,16,9558
2024-07-07T14:08:08.061000+00:00,218,115,3,103,16,9558
2024-07-07T14:08:12.860000+00:00,133,91,3,42,16,9558
2024-07-07T14:08:27.501000+00:00,306,154,4,152,16,9558
2024-07-07T14:08:32.540000+00:00,158,116,3,42,16,9558
2024-07-07T14:09:12.220000+00:00,303,220,6,83,16,9558
2024-07-07T14:09:20.021000+00:00,262,98,3,164,16,9558
2024-07-07T14:09:40.061000+00:00,280,108,3,172,16,9558
2024-07-07T14:09:59.981000+00:00,308,151,4,157,16,9558
2024-07-07T14:10:44.901000+00:00,316,217,6,99,16,9558
2024-07-07T14:10:52.661000+00:00,265,104,3,161,16,9558
2024-07-07T14:11:12.861000+00:00,278,118,3,160,16,9558
2024-07-07T14:11:18.221000+00:00,136,94,3,42,16,9558
2024-07-07T14:11:32.901000+00:00,305,159,4,146,16,9558
2024-07-07T14:12:17.662000+00:00,321,202,6,119,16,9558
2024-07-07T14:12:25.221000+00:00,255,94,2,161,16,9558
2024-07-07T14:12:45.421000+00:00,281,111,3,170,16,9558
2024-07-07T14:13:05.861000+00:00,292,159,4,133,16,9558
2024-07-07T14:13:50.342000+00:00,315,217,5,98,16,9558
2024-07-07T14:13:58.462000+00:00,245,98,3,147,16,9558
2024-07-07T14:14:18.182000+00:00,273,112,3,161,16,9558
2024-07-07T14:14:23.662000+00:00,137,95,3,42,16,9558
2024-07-07T14:14:38.422000+00:00,299,145,4,154,16,9558
2024-07-07T14:15:22.942000+00:00,314,212,5,102,16,9558
2024-07-07T14:15:31.142000+00:00,259,99,3,160,16,9558
2024-07-07T14:15:50.902000+00:00,283,112,3,171,16,9558
2024-07-07T14:16:11.142000+00:00,306,156,4,150,16,9558
2024-07-07T14:16:55.742000+00:00,313,222,6,91,16,9558
2024-07-07T14:17:03.422000+00:00,264,98,3,166,16,9558
2024-07-07T14:17:23.302000+00:00,280,118,3,162,16,9558
2024-07-07T14:17:43.462000+00:00,307,157,4,150,16,9558
2024-07-07T14:18:28.342000+00:00,299,222,6,77,16,9558
2024-07-07T14:18:35.702000+00:00,259,98,3,161,16,9558
2024-07-07T14:18:55.822000+00:00,278,114,3,164,16,9558
2024-07-07T14:19:01.303000+00:00,137,87,3,50,16,9558
2024-07-07T14:19:15.942000+00:00,307,155,4,152,16,9558
2024-07-07T14:20:00.463000+00:00,313,222,6,91,16,9558
2024-07-07T14:20:08.263000+00:00,263,99,3,164,16,9558
2024-07-07T14:20:28.263000+00:00,276,106,3,170,16,9558
2024-07-07T14:20:48.583000+00:00,293,154,4,139,16,9558
2024-07-07T14:21:32.863000+00:00,308,209,5,99,16,9558
2024-07-07T14:21:40.463000+00:00,256,99,3,157,16,9558
2024-07-07T14:22:00.383000+00:00,275,109,3,166,16,9558
2024-07-07T14:22:05.943000+00:00,129,84,3,45,16,9558
2024-07-07T14:22:20.663000+00:00,304,149,4,155,16,9558
2024-07-07T14:23:05.103000+00:00,311,216,5,95,16,9558
2024-07-07T14:23:12.983000+00:00,231,102,3,129,16,9558
2024-07-07T14:23:32.863000+00:00,238,114,3,124,16,9558
2024-07-07T14:23:53.063000+00:00,282,159,4,123,16,9558
2024-07-07T14:24:37.944000+00:00,286,234,6,52,16,9558
2024-07-07T14:24:45.423000+00:00,232,106,3,126,16,9558
2024-07-07T14:25:04.824000+00:00,267,112,3,155,16,9558
2024-07-07T14:25:10.064000+00:00,142,92,3,50,16,9558
2024-07-07T14:25:25.464000+00:00,284,154,4,130,16,9558
2024-07-07T14:25:29.864000+00:00,171,127,3,44,16,9558
2024-07-07T14:26:10.384000+00:00,297,224,6,73,16,9558
2024-07-07T14:26:17.944000+00:00,256,103,3,153,16,9558
2024-07-07T14:26:37.544000+00:00,279,120,3,159,16,9558
2024-07-07T14:26:42.944000+00:00,139,88,3,51,16,9558
2024-07-07T14:26:58.144000+00:00,283,159,4,124,16,9558
2024-07-07T14:27:02.704000+00:00,176,133,3,43,16,9558
2024-07-07T14:27:42.904000+00:00,284,210,6,74,16,9558
2024-07-07T14:27:50.985000+00:00,241,110,3,131,16,9558
2024-07-07T14:28:10.504000+00:00,281,122,3,159,16,9558
2024-07-07T14:28:15.904000+00:00,134,93,3,41,16,9558
2024-07-07T14:28:31.305000+00:00,262,162,4,100,16,9558
2024-07-07T14:28:35.424000+00:00,176,109,3,67,16,9558
2024-07-07T14:29:15.984000+00:00,289,189,5,100,16,9558
2024-07-07T14:29:24.945000+00:00,246,109,2,137,16,9558
2024-07-07T14:29:46.305000+00:00,271,107,3,164,16,9558
2024-07-07T14:29:51.745000+00:00,134,89,3,45,16,9558
2024-07-07T14:30:07.105000+00:00,272,159,4,113,16,9558
2024-07-07T14:30:11.905000+00:00,167,120,3,47,16,9558
2024-07-07T14:30:52.745000+00:00,283,199,5,84,16,9558
2024-07-07T14:31:01.105000+00:00,244,106,2,138,16,9558
2024-07-07T14:31:23.065000+00:00,230,106,2,124,16,9558
2024-07-07T14:31:46.745000+00:00,280,140,4,140,16,9558
2024-07-07T14:32:19.265000+00:00,213,165,4,48,16,9558
2024-07-07T14:32:37.505000+00:00,288,160,4,128,16,9558
2024-07-07T14:32:48.426000+00:00,246,82,2,164,16,9558
2024-07-07T14:33:28.146000+00:00,237,97,3,140,16,9558
2024-07-07T14:33:34.226000+00:00,134,88,2,46,16,9558
2024-07-07T14:33:49.986000+00:00,270,146,3,124,16,9558
2024-07-07T14:33:55.306000+00:00,151,104,3,47,16,9558
2024-07-07T14:34:38.385000+00:00,280,210,6,70,16,9558
2024-07-07T14:34:46.706000+00:00,240,93,2,147,16,9558
2024-07-07T14:35:08.346000+00:00,268,120,3,148,16,9558
2024-07-07T14:35:14.586000+00:00,123,75,2,48,16,9558
2024-07-07T14:35:30.706000+00:00,273,143,4,130,16,9558
2024-07-07T14:35:35.866000+00:00,146,103,3,43,16,9558
2024-07-07T14:36:20.386000+00:00,287,185,5,102,16,9558
2024-07-07T14:36:28.786000+00:00,255,90,2,165,16,9558
2024-07-07T14:36:51.387000+00:00,257,96,3,161,16,9558
2024-07-07T14:36:57.787000+00:00,120,78,2,42,16,9558
2024-07-07T14:37:14.266000+00:00,281,128,3,153,16,9558
2024-07-07T14:37:36.587000+00:00,276,227,6,49,16,9558
2024-07-07T14:38:04.707000+00:00,283,192,5,91,16,9558
2024-07-07T14:38:12.946000+00:00,255,92,2,163,16,9558
2024-07-07T14:38:35.667000+00:00,270,109,3,161,16,9558
2024-07-07T14:38:59.387000+00:00,282,140,3,142,16,9558
2024-07-07T14:39:22.107000+00:00,279,233,5,46,16,9558
2024-07-07T14:39:50.187000+00:00,292,190,5,102,16,9558
2024-07-07T14:39:59.147000+00:00,253,90,2,163,16,9558
2024-07-07T14:40:16.587000+00:00,284,238,7,46,16,9558
2024-07-07T14:40:22.787000+00:00,257,106,3,151,16,9558
2024-07-07T14:40:46.347000+00:00,284,146,4,138,16,9558
2024-07-07T14:41:41.707000+00:00,286,183,5,103,16,9558
2024-07-07T14:41:50.787000+00:00,233,88,2,145,16,9558
2024-07-07T14:42:14.428000+00:00,255,97,3,158,16,9558
2024-07-07T14:42:38.948000+00:00,292,127,3,165,16,9558
2024-07-07T14:43:02.587000+00:00,292,219,6,73,16,9558
2024-07-07T14:43:12.948000+00:00,280,237,6,43,16,9558
2024-07-07T14:43:31.868000+00:00,297,188,5,109,16,9558
2024-07-07T14:43:40.628000+00:00,234,88,2,146,16,9558
2024-07-07T14:44:03.187000+00:00,281,99,3,182,16,9558
2024-07-07T14:44:26.348000+00:00,281,126,3,155,16,9558
2024-07-07T14:44:48.708000+00:00,297,233,6,64,16,9558
2024-07-07T14:45:17.228000+00:00,292,199,5,93,16,9558
2024-07-07T14:45:26.508000+00:00,179,97,2,82,16,9558
2024-07-07T14:45:48.908000+00:00,273,97,3,176,16,9558
2024-07-07T14:46:11.708000+00:00,269,134,3,135,16,9558
2024-07-07T14:46:35.348000+00:00,296,227,6,69,16,9558
2024-07-07T14:46:44.668000+00:00,286,212,5,74,16,9558
2024-07-07T14:47:05.268000+00:00,300,181,5,119,16,9558
2024-07-07T14:47:14.908000+00:00,259,62,2,197,16,9558
2024-07-07T14:47:55.349000+00:00,245,97,3,148,16,9558
2024-07-07T14:48:01.869000+00:00,124,83,2,41,16,9558
2024-07-07T14:48:17.868000+00:00,284,142,3,142,16,9558
2024-07-07T14:48:23.269000+00:00,155,113,2,42,16,9558
2024-07-07T14:48:39.188000+00:00,289,242,6,47,16,9558
2024-07-07T14:48:48.669000+00:00,287,244,6,43,16,9558
2024-07-07T14:49:07.549000+00:00,274,187,5,87,16,9558
2024-07-07T14:49:15.709000+00:00,243,88,2,155,16,9558
2024-07-07T14:49:37.789000+00:00,269,107,3,162,16,9558
2024-07-07T14:49:43.989000+00:00,120,76,2,44,16,9558
2024-07-07T14:50:00.429000+00:00,265,148,4,117,16,9558
2024-07-07T14:50:49.309000+00:00,290,204,5,86,16,9558
2024-07-07T14:50:57.349000+00:00,261,97,2,164,16,9558
2024-07-07T14:51:19.549000+00:00,264,100,3,164,16,9558
2024-07-07T14:51:41.949000+00:00,291,142,3,149,16,9558
2024-07-07T14:52:03.349000+00:00,295,254,6,41,16,9558
2024-07-07T14:52:30.869000+00:00,294,184,5,110,16,9558
2024-07-07T14:52:39.390000+00:00,233,92,2,141,16,9558
2024-07-07T14:53:01.749000+00:00,273,97,3,176,16,9558
2024-07-07T14:53:24.350000+00:00,293,142,4,151,16,9558
2024-07-07T14:53:46.150000+00:00,294,236,6,58,16,9558
2024-07-07T14:54:14.229000+00:00,286,190,7,96,16,9558
2024-07-07T14:54:22.629000+00:00,262,85,2,177,16,9558
2024-07-07T14:54:45.590000+00:00,274,93,3,181,16,9558
2024-07-07T14:55:08.549000+00:00,290,143,3,147,16,9558
2024-07-07T14:55:30.550000+00:00,292,242,6,50,16,9558
2024-07-07T14:55:58.630000+00:00,293,199,5,94,16,9558
2024-07-07T14:56:06.790000+00:00,239,85,2,154,16,9558
2024-07-07T14:56:29.430000+00:00,278,95,3,183,16,9558
2024-07-07T14:56:52.430000+00:00,280,141,3,139,16,9558
2024-07-07T14:56:57.750000+00:00,162,121,3,41,16,9558
2024-07-07T14:57:41.991000+00:00,287,202,5,85,16,9558
2024-07-07T14:57:50.030000+00:00,255,87,2,168,16,9558
2024-07-07T14:58:12.550000+00:00,276,91,3,185,16,9558
2024-07-07T14:58:35.671000+00:00,292,141,3,151,16,9558
2024-07-07T14:59:25.711000+00:00,291,200,5,91,16,9558
2024-07-07T14:59:33.831000+00:00,245,85,2,160,16,9558
2024-07-07T14:59:56.031000+00:00,274,106,3,168,16,9558
2024-07-07T15:00:18.751000+00:00,293,144,4,149,16,9558
2024-07-07T15:00:24.310000+00:00,146,100,3,46,16,9558
2024-07-07T15:00:40.351000+00:00,298,241,6,57,16,9558
2024-07-07T15:01:08.551000+00:00,295,212,6,83,16,9558
2024-07-07T15:01:16.791000+00:00,235,88,2,147,16,9558
2024-07-07T15:01:38.151000+00:00,282,103,3,179,16,9558
2024-07-07T15:02:01.471000+00:00,211,151,4,60,16,9558
2024-07-07T15:02:22.031000+00:00,296,250,7,46,16,9558
2024-07-07T15:02:49.512000+00:00,292,199,5,93,16,9558
2024-07-07T15:02:57.592000+00:00,234,92,2,142,16,9558
2024-07-07T15:03:18.551000+00:00,273,114,3,159,16,9558
2024-07-07T15:03:40.551000+00:00,289,135,4,154,16,9558
2024-07-07T15:03:46.111000+00:00,152,108,3,44,16,9558
2024-07-07T15:04:29.032000+00:00,291,205,5,86,16,9558
2024-07-07T15:04:37.512000+00:00,262,83,2,179,16,9558
2024-07-07T15:05:19.391000+00:00,213,116,3,97,16,9558
2024-07-07T15:05:25.472000+00:00,133,87,2,46,16,9558
2024-07-07T15:05:40.552000+00:00,288,153,4,135,16,9558
2024-07-07T15:06:00.112000+00:00,288,242,6,46,16,9558
2024-07-07T15:06:26.872000+00:00,286,201,5,85,16,9558
2024-07-07T15:06:34.312000+00:00,263,101,3,162,16,9558
2024-07-07T15:06:54.752000+00:00,265,118,4,147,16,9558
2024-07-07T15:06:59.872000+00:00,135,93,3,42,16,9558
2024-07-07T15:07:14.312000+00:00,290,175,4,115,16,9558
2024-07-07T15:07:18.672000+00:00,176,124,4,52,16,9558
2024-07-07T15:08:06.393000+00:00,255,107,3,148,16,9558
2024-07-07T15:08:26.193000+00:00,262,122,4,140,16,9558
2024-07-07T15:08:31.152000+00:00,144,92,3,52,16,9558
2024-07-07T15:08:45.753000+00:00,289,180,4,109,16,9558
2024-07-07T15:08:50.272000+00:00,182,129,4,53,16,9558
2024-07-07T15:09:30.152000+00:00,293,229,6,64,16,9558
2024-07-07T15:09:37.593000+00:00,224,104,3,120,16,9558
2024-07-07T15:09:56.873000+00:00,285,123,4,162,16,9558
2024-07-07T15:10:01.912000+00:00,138,92,3,46,16,9558
2024-07-07T15:10:16.873000+00:00,287,186,4,101,16,9558
2024-07-07T15:10:21.033000+00:00,185,133,4,52,16,9558
2024-07-07T15:11:00.833000+00:00,287,239,6,48,16,9558
2024-07-07T15:11:07.553000+00:00,268,108,3,160,16,9558
2024-07-07T15:11:26.953000+00:00,286,132,4,154,16,9558
2024-07-07T15:11:31.953000+00:00,134,93,3,41,16,9558
2024-07-07T15:11:46.833000+00:00,281,184,5,97,16,9558
2024-07-07T15:11:50.953000+00:00,177,127,4,50,16,9558
2024-07-07T15:12:30.593000+00:00,294,239,6,55,16,9558
2024-07-07T15:12:37.433000+00:00,272,110,3,162,16,9558
2024-07-07T15:12:56.553000+00:00,291,130,4,161,16,9558
2024-07-07T15:13:01.514000+00:00,147,89,3,58,16,9558
2024-07-07T15:13:16.673000+00:00,290,191,5,99,16,9558
2024-07-07T15:13:20.633000+00:00,182,125,4,57,16,9558
2024-07-07T15:14:07.194000+00:00,271,107,3,164,16,9558
2024-07-07T15:14:26.634000+00:00,269,123,4,146,16,9558
2024-07-07T15:14:46.594000+00:00,281,179,4,102,16,9558
2024-07-07T15:14:50.553000+00:00,182,125,3,57,16,9558
2024-07-07T15:15:37.194000+00:00,262,105,3,157,16,9558
2024-07-07T15:15:56.514000+00:00,282,141,4,141,16,9558
2024-07-07T15:16:01.314000+00:00,142,96,3,46,16,9558
2024-07-07T15:16:16.594000+00:00,273,177,4,96,16,9558
2024-07-07T15:16:20.354000+00:00,186,115,3,71,16,9558
2024-07-07T15:17:07.234000+00:00,247,106,3,141,16,9558
2024-07-07T15:17:26.434000+00:00,268,116,4,152,16,9558
2024-07-07T15:17:31.435000+00:00,135,93,3,42,16,9558
2024-07-07T15:17:46.394000+00:00,281,171,4,110,16,9558
2024-07-07T15:17:50.555000+00:00,186,119,3,67,16,9558
2024-07-07T15:18:37.155000+00:00,266,111,3,155,16,9558
2024-07-07T15:18:56.555000+00:00,265,118,4,147,16,9558
2024-07-07T15:19:01.434000+00:00,140,98,3,42,16,9558
2024-07-07T15:19:16.515000+00:00,287,172,4,115,16,9558
2024-07-07T15:19:20.794000+00:00,178,122,3,56,16,9558
2024-07-07T15:20:07.554000+00:00,248,103,3,145,16,9558
2024-07-07T15:20:26.474000+00:00,290,139,4,151,16,9558
2024-07-07T15:20:31.715000+00:00,132,90,3,42,16,9558
2024-07-07T15:20:46.634000+00:00,290,184,5,106,16,9558
2024-07-07T15:20:50.955000+00:00,174,115,4,59,16,9558
2024-07-07T15:21:37.475000+00:00,272,109,3,163,16,9558
2024-07-07T15:21:56.675000+00:00,289,111,4,178,16,9558
2024-07-07T15:22:01.755000+00:00,145,84,3,61,16,9558
2024-07-07T15:22:17.195000+00:00,275,172,4,103,16,9558
2024-07-07T15:22:21.235000+00:00,183,118,3,65,16,9558
2024-07-07T15:23:08.195000+00:00,261,103,3,158,16,9558
2024-07-07T15:23:27.676000+00:00,289,107,4,182,16,9558
2024-07-07T15:23:32.916000+00:00,135,92,3,43,16,9558
2024-07-07T15:23:47.516000+00:00,307,179,4,128,16,9558
2024-07-07T15:23:52.075000+00:00,177,105,3,72,16,9558
2024-07-07T15:24:31.555000+00:00,321,222,6,99,16,9558
2024-07-07T15:24:39.076000+00:00,231,109,3,122,16,9558
2024-07-07T15:24:58.436000+00:00,276,113,4,163,16,9558
2024-07-07T15:25:03.755000+00:00,133,92,3,41,16,9558
2024-07-07T15:25:18.996000+00:00,278,163,4,115,16,9558
2024-07-07T15:25:22.955000+00:00,179,118,3,61,16,9558
2024-07-07T15:26:03.355000+00:00,281,231,6,50,16,9558
2024-07-07T15:26:10.195000+00:00,263,102,3,161,16,9558
2024-07-07T15:26:33.916000+00:00,151,93,3,58,16,9558
2024-07-07T15:27:02.957000+00:00,172,121,4,51,16,9558
2024-07-07T15:28:33.516000+00:00,112,67,1,45,16,9558
2024-07-07T13:21:35.091000+00:00,223,100,3,123,18,9558
2024-07-07T13:21:59.092000+00:00,279,144,4,135,18,9558
2024-07-07T13:22:22.611000+00:00,287,202,6,85,18,9558
2024-07-07T13:22:33.131000+00:00,273,218,6,55,18,9558
2024-07-07T13:22:53.571000+00:00,285,181,5,104,18,9558
2024-07-07T13:23:03.492000+00:00,207,81,1,126,18,9558
2024-07-07T13:23:38.212000+00:00,250,101,3,149,18,9558
2024-07-07T13:24:00.731000+00:00,285,143,4,142,18,9558
2024-07-07T13:24:06.492000+00:00,145,96,3,49,18,9558
2024-07-07T13:24:22.492000+00:00,291,216,6,75,18,9558
2024-07-07T13:24:51.972000+00:00,285,187,5,98,18,9558
2024-07-07T13:25:00.891000+00:00,251,77,1,174,18,9558
2024-07-07T13:25:35.172000+00:00,210,100,3,110,18,9558
2024-07-07T13:25:57.772000+00:00,277,145,4,132,18,9558
2024-07-07T13:26:19.892000+00:00,266,213,7,53,18,9558
2024-07-07T13:26:50.372000+00:00,268,205,6,63,18,9558
2024-07-07T13:26:57.772000+00:00,216,82,2,134,18,9558
2024-07-07T14:00:28.699000+00:00,250,116,3,134,18,9558
2024-07-07T14:00:51.539000+00:00,261,157,4,104,18,9558
2024-07-07T14:01:11.139000+00:00,267,105,3,162,18,9558
2024-07-07T14:01:17.499000+00:00,177,92,2,85,18,9558
2024-07-07T14:01:47.859000+00:00,260,219,6,41,18,9558
2024-07-07T14:01:54.699000+00:00,220,83,2,137,18,9558
2024-07-07T14:03:26.900000+00:00,274,95,3,179,18,9558
2024-07-07T14:03:47.779000+00:00,266,166,4,100,18,9558
2024-07-07T14:04:33.900000+00:00,292,217,6,75,18,9558
2024-07-07T14:04:41.699000+00:00,242,102,3,140,18,9558
2024-07-07T14:05:01.579000+00:00,270,117,3,153,18,9558
2024-07-07T14:05:07.180000+00:00,142,96,3,46,18,9558
2024-07-07T14:05:21.819000+00:00,307,163,4,144,18,9558
2024-07-07T14:06:06.940000+00:00,305,219,6,86,18,9558
2024-07-07T14:06:14.380000+00:00,250,110,3,140,18,9558
2024-07-07T14:06:34.340000+00:00,268,116,3,152,18,9558
2024-07-07T14:06:39.660000+00:00,139,97,3,42,18,9558
2024-07-07T14:06:54.220000+00:00,308,153,4,155,18,9558
2024-07-07T14:06:58.940000+00:00,169,127,4,42,18,9558
2024-07-07T14:07:39.220000+00:00,314,215,5,99,18,9558
2024-07-07T14:07:46.740000+00:00,254,105,3,149,18,9558
2024-07-07T14:08:06.620000+00:00,275,124,3,151,18,9558
2024-07-07T14:08:27.181000+00:00,272,157,4,115,18,9558
2024-07-07T14:08:31.780000+00:00,167,120,3,47,18,9558
2024-07-07T14:09:12.220000+00:00,293,229,6,64,18,9558
2024-07-07T14:09:19.701000+00:00,251,109,3,142,18,9558
2024-07-07T14:09:39.541000+00:00,277,110,3,167,18,9558
2024-07-07T14:09:44.780000+00:00,146,95,3,51,18,9558
2024-07-07T14:09:59.981000+00:00,278,177,5,101,18,9558
2024-07-07T14:10:04.500000+00:00,176,121,3,55,18,9558
2024-07-07T14:10:44.901000+00:00,293,227,6,66,18,9558
2024-07-07T14:10:52.461000+00:00,252,120,3,132,18,9558
2024-07-07T14:11:12.261000+00:00,260,119,3,141,18,9558
2024-07-07T14:11:17.501000+00:00,141,96,3,45,18,9558
2024-07-07T14:11:32.901000+00:00,267,160,4,107,18,9558
2024-07-07T14:11:36.941000+00:00,175,115,3,60,18,9558
2024-07-07T14:12:17.662000+00:00,289,196,5,93,18,9558
2024-07-07T14:12:25.221000+00:00,256,112,3,144,18,9558
2024-07-07T14:12:45.221000+00:00,269,133,3,136,18,9558
2024-07-07T14:12:50.542000+00:00,134,93,3,41,18,9558
2024-07-07T14:13:05.421000+00:00,273,158,4,115,18,9558
2024-07-07T14:13:10.342000+00:00,165,115,3,50,18,9558
2024-07-07T14:13:50.582000+00:00,293,225,6,68,18,9558
2024-07-07T14:13:57.862000+00:00,254,118,3,136,18,9558
2024-07-07T14:14:17.822000+00:00,276,118,3,158,18,9558
2024-07-07T14:14:23.102000+00:00,142,92,3,50,18,9558
2024-07-07T14:14:38.422000+00:00,267,164,4,103,18,9558
2024-07-07T14:14:42.942000+00:00,179,111,3,68,18,9558
2024-07-07T14:15:23.182000+00:00,288,228,6,60,18,9558
2024-07-07T14:15:30.742000+00:00,229,105,3,124,18,9558
2024-07-07T14:15:50.302000+00:00,278,126,3,152,18,9558
2024-07-07T14:15:55.822000+00:00,139,87,3,52,18,9558
2024-07-07T14:16:10.902000+00:00,280,164,4,116,18,9558
2024-07-07T14:16:15.342000+00:00,178,111,3,67,18,9558
2024-07-07T14:16:55.582000+00:00,288,232,6,56,18,9558
2024-07-07T14:17:02.902000+00:00,259,110,3,149,18,9558
2024-07-07T14:17:22.742000+00:00,272,124,3,148,18,9558
2024-07-07T14:17:43.022000+00:00,288,177,4,111,18,9558
2024-07-07T14:17:47.942000+00:00,166,119,3,47,18,9558
2024-07-07T14:18:27.983000+00:00,282,234,7,48,18,9558
2024-07-07T14:18:35.422000+00:00,257,103,3,154,18,9558
2024-07-07T14:18:55.342000+00:00,259,117,3,142,18,9558
2024-07-07T14:19:00.823000+00:00,139,94,3,45,18,9558
2024-07-07T14:19:15.702000+00:00,274,161,4,113,18,9558
2024-07-07T14:20:00.463000+00:00,292,228,6,64,18,9558
2024-07-07T14:20:07.823000+00:00,251,101,3,150,18,9558
2024-07-07T14:20:27.503000+00:00,269,114,3,155,18,9558
2024-07-07T14:20:48.223000+00:00,264,167,4,97,18,9558
2024-07-07T14:20:52.543000+00:00,172,117,3,55,18,9558
2024-07-07T14:21:39.943000+00:00,256,102,3,154,18,9558
2024-07-07T14:21:59.903000+00:00,269,116,3,153,18,9558
2024-07-07T14:22:05.423000+00:00,139,90,3,49,18,9558
2024-07-07T14:22:20.463000+00:00,273,162,4,111,18,9558
2024-07-07T14:22:24.903000+00:00,176,119,3,57,18,9558
2024-07-07T14:23:05.103000+00:00,271,201,5,70,18,9558
2024-07-07T14:23:12.703000+00:00,259,102,3,157,18,9558
2024-07-07T14:23:32.863000+00:00,262,117,3,145,18,9558
2024-07-07T14:23:38.303000+00:00,134,93,3,41,18,9558
2024-07-07T14:23:53.063000+00:00,286,155,4,131,18,9558
2024-07-07T14:24:38.104000+00:00,304,204,5,100,18,9558
2024-07-07T14:24:45.623000+00:00,262,107,3,155,18,9558
2024-07-07T14:25:05.464000+00:00,277,116,3,161,18,9558
2024-07-07T14:25:11.224000+00:00,141,94,3,47,18,9558
2024-07-07T14:25:25.903000+00:00,301,155,4,146,18,9558
2024-07-07T14:25:30.704000+00:00,168,116,3,52,18,9558
2024-07-07T14:26:10.624000+00:00,299,211,6,88,18,9558
2024-07-07T14:26:18.144000+00:00,255,103,3,152,18,9558
2024-07-07T14:26:38.104000+00:00,278,122,3,156,18,9558
2024-07-07T14:26:43.824000+00:00,143,90,3,53,18,9558
2024-07-07T14:26:58.345000+00:00,308,149,4,159,18,9558
2024-07-07T14:27:03.544000+00:00,168,125,3,43,18,9558
2024-07-07T14:27:43.104000+00:00,312,199,5,113,18,9558
2024-07-07T14:27:50.985000+00:00,254,103,3,151,18,9558
2024-07-07T14:28:11.505000+00:00,263,119,3,144,18,9558
2024-07-07T14:28:16.704000+00:00,140,90,3,50,18,9558
2024-07-07T14:28:31.545000+00:00,290,153,4,137,18,9558
2024-07-07T14:28:36.384000+00:00,172,110,3,62,18,9558
2024-07-07T14:29:17.305000+00:00,281,167,5,114,18,9558
2024-07-07T14:29:25.905000+00:00,247,93,3,154,18,9558
2024-07-07T14:29:47.265000+00:00,275,104,3,171,18,9558
2024-07-07T14:29:53.065000+00:00,140,83,3,57,18,9558
2024-07-07T14:30:08.345000+00:00,249,149,4,100,18,9558
2024-07-07T14:30:13.065000+00:00,170,126,3,44,18,9558
2024-07-07T14:30:52.225000+00:00,315,190,5,125,18,9558
2024-07-07T14:31:01.385000+00:00,250,98,3,152,18,9558
2024-07-07T14:31:17.505000+00:00,281,214,7,67,18,9558
2024-07-07T14:31:24.065000+00:00,236,85,3,151,18,9558
2024-07-07T14:31:31.785000+00:00,122,78,3,44,18,9558
2024-07-07T14:31:48.386000+00:00,288,132,4,156,18,9558
2024-07-07T14:32:10.465000+00:00,283,223,6,60,18,9558
2024-07-07T14:32:18.745000+00:00,286,218,6,68,18,9558
2024-07-07T14:32:39.145000+00:00,300,165,5,135,18,9558
2024-07-07T14:32:48.426000+00:00,245,93,3,152,18,9558
2024-07-07T14:33:10.905000+00:00,267,101,3,166,18,9558
2024-07-07T14:33:32.425000+00:00,288,147,4,141,18,9558
2024-07-07T14:34:03.106000+00:00,257,198,6,59,18,9558
2024-07-07T14:34:18.946000+00:00,300,184,5,116,18,9558
2024-07-07T14:34:27.066000+00:00,249,95,3,154,18,9558
2024-07-07T14:34:48.026000+00:00,254,107,3,147,18,9558
2024-07-07T14:34:53.306000+00:00,139,98,3,41,18,9558
2024-07-07T14:35:08.106000+00:00,298,161,4,137,18,9558
2024-07-07T14:35:13.306000+00:00,173,123,3,50,18,9558
2024-07-07T14:35:53.666000+00:00,284,197,5,87,18,9558
2024-07-07T14:36:01.266000+00:00,259,104,3,155,18,9558
2024-07-07T14:36:21.186000+00:00,272,112,4,160,18,9558
2024-07-07T14:36:26.626000+00:00,143,91,3,52,18,9558
2024-07-07T14:36:41.786000+00:00,266,154,4,112,18,9558
2024-07-07T14:36:46.306000+00:00,174,128,3,46,18,9558
2024-07-07T14:37:26.466000+00:00,285,226,6,59,18,9558
2024-07-07T14:37:34.106000+00:00,252,100,3,152,18,9558
2024-07-07T14:37:53.826000+00:00,266,113,3,153,18,9558
2024-07-07T14:37:59.226000+00:00,145,90,3,55,18,9558
2024-07-07T14:38:14.386000+00:00,283,154,4,129,18,9558
2024-07-07T14:38:18.867000+00:00,177,118,3,59,18,9558
2024-07-07T14:38:59.187000+00:00,293,198,5,95,18,9558
2024-07-07T14:39:06.466000+00:00,257,97,3,160,18,9558
2024-07-07T14:39:27.146000+00:00,268,105,3,163,18,9558
2024-07-07T14:39:32.907000+00:00,141,90,3,51,18,9558
2024-07-07T14:39:47.786000+00:00,276,160,4,116,18,9558
2024-07-07T14:39:52.427000+00:00,177,119,3,58,18,9558
2024-07-07T14:40:32.707000+00:00,301,191,6,110,18,9558
2024-07-07T14:40:41.427000+00:00,243,98,3,145,18,9558
2024-07-07T14:41:01.467000+00:00,279,109,3,170,18,9558
2024-07-07T14:41:07.068000+00:00,146,92,3,54,18,9558
2024-07-07T14:41:21.827000+00:00,292,149,4,143,18,9558
2024-07-07T14:41:26.908000+00:00,176,118,3,58,18,9558
2024-07-07T14:41:41.707000+00:00,288,235,7,53,18,9558
2024-07-07T14:42:08.227000+00:00,274,190,5,84,18,9558
2024-07-07T14:42:16.347000+00:00,229,105,3,124,18,9558
2024-07-07T14:42:37.187000+00:00,264,104,3,160,18,9558
2024-07-07T14:42:42.907000+00:00,145,96,3,49,18,9558
2024-07-07T14:42:57.947000+00:00,268,130,4,138,18,9558
2024-07-07T14:43:18.788000+00:00,299,191,6,108,18,9558
2024-07-07T14:43:29.627000+00:00,282,225,6,57,18,9558
2024-07-07T14:43:48.028000+00:00,304,179,5,125,18,9558
2024-07-07T14:43:57.587000+00:00,252,88,1,164,18,9558
2024-07-07T14:44:38.588000+00:00,247,99,3,148,18,9558
2024-07-07T14:44:44.828000+00:00,134,82,3,52,18,9558
2024-07-07T14:45:00.068000+00:00,271,140,4,131,18,9558
2024-07-07T14:45:05.468000+00:00,158,107,3,51,18,9558
2024-07-07T14:45:20.708000+00:00,294,243,7,51,18,9558
2024-07-07T14:45:48.908000+00:00,282,181,5,101,18,9558
2024-07-07T14:45:57.548000+00:00,229,87,3,142,18,9558
2024-07-07T14:46:19.628000+00:00,258,109,3,149,18,9558
2024-07-07T14:46:41.868000+00:00,245,135,4,110,18,9558
2024-07-07T14:46:47.308000+00:00,148,106,3,42,18,9558
2024-07-07T14:47:02.589000+00:00,288,242,7,46,18,9558
2024-07-07T14:47:30.548000+00:00,286,175,5,111,18,9558
2024-07-07T14:47:38.868000+00:00,253,96,3,157,18,9558
2024-07-07T14:48:01.869000+00:00,265,99,3,166,18,9558
2024-07-07T14:48:08.669000+00:00,128,84,3,44,18,9558
2024-07-07T14:48:23.989000+00:00,290,145,4,145,18,9558
2024-07-07T14:48:45.508000+00:00,296,233,6,63,18,9558
2024-07-07T14:49:13.549000+00:00,282,183,5,99,18,9558
2024-07-07T14:49:21.949000+00:00,253,91,3,162,18,9558
2024-07-07T14:49:44.948000+00:00,244,102,3,142,18,9558
2024-07-07T14:49:51.389000+00:00,124,77,2,47,18,9558
2024-07-07T14:50:07.109000+00:00,277,147,4,130,18,9558
2024-07-07T14:50:56.229000+00:00,287,178,5,109,18,9558
2024-07-07T14:51:05.149000+00:00,229,88,3,141,18,9558
2024-07-07T14:51:27.709000+00:00,264,100,3,164,18,9558
2024-07-07T14:51:50.229000+00:00,284,141,4,143,18,9558
2024-07-07T14:51:55.829000+00:00,156,112,3,44,18,9558
2024-07-07T14:52:11.550000+00:00,277,235,6,42,18,9558
2024-07-07T14:52:39.909000+00:00,288,184,5,104,18,9558
2024-07-07T14:52:48.349000+00:00,253,85,3,168,18,9558
2024-07-07T14:53:11.470000+00:00,266,94,3,172,18,9558
2024-07-07T14:53:34.429000+00:00,281,131,4,150,18,9558
2024-07-07T14:53:39.910000+00:00,162,101,3,61,18,9558
2024-07-07T14:53:55.669000+00:00,290,234,6,56,18,9558
2024-07-07T14:54:24.550000+00:00,267,188,5,79,18,9558
2024-07-07T14:54:32.830000+00:00,242,91,3,151,18,9558
2024-07-07T14:54:56.110000+00:00,266,94,3,172,18,9558
2024-07-07T14:55:02.990000+00:00,127,77,3,50,18,9558
2024-07-07T14:55:18.870000+00:00,286,132,4,154,18,9558
2024-07-07T14:55:24.350000+00:00,157,101,3,56,18,9558
2024-07-07T14:55:40.390000+00:00,293,233,6,60,18,9558
2024-07-07T14:56:08.670000+00:00,284,174,5,110,18,9558
2024-07-07T14:56:17.230000+00:00,229,87,3,142,18,9558
2024-07-07T14:56:40.550000+00:00,254,95,3,159,18,9558
2024-07-07T14:57:03.190000+00:00,287,127,4,160,18,9558
2024-07-07T14:57:09.030000+00:00,147,99,3,48,18,9558
2024-07-07T14:57:24.870000+00:00,296,248,7,48,18,9558
2024-07-07T14:57:52.830000+00:00,298,186,5,112,18,9558
2024-07-07T14:58:01.231000+00:00,259,83,3,176,18,9558
2024-07-07T14:58:24.590000+00:00,261,95,3,166,18,9558
2024-07-07T14:58:47.391000+00:00,278,130,4,148,18,9558
2024-07-07T14:58:53.151000+00:00,147,98,3,49,18,9558
2024-07-07T14:59:09.311000+00:00,291,246,7,45,18,9558
2024-07-07T14:59:37.870000+00:00,293,177,5,116,18,9558
2024-07-07T14:59:46.231000+00:00,253,88,3,165,18,9558
2024-07-07T15:00:08.751000+00:00,261,98,3,163,18,9558
2024-07-07T15:00:31.391000+00:00,283,135,4,148,18,9558
2024-07-07T15:00:37.070000+00:00,146,105,3,41,18,9558
2024-07-07T15:00:52.991000+00:00,286,238,6,48,18,9558
2024-07-07T15:01:21.711000+00:00,261,194,5,67,18,9558
2024-07-07T15:01:29.551000+00:00,252,91,3,161,18,9558
2024-07-07T15:01:51.591000+00:00,276,101,3,175,18,9558
2024-07-07T15:02:14.031000+00:00,291,142,4,149,18,9558
2024-07-07T15:02:34.951000+00:00,295,238,6,57,18,9558
2024-07-07T15:03:02.632000+00:00,297,180,5,117,18,9558
2024-07-07T15:03:10.752000+00:00,256,91,3,165,18,9558
2024-07-07T15:03:32.111000+00:00,285,100,3,185,18,9558
2024-07-07T15:03:54.271000+00:00,289,146,4,143,18,9558
2024-07-07T15:03:59.471000+00:00,162,114,3,48,18,9558
2024-07-07T15:04:14.992000+00:00,299,258,7,41,18,9558
2024-07-07T15:04:42.352000+00:00,289,196,5,93,18,9558
2024-07-07T15:04:50.592000+00:00,241,96,3,145,18,9558
2024-07-07T15:05:11.552000+00:00,276,113,3,163,18,9558
2024-07-07T15:05:17.912000+00:00,129,82,3,47,18,9558
2024-07-07T15:05:33.551000+00:00,287,148,4,139,18,9558
2024-07-07T15:06:21.552000+00:00,294,193,5,101,18,9558
2024-07-07T15:06:29.912000+00:00,262,100,1,162,18,9558
2024-07-07T15:07:11.552000+00:00,252,103,3,149,18,9558
2024-07-07T15:07:17.272000+00:00,136,95,3,41,18,9558
2024-07-07T15:07:32.073000+00:00,279,158,4,121,18,9558
2024-07-07T15:07:36.952000+00:00,170,128,4,42,18,9558
2024-07-07T15:08:17.592000+00:00,290,184,5,106,18,9558
2024-07-07T15:08:25.513000+00:00,251,105,3,146,18,9558
2024-07-07T15:08:45.353000+00:00,280,125,3,155,18,9558
2024-07-07T15:08:50.432000+00:00,152,97,3,55,18,9558
2024-07-07T15:09:05.193000+00:00,277,177,4,100,18,9558
2024-07-07T15:09:09.552000+00:00,177,128,3,49,18,9558
2024-07-07T15:09:48.912000+00:00,294,204,6,90,18,9558
2024-07-07T15:09:56.232000+00:00,268,114,3,154,18,9558
2024-07-07T15:10:15.552000+00:00,276,123,3,153,18,9558
2024-07-07T15:10:20.433000+00:00,148,101,3,47,18,9558
2024-07-07T15:10:35.112000+00:00,293,177,5,116,18,9558
2024-07-07T15:10:39.513000+00:00,184,131,3,53,18,9558
2024-07-07T15:11:18.913000+00:00,293,222,6,71,18,9558
2024-07-07T15:11:26.233000+00:00,259,115,3,144,18,9558
2024-07-07T15:11:45.793000+00:00,278,132,3,146,18,9558
2024-07-07T15:11:50.633000+00:00,146,104,3,42,18,9558
2024-07-07T15:12:05.433000+00:00,291,174,4,117,18,9558
2024-07-07T15:12:09.673000+00:00,183,134,3,49,18,9558
2024-07-07T15:12:49.433000+00:00,288,222,6,66,18,9558
2024-07-07T15:12:56.553000+00:00,245,120,3,125,18,9558
2024-07-07T15:13:15.994000+00:00,262,128,3,134,18,9558
2024-07-07T15:13:35.634000+00:00,293,177,5,116,18,9558
2024-07-07T15:13:40.153000+00:00,178,134,3,44,18,9558
2024-07-07T15:14:19.633000+00:00,289,236,7,53,18,9558
2024-07-07T15:14:26.634000+00:00,259,111,3,148,18,9558
2024-07-07T15:14:45.993000+00:00,266,133,3,133,18,9558
2024-07-07T15:14:50.713000+00:00,147,103,3,44,18,9558
2024-07-07T15:15:06.514000+00:00,224,176,4,48,18,9558
2024-07-07T15:15:10.074000+00:00,186,137,3,49,18,9558
2024-07-07T15:15:49.634000+00:00,291,240,6,51,18,9558
2024-07-07T15:15:56.514000+00:00,263,110,3,153,18,9558
2024-07-07T15:16:15.994000+00:00,267,127,3,140,18,9558
2024-07-07T15:16:35.914000+00:00,289,186,5,103,18,9558
2024-07-07T15:16:39.954000+00:00,187,134,3,53,18,9558
2024-07-07T15:17:26.434000+00:00,270,119,3,151,18,9558
2024-07-07T15:17:46.074000+00:00,254,128,3,126,18,9558
2024-07-07T15:17:50.915000+00:00,139,93,3,46,18,9558
2024-07-07T15:18:05.754000+00:00,292,178,4,114,18,9558
2024-07-07T15:18:10.074000+00:00,179,135,3,44,18,9558
2024-07-07T15:18:56.555000+00:00,261,116,3,145,18,9558
2024-07-07T15:19:16.035000+00:00,251,125,3,126,18,9558
2024-07-07T15:19:20.794000+00:00,146,94,3,52,18,9558
2024-07-07T15:19:35.755000+00:00,289,174,4,115,18,9558
2024-07-07T15:19:40.154000+00:00,179,132,3,47,18,9558
2024-07-07T15:20:26.714000+00:00,269,116,3,153,18,9558
2024-07-07T15:20:45.875000+00:00,282,119,3,163,18,9558
2024-07-07T15:20:50.955000+00:00,142,101,3,41,18,9558
2024-07-07T15:21:06.035000+00:00,288,163,4,125,18,9558
2024-07-07T15:21:10.035000+00:00,185,133,3,52,18,9558
2024-07-07T15:21:56.675000+00:00,265,109,3,156,18,9558
2024-07-07T15:22:15.995000+00:00,268,119,3,149,18,9558
2024-07-07T15:22:35.995000+00:00,290,175,4,115,18,9558
2024-07-07T15:22:40.156000+00:00,182,128,3,54,18,9558
2024-07-07T15:23:26.756000+00:00,266,109,3,157,18,9558
2024-07-07T15:23:45.836000+00:00,282,120,3,162,18,9558
2024-07-07T15:23:51.075000+00:00,142,94,3,48,18,9558
2024-07-07T15:24:05.876000+00:00,293,166,4,127,18,9558
2024-07-07T15:24:10.195000+00:00,180,134,3,46,18,9558
2024-07-07T15:24:56.515000+00:00,271,113,3,158,18,9558
2024-07-07T15:25:15.955000+00:00,264,120,3,144,18,9558
2024-07-07T15:25:20.996000+00:00,144,93,3,51,18,9558
2024-07-07T15:25:36.075000+00:00,274,172,4,102,18,9558
2024-07-07T15:25:40.196000+00:00,183,135,3,48,18,9558
2024-07-07T15:26:19.596000+00:00,295,223,6,72,18,9558
2024-07-07T15:26:26.396000+00:00,280,111,3,169,18,9558
2024-07-07T15:26:39.196000+00:00,213,146,4,67,18,9558
2024-07-07T15:27:59.676000+00:00,203,146,4,57,18,9558
2024-07-07T13:22:43.291000+00:00,224,113,3,111,20,9558
2024-07-07T13:23:07.571000+00:00,266,147,4,119,20,9558
2024-07-07T13:23:31.012000+00:00,277,216,6,61,20,9558
2024-07-07T13:23:41.651000+00:00,278,236,7,42,20,9558
2024-07-07T13:24:00.731000+00:00,284,190,6,94,20,9558
2024-07-07T13:24:08.291000+00:00,245,83,2,162,20,9558
2024-07-07T13:24:45.572000+00:00,206,96,3,110,20,9558
2024-07-07T13:25:07.411000+00:00,280,161,5,119,20,9558
2024-07-07T13:25:12.812000+00:00,155,105,3,50,20,9558
2024-07-07T13:25:29.372000+00:00,274,225,6,49,20,9558
2024-07-07T13:25:57.132000+00:00,284,188,6,96,20,9558
2024-07-07T13:26:06.292000+00:00,248,80,2,168,20,9558
2024-07-07T13:27:49.212000+00:00,244,107,3,137,20,9558
2024-07-07T13:28:10.212000+00:00,284,143,4,141,20,9558
2024-07-07T13:28:15.333000+00:00,167,119,3,48,20,9558
2024-07-07T13:28:30.652000+00:00,287,228,7,59,20,9558
2024-07-07T13:28:58.773000+00:00,243,182,5,61,20,9558
2024-07-07T13:29:08.333000+00:00,165,92,3,73,20,9558
2024-07-07T13:29:18.293000+00:00,133,51,0,82,20,9558
2024-07-07T14:00:53.139000+00:00,256,108,3,148,20,9558
2024-07-07T14:01:16.379000+00:00,254,152,5,102,20,9558
2024-07-07T14:01:37.619000+00:00,275,166,5,109,20,9558
2024-07-07T14:01:46.699000+00:00,236,126,3,110,20,9558
2024-07-07T14:02:01.939000+00:00,235,183,6,52,20,9558
2024-07-07T14:02:12.340000+00:00,259,183,6,76,20,9558
2024-07-07T14:02:16.979000+00:00,196,102,3,94,20,9558
2024-07-07T14:02:25.300000+00:00,155,54,1,101,20,9558
2024-07-07T14:02:49.659000+00:00,118,57,1,61,20,9558
2024-07-07T14:03:20.899000+00:00,264,210,6,54,20,9558
2024-07-07T14:03:27.179000+00:00,264,95,3,169,20,9558
2024-07-07T14:03:49.419000+00:00,305,149,5,156,20,9558
2024-07-07T14:04:10.140000+00:00,295,224,7,71,20,9558
2024-07-07T14:04:19.980000+00:00,299,248,7,51,20,9558
2024-07-07T14:04:36.860000+00:00,309,203,6,106,20,9558
2024-07-07T14:04:45.340000+00:00,256,105,3,151,20,9558
2024-07-07T14:05:06.420000+00:00,278,109,3,169,20,9558
2024-07-07T14:05:11.700000+00:00,143,91,3,52,20,9558
2024-07-07T14:05:26.180000+00:00,315,153,4,162,20,9558
2024-07-07T14:05:46.140000+00:00,297,249,7,48,20,9558
2024-07-07T14:06:12.580000+00:00,316,204,6,112,20,9558
2024-07-07T14:06:20.100000+00:00,262,115,3,147,20,9558
2024-07-07T14:06:40.260000+00:00,286,126,4,160,20,9558
2024-07-07T14:07:00.420000+00:00,300,159,4,141,20,9558
2024-07-07T14:07:05.500000+00:00,166,118,3,48,20,9558
2024-07-07T14:07:45.740000+00:00,322,216,6,106,20,9558
2024-07-07T14:07:53.901000+00:00,221,105,3,116,20,9558
2024-07-07T14:08:13.861000+00:00,245,117,3,128,20,9558
2024-07-07T14:08:33.301000+00:00,321,154,4,167,20,9558
2024-07-07T14:09:18.900000+00:00,323,212,6,111,20,9558
2024-07-07T14:09:26.421000+00:00,265,111,3,154,20,9558
2024-07-07T14:09:46.541000+00:00,290,120,4,170,20,9558
2024-07-07T14:09:51.940000+00:00,137,92,3,45,20,9558
2024-07-07T14:10:06.181000+00:00,324,143,4,181,20,9558
2024-07-07T14:10:11.901000+00:00,162,120,4,42,20,9558
2024-07-07T14:10:51.301000+00:00,335,213,6,122,20,9558
2024-07-07T14:10:59.341000+00:00,267,108,3,159,20,9558
2024-07-07T14:11:19.661000+00:00,278,110,3,168,20,9558
2024-07-07T14:11:39.821000+00:00,317,153,4,164,20,9558
2024-07-07T14:11:45.061000+00:00,164,120,4,44,20,9558
2024-07-07T14:12:25.221000+00:00,328,213,6,115,20,9558
2024-07-07T14:12:33.061000+00:00,265,113,3,152,20,9558
2024-07-07T14:12:53.221000+00:00,293,89,3,204,20,9558
2024-07-07T14:12:59.061000+00:00,136,72,3,64,20,9558
2024-07-07T14:13:13.821000+00:00,317,152,4,165,20,9558
2024-07-07T14:13:58.702000+00:00,328,216,6,112,20,9558
2024-07-07T14:14:07.501000+00:00,188,93,3,95,20,9558
2024-07-07T14:14:26.941000+00:00,288,110,3,178,20,9558
2024-07-07T14:14:47.061000+00:00,309,160,5,149,20,9558
2024-07-07T14:15:32.822000+00:00,299,215,6,84,20,9558
2024-07-07T14:15:40.982000+00:00,181,109,3,72,20,9558
2024-07-07T14:16:00.221000+00:00,286,118,3,168,20,9558
2024-07-07T14:16:05.462000+00:00,138,96,3,42,20,9558
2024-07-07T14:16:20.502000+00:00,290,185,5,105,20,9558
2024-07-07T14:16:25.422000+00:00,168,112,3,56,20,9558
2024-07-07T14:16:50.822000+00:00,278,225,6,53,20,9558
2024-07-07T14:17:05.942000+00:00,296,221,6,75,20,9558
2024-07-07T14:17:13.183000+00:00,267,117,3,150,20,9558
2024-07-07T14:17:32.903000+00:00,288,112,3,176,20,9558
2024-07-07T14:17:38.142000+00:00,138,97,3,41,20,9558
2024-07-07T14:17:53.663000+00:00,257,168,4,89,20,9558
2024-07-07T14:17:58.022000+00:00,171,121,3,50,20,9558
2024-07-07T14:18:38.503000+00:00,305,211,6,94,20,9558
2024-07-07T14:18:45.863000+00:00,266,118,3,148,20,9558
2024-07-07T14:19:05.663000+00:00,282,117,3,165,20,9558
2024-07-07T14:19:25.823000+00:00,294,167,4,127,20,9558
2024-07-07T14:19:30.782000+00:00,161,118,3,43,20,9558
2024-07-07T14:20:11.383000+00:00,283,232,8,51,20,9558
2024-07-07T14:20:18.423000+00:00,267,116,3,151,20,9558
2024-07-07T14:20:38.463000+00:00,252,111,3,141,20,9558
2024-07-07T14:20:43.543000+00:00,141,97,3,44,20,9558
2024-07-07T14:20:58.703000+00:00,292,160,4,132,20,9558
2024-07-07T14:21:03.383000+00:00,170,120,3,50,20,9558
2024-07-07T14:21:43.743000+00:00,301,213,6,88,20,9558
2024-07-07T14:21:51.223000+00:00,251,112,3,139,20,9558
2024-07-07T14:22:10.863000+00:00,261,114,3,147,20,9558
2024-07-07T14:22:16.104000+00:00,141,95,3,46,20,9558
2024-07-07T14:22:31.303000+00:00,290,167,5,123,20,9558
2024-07-07T14:22:35.984000+00:00,170,122,3,48,20,9558
2024-07-07T14:23:16.504000+00:00,301,205,5,96,20,9558
2024-07-07T14:23:23.944000+00:00,256,114,3,142,20,9558
2024-07-07T14:23:43.504000+00:00,291,117,3,174,20,9558
2024-07-07T14:23:48.824000+00:00,139,98,3,41,20,9558
2024-07-07T14:24:03.744000+00:00,306,165,5,141,20,9558
2024-07-07T14:24:08.504000+00:00,173,121,4,52,20,9558
2024-07-07T14:24:48.304000+00:00,320,215,6,105,20,9558
2024-07-07T14:24:55.824000+00:00,269,103,3,166,20,9558
2024-07-07T14:25:16.024000+00:00,284,108,3,176,20,9558
2024-07-07T14:25:36.344000+00:00,303,153,4,150,20,9558
2024-07-07T14:25:41.144000+00:00,170,127,4,43,20,9558
2024-07-07T14:26:21.064000+00:00,328,202,5,126,20,9558
2024-07-07T14:26:28.504000+00:00,269,130,3,139,20,9558
2024-07-07T14:26:49.104000+00:00,285,105,3,180,20,9558
2024-07-07T14:26:54.624000+00:00,141,96,3,45,20,9558
2024-07-07T14:27:09.144000+00:00,319,149,4,170,20,9558
2024-07-07T14:27:14.304000+00:00,165,124,4,41,20,9558
2024-07-07T14:27:54.344000+00:00,297,213,6,84,20,9558
2024-07-07T14:28:02.304000+00:00,254,103,3,151,20,9558
2024-07-07T14:28:22.904000+00:00,244,116,3,128,20,9558
2024-07-07T14:28:27.704000+00:00,140,96,3,44,20,9558
2024-07-07T14:28:42.944000+00:00,287,162,4,125,20,9558
2024-07-07T14:28:47.705000+00:00,177,110,4,67,20,9558
2024-07-07T14:29:28.424000+00:00,292,171,5,121,20,9558
2024-07-07T14:29:36.465000+00:00,246,107,3,139,20,9558
2024-07-07T14:29:57.585000+00:00,254,113,3,141,20,9558
2024-07-07T14:30:02.745000+00:00,141,98,3,43,20,9558
2024-07-07T14:30:17.865000+00:00,285,175,5,110,20,9558
2024-07-07T14:30:22.545000+00:00,176,129,4,47,20,9558
2024-07-07T14:30:47.745000+00:00,280,238,6,42,20,9558
2024-07-07T14:31:02.985000+00:00,287,201,6,86,20,9558
2024-07-07T14:31:11.065000+00:00,250,106,3,144,20,9558
2024-07-07T14:31:26.265000+00:00,293,211,7,82,20,9558
2024-07-07T14:31:33.345000+00:00,232,80,3,152,20,9558
2024-07-07T14:31:40.545000+00:00,123,82,3,41,20,9558
2024-07-07T14:31:56.705000+00:00,289,144,4,145,20,9558
2024-07-07T14:32:25.185000+00:00,295,228,7,67,20,9558
2024-07-07T14:32:28.226000+00:00,216,172,6,44,20,9558
2024-07-07T14:32:45.265000+00:00,294,179,5,115,20,9558
2024-07-07T14:32:53.826000+00:00,253,95,3,158,20,9558
2024-07-07T14:33:09.706000+00:00,293,246,7,47,20,9558
2024-07-07T14:33:16.026000+00:00,271,124,3,147,20,9558
2024-07-07T14:33:37.105000+00:00,268,156,4,112,20,9558
2024-07-07T14:33:41.746000+00:00,170,125,3,45,20,9558
2024-07-07T14:34:07.226000+00:00,261,216,6,45,20,9558
2024-07-07T14:34:22.506000+00:00,301,215,6,86,20,9558
2024-07-07T14:34:30.426000+00:00,266,97,3,169,20,9558
2024-07-07T14:34:50.706000+00:00,281,112,3,169,20,9558
2024-07-07T14:35:11.265000+00:00,285,147,4,138,20,9558
2024-07-07T14:35:16.026000+00:00,168,122,4,46,20,9558
2024-07-07T14:35:56.626000+00:00,297,202,5,95,20,9558
2024-07-07T14:36:04.146000+00:00,255,104,3,151,20,9558
2024-07-07T14:36:24.067000+00:00,288,109,3,179,20,9558
2024-07-07T14:36:29.466000+00:00,140,94,3,46,20,9558
2024-07-07T14:36:44.427000+00:00,293,145,4,148,20,9558
2024-07-07T14:36:49.226000+00:00,167,116,3,51,20,9558
2024-07-07T14:37:14.466000+00:00,273,231,6,42,20,9558
2024-07-07T14:37:29.707000+00:00,300,217,6,83,20,9558
2024-07-07T14:37:37.107000+00:00,267,106,3,161,20,9558
2024-07-07T14:37:56.547000+00:00,290,103,3,187,20,9558
2024-07-07T14:38:02.306000+00:00,141,86,3,55,20,9558
2024-07-07T14:38:17.427000+00:00,294,147,4,147,20,9558
2024-07-07T14:38:22.427000+00:00,161,118,3,43,20,9558
2024-07-07T14:39:02.467000+00:00,323,212,6,111,20,9558
2024-07-07T14:39:09.707000+00:00,263,111,3,152,20,9558
2024-07-07T14:39:30.467000+00:00,271,117,3,154,20,9558
2024-07-07T14:39:50.627000+00:00,291,152,4,139,20,9558
2024-07-07T14:39:55.267000+00:00,172,114,4,58,20,9558
2024-07-07T14:40:36.267000+00:00,283,222,6,61,20,9558
2024-07-07T14:40:43.307000+00:00,264,101,3,163,20,9558
2024-07-07T14:41:04.067000+00:00,276,116,3,160,20,9558
2024-07-07T14:41:09.347000+00:00,137,95,3,42,20,9558
2024-07-07T14:41:24.027000+00:00,299,150,4,149,20,9558
2024-07-07T14:41:44.147000+00:00,297,244,7,53,20,9558
2024-07-07T14:42:10.787000+00:00,295,200,5,95,20,9558
2024-07-07T14:42:18.387000+00:00,266,103,3,163,20,9558
2024-07-07T14:42:33.148000+00:00,294,236,7,58,20,9558
2024-07-07T14:42:39.748000+00:00,266,116,3,150,20,9558
2024-07-07T14:43:00.108000+00:00,292,103,4,189,20,9558
2024-07-07T14:43:22.107000+00:00,292,177,6,115,20,9558
2024-07-07T14:43:33.068000+00:00,283,226,7,57,20,9558
2024-07-07T14:43:52.188000+00:00,297,181,5,116,20,9558
2024-07-07T14:44:01.148000+00:00,246,88,3,158,20,9558
2024-07-07T14:44:18.708000+00:00,284,211,7,73,20,9558
2024-07-07T14:44:25.948000+00:00,255,96,3,159,20,9558
2024-07-07T14:44:31.708000+00:00,131,85,3,46,20,9558
2024-07-07T14:44:46.548000+00:00,284,113,4,171,20,9558
2024-07-07T14:45:11.188000+00:00,288,171,6,117,20,9558
2024-07-07T14:45:23.227000+00:00,275,207,6,68,20,9558
2024-07-07T14:45:44.388000+00:00,288,135,5,153,20,9558
2024-07-07T14:45:56.508000+00:00,187,75,2,112,20,9558
2024-07-07T14:46:38.108000+00:00,247,95,3,152,20,9558
2024-07-07T14:47:00.068000+00:00,287,127,4,160,20,9558
2024-07-07T14:47:22.109000+00:00,292,220,6,72,20,9558
2024-07-07T14:47:50.389000+00:00,265,181,5,84,20,9558
2024-07-07T14:47:58.748000+00:00,239,89,3,150,20,9558
2024-07-07T14:48:21.989000+00:00,272,94,3,178,20,9558
2024-07-07T14:48:44.229000+00:00,289,141,4,148,20,9558
2024-07-07T14:48:50.029000+00:00,158,101,3,57,20,9558
2024-07-07T14:49:05.868000+00:00,297,234,7,63,20,9558
2024-07-07T14:49:33.669000+00:00,295,185,5,110,20,9558
2024-07-07T14:49:41.949000+00:00,255,103,3,152,20,9558
2024-07-07T14:50:04.829000+00:00,251,98,3,153,20,9558
2024-07-07T14:50:26.789000+00:00,286,137,4,149,20,9558
2024-07-07T14:50:31.829000+00:00,157,104,3,53,20,9558
2024-07-07T14:50:47.669000+00:00,295,235,7,60,20,9558
2024-07-07T14:50:59.069000+00:00,252,209,6,43,20,9558
2024-07-07T14:51:15.469000+00:00,293,190,6,103,20,9558
2024-07-07T14:51:23.789000+00:00,236,87,3,149,20,9558
2024-07-07T14:51:46.549000+00:00,273,89,3,184,20,9558
2024-07-07T14:52:09.069000+00:00,283,157,5,126,20,9558
2024-07-07T14:52:14.189000+00:00,155,97,3,58,20,9558
2024-07-07T14:52:30.349000+00:00,296,234,7,62,20,9558
2024-07-07T14:52:39.909000+00:00,293,246,7,47,20,9558
2024-07-07T14:52:58.830000+00:00,278,180,5,98,20,9558
2024-07-07T14:53:07.389000+00:00,254,85,3,169,20,9558
2024-07-07T14:53:30.750000+00:00,269,96,3,173,20,9558
2024-07-07T14:53:53.669000+00:00,274,135,4,139,20,9558
2024-07-07T14:53:58.910000+00:00,145,99,3,46,20,9558
2024-07-07T14:54:24.550000+00:00,293,243,7,50,20,9558
2024-07-07T14:54:43.550000+00:00,295,178,5,117,20,9558
2024-07-07T14:54:52.190000+00:00,254,78,3,176,20,9558
2024-07-07T14:55:15.630000+00:00,272,91,3,181,20,9558
2024-07-07T14:55:38.430000+00:00,273,131,4,142,20,9558
2024-07-07T14:55:43.750000+00:00,146,102,3,44,20,9558
2024-07-07T14:56:00.030000+00:00,285,221,7,64,20,9558
2024-07-07T14:56:28.310000+00:00,293,173,5,120,20,9558
2024-07-07T14:56:37.310000+00:00,221,86,3,135,20,9558
2024-07-07T14:57:01.631000+00:00,237,88,3,149,20,9558
2024-07-07T14:57:24.310000+00:00,288,132,4,156,20,9558
2024-07-07T14:57:29.990000+00:00,146,96,3,50,20,9558
2024-07-07T14:57:46.550000+00:00,294,231,7,63,20,9558
2024-07-07T14:58:15.031000+00:00,293,195,5,98,20,9558
2024-07-07T14:58:23.590000+00:00,249,76,2,173,20,9558
2024-07-07T14:58:47.391000+00:00,250,92,3,158,20,9558
2024-07-07T14:59:09.870000+00:00,289,133,4,156,20,9558
2024-07-07T14:59:32.551000+00:00,294,220,6,74,20,9558
2024-07-07T15:00:01.231000+00:00,293,177,5,116,20,9558
2024-07-07T15:00:09.591000+00:00,241,90,3,151,20,9558
2024-07-07T15:00:32.391000+00:00,280,87,3,193,20,9558
2024-07-07T15:00:54.991000+00:00,289,123,4,166,20,9558
2024-07-07T15:01:00.911000+00:00,144,99,3,45,20,9558
2024-07-07T15:01:17.311000+00:00,290,233,6,57,20,9558
2024-07-07T15:01:45.671000+00:00,286,177,5,109,20,9558
2024-07-07T15:01:53.991000+00:00,255,102,3,153,20,9558
2024-07-07T15:02:16.151000+00:00,278,92,3,186,20,9558
2024-07-07T15:02:38.511000+00:00,289,139,4,150,20,9558
2024-07-07T15:02:59.911000+00:00,293,217,6,76,20,9558
2024-07-07T15:03:28.872000+00:00,294,174,5,120,20,9558
2024-07-07T15:03:38.431000+00:00,254,87,2,167,20,9558
2024-07-07T15:04:21.672000+00:00,210,89,3,121,20,9558
2024-07-07T15:04:28.552000+00:00,123,82,3,41,20,9558
2024-07-07T15:04:43.912000+00:00,286,129,4,157,20,9558
2024-07-07T15:05:04.712000+00:00,293,207,7,86,20,9558
2024-07-07T15:05:32.631000+00:00,292,188,5,104,20,9558
2024-07-07T15:05:40.752000+00:00,256,108,3,148,20,9558
2024-07-07T15:06:01.912000+00:00,262,117,3,145,20,9558
2024-07-07T15:06:21.752000+00:00,291,152,4,139,20,9558
2024-07-07T15:06:26.432000+00:00,169,122,4,47,20,9558
2024-07-07T15:06:41.152000+00:00,299,253,7,46,20,9558
2024-07-07T15:07:07.552000+00:00,294,206,6,88,20,9558
2024-07-07T15:07:14.872000+00:00,258,110,3,148,20,9558
2024-07-07T15:07:34.952000+00:00,272,116,3,156,20,9558
2024-07-07T15:07:40.113000+00:00,149,89,3,60,20,9558
2024-07-07T15:07:54.672000+00:00,290,150,4,140,20,9558
2024-07-07T15:07:59.313000+00:00,173,130,4,43,20,9558
2024-07-07T15:08:39.953000+00:00,300,201,6,99,20,9558
2024-07-07T15:08:47.113000+00:00,269,122,3,147,20,9558
2024-07-07T15:09:07.033000+00:00,281,122,3,159,20,9558
2024-07-07T15:09:26.713000+00:00,286,169,4,117,20,9558
2024-07-07T15:09:31.153000+00:00,181,133,4,48,20,9558
2024-07-07T15:10:10.873000+00:00,304,212,6,92,20,9558
2024-07-07T15:10:18.073000+00:00,268,121,3,147,20,9558
2024-07-07T15:10:37.793000+00:00,260,115,3,145,20,9558
2024-07-07T15:10:42.472000+00:00,148,101,3,47,20,9558
2024-07-07T15:10:57.433000+00:00,285,170,4,115,20,9558
2024-07-07T15:11:01.713000+00:00,181,133,4,48,20,9558
2024-07-07T15:11:41.593000+00:00,301,225,6,76,20,9558
2024-07-07T15:11:48.473000+00:00,252,115,3,137,20,9558
2024-07-07T15:12:07.713000+00:00,288,115,3,173,20,9558
2024-07-07T15:12:12.553000+00:00,145,99,3,46,20,9558
2024-07-07T15:12:27.593000+00:00,281,178,4,103,20,9558
2024-07-07T15:12:31.913000+00:00,176,133,4,43,20,9558
2024-07-07T15:13:11.713000+00:00,300,239,7,61,20,9558
2024-07-07T15:13:18.953000+00:00,224,116,3,108,20,9558
2024-07-07T15:13:37.913000+00:00,298,111,3,187,20,9558
2024-07-07T15:13:43.153000+00:00,142,98,3,44,20,9558
2024-07-07T15:13:58.353000+00:00,276,182,5,94,20,9558
2024-07-07T15:14:02.634000+00:00,174,119,3,55,20,9558
2024-07-07T15:14:41.954000+00:00,305,230,7,75,20,9558
2024-07-07T15:14:49.114000+00:00,275,98,3,177,20,9558
2024-07-07T15:15:09.314000+00:00,287,114,3,173,20,9558
2024-07-07T15:15:14.714000+00:00,145,86,3,59,20,9558
2024-07-07T15:15:30.074000+00:00,285,163,4,122,20,9558
2024-07-07T15:15:34.594000+00:00,171,116,3,55,20,9558
2024-07-07T15:16:14.194000+00:00,295,218,6,77,20,9558
2024-07-07T15:16:21.514000+00:00,267,107,3,160,20,9558
2024-07-07T15:16:41.034000+00:00,287,120,3,167,20,9558
2024-07-07T15:17:01.314000+00:00,285,168,4,117,20,9558
2024-07-07T15:17:45.234000+00:00,294,228,8,66,20,9558
2024-07-07T15:17:52.754000+00:00,254,114,3,140,20,9558
2024-07-07T15:18:12.394000+00:00,271,121,3,150,20,9558
2024-07-07T15:18:32.634000+00:00,279,174,4,105,20,9558
2024-07-07T15:18:36.835000+00:00,178,120,4,58,20,9558
2024-07-07T15:19:16.875000+00:00,291,230,6,61,20,9558
2024-07-07T15:19:23.875000+00:00,266,113,3,153,20,9558
2024-07-07T15:19:43.675000+00:00,237,121,3,116,20,9558
2024-07-07T15:19:48.474000+00:00,138,95,3,43,20,9558
2024-07-07T15:20:03.595000+00:00,283,169,4,114,20,9558
2024-07-07T15:20:07.914000+00:00,176,124,3,52,20,9558
2024-07-07T15:20:47.874000+00:00,292,251,7,41,20,9558
2024-07-07T15:20:54.835000+00:00,268,119,3,149,20,9558
2024-07-07T15:21:14.355000+00:00,289,113,3,176,20,9558
2024-07-07T15:21:34.315000+00:00,294,172,5,122,20,9558
2024-07-07T15:21:38.675000+00:00,179,114,3,65,20,9558
2024-07-07T15:22:25.715000+00:00,253,113,3,140,20,9558
2024-07-07T15:22:45.115000+00:00,293,109,3,184,20,9558
2024-07-07T15:22:50.315000+00:00,143,92,3,51,20,9558
2024-07-07T15:23:05.435000+00:00,290,159,4,131,20,9558
2024-07-07T15:23:09.835000+00:00,178,119,4,59,20,9558
2024-07-07T15:23:49.555000+00:00,297,245,7,52,20,9558
2024-07-07T15:23:56.635000+00:00,270,111,3,159,20,9558
2024-07-07T15:24:16.275000+00:00,275,112,3,163,20,9558
2024-07-07T15:24:21.316000+00:00,141,90,3,51,20,9558
2024-07-07T15:24:36.475000+00:00,291,159,4,132,20,9558
2024-07-07T15:24:41.076000+00:00,170,115,3,55,20,9558
2024-07-07T15:25:20.796000+00:00,297,253,7,44,20,9558
2024-07-07T15:25:27.716000+00:00,272,110,3,162,20,9558
2024-07-07T15:25:47.636000+00:00,289,103,3,186,20,9558
2024-07-07T15:26:08.316000+00:00,291,168,4,123,20,9558
2024-07-07T15:26:53.116000+00:00,291,242,7,49,20,9558
2024-07-07T15:26:59.876000+00:00,254,118,3,136,20,9558
2024-07-07T15:27:21.596000+00:00,179,116,4,63,20,9558
2024-07-07T15:29:13.916000+00:00,143,84,4,59,20,9558
2024-07-07T13:20:44.491000+00:00,219,107,3,112,22,9558
2024-07-07T13:21:08.411000+00:00,269,140,4,129,22,9558
2024-07-07T13:21:14.091000+00:00,146,99,3,47,22,9558
2024-07-07T13:21:30.971000+00:00,271,220,6,51,22,9558
2024-07-07T13:22:00.011000+00:00,289,189,5,100,22,9558
2024-07-07T13:22:08.891000+00:00,260,91,2,169,22,9558
2024-07-07T13:22:48.491000+00:00,246,96,3,150,22,9558
2024-07-07T13:23:10.932000+00:00,282,157,3,125,22,9558
2024-07-07T13:23:32.092000+00:00,298,234,7,64,22,9558
2024-07-07T13:24:00.891000+00:00,300,175,4,125,22,9558
2024-07-07T13:24:10.932000+00:00,216,74,2,142,22,9558
2024-07-07T13:24:51.372000+00:00,247,96,3,151,22,9558
2024-07-07T13:25:13.932000+00:00,254,148,4,106,22,9558
2024-07-07T13:26:03.812000+00:00,273,186,4,87,22,9558
2024-07-07T13:26:13.132000+00:00,221,98,3,123,22,9558
2024-07-07T13:26:21.412000+00:00,118,69,1,49,22,9558
2024-07-07T14:00:46.339000+00:00,250,122,3,128,22,9558
2024-07-07T14:00:52.139000+00:00,134,63,1,71,22,9558
2024-07-07T14:01:11.139000+00:00,248,171,4,77,22,9558
2024-07-07T14:01:34.819000+00:00,243,127,3,116,22,9558
2024-07-07T14:02:09.059000+00:00,213,61,1,152,22,9558
2024-07-07T14:02:14.979000+00:00,153,59,1,94,22,9558
2024-07-07T14:03:27.539000+00:00,263,101,3,162,22,9558
2024-07-07T14:03:33.380000+00:00,132,77,2,55,22,9558
2024-07-07T14:03:48.339000+00:00,293,148,4,145,22,9558
2024-07-07T14:04:07.659000+00:00,298,254,7,44,22,9558
2024-07-07T14:04:35.379000+00:00,299,210,5,89,22,9558
2024-07-07T14:04:43.140000+00:00,248,98,3,150,22,9558
2024-07-07T14:05:03.620000+00:00,274,114,3,160,22,9558
2024-07-07T14:05:09.059000+00:00,142,95,3,47,22,9558
2024-07-07T14:05:23.580000+00:00,290,154,4,136,22,9558
2024-07-07T14:05:28.459000+00:00,163,122,3,41,22,9558
2024-07-07T14:06:08.860000+00:00,324,215,6,109,22,9558
2024-07-07T14:06:16.500000+00:00,268,110,3,158,22,9558
2024-07-07T14:06:36.820000+00:00,273,102,3,171,22,9558
2024-07-07T14:06:56.860000+00:00,303,154,4,149,22,9558
2024-07-07T14:07:01.781000+00:00,163,121,3,42,22,9558
2024-07-07T14:07:41.981000+00:00,300,219,5,81,22,9558
2024-07-07T14:07:49.940000+00:00,219,100,3,119,22,9558
2024-07-07T14:08:10.340000+00:00,226,108,3,118,22,9558
2024-07-07T14:08:29.660000+00:00,304,155,4,149,22,9558
2024-07-07T14:09:14.701000+00:00,314,213,5,101,22,9558
2024-07-07T14:09:23.061000+00:00,249,109,3,140,22,9558
2024-07-07T14:09:43.021000+00:00,279,110,3,169,22,9558
2024-07-07T14:09:48.421000+00:00,136,94,3,42,22,9558
2024-07-07T14:10:03.061000+00:00,301,157,4,144,22,9558
2024-07-07T14:10:07.661000+00:00,169,121,3,48,22,9558
2024-07-07T14:10:47.781000+00:00,310,219,5,91,22,9558
2024-07-07T14:10:55.621000+00:00,263,102,3,161,22,9558
2024-07-07T14:11:15.781000+00:00,265,112,3,153,22,9558
2024-07-07T14:11:21.021000+00:00,136,94,3,42,22,9558
2024-07-07T14:11:35.461000+00:00,298,150,4,148,22,9558
2024-07-07T14:11:40.421000+00:00,166,114,3,52,22,9558
2024-07-07T14:12:20.461000+00:00,303,209,5,94,22,9558
2024-07-07T14:12:28.421000+00:00,249,101,3,148,22,9558
2024-07-07T14:12:48.221000+00:00,278,103,3,175,22,9558
2024-07-07T14:12:53.661000+00:00,136,95,3,41,22,9558
2024-07-07T14:13:08.341000+00:00,285,169,4,116,22,9558
2024-07-07T14:13:53.141000+00:00,315,214,5,101,22,9558
2024-07-07T14:14:01.181000+00:00,239,103,3,136,22,9558
2024-07-07T14:14:21.141000+00:00,265,107,3,158,22,9558
2024-07-07T14:14:41.061000+00:00,309,159,4,150,22,9558
2024-07-07T14:14:45.942000+00:00,165,120,3,45,22,9558
2024-07-07T14:15:26.262000+00:00,294,207,5,87,22,9558
2024-07-07T14:15:33.741000+00:00,258,106,3,152,22,9558
2024-07-07T14:15:53.741000+00:00,271,102,3,169,22,9558
2024-07-07T14:15:59.382000+00:00,132,90,3,42,22,9558
2024-07-07T14:16:13.782000+00:00,301,153,4,148,22,9558
2024-07-07T14:16:58.502000+00:00,314,213,5,101,22,9558
2024-07-07T14:17:06.423000+00:00,243,100,3,143,22,9558
2024-07-07T14:17:26.383000+00:00,273,101,2,172,22,9558
2024-07-07T14:17:46.703000+00:00,311,158,4,153,22,9558
2024-07-07T14:17:51.782000+00:00,158,117,3,41,22,9558
2024-07-07T14:18:32.343000+00:00,288,214,5,74,22,9558
2024-07-07T14:18:39.703000+00:00,263,103,3,160,22,9558
2024-07-07T14:18:59.743000+00:00,266,109,3,157,22,9558
2024-07-07T14:19:20.023000+00:00,300,156,4,144,22,9558
2024-07-07T14:19:24.983000+00:00,157,110,3,47,22,9558
2024-07-07T14:20:05.103000+00:00,302,219,6,83,22,9558
2024-07-07T14:20:12.823000+00:00,242,99,3,143,22,9558
2024-07-07T14:20:32.663000+00:00,262,106,3,156,22,9558
2024-07-07T14:20:53.183000+00:00,260,162,4,98,22,9558
2024-07-07T14:20:57.503000+00:00,165,123,3,42,22,9558
2024-07-07T14:21:37.983000+00:00,297,206,5,91,22,9558
2024-07-07T14:21:45.343000+00:00,254,107,3,147,22,9558
2024-07-07T14:22:05.423000+00:00,272,112,3,160,22,9558
2024-07-07T14:22:25.743000+00:00,270,159,4,111,22,9558
2024-07-07T14:22:30.424000+00:00,166,117,3,49,22,9558
2024-07-07T14:23:10.984000+00:00,298,215,5,83,22,9558
2024-07-07T14:23:18.383000+00:00,261,103,3,158,22,9558
2024-07-07T14:23:38.303000+00:00,277,109,3,168,22,9558
2024-07-07T14:23:43.744000+00:00,140,95,3,45,22,9558
2024-07-07T14:23:58.863000+00:00,268,162,4,106,22,9558
2024-07-07T14:24:03.344000+00:00,166,116,3,50,22,9558
2024-07-07T14:24:43.744000+00:00,293,212,5,81,22,9558
2024-07-07T14:24:51.224000+00:00,252,104,3,148,22,9558
2024-07-07T14:25:11.024000+00:00,284,108,3,176,22,9558
2024-07-07T14:25:16.384000+00:00,139,94,3,45,22,9558
2024-07-07T14:25:31.464000+00:00,284,154,4,130,22,9558
2024-07-07T14:25:35.944000+00:00,175,132,3,43,22,9558
2024-07-07T14:26:16.704000+00:00,277,218,5,59,22,9558
2024-07-07T14:26:23.784000+00:00,255,110,3,145,22,9558
2024-07-07T14:26:43.824000+00:00,279,111,3,168,22,9558
2024-07-07T14:27:04.304000+00:00,276,165,4,111,22,9558
2024-07-07T14:27:08.704000+00:00,174,122,3,52,22,9558
2024-07-07T14:27:48.984000+00:00,297,199,5,98,22,9558
2024-07-07T14:27:56.744000+00:00,249,102,3,147,22,9558
2024-07-07T14:28:16.904000+00:00,281,109,3,172,22,9558
2024-07-07T14:28:37.465000+00:00,292,158,4,134,22,9558
2024-07-07T14:28:41.704000+00:00,179,114,3,65,22,9558
2024-07-07T14:29:22.704000+00:00,296,166,5,130,22,9558
2024-07-07T14:29:30.665000+00:00,248,102,3,146,22,9558
2024-07-07T14:29:51.985000+00:00,273,111,3,162,22,9558
2024-07-07T14:29:57.585000+00:00,137,90,3,47,22,9558
2024-07-07T14:30:12.465000+00:00,285,166,4,119,22,9558
2024-07-07T14:30:17.185000+00:00,176,122,3,54,22,9558
2024-07-07T14:30:57.345000+00:00,295,181,5,114,22,9558
2024-07-07T14:31:06.225000+00:00,248,97,3,151,22,9558
2024-07-07T14:31:28.426000+00:00,225,90,3,135,22,9558
2024-07-07T14:31:35.066000+00:00,125,79,2,46,22,9558
2024-07-07T14:31:51.225000+00:00,293,176,4,117,22,9558
2024-07-07T14:31:56.905000+00:00,161,119,3,42,22,9558
2024-07-07T14:32:20.225000+00:00,293,199,5,94,22,9558
2024-07-07T14:32:39.905000+00:00,306,158,4,148,22,9558
2024-07-07T14:32:49.346000+00:00,244,91,3,153,22,9558
2024-07-07T14:33:11.945000+00:00,263,106,3,157,22,9558
2024-07-07T14:33:18.225000+00:00,127,84,3,43,22,9558
2024-07-07T14:33:33.346000+00:00,280,154,4,126,22,9558
2024-07-07T14:33:38.745000+00:00,157,115,3,42,22,9558
2024-07-07T14:34:01.906000+00:00,304,261,6,43,22,9558
2024-07-07T14:34:19.146000+00:00,307,194,5,113,22,9558
2024-07-07T14:34:27.826000+00:00,248,96,3,152,22,9558
2024-07-07T14:34:48.386000+00:00,274,107,3,167,22,9558
2024-07-07T14:34:54.106000+00:00,135,88,3,47,22,9558
2024-07-07T14:35:09.066000+00:00,287,146,4,141,22,9558
2024-07-07T14:35:13.986000+00:00,167,111,3,56,22,9558
2024-07-07T14:35:39.266000+00:00,278,230,6,48,22,9558
2024-07-07T14:35:54.746000+00:00,280,209,5,71,22,9558
2024-07-07T14:36:02.306000+00:00,225,99,3,126,22,9558
2024-07-07T14:36:22.226000+00:00,275,111,3,164,22,9558
2024-07-07T14:36:27.506000+00:00,135,89,3,46,22,9558
2024-07-07T14:36:42.786000+00:00,270,153,4,117,22,9558
2024-07-07T14:36:47.186000+00:00,174,114,3,60,22,9558
2024-07-07T14:37:27.946000+00:00,270,212,5,58,22,9558
2024-07-07T14:37:35.266000+00:00,229,105,3,124,22,9558
2024-07-07T14:37:55.066000+00:00,273,106,3,167,22,9558
2024-07-07T14:38:00.626000+00:00,137,96,3,41,22,9558
2024-07-07T14:38:15.426000+00:00,298,162,4,136,22,9558
2024-07-07T14:38:20.146000+00:00,173,117,3,56,22,9558
2024-07-07T14:39:00.706000+00:00,285,222,5,63,22,9558
2024-07-07T14:39:08.146000+00:00,238,103,3,135,22,9558
2024-07-07T14:39:28.147000+00:00,259,111,3,148,22,9558
2024-07-07T14:39:33.546000+00:00,137,89,3,48,22,9558
2024-07-07T14:39:48.227000+00:00,301,148,4,153,22,9558
2024-07-07T14:39:53.307000+00:00,168,114,3,54,22,9558
2024-07-07T14:40:18.747000+00:00,272,230,6,42,22,9558
2024-07-07T14:40:33.547000+00:00,305,189,5,116,22,9558
2024-07-07T14:40:41.067000+00:00,261,89,3,172,22,9558
2024-07-07T14:41:02.187000+00:00,274,105,3,169,22,9558
2024-07-07T14:41:07.907000+00:00,132,83,3,49,22,9558
2024-07-07T14:41:22.427000+00:00,296,148,4,148,22,9558
2024-07-07T14:41:42.667000+00:00,292,238,6,54,22,9558
2024-07-07T14:42:08.227000+00:00,303,181,5,122,22,9558
2024-07-07T14:42:16.787000+00:00,260,89,3,171,22,9558
2024-07-07T14:42:38.107000+00:00,275,99,3,176,22,9558
2024-07-07T14:42:43.907000+00:00,130,85,3,45,22,9558
2024-07-07T14:42:58.427000+00:00,297,123,3,174,22,9558
2024-07-07T14:43:04.267000+00:00,152,101,3,51,22,9558
2024-07-07T14:43:19.388000+00:00,302,200,5,102,22,9558
2024-07-07T14:43:48.308000+00:00,306,174,4,132,22,9558
2024-07-07T14:43:57.828000+00:00,252,81,2,171,22,9558
2024-07-07T14:44:21.708000+00:00,266,109,3,157,22,9558
2024-07-07T14:44:42.627000+00:00,289,125,3,164,22,9558
2024-07-07T14:45:05.908000+00:00,277,165,4,112,22,9558
2024-07-07T14:45:17.668000+00:00,266,206,5,60,22,9558
2024-07-07T14:45:37.508000+00:00,283,138,4,145,22,9558
2024-07-07T14:45:49.508000+00:00,246,78,2,168,22,9558
2024-07-07T14:46:30.668000+00:00,249,89,3,160,22,9558
2024-07-07T14:46:37.188000+00:00,131,83,2,48,22,9558
2024-07-07T14:46:52.668000+00:00,266,137,3,129,22,9558
2024-07-07T14:47:14.068000+00:00,300,230,5,70,22,9558
2024-07-07T14:47:42.029000+00:00,283,177,5,106,22,9558
2024-07-07T14:47:50.389000+00:00,245,96,3,149,22,9558
2024-07-07T14:48:06.748000+00:00,282,217,5,65,22,9558
2024-07-07T14:48:13.588000+00:00,263,87,3,176,22,9558
2024-07-07T14:48:20.028000+00:00,136,77,2,59,22,9558
2024-07-07T14:48:35.829000+00:00,272,131,3,141,22,9558
2024-07-07T14:48:57.349000+00:00,295,231,6,64,22,9558
2024-07-07T14:49:11.708000+00:00,196,155,4,41,22,9558
2024-07-07T14:49:25.388000+00:00,286,183,4,103,22,9558
2024-07-07T14:49:33.829000+00:00,255,92,3,163,22,9558
2024-07-07T14:49:50.709000+00:00,290,244,6,46,22,9558
2024-07-07T14:49:57.029000+00:00,250,96,3,154,22,9558
2024-07-07T14:50:03.389000+00:00,129,81,3,48,22,9558
2024-07-07T14:50:18.708000+00:00,293,140,4,153,22,9558
2024-07-07T14:50:40.189000+00:00,289,240,5,49,22,9558
2024-07-07T14:51:08.389000+00:00,294,165,4,129,22,9558
2024-07-07T14:51:17.229000+00:00,246,94,3,152,22,9558
2024-07-07T14:51:39.669000+00:00,264,90,3,174,22,9558
2024-07-07T14:52:01.549000+00:00,290,140,4,150,22,9558
2024-07-07T14:52:07.309000+00:00,155,108,3,47,22,9558
2024-07-07T14:52:22.909000+00:00,302,238,6,64,22,9558
2024-07-07T14:52:51.270000+00:00,292,170,4,122,22,9558
2024-07-07T14:52:59.949000+00:00,249,86,3,163,22,9558
2024-07-07T14:53:22.989000+00:00,266,95,3,171,22,9558
2024-07-07T14:53:29.589000+00:00,125,84,3,41,22,9558
2024-07-07T14:53:45.750000+00:00,283,138,4,145,22,9558
2024-07-07T14:53:51.110000+00:00,159,100,3,59,22,9558
2024-07-07T14:54:07.069000+00:00,299,241,6,58,22,9558
2024-07-07T14:54:35.789000+00:00,274,167,4,107,22,9558
2024-07-07T14:54:44.230000+00:00,252,88,2,164,22,9558
2024-07-07T14:55:07.749000+00:00,256,95,3,161,22,9558
2024-07-07T14:55:14.269000+00:00,123,79,3,44,22,9558
2024-07-07T14:55:30.550000+00:00,255,143,4,112,22,9558
2024-07-07T14:55:35.510000+00:00,155,111,3,44,22,9558
2024-07-07T14:55:51.910000+00:00,292,244,5,48,22,9558
2024-07-07T14:56:20.150000+00:00,282,170,4,112,22,9558
2024-07-07T14:56:28.670000+00:00,248,83,2,165,22,9558
2024-07-07T14:56:52.790000+00:00,253,96,3,157,22,9558
2024-07-07T14:57:15.470000+00:00,289,136,4,153,22,9558
2024-07-07T14:57:21.071000+00:00,154,106,3,48,22,9558
2024-07-07T14:57:37.030000+00:00,299,236,6,63,22,9558
2024-07-07T14:58:05.750000+00:00,275,171,4,104,22,9558
2024-07-07T14:58:14.391000+00:00,240,90,3,150,22,9558
2024-07-07T14:58:37.430000+00:00,263,89,3,174,22,9558
2024-07-07T14:59:00.351000+00:00,286,140,4,146,22,9558
2024-07-07T14:59:22.111000+00:00,297,213,5,84,22,9558
2024-07-07T14:59:51.390000+00:00,281,176,4,105,22,9558
2024-07-07T14:59:59.591000+00:00,249,91,3,158,22,9558
2024-07-07T15:00:21.991000+00:00,267,96,3,171,22,9558
2024-07-07T15:00:44.511000+00:00,289,132,4,157,22,9558
2024-07-07T15:00:50.430000+00:00,147,105,3,42,22,9558
2024-07-07T15:01:06.031000+00:00,301,227,5,74,22,9558
2024-07-07T15:01:34.671000+00:00,297,185,5,112,22,9558
2024-07-07T15:01:42.911000+00:00,250,93,3,157,22,9558
2024-07-07T15:02:04.551000+00:00,266,107,3,159,22,9558
2024-07-07T15:02:10.871000+00:00,122,80,3,42,22,9558
2024-07-07T15:02:26.911000+00:00,284,133,4,151,22,9558
2024-07-07T15:02:47.791000+00:00,297,236,6,61,22,9558
2024-07-07T15:03:15.952000+00:00,285,189,5,96,22,9558
2024-07-07T15:03:24.112000+00:00,248,102,3,146,22,9558
2024-07-07T15:03:45.591000+00:00,263,95,3,168,22,9558
2024-07-07T15:04:08.152000+00:00,262,145,4,117,22,9558
2024-07-07T15:04:29.032000+00:00,294,248,6,46,22,9558
2024-07-07T15:04:56.592000+00:00,284,186,5,98,22,9558
2024-07-07T15:05:05.831000+00:00,241,58,2,183,22,9558
2024-07-07T15:05:46.271000+00:00,240,108,3,132,22,9558
2024-07-07T15:06:07.192000+00:00,278,154,4,124,22,9558
2024-07-07T15:06:12.272000+00:00,160,119,3,41,22,9558
2024-07-07T15:06:27.112000+00:00,299,254,7,45,22,9558
2024-07-07T15:06:54.032000+00:00,294,193,5,101,22,9558
2024-07-07T15:07:02.272000+00:00,240,101,3,139,22,9558
2024-07-07T15:07:22.792000+00:00,276,116,3,160,22,9558
2024-07-07T15:07:28.112000+00:00,139,92,3,47,22,9558
2024-07-07T15:07:42.952000+00:00,271,158,4,113,22,9558
2024-07-07T15:07:47.512000+00:00,173,117,3,56,22,9558
2024-07-07T15:08:27.912000+00:00,293,227,6,66,22,9558
2024-07-07T15:08:35.432000+00:00,245,115,3,130,22,9558
2024-07-07T15:08:54.912000+00:00,280,116,3,164,22,9558
2024-07-07T15:09:00.113000+00:00,145,103,3,42,22,9558
2024-07-07T15:09:14.712000+00:00,284,167,4,117,22,9558
2024-07-07T15:09:19.273000+00:00,168,127,3,41,22,9558
2024-07-07T15:09:44.033000+00:00,282,237,6,45,22,9558
2024-07-07T15:09:58.953000+00:00,284,226,6,58,22,9558
2024-07-07T15:10:06.033000+00:00,270,98,3,172,22,9558
2024-07-07T15:10:26.193000+00:00,243,114,3,129,22,9558
2024-07-07T15:10:45.593000+00:00,284,175,4,109,22,9558
2024-07-07T15:10:49.913000+00:00,178,126,3,52,22,9558
2024-07-07T15:11:29.593000+00:00,284,232,6,52,22,9558
2024-07-07T15:11:36.753000+00:00,243,111,3,132,22,9558
2024-07-07T15:11:56.353000+00:00,253,114,3,139,22,9558
2024-07-07T15:12:01.313000+00:00,141,97,3,44,22,9558
2024-07-07T15:12:16.073000+00:00,279,164,4,115,22,9558
2024-07-07T15:12:20.393000+00:00,176,127,3,49,22,9558
2024-07-07T15:13:06.993000+00:00,249,111,3,138,22,9558
2024-07-07T15:13:26.593000+00:00,255,114,3,141,22,9558
2024-07-07T15:13:31.393000+00:00,143,93,3,50,22,9558
2024-07-07T15:13:46.393000+00:00,283,168,4,115,22,9558
2024-07-07T15:13:50.553000+00:00,182,127,3,55,22,9558
2024-07-07T15:14:29.954000+00:00,304,222,7,82,22,9558
2024-07-07T15:14:37.633000+00:00,252,97,3,155,22,9558
2024-07-07T15:14:57.393000+00:00,255,112,3,143,22,9558
2024-07-07T15:15:02.354000+00:00,142,91,3,51,22,9558
2024-07-07T15:15:17.513000+00:00,275,169,4,106,22,9558
2024-07-07T15:15:21.554000+00:00,182,122,3,60,22,9558
2024-07-07T15:16:01.154000+00:00,303,232,8,71,22,9558
2024-07-07T15:16:08.234000+00:00,269,99,3,170,22,9558
2024-07-07T15:16:28.634000+00:00,280,105,3,175,22,9558
2024-07-07T15:16:33.754000+00:00,138,95,3,43,22,9558
2024-07-07T15:16:48.714000+00:00,311,158,4,153,22,9558
2024-07-07T15:16:53.314000+00:00,174,115,3,59,22,9558
2024-07-07T15:17:33.754000+00:00,272,231,6,41,22,9558
2024-07-07T15:17:40.554000+00:00,262,106,3,156,22,9558
2024-07-07T15:18:00.274000+00:00,276,116,3,160,22,9558
2024-07-07T15:18:05.514000+00:00,140,94,3,46,22,9558
2024-07-07T15:18:20.554000+00:00,288,166,4,122,22,9558
2024-07-07T15:18:24.835000+00:00,178,121,3,57,22,9558
2024-07-07T15:19:04.835000+00:00,284,231,6,53,22,9558
2024-07-07T15:19:11.875000+00:00,231,109,3,122,22,9558
2024-07-07T15:19:31.275000+00:00,276,112,3,164,22,9558
2024-07-07T15:19:36.595000+00:00,138,93,3,45,22,9558
2024-07-07T15:19:51.555000+00:00,289,163,4,126,22,9558
2024-07-07T15:19:56.115000+00:00,175,127,3,48,22,9558
2024-07-07T15:20:36.115000+00:00,283,237,6,46,22,9558
2024-07-07T15:20:43.035000+00:00,262,103,3,159,22,9558
2024-07-07T15:21:02.755000+00:00,275,114,3,161,22,9558
2024-07-07T15:21:08.035000+00:00,138,92,3,46,22,9558
2024-07-07T15:21:22.835000+00:00,293,164,4,129,22,9558
2024-07-07T15:21:27.194000+00:00,175,123,3,52,22,9558
2024-07-07T15:22:14.475000+00:00,251,111,3,140,22,9558
2024-07-07T15:22:33.995000+00:00,263,119,3,144,22,9558
2024-07-07T15:22:38.875000+00:00,138,96,3,42,22,9558
2024-07-07T15:22:54.116000+00:00,274,170,4,104,22,9558
2024-07-07T15:22:58.355000+00:00,172,120,3,52,22,9558
2024-07-07T15:23:38.475000+00:00,280,228,6,52,22,9558
2024-07-07T15:23:45.636000+00:00,254,108,3,146,22,9558
2024-07-07T15:24:05.275000+00:00,275,108,3,167,22,9558
2024-07-07T15:24:10.475000+00:00,134,89,3,45,22,9558
2024-07-07T15:24:25.556000+00:00,277,171,4,106,22,9558
2024-07-07T15:24:29.915000+00:00,173,126,3,47,22,9558
2024-07-07T15:25:09.915000+00:00,291,240,7,51,22,9558
2024-07-07T15:25:17.075000+00:00,257,103,3,154,22,9558
2024-07-07T15:25:36.755000+00:00,268,110,3,158,22,9558
2024-07-07T15:25:42.236000+00:00,135,92,3,43,22,9558
2024-07-07T15:26:01.436000+00:00,175,118,3,57,22,9558
2024-07-07T15:26:49.356000+00:00,227,113,3,114,22,9558
2024-07-07T15:27:01.756000+00:00,273,168,4,105,22,9558
2024-07-07T13:22:53.851000+00:00,222,91,3,131,23,9558
2024-07-07T13:23:16.291000+00:00,281,132,3,149,23,9558
2024-07-07T13:23:22.371000+00:00,140,99,3,41,23,9558
2024-07-07T13:23:38.212000+00:00,278,201,6,77,23,9558
2024-07-07T13:24:07.851000+00:00,280,201,5,79,23,9558
2024-07-07T13:24:16.732000+00:00,231,73,2,158,23,9558
2024-07-07T13:25:50.532000+00:00,239,108,3,131,23,9558
2024-07-07T13:26:11.932000+00:00,274,139,3,135,23,9558
2024-07-07T13:26:33.132000+00:00,280,223,6,57,23,9558
2024-07-07T13:27:01.533000+00:00,286,204,5,82,23,9558
2024-07-07T13:27:09.572000+00:00,258,84,2,174,23,9558
2024-07-07T13:27:44.732000+00:00,231,119,3,112,23,9558
2024-07-07T13:28:04.492000+00:00,287,165,4,122,23,9558
2024-07-07T13:28:24.012000+00:00,279,229,6,50,23,9558
2024-07-07T13:28:53.293000+00:00,241,165,5,76,23,9558
2024-07-07T13:29:05.373000+00:00,154,91,2,63,23,9558
2024-07-07T13:29:15.133000+00:00,96,51,0,45,23,9558
2024-07-07T14:00:31.939000+00:00,248,108,3,140,23,9558
2024-07-07T14:00:37.659000+00:00,136,92,2,44,23,9558
2024-07-07T14:00:53.459000+00:00,274,146,3,128,23,9558
2024-07-07T14:00:57.419000+00:00,138,74,2,64,23,9558
2024-07-07T14:01:21.219000+00:00,247,86,2,161,23,9558
2024-07-07T14:01:52.260000+00:00,279,210,5,69,23,9558
2024-07-07T14:01:58.219000+00:00,241,56,1,185,23,9558
2024-07-07T14:03:20.060000+00:00,245,192,5,53,23,9558
2024-07-07T14:03:26.580000+00:00,270,80,3,190,23,9558
2024-07-07T14:03:48.019000+00:00,300,141,3,159,23,9558
2024-07-07T14:04:35.619000+00:00,298,207,5,91,23,9558
2024-07-07T14:04:43.540000+00:00,259,98,2,161,23,9558
2024-07-07T14:05:03.900000+00:00,276,108,3,168,23,9558
2024-07-07T14:05:24.220000+00:00,306,148,4,158,23,9558
2024-07-07T14:06:09.380000+00:00,305,213,5,92,23,9558
2024-07-07T14:06:16.740000+00:00,273,89,2,184,23,9558
2024-07-07T14:06:37.580000+00:00,242,103,3,139,23,9558
2024-07-07T14:06:57.780000+00:00,289,148,4,141,23,9558
2024-07-07T14:07:42.620000+00:00,314,218,5,96,23,9558
2024-07-07T14:07:50.380000+00:00,250,102,3,148,23,9558
2024-07-07T14:08:10.740000+00:00,266,108,3,158,23,9558
2024-07-07T14:08:16.021000+00:00,132,89,3,43,23,9558
2024-07-07T14:08:30.900000+00:00,290,155,4,135,23,9558
2024-07-07T14:09:15.941000+00:00,304,223,6,81,23,9558
2024-07-07T14:09:23.540000+00:00,254,104,3,150,23,9558
2024-07-07T14:09:43.940000+00:00,241,112,3,129,23,9558
2024-07-07T14:09:49.341000+00:00,133,91,3,42,23,9558
2024-07-07T14:10:04.260000+00:00,275,154,4,121,23,9558
2024-07-07T14:10:08.741000+00:00,168,125,3,43,23,9558
2024-07-07T14:10:48.901000+00:00,304,216,6,88,23,9558
2024-07-07T14:10:56.661000+00:00,237,107,3,130,23,9558
2024-07-07T14:11:16.981000+00:00,220,115,3,105,23,9558
2024-07-07T14:11:37.261000+00:00,271,159,4,112,23,9558
2024-07-07T14:11:41.741000+00:00,164,119,3,45,23,9558
2024-07-07T14:12:22.301000+00:00,289,226,6,63,23,9558
2024-07-07T14:12:29.501000+00:00,262,106,3,156,23,9558
2024-07-07T14:12:49.621000+00:00,255,108,3,147,23,9558
2024-07-07T14:13:10.342000+00:00,260,160,4,100,23,9558
2024-07-07T14:13:14.461000+00:00,171,114,3,57,23,9558
2024-07-07T14:13:55.181000+00:00,286,221,6,65,23,9558
2024-07-07T14:14:02.622000+00:00,243,105,3,138,23,9558
2024-07-07T14:14:22.622000+00:00,245,114,3,131,23,9558
2024-07-07T14:14:27.741000+00:00,136,92,3,44,23,9558
2024-07-07T14:14:42.942000+00:00,276,160,4,116,23,9558
2024-07-07T14:14:47.261000+00:00,172,111,3,61,23,9558
2024-07-07T14:15:27.742000+00:00,296,230,6,66,23,9558
2024-07-07T14:15:35.622000+00:00,228,109,3,119,23,9558
2024-07-07T14:15:55.382000+00:00,274,118,3,156,23,9558
2024-07-07T14:16:00.622000+00:00,134,90,3,44,23,9558
2024-07-07T14:16:15.782000+00:00,290,151,4,139,23,9558
2024-07-07T14:17:01.102000+00:00,278,221,6,57,23,9558
2024-07-07T14:17:08.462000+00:00,247,106,3,141,23,9558
2024-07-07T14:17:28.422000+00:00,248,112,3,136,23,9558
2024-07-07T14:17:33.583000+00:00,134,91,3,43,23,9558
2024-07-07T14:17:48.702000+00:00,289,161,4,128,23,9558
2024-07-07T14:17:53.303000+00:00,165,108,3,57,23,9558
2024-07-07T14:18:41.343000+00:00,256,103,3,153,23,9558
2024-07-07T14:19:01.303000+00:00,273,115,3,158,23,9558
2024-07-07T14:19:06.703000+00:00,138,92,3,46,23,9558
2024-07-07T14:19:21.823000+00:00,286,160,4,126,23,9558
2024-07-07T14:19:26.423000+00:00,163,121,3,42,23,9558
2024-07-07T14:20:07.143000+00:00,289,229,6,60,23,9558
2024-07-07T14:20:14.303000+00:00,263,108,3,155,23,9558
2024-07-07T14:20:34.263000+00:00,273,112,3,161,23,9558
2024-07-07T14:20:54.783000+00:00,284,156,4,128,23,9558
2024-07-07T14:20:59.383000+00:00,170,120,3,50,23,9558
2024-07-07T14:21:39.543000+00:00,294,226,6,68,23,9558
2024-07-07T14:21:47.103000+00:00,243,105,3,138,23,9558
2024-07-07T14:22:06.743000+00:00,271,108,3,163,23,9558
2024-07-07T14:22:12.343000+00:00,140,86,3,54,23,9558
2024-07-07T14:22:27.383000+00:00,287,153,4,134,23,9558
2024-07-07T14:22:32.103000+00:00,162,108,3,54,23,9558
2024-07-07T14:23:12.223000+00:00,295,220,6,75,23,9558
2024-07-07T14:23:19.743000+00:00,262,107,3,155,23,9558
2024-07-07T14:23:39.583000+00:00,263,112,3,151,23,9558
2024-07-07T14:23:45.103000+00:00,134,92,3,42,23,9558
2024-07-07T14:24:00.263000+00:00,267,153,4,114,23,9558
2024-07-07T14:24:04.464000+00:00,169,110,3,59,23,9558
2024-07-07T14:24:44.824000+00:00,290,223,6,67,23,9558
2024-07-07T14:24:52.303000+00:00,262,108,3,154,23,9558
2024-07-07T14:25:12.104000+00:00,257,103,3,154,23,9558
2024-07-07T14:25:17.504000+00:00,137,90,3,47,23,9558
2024-07-07T14:25:32.583000+00:00,284,154,4,130,23,9558
2024-07-07T14:25:37.104000+00:00,160,117,3,43,23,9558
2024-07-07T14:26:16.704000+00:00,314,211,5,103,23,9558
2024-07-07T14:26:24.384000+00:00,260,104,3,156,23,9558
2024-07-07T14:26:44.704000+00:00,255,108,3,147,23,9558
2024-07-07T14:26:49.984000+00:00,132,89,3,43,23,9558
2024-07-07T14:27:04.865000+00:00,278,147,4,131,23,9558
2024-07-07T14:27:09.424000+00:00,158,108,3,50,23,9558
2024-07-07T14:27:49.264000+00:00,307,208,5,99,23,9558
2024-07-07T14:27:57.064000+00:00,253,103,3,150,23,9558
2024-07-07T14:28:17.625000+00:00,256,110,3,146,23,9558
2024-07-07T14:28:22.904000+00:00,140,88,3,52,23,9558
2024-07-07T14:28:38.065000+00:00,277,159,4,118,23,9558
2024-07-07T14:28:42.464000+00:00,164,101,3,63,23,9558
2024-07-07T14:29:22.144000+00:00,329,147,5,182,23,9558
2024-07-07T14:29:31.425000+00:00,236,94,3,142,23,9558
2024-07-07T14:29:52.665000+00:00,262,104,3,158,23,9558
2024-07-07T14:29:58.265000+00:00,139,81,3,58,23,9558
2024-07-07T14:30:13.225000+00:00,301,144,4,157,23,9558
2024-07-07T14:30:57.345000+00:00,314,179,5,135,23,9558
2024-07-07T14:31:06.385000+00:00,254,103,3,151,23,9558
2024-07-07T14:31:28.426000+00:00,245,79,3,166,23,9558
2024-07-07T14:31:36.185000+00:00,120,75,3,45,23,9558
2024-07-07T14:31:51.985000+00:00,286,143,3,143,23,9558
2024-07-07T14:32:21.346000+00:00,294,224,6,70,23,9558
2024-07-07T14:32:41.026000+00:00,303,167,5,136,23,9558
2024-07-07T14:32:50.065000+00:00,252,89,2,163,23,9558
2024-07-07T14:33:12.985000+00:00,258,103,3,155,23,9558
2024-07-07T14:33:18.825000+00:00,132,85,3,47,23,9558
2024-07-07T14:33:34.226000+00:00,280,145,3,135,23,9558
2024-07-07T14:33:39.225000+00:00,164,121,3,43,23,9558
2024-07-07T14:34:20.266000+00:00,287,201,5,86,23,9558
2024-07-07T14:34:28.306000+00:00,252,97,3,155,23,9558
2024-07-07T14:34:49.106000+00:00,261,112,3,149,23,9558
2024-07-07T14:35:09.866000+00:00,273,147,4,126,23,9558
2024-07-07T14:35:14.386000+00:00,164,121,3,43,23,9558
2024-07-07T14:35:54.746000+00:00,295,223,5,72,23,9558
2024-07-07T14:36:02.026000+00:00,267,95,3,172,23,9558
2024-07-07T14:36:22.426000+00:00,270,107,3,163,23,9558
2024-07-07T14:36:28.026000+00:00,130,85,2,45,23,9558
2024-07-07T14:36:43.106000+00:00,287,147,4,140,23,9558
2024-07-07T14:36:47.746000+00:00,169,124,3,45,23,9558
2024-07-07T14:37:28.146000+00:00,297,225,5,72,23,9558
2024-07-07T14:37:35.586000+00:00,258,107,3,151,23,9558
2024-07-07T14:37:55.706000+00:00,270,105,3,165,23,9558
2024-07-07T14:38:00.986000+00:00,140,81,2,59,23,9558
2024-07-07T14:38:16.227000+00:00,284,144,4,140,23,9558
2024-07-07T14:38:21.106000+00:00,155,110,3,45,23,9558
2024-07-07T14:39:01.266000+00:00,291,215,5,76,23,9558
2024-07-07T14:39:08.747000+00:00,251,107,3,144,23,9558
2024-07-07T14:39:28.467000+00:00,279,111,3,168,23,9558
2024-07-07T14:39:33.826000+00:00,134,78,2,56,23,9558
2024-07-07T14:39:48.627000+00:00,315,136,4,179,23,9558
2024-07-07T14:39:53.706000+00:00,165,108,3,57,23,9558
2024-07-07T14:40:33.707000+00:00,332,210,5,122,23,9558
2024-07-07T14:40:41.427000+00:00,242,103,3,139,23,9558
2024-07-07T14:41:03.147000+00:00,221,116,3,105,23,9558
2024-07-07T14:41:08.107000+00:00,137,73,2,64,23,9558
2024-07-07T14:41:22.827000+00:00,305,153,4,152,23,9558
2024-07-07T14:41:42.987000+00:00,296,243,6,53,23,9558
2024-07-07T14:42:09.147000+00:00,297,205,5,92,23,9558
2024-07-07T14:42:16.547000+00:00,264,86,3,178,23,9558
2024-07-07T14:42:38.507000+00:00,272,101,3,171,23,9558
2024-07-07T14:42:44.187000+00:00,129,80,2,49,23,9558
2024-07-07T14:42:59.228000+00:00,289,130,3,159,23,9558
2024-07-07T14:43:19.708000+00:00,304,228,6,76,23,9558
2024-07-07T14:43:30.427000+00:00,265,211,5,54,23,9558
2024-07-07T14:43:49.107000+00:00,292,182,5,110,23,9558
2024-07-07T14:43:58.468000+00:00,241,83,2,158,23,9558
2024-07-07T14:44:16.027000+00:00,273,219,6,54,23,9558
2024-07-07T14:44:23.427000+00:00,244,92,3,152,23,9558
2024-07-07T14:44:44.228000+00:00,287,126,3,161,23,9558
2024-07-07T14:45:07.068000+00:00,287,172,5,115,23,9558
2024-07-07T14:45:18.468000+00:00,278,199,5,79,23,9558
2024-07-07T14:45:38.548000+00:00,293,175,5,118,23,9558
2024-07-07T14:45:50.788000+00:00,202,84,2,118,23,9558
2024-07-07T14:46:36.189000+00:00,247,98,3,149,23,9558
2024-07-07T14:46:42.709000+00:00,130,80,3,50,23,9558
2024-07-07T14:46:58.228000+00:00,275,133,3,142,23,9558
2024-07-07T14:47:19.748000+00:00,299,246,7,53,23,9558
2024-07-07T14:47:47.508000+00:00,288,190,5,98,23,9558
2024-07-07T14:47:56.149000+00:00,236,90,3,146,23,9558
2024-07-07T14:48:18.628000+00:00,256,89,3,167,23,9558
2024-07-07T14:48:25.028000+00:00,131,80,3,51,23,9558
2024-07-07T14:48:40.829000+00:00,270,139,4,131,23,9558
2024-07-07T14:48:46.148000+00:00,154,110,3,44,23,9558
2024-07-07T14:49:01.349000+00:00,299,239,6,60,23,9558
2024-07-07T14:49:29.349000+00:00,281,185,5,96,23,9558
2024-07-07T14:49:38.109000+00:00,237,88,3,149,23,9558
2024-07-07T14:50:00.589000+00:00,253,95,3,158,23,9558
2024-07-07T14:50:22.509000+00:00,277,124,3,153,23,9558
2024-07-07T14:50:28.149000+00:00,154,101,3,53,23,9558
2024-07-07T14:50:43.949000+00:00,291,247,6,44,23,9558
2024-07-07T14:51:12.030000+00:00,269,178,5,91,23,9558
2024-07-07T14:51:20.429000+00:00,234,85,3,149,23,9558
2024-07-07T14:51:43.949000+00:00,248,91,3,157,23,9558
2024-07-07T14:51:50.229000+00:00,123,78,3,45,23,9558
2024-07-07T14:52:06.029000+00:00,275,132,4,143,23,9558
2024-07-07T14:52:11.550000+00:00,153,106,3,47,23,9558
2024-07-07T14:52:27.269000+00:00,295,246,7,49,23,9558
2024-07-07T14:52:36.469000+00:00,286,245,6,41,23,9558
2024-07-07T14:52:55.109000+00:00,294,181,5,113,23,9558
2024-07-07T14:53:03.749000+00:00,241,85,3,156,23,9558
2024-07-07T14:53:26.989000+00:00,260,91,3,169,23,9558
2024-07-07T14:53:33.509000+00:00,121,76,3,45,23,9558
2024-07-07T14:53:49.749000+00:00,244,129,3,115,23,9558
2024-07-07T14:54:10.790000+00:00,289,248,7,41,23,9558
2024-07-07T14:54:39.350000+00:00,276,181,5,95,23,9558
2024-07-07T14:54:47.509000+00:00,256,87,3,169,23,9558
2024-07-07T14:55:11.510000+00:00,249,91,3,158,23,9558
2024-07-07T14:55:33.870000+00:00,273,126,3,147,23,9558
2024-07-07T14:55:55.630000+00:00,279,219,6,60,23,9558
2024-07-07T14:56:24.310000+00:00,275,184,5,91,23,9558
2024-07-07T14:56:32.510000+00:00,253,84,3,169,23,9558
2024-07-07T14:56:56.350000+00:00,246,84,3,162,23,9558
2024-07-07T14:57:03.030000+00:00,120,77,3,43,23,9558
2024-07-07T14:57:19.230000+00:00,259,119,3,140,23,9558
2024-07-07T14:57:25.070000+00:00,148,91,3,57,23,9558
2024-07-07T14:57:41.231000+00:00,297,240,6,57,23,9558
2024-07-07T14:57:50.550000+00:00,286,242,6,44,23,9558
2024-07-07T14:58:41.111000+00:00,272,89,3,183,23,9558
2024-07-07T14:59:04.390000+00:00,276,125,3,151,23,9558
2024-07-07T14:59:26.391000+00:00,300,239,8,61,23,9558
2024-07-07T14:59:54.911000+00:00,302,181,5,121,23,9558
2024-07-07T15:00:03.230000+00:00,239,86,2,153,23,9558
2024-07-07T15:00:26.991000+00:00,250,89,3,161,23,9558
2024-07-07T15:00:33.511000+00:00,115,74,3,41,23,9558
2024-07-07T15:00:49.391000+00:00,288,124,4,164,23,9558
2024-07-07T15:01:11.071000+00:00,292,241,6,51,23,9558
2024-07-07T15:01:39.271000+00:00,279,184,5,95,23,9558
2024-07-07T15:01:47.071000+00:00,254,85,3,169,23,9558
2024-07-07T15:02:09.551000+00:00,252,98,3,154,23,9558
2024-07-07T15:02:31.271000+00:00,285,128,3,157,23,9558
2024-07-07T15:02:52.511000+00:00,304,263,7,41,23,9558
2024-07-07T15:03:20.111000+00:00,283,200,5,83,23,9558
2024-07-07T15:03:28.071000+00:00,240,90,3,150,23,9558
2024-07-07T15:03:49.592000+00:00,264,95,3,169,23,9558
2024-07-07T15:03:55.752000+00:00,122,75,3,47,23,9558
2024-07-07T15:04:11.552000+00:00,284,130,3,154,23,9558
2024-07-07T15:04:16.712000+00:00,159,114,3,45,23,9558
2024-07-07T15:04:59.351000+00:00,299,198,5,101,23,9558
2024-07-07T15:05:07.912000+00:00,271,72,2,199,23,9558
2024-07-07T15:05:49.392000+00:00,243,103,3,140,23,9558
2024-07-07T15:06:10.472000+00:00,297,168,4,129,23,9558
2024-07-07T15:06:15.552000+00:00,168,121,3,47,23,9558
2024-07-07T15:06:56.832000+00:00,293,198,5,95,23,9558
2024-07-07T15:07:04.592000+00:00,257,106,3,151,23,9558
2024-07-07T15:07:24.552000+00:00,276,119,3,157,23,9558
2024-07-07T15:07:29.872000+00:00,143,101,3,42,23,9558
2024-07-07T15:07:44.352000+00:00,286,155,4,131,23,9558
2024-07-07T15:08:28.912000+00:00,296,218,5,78,23,9558
2024-07-07T15:08:36.232000+00:00,239,110,3,129,23,9558
2024-07-07T15:08:55.432000+00:00,273,113,3,160,23,9558
2024-07-07T15:09:14.712000+00:00,314,159,4,155,23,9558
2024-07-07T15:09:19.593000+00:00,178,125,3,53,23,9558
2024-07-07T15:09:58.673000+00:00,325,223,5,102,23,9558
2024-07-07T15:10:05.753000+00:00,276,101,3,175,23,9558
2024-07-07T15:10:26.193000+00:00,286,111,3,175,23,9558
2024-07-07T15:10:31.433000+00:00,133,86,2,47,23,9558
2024-07-07T15:10:45.833000+00:00,309,159,4,150,23,9558
2024-07-07T15:10:50.553000+00:00,174,121,3,53,23,9558
2024-07-07T15:11:30.153000+00:00,306,233,6,73,23,9558
2024-07-07T15:11:37.113000+00:00,271,109,3,162,23,9558
2024-07-07T15:11:56.633000+00:00,272,116,3,156,23,9558
2024-07-07T15:12:01.673000+00:00,141,91,3,50,23,9558
2024-07-07T15:12:16.433000+00:00,283,159,4,124,23,9558
2024-07-07T15:12:20.713000+00:00,170,121,3,49,23,9558
2024-07-07T15:13:00.113000+00:00,301,229,6,72,23,9558
2024-07-07T15:13:07.273000+00:00,263,109,3,154,23,9558
2024-07-07T15:13:26.793000+00:00,282,114,3,168,23,9558
2024-07-07T15:13:31.953000+00:00,134,88,3,46,23,9558
2024-07-07T15:13:46.633000+00:00,293,149,4,144,23,9558
2024-07-07T15:13:51.073000+00:00,177,125,3,52,23,9558
2024-07-07T15:14:29.754000+00:00,320,207,5,113,23,9558
2024-07-07T15:14:37.633000+00:00,242,100,3,142,23,9558
2024-07-07T15:14:57.393000+00:00,287,116,3,171,23,9558
2024-07-07T15:15:02.794000+00:00,138,90,3,48,23,9558
2024-07-07T15:15:17.513000+00:00,301,160,4,141,23,9558
2024-07-07T15:15:22.034000+00:00,177,106,3,71,23,9558
2024-07-07T15:16:01.154000+00:00,317,250,7,67,23,9558
2024-07-07T15:16:08.474000+00:00,246,112,3,134,23,9558
2024-07-07T15:16:27.994000+00:00,288,126,3,162,23,9558
2024-07-07T15:16:32.914000+00:00,140,95,3,45,23,9558
2024-07-07T15:16:48.114000+00:00,275,183,5,92,23,9558
2024-07-07T15:16:52.154000+00:00,183,126,3,57,23,9558
2024-07-07T15:17:38.874000+00:00,259,115,3,144,23,9558
2024-07-07T15:17:58.195000+00:00,281,121,3,160,23,9558
2024-07-07T15:18:03.194000+00:00,139,97,3,42,23,9558
2024-07-07T15:18:18.275000+00:00,283,172,4,111,23,9558
2024-07-07T15:18:22.554000+00:00,172,122,3,50,23,9558
2024-07-07T15:19:02.074000+00:00,287,238,6,49,23,9558
2024-07-07T15:19:09.355000+00:00,232,113,3,119,23,9558
2024-07-07T15:19:28.394000+00:00,287,117,3,170,23,9558
2024-07-07T15:19:48.474000+00:00,293,176,4,117,23,9558
2024-07-07T15:19:52.834000+00:00,171,123,3,48,23,9558
2024-07-07T15:20:32.515000+00:00,292,235,6,57,23,9558
2024-07-07T15:20:39.435000+00:00,250,119,3,131,23,9558
2024-07-07T15:20:58.635000+00:00,257,122,3,135,23,9558
2024-07-07T15:21:18.515000+00:00,290,168,4,122,23,9558
2024-07-07T15:21:22.835000+00:00,174,122,3,52,23,9558
2024-07-07T15:22:09.115000+00:00,272,112,3,160,23,9558
2024-07-07T15:22:28.435000+00:00,275,117,3,158,23,9558
2024-07-07T15:22:33.436000+00:00,141,93,3,48,23,9558
2024-07-07T15:22:48.475000+00:00,284,168,4,116,23,9558
2024-07-07T15:22:52.635000+00:00,178,116,3,62,23,9558
2024-07-07T15:23:39.116000+00:00,252,109,3,143,23,9558
2024-07-07T15:23:58.355000+00:00,267,120,3,147,23,9558
2024-07-07T15:24:03.155000+00:00,140,93,3,47,23,9558
2024-07-07T15:24:18.596000+00:00,266,181,5,85,23,9558
2024-07-07T15:24:22.515000+00:00,184,115,3,69,23,9558
2024-07-07T15:25:09.115000+00:00,252,113,3,139,23,9558
2024-07-07T15:25:28.036000+00:00,286,117,3,169,23,9558
2024-07-07T15:25:33.396000+00:00,131,89,3,42,23,9558
2024-07-07T15:25:48.476000+00:00,274,180,4,94,23,9558
2024-07-07T15:25:52.436000+00:00,179,123,3,56,23,9558
2024-07-07T15:26:38.636000+00:00,262,108,3,154,23,9558
2024-07-07T15:26:51.756000+00:00,276,222,7,54,23,9558
2024-07-07T13:21:14.531000+00:00,202,98,3,104,24,9558
2024-07-07T13:21:40.291000+00:00,255,133,5,122,24,9558
2024-07-07T13:21:47.331000+00:00,140,95,3,45,24,9558
2024-07-07T13:22:04.532000+00:00,268,201,6,67,24,9558
2024-07-07T13:22:35.411000+00:00,273,184,5,89,24,9558
2024-07-07T13:22:44.932000+00:00,232,80,2,152,24,9558
2024-07-07T13:23:22.371000+00:00,218,92,3,126,24,9558
2024-07-07T13:23:28.691000+00:00,126,78,3,48,24,9558
2024-07-07T13:23:44.252000+00:00,276,134,4,142,24,9558
2024-07-07T13:23:50.332000+00:00,152,99,3,53,24,9558
2024-07-07T13:24:06.212000+00:00,280,220,6,60,24,9558
2024-07-07T13:24:35.572000+00:00,269,194,5,75,24,9558
2024-07-07T13:24:44.572000+00:00,229,84,2,145,24,9558
2024-07-07T13:25:22.932000+00:00,238,105,3,133,24,9558
2024-07-07T13:25:45.332000+00:00,272,145,4,127,24,9558
2024-07-07T13:26:36.412000+00:00,264,153,5,111,24,9558
2024-07-07T13:26:46.732000+00:00,200,91,3,109,24,9558
2024-07-07T14:00:48.699000+00:00,237,108,3,129,24,9558
2024-07-07T14:01:12.379000+00:00,251,143,4,108,24,9558
2024-07-07T14:01:18.059000+00:00,159,117,3,42,24,9558
2024-07-07T14:01:38.860000+00:00,251,89,2,162,24,9558
2024-07-07T14:02:07.139000+00:00,272,180,5,92,24,9558
2024-07-07T14:02:14.739000+00:00,206,71,2,135,24,9558
2024-07-07T14:03:27.539000+00:00,252,98,2,154,24,9558
2024-07-07T14:03:49.099000+00:00,291,142,4,149,24,9558
2024-07-07T14:03:54.739000+00:00,155,112,3,43,24,9558
2024-07-07T14:04:09.659000+00:00,289,224,6,65,24,9558
2024-07-07T14:04:37.180000+00:00,281,225,6,56,24,9558
2024-07-07T14:04:44.460000+00:00,251,101,3,150,24,9558
2024-07-07T14:05:04.820000+00:00,259,115,3,144,24,9558
2024-07-07T14:05:10.300000+00:00,132,88,2,44,24,9558
2024-07-07T14:05:24.980000+00:00,303,153,5,150,24,9558
2024-07-07T14:05:55.700000+00:00,265,223,6,42,24,9558
2024-07-07T14:06:10.020000+00:00,323,216,6,107,24,9558
2024-07-07T14:06:17.620000+00:00,258,97,3,161,24,9558
2024-07-07T14:06:38.060000+00:00,276,103,4,173,24,9558
2024-07-07T14:06:58.420000+00:00,304,151,4,153,24,9558
2024-07-07T14:07:03.860000+00:00,160,108,3,52,24,9558
2024-07-07T14:07:43.660000+00:00,316,212,6,104,24,9558
2024-07-07T14:07:51.580000+00:00,246,104,3,142,24,9558
2024-07-07T14:08:11.660000+00:00,269,100,3,169,24,9558
2024-07-07T14:08:17.260000+00:00,130,88,3,42,24,9558
2024-07-07T14:08:31.980000+00:00,301,152,4,149,24,9558
2024-07-07T14:08:37.020000+00:00,168,126,4,42,24,9558
2024-07-07T14:09:16.940000+00:00,321,214,6,107,24,9558
2024-07-07T14:09:24.980000+00:00,244,110,3,134,24,9558
2024-07-07T14:09:44.780000+00:00,278,103,3,175,24,9558
2024-07-07T14:09:50.540000+00:00,134,92,3,42,24,9558
2024-07-07T14:10:05.421000+00:00,291,151,4,140,24,9558
2024-07-07T14:10:10.301000+00:00,168,100,3,68,24,9558
2024-07-07T14:10:50.381000+00:00,308,220,6,88,24,9558
2024-07-07T14:10:58.261000+00:00,252,106,3,146,24,9558
2024-07-07T14:11:18.221000+00:00,270,108,3,162,24,9558
2024-07-07T14:11:23.781000+00:00,134,91,3,43,24,9558
2024-07-07T14:11:38.701000+00:00,288,158,5,130,24,9558
2024-07-07T14:11:43.541000+00:00,169,102,3,67,24,9558
2024-07-07T14:12:24.142000+00:00,294,223,6,71,24,9558
2024-07-07T14:12:31.821000+00:00,257,102,3,155,24,9558
2024-07-07T14:12:52.261000+00:00,264,96,3,168,24,9558
2024-07-07T14:12:57.702000+00:00,138,91,3,47,24,9558
2024-07-07T14:13:13.021000+00:00,271,153,4,118,24,9558
2024-07-07T14:13:18.102000+00:00,160,106,3,54,24,9558
2024-07-07T14:13:58.702000+00:00,310,210,6,100,24,9558
2024-07-07T14:14:06.381000+00:00,254,105,3,149,24,9558
2024-07-07T14:14:26.581000+00:00,276,107,3,169,24,9558
2024-07-07T14:14:32.102000+00:00,136,91,3,45,24,9558
2024-07-07T14:14:47.461000+00:00,278,154,4,124,24,9558
2024-07-07T14:14:52.901000+00:00,156,104,3,52,24,9558
2024-07-07T14:15:07.741000+00:00,290,231,6,59,24,9558
2024-07-07T14:15:34.382000+00:00,288,200,5,88,24,9558
2024-07-07T14:15:42.222000+00:00,252,111,3,141,24,9558
2024-07-07T14:16:03.022000+00:00,266,95,3,171,24,9558
2024-07-07T14:16:08.782000+00:00,131,81,2,50,24,9558
2024-07-07T14:16:23.822000+00:00,286,154,4,132,24,9558
2024-07-07T14:16:29.062000+00:00,153,97,3,56,24,9558
2024-07-07T14:17:10.582000+00:00,274,221,6,53,24,9558
2024-07-07T14:17:17.982000+00:00,253,108,3,145,24,9558
2024-07-07T14:17:38.502000+00:00,258,100,3,158,24,9558
2024-07-07T14:17:44.102000+00:00,137,91,3,46,24,9558
2024-07-07T14:17:59.143000+00:00,284,157,5,127,24,9558
2024-07-07T14:18:04.182000+00:00,162,107,3,55,24,9558
2024-07-07T14:18:45.623000+00:00,264,212,5,52,24,9558
2024-07-07T14:18:53.703000+00:00,237,102,3,135,24,9558
2024-07-07T14:19:14.023000+00:00,274,97,3,177,24,9558
2024-07-07T14:19:20.023000+00:00,128,85,3,43,24,9558
2024-07-07T14:19:34.903000+00:00,288,156,4,132,24,9558
2024-07-07T14:19:39.983000+00:00,155,98,3,57,24,9558
2024-07-07T14:20:21.583000+00:00,274,223,6,51,24,9558
2024-07-07T14:20:28.943000+00:00,255,109,3,146,24,9558
2024-07-07T14:20:49.223000+00:00,273,98,3,175,24,9558
2024-07-07T14:21:10.183000+00:00,278,165,4,113,24,9558
2024-07-07T14:21:14.623000+00:00,173,99,3,74,24,9558
2024-07-07T14:21:56.344000+00:00,274,229,6,45,24,9558
2024-07-07T14:22:04.343000+00:00,244,80,2,164,24,9558
2024-07-07T14:22:44.263000+00:00,249,106,3,143,24,9558
2024-07-07T14:23:05.423000+00:00,272,166,5,106,24,9558
2024-07-07T14:23:10.144000+00:00,167,126,4,41,24,9558
2024-07-07T14:23:51.464000+00:00,270,223,6,47,24,9558
2024-07-07T14:23:58.423000+00:00,252,112,3,140,24,9558
2024-07-07T14:24:18.783000+00:00,245,117,4,128,24,9558
2024-07-07T14:24:23.544000+00:00,153,99,3,54,24,9558
2024-07-07T14:24:38.783000+00:00,262,172,5,90,24,9558
2024-07-07T14:25:31.304000+00:00,222,108,3,114,24,9558
2024-07-07T14:25:50.904000+00:00,274,118,4,156,24,9558
2024-07-07T14:26:10.984000+00:00,283,161,5,122,24,9558
2024-07-07T14:27:03.544000+00:00,250,107,3,143,24,9558
2024-07-07T14:27:23.304000+00:00,276,116,4,160,24,9558
2024-07-07T14:27:28.664000+00:00,139,96,3,43,24,9558
2024-07-07T14:27:43.784000+00:00,275,164,5,111,24,9558
2024-07-07T14:27:48.184000+00:00,175,118,4,57,24,9558
2024-07-07T14:28:28.384000+00:00,263,167,5,96,24,9558
2024-07-07T14:28:37.065000+00:00,234,102,3,132,24,9558
2024-07-07T14:28:59.385000+00:00,255,116,3,139,24,9558
2024-07-07T14:29:19.545000+00:00,289,152,4,137,24,9558
2024-07-07T14:30:06.505000+00:00,289,199,5,90,24,9558
2024-07-07T14:30:14.425000+00:00,252,105,3,147,24,9558
2024-07-07T14:30:30.745000+00:00,281,222,6,59,24,9558
2024-07-07T14:30:38.585000+00:00,237,116,3,121,24,9558
2024-07-07T14:30:59.865000+00:00,259,159,5,100,24,9558
2024-07-07T14:31:46.745000+00:00,280,189,5,91,24,9558
2024-07-07T14:31:54.746000+00:00,245,98,3,147,24,9558
2024-07-07T14:32:10.465000+00:00,275,223,6,52,24,9558
2024-07-07T14:32:17.545000+00:00,252,117,3,135,24,9558
2024-07-07T14:32:43.345000+00:00,279,146,4,133,24,9558
2024-07-07T14:33:15.146000+00:00,220,161,4,59,24,9558
2024-07-07T14:33:33.346000+00:00,280,166,5,114,24,9558
2024-07-07T14:33:42.466000+00:00,247,77,2,170,24,9558
2024-07-07T14:34:24.225000+00:00,222,97,3,125,24,9558
2024-07-07T14:34:48.626000+00:00,284,147,4,137,24,9558
2024-07-07T14:35:09.866000+00:00,281,217,6,64,24,9558
2024-07-07T14:35:38.666000+00:00,276,192,5,84,24,9558
2024-07-07T14:35:47.186000+00:00,239,100,3,139,24,9558
2024-07-07T14:36:02.866000+00:00,286,243,6,43,24,9558
2024-07-07T14:36:09.986000+00:00,204,98,3,106,24,9558
2024-07-07T14:36:15.746000+00:00,127,79,2,48,24,9558
2024-07-07T14:36:31.826000+00:00,266,154,4,112,24,9558
2024-07-07T14:36:37.227000+00:00,153,99,3,54,24,9558
2024-07-07T14:36:53.146000+00:00,287,215,6,72,24,9558
2024-07-07T14:37:21.906000+00:00,282,188,5,94,24,9558
2024-07-07T14:37:30.347000+00:00,247,95,3,152,24,9558
2024-07-07T14:37:55.066000+00:00,227,101,3,126,24,9558
2024-07-07T14:38:19.147000+00:00,285,142,4,143,24,9558
2024-07-07T14:38:25.227000+00:00,137,91,3,46,24,9558
2024-07-07T14:38:41.546000+00:00,287,217,6,70,24,9558
2024-07-07T14:38:51.867000+00:00,275,222,6,53,24,9558
2024-07-07T14:39:11.147000+00:00,269,191,5,78,24,9558
2024-07-07T14:39:20.626000+00:00,239,86,3,153,24,9558
2024-07-07T14:39:37.627000+00:00,276,225,6,51,24,9558
2024-07-07T14:39:44.827000+00:00,251,102,3,149,24,9558
2024-07-07T14:40:07.947000+00:00,285,145,4,140,24,9558
2024-07-07T14:40:30.587000+00:00,289,203,6,86,24,9558
2024-07-07T14:40:41.067000+00:00,266,220,6,46,24,9558
2024-07-07T14:41:01.067000+00:00,292,168,5,124,24,9558
2024-07-07T14:41:10.307000+00:00,238,86,3,152,24,9558
2024-07-07T14:41:27.907000+00:00,279,208,6,71,24,9558
2024-07-07T14:41:34.987000+00:00,262,101,3,161,24,9558
2024-07-07T14:41:58.147000+00:00,286,150,4,136,24,9558
2024-07-07T14:42:20.668000+00:00,275,213,6,62,24,9558
2024-07-07T14:42:30.867000+00:00,285,231,7,54,24,9558
2024-07-07T14:42:50.147000+00:00,298,175,5,123,24,9558
2024-07-07T14:42:59.228000+00:00,253,84,3,169,24,9558
2024-07-07T14:43:23.387000+00:00,249,92,3,157,24,9558
2024-07-07T14:43:46.308000+00:00,283,137,4,146,24,9558
2024-07-07T14:43:52.908000+00:00,131,90,3,41,24,9558
2024-07-07T14:44:09.307000+00:00,277,224,7,53,24,9558
2024-07-07T14:44:19.388000+00:00,287,241,7,46,24,9558
2024-07-07T14:44:38.588000+00:00,290,183,5,107,24,9558
2024-07-07T14:44:47.388000+00:00,247,92,3,155,24,9558
2024-07-07T14:45:11.388000+00:00,265,95,3,170,24,9558
2024-07-07T14:45:18.308000+00:00,115,74,2,41,24,9558
2024-07-07T14:45:34.588000+00:00,278,151,4,127,24,9558
2024-07-07T14:45:57.148000+00:00,286,219,6,67,24,9558
2024-07-07T14:46:07.028000+00:00,290,235,6,55,24,9558
2024-07-07T14:46:26.748000+00:00,275,178,5,97,24,9558
2024-07-07T14:46:35.909000+00:00,248,79,2,169,24,9558
2024-07-07T14:47:17.108000+00:00,236,90,3,146,24,9558
2024-07-07T14:47:24.108000+00:00,121,80,2,41,24,9558
2024-07-07T14:47:39.828000+00:00,273,139,4,134,24,9558
2024-07-07T14:48:01.469000+00:00,281,233,7,48,24,9558
2024-07-07T14:48:29.629000+00:00,286,178,5,108,24,9558
2024-07-07T14:48:38.228000+00:00,248,90,3,158,24,9558
2024-07-07T14:49:01.029000+00:00,244,94,3,150,24,9558
2024-07-07T14:49:22.709000+00:00,276,153,4,123,24,9558
2024-07-07T14:49:28.149000+00:00,154,99,3,55,24,9558
2024-07-07T14:50:11.908000+00:00,258,184,5,74,24,9558
2024-07-07T14:50:20.189000+00:00,241,93,3,148,24,9558
2024-07-07T14:50:36.389000+00:00,290,247,6,43,24,9558
2024-07-07T14:50:42.549000+00:00,263,97,3,166,24,9558
2024-07-07T14:50:48.749000+00:00,131,83,2,48,24,9558
2024-07-07T14:51:04.389000+00:00,281,140,4,141,24,9558
2024-07-07T14:51:39.030000+00:00,200,155,5,45,24,9558
2024-07-07T14:51:53.669000+00:00,270,194,6,76,24,9558
2024-07-07T14:52:02.349000+00:00,228,86,3,142,24,9558
2024-07-07T14:52:24.670000+00:00,262,88,3,174,24,9558
2024-07-07T14:52:31.070000+00:00,122,76,3,46,24,9558
2024-07-07T14:52:46.749000+00:00,283,155,4,128,24,9558
2024-07-07T14:52:52.390000+00:00,150,95,4,55,24,9558
2024-07-07T14:53:36.229000+00:00,279,183,5,96,24,9558
2024-07-07T14:53:44.750000+00:00,250,87,3,163,24,9558
2024-07-07T14:54:07.869000+00:00,257,93,3,164,24,9558
2024-07-07T14:54:14.229000+00:00,125,74,2,51,24,9558
2024-07-07T14:54:30.070000+00:00,277,139,4,138,24,9558
2024-07-07T14:54:35.789000+00:00,154,89,3,65,24,9558
2024-07-07T14:55:20.030000+00:00,282,185,5,97,24,9558
2024-07-07T14:55:28.830000+00:00,246,87,3,159,24,9558
2024-07-07T14:55:52.270000+00:00,252,93,3,159,24,9558
2024-07-07T14:55:59.030000+00:00,116,73,3,43,24,9558
2024-07-07T14:56:14.750000+00:00,276,150,4,126,24,9558
2024-07-07T14:56:20.670000+00:00,149,91,3,58,24,9558
2024-07-07T14:57:05.350000+00:00,282,160,5,122,24,9558
2024-07-07T14:57:14.111000+00:00,226,89,3,137,24,9558
2024-07-07T14:57:37.030000+00:00,265,84,3,181,24,9558
2024-07-07T14:58:00.351000+00:00,267,136,4,131,24,9558
2024-07-07T14:58:05.990000+00:00,148,89,3,59,24,9558
2024-07-07T14:58:22.071000+00:00,278,233,6,45,24,9558
2024-07-07T14:58:31.230000+00:00,290,241,7,49,24,9558
2024-07-07T14:58:51.070000+00:00,282,176,5,106,24,9558
2024-07-07T14:58:59.431000+00:00,247,82,3,165,24,9558
2024-07-07T14:59:22.751000+00:00,256,86,3,170,24,9558
2024-07-07T14:59:29.271000+00:00,117,75,2,42,24,9558
2024-07-07T14:59:45.471000+00:00,270,121,4,149,24,9558
2024-07-07T14:59:51.390000+00:00,146,91,3,55,24,9558
2024-07-07T15:00:38.711000+00:00,257,199,5,58,24,9558
2024-07-07T15:00:47.231000+00:00,256,86,3,170,24,9558
2024-07-07T15:01:10.271000+00:00,262,88,3,174,24,9558
2024-07-07T15:01:17.031000+00:00,118,76,3,42,24,9558
2024-07-07T15:01:32.711000+00:00,287,138,4,149,24,9558
2024-07-07T15:02:03.632000+00:00,293,249,7,44,24,9558
2024-07-07T15:02:22.631000+00:00,285,226,6,59,24,9558
2024-07-07T15:02:30.832000+00:00,261,96,3,165,24,9558
2024-07-07T15:02:52.911000+00:00,273,106,3,167,24,9558
2024-07-07T15:03:15.351000+00:00,264,134,4,130,24,9558
2024-07-07T15:03:20.591000+00:00,133,79,2,54,24,9558
2024-07-07T15:03:37.312000+00:00,282,238,7,44,24,9558
2024-07-07T15:03:46.631000+00:00,290,245,7,45,24,9558
2024-07-07T15:04:05.271000+00:00,285,194,6,91,24,9558
2024-07-07T15:04:13.591000+00:00,242,100,3,142,24,9558
2024-07-07T15:04:35.872000+00:00,267,108,3,159,24,9558
2024-07-07T15:04:58.272000+00:00,264,141,4,123,24,9558
2024-07-07T15:05:19.391000+00:00,282,223,6,59,24,9558
2024-07-07T15:05:28.912000+00:00,283,233,6,50,24,9558
2024-07-07T15:05:48.632000+00:00,262,188,5,74,24,9558
2024-07-07T15:05:57.432000+00:00,247,80,2,167,24,9558
2024-07-07T15:06:43.512000+00:00,213,105,3,108,24,9558
2024-07-07T15:06:49.592000+00:00,119,67,1,52,24,9558
2024-07-07T15:07:06.393000+00:00,267,143,5,124,24,9558
2024-07-07T15:07:55.272000+00:00,262,201,6,61,24,9558
2024-07-07T15:08:02.912000+00:00,256,105,3,151,24,9558
2024-07-07T15:08:23.912000+00:00,269,121,4,148,24,9558
2024-07-07T15:08:28.912000+00:00,142,98,3,44,24,9558
2024-07-07T15:08:43.752000+00:00,282,169,5,113,24,9558
2024-07-07T15:08:48.432000+00:00,176,125,4,51,24,9558
2024-07-07T15:09:29.072000+00:00,277,215,6,62,24,9558
2024-07-07T15:09:36.472000+00:00,246,106,3,140,24,9558
2024-07-07T15:09:57.393000+00:00,272,124,3,148,24,9558
2024-07-07T15:10:02.632000+00:00,140,95,3,45,24,9558
2024-07-07T15:10:17.113000+00:00,290,163,5,127,24,9558
2024-07-07T15:11:02.472000+00:00,286,237,7,49,24,9558
2024-07-07T15:11:09.433000+00:00,259,110,3,149,24,9558
2024-07-07T15:11:29.593000+00:00,270,125,4,145,24,9558
2024-07-07T15:11:34.353000+00:00,147,98,3,49,24,9558
2024-07-07T15:11:49.513000+00:00,268,169,5,99,24,9558
2024-07-07T15:11:54.153000+00:00,173,130,4,43,24,9558
2024-07-07T15:12:41.033000+00:00,262,110,3,152,24,9558
2024-07-07T15:13:00.793000+00:00,266,114,4,152,24,9558
2024-07-07T15:13:05.793000+00:00,144,97,3,47,24,9558
2024-07-07T15:13:21.034000+00:00,258,167,5,91,24,9558
2024-07-07T15:13:25.273000+00:00,173,124,4,49,24,9558
2024-07-07T15:14:05.033000+00:00,282,221,6,61,24,9558
2024-07-07T15:14:12.193000+00:00,261,110,3,151,24,9558
2024-07-07T15:14:31.873000+00:00,275,113,4,162,24,9558
2024-07-07T15:14:36.873000+00:00,147,95,3,52,24,9558
2024-07-07T15:14:51.913000+00:00,274,185,5,89,24,9558
2024-07-07T15:14:56.274000+00:00,174,117,4,57,24,9558
2024-07-07T15:15:36.274000+00:00,276,235,7,41,24,9558
2024-07-07T15:15:43.154000+00:00,257,110,3,147,24,9558
2024-07-07T15:16:02.874000+00:00,276,123,4,153,24,9558
2024-07-07T15:16:07.794000+00:00,145,101,3,44,24,9558
2024-07-07T15:16:22.914000+00:00,278,178,5,100,24,9558
2024-07-07T15:16:27.154000+00:00,184,131,4,53,24,9558
2024-07-07T15:17:07.434000+00:00,282,228,7,54,24,9558
2024-07-07T15:17:14.434000+00:00,260,108,3,152,24,9558
2024-07-07T15:17:34.354000+00:00,277,123,4,154,24,9558
2024-07-07T15:17:54.554000+00:00,262,176,5,86,24,9558
2024-07-07T15:17:58.754000+00:00,171,127,4,44,24,9558
2024-07-07T15:18:38.914000+00:00,276,230,7,46,24,9558
2024-07-07T15:18:45.994000+00:00,255,116,3,139,24,9558
2024-07-07T15:19:05.674000+00:00,257,117,4,140,24,9558
2024-07-07T15:19:10.475000+00:00,144,90,3,54,24,9558
2024-07-07T15:19:25.555000+00:00,283,169,5,114,24,9558
2024-07-07T15:19:30.155000+00:00,178,130,4,48,24,9558
2024-07-07T15:20:17.635000+00:00,238,117,3,121,24,9558
2024-07-07T15:20:37.035000+00:00,271,115,4,156,24,9558
2024-07-07T15:20:42.035000+00:00,140,92,3,48,24,9558
2024-07-07T15:20:57.355000+00:00,261,169,5,92,24,9558
2024-07-07T15:21:48.795000+00:00,243,115,3,128,24,9558
2024-07-07T15:22:08.115000+00:00,282,119,4,163,24,9558
2024-07-07T15:22:28.435000+00:00,282,164,5,118,24,9558
2024-07-07T15:22:32.915000+00:00,177,131,4,46,24,9558
2024-07-07T15:23:20.356000+00:00,252,116,3,136,24,9558
2024-07-07T15:23:39.876000+00:00,270,102,4,168,24,9558
2024-07-07T15:23:45.115000+00:00,141,91,3,50,24,9558
2024-07-07T15:24:00.236000+00:00,281,175,5,106,24,9558
2024-07-07T15:24:04.835000+00:00,169,109,4,60,24,9558
2024-07-07T15:24:45.356000+00:00,282,221,7,61,24,9558
2024-07-07T15:24:52.316000+00:00,262,106,3,156,24,9558
2024-07-07T15:25:12.476000+00:00,255,113,4,142,24,9558
2024-07-07T15:25:17.435000+00:00,142,86,3,56,24,9558
2024-07-07T15:25:32.556000+00:00,286,161,5,125,24,9558
2024-07-07T15:25:37.275000+00:00,169,108,4,61,24,9558
2024-07-07T15:26:24.356000+00:00,268,108,3,160,24,9558
2024-07-07T15:26:46.236000+00:00,206,113,4,93,24,9558
2024-07-07T15:27:12.356000+00:00,175,108,4,67,24,9558
2024-07-07T15:28:57.477000+00:00,125,66,2,59,24,9558
2024-07-07T13:21:46.731000+00:00,241,97,3,144,27,9558
2024-07-07T13:21:53.531000+00:00,119,77,2,42,27,9558
2024-07-07T13:22:09.891000+00:00,240,125,4,115,27,9558
2024-07-07T13:22:35.131000+00:00,276,207,6,69,27,9558
2024-07-07T13:23:03.492000+00:00,275,152,5,123,27,9558
2024-07-07T13:23:16.291000+00:00,146,87,2,59,27,9558
2024-07-07T13:23:58.892000+00:00,235,98,3,137,27,9558
2024-07-07T13:24:20.651000+00:00,281,152,4,129,27,9558
2024-07-07T13:24:25.972000+00:00,154,111,3,43,27,9558
2024-07-07T13:24:41.691000+00:00,283,235,6,48,27,9558
2024-07-07T13:25:09.292000+00:00,265,196,5,69,27,9558
2024-07-07T13:25:21.892000+00:00,129,88,2,41,27,9558
2024-07-07T13:27:18.132000+00:00,242,112,3,130,27,9558
2024-07-07T13:27:38.692000+00:00,272,177,4,95,27,9558
2024-07-07T13:27:58.372000+00:00,286,242,6,44,27,9558
2024-07-07T13:28:32.933000+00:00,197,90,2,107,27,9558
2024-07-07T14:00:21.939000+00:00,253,95,3,158,27,9558
2024-07-07T14:00:47.019000+00:00,262,158,4,104,27,9558
2024-07-07T14:00:52.139000+00:00,168,124,3,44,27,9558
2024-07-07T14:01:06.299000+00:00,269,105,3,164,27,9558
2024-07-07T14:01:42.619000+00:00,276,202,5,74,27,9558
2024-07-07T14:01:48.699000+00:00,218,113,2,105,27,9558
2024-07-07T14:01:54.139000+00:00,109,63,1,46,27,9558
2024-07-07T14:03:26.580000+00:00,279,88,3,191,27,9558
2024-07-07T14:03:33.380000+00:00,113,69,2,44,27,9558
2024-07-07T14:03:48.019000+00:00,302,145,4,157,27,9558
2024-07-07T14:04:34.859000+00:00,290,217,6,73,27,9558
2024-07-07T14:04:42.339000+00:00,263,98,3,165,27,9558
2024-07-07T14:05:02.780000+00:00,282,112,3,170,27,9558
2024-07-07T14:05:08.179000+00:00,140,91,3,49,27,9558
2024-07-07T14:05:22.580000+00:00,290,172,5,118,27,9558
2024-07-07T14:05:27.660000+00:00,172,127,3,45,27,9558
2024-07-07T14:06:07.820000+00:00,306,218,5,88,27,9558
2024-07-07T14:06:15.500000+00:00,253,102,3,151,27,9558
2024-07-07T14:06:36.060000+00:00,236,107,3,129,27,9558
2024-07-07T14:06:40.940000+00:00,138,96,3,42,27,9558
2024-07-07T14:06:55.540000+00:00,290,165,5,125,27,9558
2024-07-07T14:07:00.420000+00:00,170,125,3,45,27,9558
2024-07-07T14:07:40.180000+00:00,322,205,5,117,27,9558
2024-07-07T14:07:48.141000+00:00,253,113,3,140,27,9558
2024-07-07T14:08:08.461000+00:00,243,108,3,135,27,9558
2024-07-07T14:08:28.261000+00:00,287,162,4,125,27,9558
2024-07-07T14:09:13.141000+00:00,314,211,5,103,27,9558
2024-07-07T14:09:20.941000+00:00,243,105,3,138,27,9558
2024-07-07T14:09:40.941000+00:00,261,104,3,157,27,9558
2024-07-07T14:09:46.181000+00:00,134,92,3,42,27,9558
2024-07-07T14:10:00.981000+00:00,283,146,5,137,27,9558
2024-07-07T14:10:45.621000+00:00,305,208,6,97,27,9558
2024-07-07T14:10:53.301000+00:00,253,99,3,154,27,9558
2024-07-07T14:11:13.421000+00:00,276,108,3,168,27,9558
2024-07-07T14:11:18.861000+00:00,142,94,3,48,27,9558
2024-07-07T14:11:33.421000+00:00,302,170,4,132,27,9558
2024-07-07T14:11:38.181000+00:00,167,122,3,45,27,9558
2024-07-07T14:12:18.381000+00:00,316,219,6,97,27,9558
2024-07-07T14:12:26.021000+00:00,247,101,3,146,27,9558
2024-07-07T14:12:46.021000+00:00,277,102,3,175,27,9558
2024-07-07T14:13:06.301000+00:00,294,154,4,140,27,9558
2024-07-07T14:13:11.382000+00:00,166,122,3,44,27,9558
2024-07-07T14:13:50.782000+00:00,325,205,5,120,27,9558
2024-07-07T14:13:58.941000+00:00,251,104,3,147,27,9558
2024-07-07T14:14:18.742000+00:00,274,116,3,158,27,9558
2024-07-07T14:14:24.222000+00:00,141,91,3,50,27,9558
2024-07-07T14:14:38.862000+00:00,293,155,4,138,27,9558
2024-07-07T14:15:23.742000+00:00,320,203,5,117,27,9558
2024-07-07T14:15:31.902000+00:00,242,103,3,139,27,9558
2024-07-07T14:15:51.662000+00:00,273,106,3,167,27,9558
2024-07-07T14:15:57.422000+00:00,131,88,3,43,27,9558
2024-07-07T14:16:11.782000+00:00,299,159,4,140,27,9558
2024-07-07T14:16:56.382000+00:00,311,209,6,102,27,9558
2024-07-07T14:17:04.262000+00:00,245,95,3,150,27,9558
2024-07-07T14:17:24.182000+00:00,257,111,3,146,27,9558
2024-07-07T14:17:29.462000+00:00,142,92,3,50,27,9558
2024-07-07T14:17:44.102000+00:00,310,150,4,160,27,9558
2024-07-07T14:18:28.782000+00:00,317,207,5,110,27,9558
2024-07-07T14:18:36.622000+00:00,250,100,3,150,27,9558
2024-07-07T14:18:56.502000+00:00,276,111,3,165,27,9558
2024-07-07T14:19:02.062000+00:00,141,88,3,53,27,9558
2024-07-07T14:19:16.542000+00:00,294,162,4,132,27,9558
2024-07-07T14:20:01.503000+00:00,298,227,6,71,27,9558
2024-07-07T14:20:08.943000+00:00,247,104,3,143,27,9558
2024-07-07T14:20:28.943000+00:00,272,108,3,164,27,9558
2024-07-07T14:20:34.503000+00:00,138,93,3,45,27,9558
2024-07-07T14:20:49.223000+00:00,267,154,4,113,27,9558
2024-07-07T14:20:54.223000+00:00,166,123,3,43,27,9558
2024-07-07T14:21:33.783000+00:00,319,212,5,107,27,9558
2024-07-07T14:21:41.303000+00:00,266,99,3,167,27,9558
2024-07-07T14:22:01.383000+00:00,267,108,3,159,27,9558
2024-07-07T14:22:06.743000+00:00,139,89,3,50,27,9558
2024-07-07T14:22:21.183000+00:00,312,156,4,156,27,9558
2024-07-07T14:22:26.103000+00:00,166,124,3,42,27,9558
2024-07-07T14:23:06.023000+00:00,318,207,5,111,27,9558
2024-07-07T14:23:13.863000+00:00,249,101,3,148,27,9558
2024-07-07T14:23:33.743000+00:00,266,105,3,161,27,9558
2024-07-07T14:23:39.343000+00:00,141,90,3,51,27,9558
2024-07-07T14:23:53.823000+00:00,302,154,4,148,27,9558
2024-07-07T14:23:58.863000+00:00,168,123,3,45,27,9558
2024-07-07T14:24:38.783000+00:00,317,205,5,112,27,9558
2024-07-07T14:24:46.423000+00:00,246,108,3,138,27,9558
2024-07-07T14:25:06.303000+00:00,276,98,3,178,27,9558
2024-07-07T14:25:12.104000+00:00,131,82,3,49,27,9558
2024-07-07T14:25:26.304000+00:00,313,143,4,170,27,9558
2024-07-07T14:25:31.304000+00:00,171,128,3,43,27,9558
2024-07-07T14:26:11.384000+00:00,315,205,5,110,27,9558
2024-07-07T14:26:19.305000+00:00,252,104,3,148,27,9558
2024-07-07T14:26:39.305000+00:00,251,100,3,151,27,9558
2024-07-07T14:26:44.704000+00:00,139,90,3,49,27,9558
2024-07-07T14:26:59.065000+00:00,307,160,4,147,27,9558
2024-07-07T14:27:44.064000+00:00,317,198,5,119,27,9558
2024-07-07T14:27:51.905000+00:00,250,96,3,154,27,9558
2024-07-07T14:28:12.505000+00:00,255,103,3,152,27,9558
2024-07-07T14:28:17.625000+00:00,146,90,3,56,27,9558
2024-07-07T14:28:32.345000+00:00,306,160,4,146,27,9558
2024-07-07T14:28:37.065000+00:00,175,112,3,63,27,9558
2024-07-07T14:28:52.185000+00:00,304,256,7,48,27,9558
2024-07-07T14:29:04.705000+00:00,235,194,5,41,27,9558
2024-07-07T14:29:16.625000+00:00,318,179,5,139,27,9558
2024-07-07T14:29:26.985000+00:00,236,91,3,145,27,9558
2024-07-07T14:29:48.065000+00:00,277,101,3,176,27,9558
2024-07-07T14:29:53.705000+00:00,138,86,3,52,27,9558
2024-07-07T14:30:08.345000+00:00,307,146,4,161,27,9558
2024-07-07T14:30:52.745000+00:00,321,186,5,135,27,9558
2024-07-07T14:31:01.946000+00:00,248,91,3,157,27,9558
2024-07-07T14:31:18.145000+00:00,285,224,7,61,27,9558
2024-07-07T14:31:25.345000+00:00,223,95,3,128,27,9558
2024-07-07T14:31:32.905000+00:00,120,74,2,46,27,9558
2024-07-07T14:31:49.506000+00:00,271,142,4,129,27,9558
2024-07-07T14:32:10.185000+00:00,309,246,7,63,27,9558
2024-07-07T14:32:18.505000+00:00,288,227,6,61,27,9558
2024-07-07T14:32:38.785000+00:00,290,168,5,122,27,9558
2024-07-07T14:32:48.426000+00:00,242,95,3,147,27,9558
2024-07-07T14:33:10.146000+00:00,261,118,3,143,27,9558
2024-07-07T14:33:16.026000+00:00,134,87,3,47,27,9558
2024-07-07T14:33:31.185000+00:00,286,158,4,128,27,9558
2024-07-07T14:33:51.505000+00:00,289,240,6,49,27,9558
2024-07-07T14:34:02.506000+00:00,249,197,6,52,27,9558
2024-07-07T14:34:18.665000+00:00,285,201,5,84,27,9558
2024-07-07T14:34:26.786000+00:00,261,102,3,159,27,9558
2024-07-07T14:34:46.986000+00:00,282,113,3,169,27,9558
2024-07-07T14:34:52.226000+00:00,149,92,3,57,27,9558
2024-07-07T14:35:07.106000+00:00,287,167,4,120,27,9558
2024-07-07T14:35:11.666000+00:00,172,130,3,42,27,9558
2024-07-07T14:35:52.266000+00:00,295,217,6,78,27,9558
2024-07-07T14:35:59.906000+00:00,263,102,3,161,27,9558
2024-07-07T14:36:19.746000+00:00,271,114,3,157,27,9558
2024-07-07T14:36:24.707000+00:00,149,96,3,53,27,9558
2024-07-07T14:36:39.706000+00:00,280,166,4,114,27,9558
2024-07-07T14:36:44.227000+00:00,180,127,3,53,27,9558
2024-07-07T14:37:24.467000+00:00,291,216,6,75,27,9558
2024-07-07T14:37:31.627000+00:00,264,112,3,152,27,9558
2024-07-07T14:37:51.987000+00:00,282,112,3,170,27,9558
2024-07-07T14:37:57.107000+00:00,149,95,3,54,27,9558
2024-07-07T14:38:12.067000+00:00,285,176,4,109,27,9558
2024-07-07T14:38:16.467000+00:00,176,128,3,48,27,9558
2024-07-07T14:38:56.987000+00:00,294,224,6,70,27,9558
2024-07-07T14:39:04.107000+00:00,258,93,3,165,27,9558
2024-07-07T14:39:24.507000+00:00,282,118,3,164,27,9558
2024-07-07T14:39:29.827000+00:00,150,91,3,59,27,9558
2024-07-07T14:39:44.827000+00:00,273,163,4,110,27,9558
2024-07-07T14:39:49.387000+00:00,174,118,3,56,27,9558
2024-07-07T14:40:29.827000+00:00,297,214,6,83,27,9558
2024-07-07T14:40:37.387000+00:00,267,107,3,160,27,9558
2024-07-07T14:40:58.107000+00:00,279,105,3,174,27,9558
2024-07-07T14:41:03.467000+00:00,144,91,3,53,27,9558
2024-07-07T14:41:18.107000+00:00,291,160,4,131,27,9558
2024-07-07T14:41:23.307000+00:00,157,116,3,41,27,9558
2024-07-07T14:41:38.227000+00:00,295,254,7,41,27,9558
2024-07-07T14:42:04.467000+00:00,299,194,5,105,27,9558
2024-07-07T14:42:12.387000+00:00,264,98,3,166,27,9558
2024-07-07T14:42:34.428000+00:00,264,109,3,155,27,9558
2024-07-07T14:42:39.748000+00:00,142,91,3,51,27,9558
2024-07-07T14:42:54.428000+00:00,289,114,4,175,27,9558
2024-07-07T14:43:15.707000+00:00,292,214,6,78,27,9558
2024-07-07T14:43:26.188000+00:00,274,213,6,61,27,9558
2024-07-07T14:43:46.308000+00:00,295,168,5,127,27,9558
2024-07-07T14:43:56.227000+00:00,231,79,2,152,27,9558
2024-07-07T14:44:36.467000+00:00,252,102,3,150,27,9558
2024-07-07T14:44:42.907000+00:00,135,86,3,49,27,9558
2024-07-07T14:44:57.988000+00:00,288,151,4,137,27,9558
2024-07-07T14:45:19.308000+00:00,291,226,6,65,27,9558
2024-07-07T14:45:47.868000+00:00,282,190,5,92,27,9558
2024-07-07T14:45:56.508000+00:00,251,107,3,144,27,9558
2024-07-07T14:46:18.748000+00:00,272,102,3,170,27,9558
2024-07-07T14:46:25.028000+00:00,132,84,2,48,27,9558
2024-07-07T14:46:40.268000+00:00,286,149,4,137,27,9558
2024-07-07T14:47:01.628000+00:00,296,217,6,79,27,9558
2024-07-07T14:47:29.989000+00:00,280,200,5,80,27,9558
2024-07-07T14:47:38.108000+00:00,257,90,3,167,27,9558
2024-07-07T14:48:00.828000+00:00,266,99,3,167,27,9558
2024-07-07T14:48:22.669000+00:00,288,146,4,142,27,9558
2024-07-07T14:48:44.229000+00:00,292,239,6,53,27,9558
2024-07-07T14:49:12.228000+00:00,283,189,5,94,27,9558
2024-07-07T14:49:20.829000+00:00,234,84,3,150,27,9558
2024-07-07T14:49:43.189000+00:00,277,92,3,185,27,9558
2024-07-07T14:50:05.428000+00:00,275,153,4,122,27,9558
2024-07-07T14:50:10.989000+00:00,146,99,3,47,27,9558
2024-07-07T14:50:26.589000+00:00,298,246,6,52,27,9558
2024-07-07T14:50:54.429000+00:00,299,185,5,114,27,9558
2024-07-07T14:51:03.229000+00:00,244,80,3,164,27,9558
2024-07-07T14:51:25.989000+00:00,276,88,3,188,27,9558
2024-07-07T14:51:32.429000+00:00,129,78,3,51,27,9558
2024-07-07T14:51:48.109000+00:00,292,153,4,139,27,9558
2024-07-07T14:52:09.709000+00:00,297,239,6,58,27,9558
2024-07-07T14:52:23.229000+00:00,200,153,4,47,27,9558
2024-07-07T14:52:37.670000+00:00,294,177,5,117,27,9558
2024-07-07T14:52:46.509000+00:00,245,90,2,155,27,9558
2024-07-07T14:53:09.429000+00:00,255,88,3,167,27,9558
2024-07-07T14:53:16.109000+00:00,122,77,3,45,27,9558
2024-07-07T14:53:31.990000+00:00,271,152,4,119,27,9558
2024-07-07T14:54:21.709000+00:00,289,185,5,104,27,9558
2024-07-07T14:54:30.350000+00:00,248,85,3,163,27,9558
2024-07-07T14:54:53.750000+00:00,270,96,3,174,27,9558
2024-07-07T14:55:00.070000+00:00,131,81,3,50,27,9558
2024-07-07T14:55:15.630000+00:00,290,149,4,141,27,9558
2024-07-07T14:55:21.269000+00:00,157,112,3,45,27,9558
2024-07-07T14:56:05.350000+00:00,294,180,5,114,27,9558
2024-07-07T14:56:14.150000+00:00,247,89,3,158,27,9558
2024-07-07T14:56:37.310000+00:00,275,88,3,187,27,9558
2024-07-07T14:56:43.950000+00:00,124,80,3,44,27,9558
2024-07-07T14:56:59.750000+00:00,287,136,4,151,27,9558
2024-07-07T14:57:21.311000+00:00,290,232,6,58,27,9558
2024-07-07T14:57:30.630000+00:00,290,239,7,51,27,9558
2024-07-07T14:57:50.030000+00:00,292,172,4,120,27,9558
2024-07-07T14:57:58.630000+00:00,247,94,3,153,27,9558
2024-07-07T14:58:21.631000+00:00,244,86,3,158,27,9558
2024-07-07T14:58:44.310000+00:00,271,128,4,143,27,9558
2024-07-07T14:59:05.711000+00:00,297,232,6,65,27,9558
2024-07-07T14:59:15.511000+00:00,289,238,6,51,27,9558
2024-07-07T14:59:34.671000+00:00,284,191,5,93,27,9558
2024-07-07T14:59:43.190000+00:00,232,81,3,151,27,9558
2024-07-07T15:00:05.631000+00:00,251,86,3,165,27,9558
2024-07-07T15:00:12.031000+00:00,119,78,3,41,27,9558
2024-07-07T15:00:27.671000+00:00,291,136,4,155,27,9558
2024-07-07T15:00:49.391000+00:00,299,217,6,82,27,9558
2024-07-07T15:01:18.191000+00:00,290,187,5,103,27,9558
2024-07-07T15:01:26.151000+00:00,258,141,3,117,27,9558
2024-07-07T15:01:48.191000+00:00,286,92,3,194,27,9558
2024-07-07T15:02:09.992000+00:00,294,144,4,150,27,9558
2024-07-07T15:02:31.271000+00:00,283,231,7,52,27,9558
2024-07-07T15:02:59.351000+00:00,291,190,5,101,27,9558
2024-07-07T15:03:07.391000+00:00,256,95,3,161,27,9558
2024-07-07T15:03:28.872000+00:00,277,97,3,180,27,9558
2024-07-07T15:03:50.512000+00:00,292,150,4,142,27,9558
2024-07-07T15:04:11.552000+00:00,296,250,6,46,27,9558
2024-07-07T15:04:38.392000+00:00,295,186,5,109,27,9558
2024-07-07T15:04:46.591000+00:00,242,95,3,147,27,9558
2024-07-07T15:05:07.432000+00:00,273,95,3,178,27,9558
2024-07-07T15:05:29.392000+00:00,289,133,4,156,27,9558
2024-07-07T15:05:34.712000+00:00,159,118,3,41,27,9558
2024-07-07T15:05:50.312000+00:00,297,250,6,47,27,9558
2024-07-07T15:06:17.432000+00:00,275,194,5,81,27,9558
2024-07-07T15:06:25.312000+00:00,264,78,2,186,27,9558
2024-07-07T15:07:07.552000+00:00,245,108,3,137,27,9558
2024-07-07T15:07:13.392000+00:00,135,91,3,44,27,9558
2024-07-07T15:07:27.912000+00:00,283,158,4,125,27,9558
2024-07-07T15:07:32.673000+00:00,177,133,3,44,27,9558
2024-07-07T15:08:13.153000+00:00,291,220,6,71,27,9558
2024-07-07T15:08:20.592000+00:00,259,111,3,148,27,9558
2024-07-07T15:08:40.632000+00:00,276,113,3,163,27,9558
2024-07-07T15:08:45.513000+00:00,152,95,3,57,27,9558
2024-07-07T15:09:00.113000+00:00,277,170,5,107,27,9558
2024-07-07T15:09:52.113000+00:00,266,112,3,154,27,9558
2024-07-07T15:10:11.633000+00:00,274,119,3,155,27,9558
2024-07-07T15:10:16.873000+00:00,149,93,3,56,27,9558
2024-07-07T15:10:31.433000+00:00,270,171,4,99,27,9558
2024-07-07T15:10:35.872000+00:00,176,131,3,45,27,9558
2024-07-07T15:11:15.833000+00:00,285,238,6,47,27,9558
2024-07-07T15:11:22.753000+00:00,255,104,3,151,27,9558
2024-07-07T15:11:42.313000+00:00,273,122,3,151,27,9558
2024-07-07T15:11:47.473000+00:00,140,92,3,48,27,9558
2024-07-07T15:12:01.994000+00:00,279,173,5,106,27,9558
2024-07-07T15:12:45.873000+00:00,292,239,6,53,27,9558
2024-07-07T15:12:52.753000+00:00,259,109,3,150,27,9558
2024-07-07T15:13:12.193000+00:00,276,109,3,167,27,9558
2024-07-07T15:13:17.193000+00:00,149,103,3,46,27,9558
2024-07-07T15:13:31.953000+00:00,287,182,4,105,27,9558
2024-07-07T15:13:36.114000+00:00,186,138,3,48,27,9558
2024-07-07T15:14:16.074000+00:00,290,243,7,47,27,9558
2024-07-07T15:14:23.873000+00:00,164,119,3,45,27,9558
2024-07-07T15:14:42.634000+00:00,255,116,3,139,27,9558
2024-07-07T15:14:47.354000+00:00,153,112,3,41,27,9558
2024-07-07T15:15:02.354000+00:00,269,180,5,89,27,9558
2024-07-07T15:15:06.514000+00:00,186,133,3,53,27,9558
2024-07-07T15:15:45.994000+00:00,295,233,6,62,27,9558
2024-07-07T15:15:53.114000+00:00,262,113,3,149,27,9558
2024-07-07T15:16:12.714000+00:00,258,118,3,140,27,9558
2024-07-07T15:16:17.633000+00:00,141,98,3,43,27,9558
2024-07-07T15:16:32.314000+00:00,288,184,4,104,27,9558
2024-07-07T15:16:36.554000+00:00,188,134,4,54,27,9558
2024-07-07T15:17:16.394000+00:00,292,248,7,44,27,9558
2024-07-07T15:17:23.114000+00:00,271,102,3,169,27,9558
2024-07-07T15:17:42.714000+00:00,269,109,3,160,27,9558
2024-07-07T15:17:47.754000+00:00,141,96,3,45,27,9558
2024-07-07T15:18:02.394000+00:00,293,179,5,114,27,9558
2024-07-07T15:18:06.874000+00:00,177,132,3,45,27,9558
2024-07-07T15:18:46.394000+00:00,282,237,6,45,27,9558
2024-07-07T15:18:53.034000+00:00,264,104,3,160,27,9558
2024-07-07T15:19:12.514000+00:00,281,113,3,168,27,9558
2024-07-07T15:19:17.435000+00:00,146,94,3,52,27,9558
2024-07-07T15:19:32.475000+00:00,284,168,5,116,27,9558
2024-07-07T15:20:16.755000+00:00,285,237,7,48,27,9558
2024-07-07T15:20:23.515000+00:00,272,104,3,168,27,9558
2024-07-07T15:20:42.875000+00:00,284,112,3,172,27,9558
2024-07-07T15:20:48.075000+00:00,140,96,3,44,27,9558
2024-07-07T15:21:02.915000+00:00,288,167,4,121,27,9558
2024-07-07T15:21:07.474000+00:00,174,131,3,43,27,9558
2024-07-07T15:21:47.315000+00:00,280,239,6,41,27,9558
2024-07-07T15:21:53.915000+00:00,254,106,3,148,27,9558
2024-07-07T15:22:13.395000+00:00,275,113,3,162,27,9558
2024-07-07T15:22:18.555000+00:00,145,94,3,51,27,9558
2024-07-07T15:22:33.436000+00:00,283,196,5,87,27,9558
2024-07-07T15:22:37.755000+00:00,181,133,3,48,27,9558
2024-07-07T15:23:17.435000+00:00,290,239,6,51,27,9558
2024-07-07T15:23:24.155000+00:00,266,107,3,159,27,9558
2024-07-07T15:23:43.715000+00:00,286,114,3,172,27,9558
2024-07-07T15:23:49.115000+00:00,137,90,3,47,27,9558
2024-07-07T15:24:03.955000+00:00,286,167,4,119,27,9558
2024-07-07T15:24:08.156000+00:00,181,133,3,48,27,9558
2024-07-07T15:24:48.076000+00:00,289,240,6,49,27,9558
2024-07-07T15:24:54.876000+00:00,261,100,3,161,27,9558
2024-07-07T15:25:14.516000+00:00,272,102,3,170,27,9558
2024-07-07T15:25:19.596000+00:00,144,90,3,54,27,9558
2024-07-07T15:25:34.516000+00:00,287,159,4,128,27,9558
2024-07-07T15:26:18.556000+00:00,294,240,6,54,27,9558
2024-07-07T15:26:25.476000+00:00,270,106,3,164,27,9558
2024-07-07T13:20:25.491000+00:00,219,107,3,112,31,9558
2024-07-07T13:20:49.931000+00:00,278,143,4,135,31,9558
2024-07-07T13:21:13.011000+00:00,285,197,6,88,31,9558
2024-07-07T13:21:23.251000+00:00,278,230,6,48,31,9558
2024-07-07T13:21:42.691000+00:00,290,178,5,112,31,9558
2024-07-07T13:21:51.652000+00:00,248,88,2,160,31,9558
2024-07-07T13:22:29.851000+00:00,222,98,3,124,31,9558
2024-07-07T13:22:52.852000+00:00,267,145,4,122,31,9558
2024-07-07T13:23:14.811000+00:00,277,217,6,60,31,9558
2024-07-07T13:23:44.252000+00:00,273,188,5,85,31,9558
2024-07-07T13:23:52.892000+00:00,251,81,2,170,31,9558
2024-07-07T13:24:33.052000+00:00,231,96,2,135,31,9558
2024-07-07T13:24:55.492000+00:00,278,142,4,136,31,9558
2024-07-07T13:25:00.452000+00:00,147,102,3,45,31,9558
2024-07-07T13:25:17.052000+00:00,278,229,6,49,31,9558
2024-07-07T13:25:46.012000+00:00,273,203,5,70,31,9558
2024-07-07T13:25:55.012000+00:00,151,95,3,56,31,9558
2024-07-07T14:00:56.019000+00:00,255,119,3,136,31,9558
2024-07-07T14:01:01.699000+00:00,138,97,3,41,31,9558
2024-07-07T14:01:17.219000+00:00,271,143,4,128,31,9558
2024-07-07T14:01:22.699000+00:00,153,99,3,54,31,9558
2024-07-07T14:01:45.820000+00:00,254,208,6,46,31,9558
2024-07-07T14:01:47.539000+00:00,189,127,3,62,31,9558
2024-07-07T14:01:56.299000+00:00,226,182,5,44,31,9558
2024-07-07T14:02:18.180000+00:00,208,99,2,109,31,9558
2024-07-07T14:03:20.339000+00:00,251,191,5,60,31,9558
2024-07-07T14:03:27.179000+00:00,267,92,3,175,31,9558
2024-07-07T14:03:49.419000+00:00,290,142,4,148,31,9558
2024-07-07T14:03:55.219000+00:00,153,110,3,43,31,9558
2024-07-07T14:04:09.459000+00:00,306,218,6,88,31,9558
2024-07-07T14:04:37.620000+00:00,279,193,5,86,31,9558
2024-07-07T14:04:44.700000+00:00,262,97,3,165,31,9558
2024-07-07T14:05:05.500000+00:00,279,116,3,163,31,9558
2024-07-07T14:05:10.700000+00:00,144,78,2,66,31,9558
2024-07-07T14:05:25.540000+00:00,324,152,4,172,31,9558
2024-07-07T14:05:45.740000+00:00,294,237,6,57,31,9558
2024-07-07T14:06:11.620000+00:00,315,200,5,115,31,9558
2024-07-07T14:06:19.100000+00:00,252,104,3,148,31,9558
2024-07-07T14:06:39.420000+00:00,266,117,3,149,31,9558
2024-07-07T14:06:59.420000+00:00,303,144,4,159,31,9558
2024-07-07T14:07:04.580000+00:00,162,103,3,59,31,9558
2024-07-07T14:07:45.100000+00:00,303,200,5,103,31,9558
2024-07-07T14:07:52.500000+00:00,253,105,3,148,31,9558
2024-07-07T14:08:12.860000+00:00,273,118,3,155,31,9558
2024-07-07T14:08:33.301000+00:00,286,157,4,129,31,9558
2024-07-07T14:09:18.380000+00:00,313,202,5,111,31,9558
2024-07-07T14:09:25.981000+00:00,251,103,3,148,31,9558
2024-07-07T14:09:46.181000+00:00,273,104,3,169,31,9558
2024-07-07T14:09:51.740000+00:00,131,87,3,44,31,9558
2024-07-07T14:10:06.621000+00:00,284,151,4,133,31,9558
2024-07-07T14:10:11.140000+00:00,166,117,3,49,31,9558
2024-07-07T14:10:51.501000+00:00,310,199,5,111,31,9558
2024-07-07T14:10:58.901000+00:00,260,106,3,154,31,9558
2024-07-07T14:11:19.421000+00:00,258,112,3,146,31,9558
2024-07-07T14:11:24.781000+00:00,133,85,2,48,31,9558
2024-07-07T14:11:39.581000+00:00,307,149,4,158,31,9558
2024-07-07T14:12:24.901000+00:00,313,198,5,115,31,9558
2024-07-07T14:12:32.541000+00:00,253,108,3,145,31,9558
2024-07-07T14:12:53.221000+00:00,246,110,3,136,31,9558
2024-07-07T14:12:59.061000+00:00,135,77,2,58,31,9558
2024-07-07T14:13:13.821000+00:00,300,141,4,159,31,9558
2024-07-07T14:13:33.901000+00:00,294,242,7,52,31,9558
2024-07-07T14:13:44.022000+00:00,292,227,6,65,31,9558
2024-07-07T14:14:00.621000+00:00,298,199,5,99,31,9558
2024-07-07T14:14:08.021000+00:00,243,106,3,137,31,9558
2024-07-07T14:14:28.221000+00:00,256,108,3,148,31,9558
2024-07-07T14:14:48.662000+00:00,295,150,4,145,31,9558
2024-07-07T14:14:53.421000+00:00,159,112,3,47,31,9558
2024-07-07T14:15:34.382000+00:00,326,221,6,105,31,9558
2024-07-07T14:15:41.862000+00:00,256,105,3,151,31,9558
2024-07-07T14:16:02.142000+00:00,265,105,3,160,31,9558
2024-07-07T14:16:23.062000+00:00,264,158,4,106,31,9558
2024-07-07T14:16:27.502000+00:00,171,116,3,55,31,9558
2024-07-07T14:17:08.782000+00:00,279,220,5,59,31,9558
2024-07-07T14:17:16.022000+00:00,239,100,3,139,31,9558
2024-07-07T14:17:35.982000+00:00,275,112,3,163,31,9558
2024-07-07T14:17:56.902000+00:00,277,158,4,119,31,9558
2024-07-07T14:18:01.502000+00:00,164,108,3,56,31,9558
2024-07-07T14:18:42.662000+00:00,275,216,6,59,31,9558
2024-07-07T14:18:50.222000+00:00,202,105,3,97,31,9558
2024-07-07T14:19:09.942000+00:00,260,112,3,148,31,9558
2024-07-07T14:19:30.782000+00:00,270,160,4,110,31,9558
2024-07-07T14:19:35.063000+00:00,166,106,3,60,31,9558
2024-07-07T14:20:23.663000+00:00,239,110,3,129,31,9558
2024-07-07T14:20:43.703000+00:00,272,108,3,164,31,9558
2024-07-07T14:21:04.783000+00:00,264,160,4,104,31,9558
2024-07-07T14:21:09.223000+00:00,167,123,3,44,31,9558
2024-07-07T14:21:50.543000+00:00,270,226,5,44,31,9558
2024-07-07T14:21:57.623000+00:00,243,104,3,139,31,9558
2024-07-07T14:22:18.143000+00:00,248,112,3,136,31,9558
2024-07-07T14:22:38.703000+00:00,275,162,4,113,31,9558
2024-07-07T14:22:43.344000+00:00,168,102,3,66,31,9558
2024-07-07T14:23:24.783000+00:00,275,231,5,44,31,9558
2024-07-07T14:23:31.983000+00:00,250,105,3,145,31,9558
2024-07-07T14:23:52.463000+00:00,256,104,3,152,31,9558
2024-07-07T14:24:13.463000+00:00,263,162,4,101,31,9558
2024-07-07T14:24:17.664000+00:00,169,125,3,44,31,9558
2024-07-07T14:24:59.023000+00:00,280,189,5,91,31,9558
2024-07-07T14:25:07.024000+00:00,240,100,3,140,31,9558
2024-07-07T14:25:27.744000+00:00,251,106,3,145,31,9558
2024-07-07T14:25:48.744000+00:00,262,163,4,99,31,9558
2024-07-07T14:25:53.184000+00:00,170,102,3,68,31,9558
2024-07-07T14:26:34.984000+00:00,273,218,6,55,31,9558
2024-07-07T14:26:42.304000+00:00,228,97,3,131,31,9558
2024-07-07T14:27:02.704000+00:00,258,107,3,151,31,9558
2024-07-07T14:27:23.784000+00:00,263,159,4,104,31,9558
2024-07-07T14:27:28.144000+00:00,172,113,3,59,31,9558
2024-07-07T14:28:09.464000+00:00,264,183,5,81,31,9558
2024-07-07T14:28:17.945000+00:00,222,99,3,123,31,9558
2024-07-07T14:28:39.825000+00:00,221,113,3,108,31,9558
2024-07-07T14:29:00.425000+00:00,253,147,4,106,31,9558
2024-07-07T14:29:05.265000+00:00,161,117,3,44,31,9558
2024-07-07T14:29:31.425000+00:00,262,210,6,52,31,9558
2024-07-07T14:29:47.265000+00:00,284,177,5,107,31,9558
2024-07-07T14:29:55.784000+00:00,242,100,3,142,31,9558
2024-07-07T14:30:12.145000+00:00,287,242,7,45,31,9558
2024-07-07T14:30:18.505000+00:00,248,109,3,139,31,9558
2024-07-07T14:30:24.145000+00:00,133,89,3,44,31,9558
2024-07-07T14:30:39.385000+00:00,272,159,4,113,31,9558
2024-07-07T14:31:10.305000+00:00,253,208,6,45,31,9558
2024-07-07T14:31:26.265000+00:00,268,170,5,98,31,9558
2024-07-07T14:31:34.666000+00:00,236,96,3,140,31,9558
2024-07-07T14:31:56.905000+00:00,246,90,3,156,31,9558
2024-07-07T14:32:20.546000+00:00,246,146,4,100,31,9558
2024-07-07T14:32:25.185000+00:00,171,116,3,55,31,9558
2024-07-07T14:32:48.906000+00:00,295,176,5,119,31,9558
2024-07-07T14:33:08.346000+00:00,262,174,5,88,31,9558
2024-07-07T14:33:16.985000+00:00,245,88,2,157,31,9558
2024-07-07T14:33:57.745000+00:00,258,97,3,161,31,9558
2024-07-07T14:34:19.986000+00:00,276,155,4,121,31,9558
2024-07-07T14:34:25.546000+00:00,159,111,3,48,31,9558
2024-07-07T14:34:41.306000+00:00,281,239,6,42,31,9558
2024-07-07T14:35:09.066000+00:00,274,173,5,101,31,9558
2024-07-07T14:35:17.426000+00:00,232,94,3,138,31,9558
2024-07-07T14:35:39.746000+00:00,248,99,3,149,31,9558
2024-07-07T14:35:45.706000+00:00,128,82,3,46,31,9558
2024-07-07T14:36:01.586000+00:00,261,161,4,100,31,9558
2024-07-07T14:36:06.746000+00:00,154,109,3,45,31,9558
2024-07-07T14:36:22.666000+00:00,278,230,6,48,31,9558
2024-07-07T14:36:50.347000+00:00,273,197,5,76,31,9558
2024-07-07T14:36:59.186000+00:00,246,81,2,165,31,9558
2024-07-07T14:37:38.587000+00:00,242,124,3,118,31,9558
2024-07-07T14:37:59.986000+00:00,252,153,4,99,31,9558
2024-07-07T14:38:04.467000+00:00,172,122,3,50,31,9558
2024-07-07T14:38:45.627000+00:00,283,207,5,76,31,9558
2024-07-07T14:38:53.066000+00:00,250,97,2,153,31,9558
2024-07-07T14:39:08.146000+00:00,289,243,7,46,31,9558
2024-07-07T14:39:14.626000+00:00,249,118,3,131,31,9558
2024-07-07T14:39:35.107000+00:00,271,157,4,114,31,9558
2024-07-07T14:40:20.506000+00:00,281,181,5,100,31,9558
2024-07-07T14:40:28.827000+00:00,240,100,3,140,31,9558
2024-07-07T14:40:50.387000+00:00,236,122,3,114,31,9558
2024-07-07T14:41:10.587000+00:00,274,150,4,124,31,9558
2024-07-07T14:41:30.947000+00:00,275,229,7,46,31,9558
2024-07-07T14:41:57.947000+00:00,283,192,5,91,31,9558
2024-07-07T14:42:05.907000+00:00,244,109,3,135,31,9558
2024-07-07T14:42:21.747000+00:00,284,234,6,50,31,9558
2024-07-07T14:42:28.227000+00:00,245,119,3,126,31,9558
2024-07-07T14:42:48.667000+00:00,272,112,4,160,31,9558
2024-07-07T14:42:54.828000+00:00,149,107,3,42,31,9558
2024-07-07T14:43:10.547000+00:00,283,182,6,101,31,9558
2024-07-07T14:43:21.947000+00:00,278,216,6,62,31,9558
2024-07-07T14:43:42.107000+00:00,280,167,5,113,31,9558
2024-07-07T14:43:50.627000+00:00,237,81,3,156,31,9558
2024-07-07T14:44:09.107000+00:00,274,205,6,69,31,9558
2024-07-07T14:44:16.307000+00:00,244,96,3,148,31,9558
2024-07-07T14:44:38.428000+00:00,267,121,3,146,31,9558
2024-07-07T14:45:07.948000+00:00,272,163,5,109,31,9558
2024-07-07T14:45:19.508000+00:00,279,188,6,91,31,9558
2024-07-07T14:45:40.588000+00:00,284,140,4,144,31,9558
2024-07-07T14:45:51.908000+00:00,231,89,2,142,31,9558
2024-07-07T14:46:34.388000+00:00,249,102,3,147,31,9558
2024-07-07T14:46:56.709000+00:00,263,155,4,108,31,9558
2024-07-07T14:47:46.068000+00:00,271,190,5,81,31,9558
2024-07-07T14:47:53.788000+00:00,249,96,3,153,31,9558
2024-07-07T14:48:16.629000+00:00,261,94,3,167,31,9558
2024-07-07T14:48:39.188000+00:00,245,149,4,96,31,9558
2024-07-07T14:48:59.948000+00:00,293,242,6,51,31,9558
2024-07-07T14:49:27.829000+00:00,271,181,5,90,31,9558
2024-07-07T14:49:36.509000+00:00,198,91,3,107,31,9558
2024-07-07T14:49:58.548000+00:00,248,107,3,141,31,9558
2024-07-07T14:50:05.108000+00:00,123,77,2,46,31,9558
2024-07-07T14:50:21.029000+00:00,268,146,4,122,31,9558
2024-07-07T14:50:26.189000+00:00,155,101,3,54,31,9558
2024-07-07T14:50:41.709000+00:00,293,231,6,62,31,9558
2024-07-07T14:51:09.749000+00:00,273,204,5,69,31,9558
2024-07-07T14:51:17.789000+00:00,248,84,3,164,31,9558
2024-07-07T14:51:40.909000+00:00,258,88,3,170,31,9558
2024-07-07T14:52:03.349000+00:00,245,146,4,99,31,9558
2024-07-07T14:52:24.310000+00:00,295,223,6,72,31,9558
2024-07-07T14:52:52.590000+00:00,284,170,5,114,31,9558
2024-07-07T14:53:00.629000+00:00,250,90,3,160,31,9558
2024-07-07T14:53:18.230000+00:00,287,246,7,41,31,9558
2024-07-07T14:53:24.350000+00:00,256,109,3,147,31,9558
2024-07-07T14:53:46.670000+00:00,262,146,4,116,31,9558
2024-07-07T14:54:08.309000+00:00,268,227,6,41,31,9558
2024-07-07T14:54:17.190000+00:00,292,248,7,44,31,9558
2024-07-07T14:54:36.350000+00:00,269,183,5,86,31,9558
2024-07-07T14:54:44.590000+00:00,245,81,3,164,31,9558
2024-07-07T14:55:07.909000+00:00,268,89,3,179,31,9558
2024-07-07T14:55:14.589000+00:00,120,70,2,50,31,9558
2024-07-07T14:55:30.830000+00:00,277,126,4,151,31,9558
2024-07-07T14:55:52.510000+00:00,281,221,6,60,31,9558
2024-07-07T14:56:20.670000+00:00,283,188,5,95,31,9558
2024-07-07T14:56:29.030000+00:00,248,96,3,152,31,9558
2024-07-07T14:56:46.950000+00:00,278,234,7,44,31,9558
2024-07-07T14:56:52.790000+00:00,269,91,3,178,31,9558
2024-07-07T14:57:15.270000+00:00,292,160,4,132,31,9558
2024-07-07T14:57:37.710000+00:00,292,225,6,67,31,9558
2024-07-07T14:57:47.151000+00:00,287,241,7,46,31,9558
2024-07-07T14:58:06.471000+00:00,272,205,5,67,31,9558
2024-07-07T14:58:14.631000+00:00,234,89,3,145,31,9558
2024-07-07T14:58:37.710000+00:00,271,85,3,186,31,9558
2024-07-07T14:59:00.951000+00:00,267,143,4,124,31,9558
2024-07-07T14:59:23.270000+00:00,278,200,6,78,31,9558
2024-07-07T14:59:33.191000+00:00,279,235,6,44,31,9558
2024-07-07T14:59:52.431000+00:00,282,181,5,101,31,9558
2024-07-07T15:00:00.471000+00:00,247,84,3,163,31,9558
2024-07-07T15:00:23.670000+00:00,247,93,3,154,31,9558
2024-07-07T15:00:46.511000+00:00,250,143,4,107,31,9558
2024-07-07T15:01:08.151000+00:00,269,213,6,56,31,9558
2024-07-07T15:01:36.511000+00:00,271,177,5,94,31,9558
2024-07-07T15:01:44.311000+00:00,253,92,3,161,31,9558
2024-07-07T15:02:06.551000+00:00,250,102,3,148,31,9558
2024-07-07T15:02:28.751000+00:00,269,145,4,124,31,9558
2024-07-07T15:02:50.232000+00:00,279,229,6,50,31,9558
2024-07-07T15:03:01.191000+00:00,257,207,6,50,31,9558
2024-07-07T15:03:17.792000+00:00,279,181,5,98,31,9558
2024-07-07T15:03:26.031000+00:00,235,92,3,143,31,9558
2024-07-07T15:03:47.711000+00:00,259,101,3,158,31,9558
2024-07-07T15:04:09.912000+00:00,273,144,4,129,31,9558
2024-07-07T15:04:31.272000+00:00,285,240,6,45,31,9558
2024-07-07T15:04:42.152000+00:00,257,208,5,49,31,9558
2024-07-07T15:04:53.391000+00:00,281,211,6,70,31,9558
2024-07-07T15:05:00.071000+00:00,244,171,5,73,31,9558
2024-07-07T15:05:08.312000+00:00,233,104,3,129,31,9558
2024-07-07T15:05:29.832000+00:00,261,108,3,153,31,9558
2024-07-07T15:05:35.912000+00:00,122,78,2,44,31,9558
2024-07-07T15:05:52.312000+00:00,263,146,4,117,31,9558
2024-07-07T15:06:40.512000+00:00,272,192,5,80,31,9558
2024-07-07T15:06:48.352000+00:00,236,78,2,158,31,9558
2024-07-07T15:07:30.712000+00:00,238,106,3,132,31,9558
2024-07-07T15:07:37.192000+00:00,134,92,3,42,31,9558
2024-07-07T15:07:52.553000+00:00,277,156,4,121,31,9558
2024-07-07T15:07:57.512000+00:00,167,122,3,45,31,9558
2024-07-07T15:08:39.793000+00:00,278,169,5,109,31,9558
2024-07-07T15:08:48.632000+00:00,249,104,3,145,31,9558
2024-07-07T15:09:10.312000+00:00,249,111,3,138,31,9558
2024-07-07T15:09:29.832000+00:00,290,148,4,142,31,9558
2024-07-07T15:10:14.792000+00:00,288,222,6,66,31,9558
2024-07-07T15:10:22.072000+00:00,253,108,3,145,31,9558
2024-07-07T15:10:42.152000+00:00,243,119,3,124,31,9558
2024-07-07T15:10:46.793000+00:00,146,104,3,42,31,9558
2024-07-07T15:11:01.713000+00:00,281,154,4,127,31,9558
2024-07-07T15:11:06.273000+00:00,174,120,3,54,31,9558
2024-07-07T15:11:46.673000+00:00,277,214,6,63,31,9558
2024-07-07T15:11:53.593000+00:00,256,107,3,149,31,9558
2024-07-07T15:12:13.233000+00:00,260,113,3,147,31,9558
2024-07-07T15:12:18.073000+00:00,142,94,3,48,31,9558
2024-07-07T15:12:33.273000+00:00,263,156,4,107,31,9558
2024-07-07T15:12:37.433000+00:00,175,124,3,51,31,9558
2024-07-07T15:13:17.713000+00:00,276,225,6,51,31,9558
2024-07-07T15:13:24.633000+00:00,253,106,3,147,31,9558
2024-07-07T15:13:44.273000+00:00,276,115,3,161,31,9558
2024-07-07T15:13:49.314000+00:00,147,95,3,52,31,9558
2024-07-07T15:14:05.033000+00:00,221,158,4,63,31,9558
2024-07-07T15:14:08.714000+00:00,176,134,3,42,31,9558
2024-07-07T15:14:49.114000+00:00,266,225,6,41,31,9558
2024-07-07T15:14:55.954000+00:00,238,107,3,131,31,9558
2024-07-07T15:15:15.314000+00:00,278,123,3,155,31,9558
2024-07-07T15:15:35.594000+00:00,274,160,4,114,31,9558
2024-07-07T15:15:39.834000+00:00,177,118,3,59,31,9558
2024-07-07T15:16:04.913000+00:00,280,209,5,71,31,9558
2024-07-07T15:16:19.794000+00:00,277,235,6,42,31,9558
2024-07-07T15:16:26.594000+00:00,258,106,3,152,31,9558
2024-07-07T15:16:46.314000+00:00,273,114,3,159,31,9558
2024-07-07T15:16:51.314000+00:00,141,100,3,41,31,9558
2024-07-07T15:17:06.434000+00:00,273,159,4,114,31,9558
2024-07-07T15:17:10.514000+00:00,179,131,3,48,31,9558
2024-07-07T15:17:57.595000+00:00,256,109,3,147,31,9558
2024-07-07T15:18:17.195000+00:00,274,109,3,165,31,9558
2024-07-07T15:18:22.274000+00:00,140,97,3,43,31,9558
2024-07-07T15:18:37.515000+00:00,274,167,4,107,31,9558
2024-07-07T15:19:28.394000+00:00,257,106,3,151,31,9558
2024-07-07T15:19:47.994000+00:00,276,120,3,156,31,9558
2024-07-07T15:20:08.354000+00:00,272,164,4,108,31,9558
2024-07-07T15:20:52.635000+00:00,273,227,6,46,31,9558
2024-07-07T15:20:57.355000+00:00,241,113,3,128,31,9558
2024-07-07T15:21:02.315000+00:00,161,104,3,57,31,9558
2024-07-07T15:21:21.595000+00:00,271,115,3,156,31,9558
2024-07-07T15:21:26.754000+00:00,143,97,3,46,31,9558
2024-07-07T15:21:41.395000+00:00,216,173,5,43,31,9558
2024-07-07T15:21:50.195000+00:00,167,123,3,44,31,9558
2024-07-07T15:22:30.835000+00:00,301,219,6,82,31,9558
2024-07-07T15:22:37.755000+00:00,246,102,3,144,31,9558
2024-07-07T15:22:57.675000+00:00,274,115,3,159,31,9558
2024-07-07T15:23:17.915000+00:00,274,163,4,111,31,9558
2024-07-07T15:23:21.995000+00:00,175,125,3,50,31,9558
2024-07-07T15:24:09.115000+00:00,253,108,3,145,31,9558
2024-07-07T15:24:28.595000+00:00,277,126,3,151,31,9558
2024-07-07T15:24:49.235000+00:00,262,162,4,100,31,9558
2024-07-07T15:25:33.396000+00:00,277,234,6,43,31,9558
2024-07-07T15:25:40.196000+00:00,257,107,3,150,31,9558
2024-07-07T13:21:00.891000+00:00,238,86,3,152,44,9558
2024-07-07T13:21:25.012000+00:00,276,134,4,142,44,9558
2024-07-07T13:21:48.171000+00:00,282,227,7,55,44,9558
2024-07-07T13:22:16.651000+00:00,262,203,6,59,44,9558
2024-07-07T13:22:25.932000+00:00,216,80,2,136,44,9558
2024-07-07T13:23:08.891000+00:00,250,88,2,162,44,9558
2024-07-07T13:23:15.411000+00:00,124,80,2,44,44,9558
2024-07-07T13:23:31.452000+00:00,273,152,4,121,44,9558
2024-07-07T13:24:31.132000+00:00,179,74,2,105,44,9558
2024-07-07T13:28:51.092000+00:00,248,115,3,133,44,9558
2024-07-07T13:28:56.292000+00:00,138,91,2,47,44,9558
2024-07-07T13:29:11.372000+00:00,286,144,4,142,44,9558
2024-07-07T13:29:16.012000+00:00,162,119,3,43,44,9558
2024-07-07T13:29:30.772000+00:00,295,226,6,69,44,9558
2024-07-07T13:29:42.373000+00:00,268,218,6,50,44,9558
2024-07-07T13:29:58.293000+00:00,264,214,6,50,44,9558
2024-07-07T13:30:05.973000+00:00,230,104,3,126,44,9558
2024-07-07T13:30:12.453000+00:00,168,58,1,110,44,9558
2024-07-07T14:00:06.739000+00:00,159,104,3,55,44,9558
2024-07-07T14:00:17.299000+00:00,265,103,3,162,44,9558
2024-07-07T14:00:23.459000+00:00,136,87,3,49,44,9558
2024-07-07T14:00:39.539000+00:00,260,160,5,100,44,9558
2024-07-07T14:00:55.699000+00:00,258,93,2,165,44,9558
2024-07-07T14:01:43.619000+00:00,127,65,1,62,44,9558
2024-07-07T14:03:25.100000+00:00,285,107,3,178,44,9558
2024-07-07T14:03:31.020000+00:00,133,87,2,46,44,9558
2024-07-07T14:03:46.140000+00:00,285,157,4,128,44,9558
2024-07-07T14:04:31.140000+00:00,294,224,7,70,44,9558
2024-07-07T14:04:38.460000+00:00,262,106,3,156,44,9558
2024-07-07T14:04:58.580000+00:00,277,111,3,166,44,9558
2024-07-07T14:05:03.620000+00:00,146,93,3,53,44,9558
2024-07-07T14:05:18.220000+00:00,299,152,4,147,44,9558
2024-07-07T14:06:02.820000+00:00,308,234,7,74,44,9558
2024-07-07T14:06:10.220000+00:00,251,111,3,140,44,9558
2024-07-07T14:06:29.900000+00:00,277,118,4,159,44,9558
2024-07-07T14:06:34.981000+00:00,136,90,3,46,44,9558
2024-07-07T14:06:49.660000+00:00,295,154,4,141,44,9558
2024-07-07T14:07:34.941000+00:00,275,232,6,43,44,9558
2024-07-07T14:07:41.981000+00:00,251,104,3,147,44,9558
2024-07-07T14:08:01.661000+00:00,280,117,4,163,44,9558
2024-07-07T14:08:06.821000+00:00,139,92,4,47,44,9558
2024-07-07T14:08:21.901000+00:00,282,163,4,119,44,9558
2024-07-07T14:09:07.101000+00:00,281,239,7,42,44,9558
2024-07-07T14:09:14.541000+00:00,207,107,3,100,44,9558
2024-07-07T14:09:33.781000+00:00,285,116,3,169,44,9558
2024-07-07T14:09:38.941000+00:00,138,88,3,50,44,9558
2024-07-07T14:09:54.181000+00:00,272,156,4,116,44,9558
2024-07-07T14:09:58.180000+00:00,172,125,4,47,44,9558
2024-07-07T14:10:38.901000+00:00,282,239,7,43,44,9558
2024-07-07T14:10:46.061000+00:00,267,105,3,162,44,9558
2024-07-07T14:11:05.541000+00:00,263,118,4,145,44,9558
2024-07-07T14:11:10.621000+00:00,143,94,3,49,44,9558
2024-07-07T14:11:25.461000+00:00,292,157,4,135,44,9558
2024-07-07T14:11:30.061000+00:00,171,126,4,45,44,9558
2024-07-07T14:12:10.302000+00:00,284,232,6,52,44,9558
2024-07-07T14:12:17.662000+00:00,244,107,3,137,44,9558
2024-07-07T14:12:37.182000+00:00,278,113,3,165,44,9558
2024-07-07T14:12:42.341000+00:00,143,90,3,53,44,9558
2024-07-07T14:12:57.422000+00:00,281,153,4,128,44,9558
2024-07-07T14:13:42.221000+00:00,282,237,7,45,44,9558
2024-07-07T14:13:49.302000+00:00,239,104,3,135,44,9558
2024-07-07T14:14:08.822000+00:00,278,115,4,163,44,9558
2024-07-07T14:14:13.941000+00:00,140,91,3,49,44,9558
2024-07-07T14:14:29.182000+00:00,283,157,4,126,44,9558
2024-07-07T14:15:13.981000+00:00,288,237,6,51,44,9558
2024-07-07T14:15:20.941000+00:00,261,109,3,152,44,9558
2024-07-07T14:15:40.982000+00:00,232,115,4,117,44,9558
2024-07-07T14:15:45.782000+00:00,139,91,3,48,44,9558
2024-07-07T14:16:00.822000+00:00,284,157,4,127,44,9558
2024-07-07T14:16:45.342000+00:00,286,239,6,47,44,9558
2024-07-07T14:16:52.422000+00:00,258,105,3,153,44,9558
2024-07-07T14:17:12.422000+00:00,241,115,3,126,44,9558
2024-07-07T14:17:17.302000+00:00,139,89,3,50,44,9558
2024-07-07T14:17:32.623000+00:00,261,159,4,102,44,9558
2024-07-07T14:18:23.902000+00:00,260,109,3,151,44,9558
2024-07-07T14:18:43.542000+00:00,284,114,3,170,44,9558
2024-07-07T14:18:48.742000+00:00,144,89,3,55,44,9558
2024-07-07T14:19:03.742000+00:00,294,160,4,134,44,9558
2024-07-07T14:19:48.423000+00:00,291,229,6,62,44,9558
2024-07-07T14:19:55.423000+00:00,267,108,3,159,44,9558
2024-07-07T14:20:15.183000+00:00,275,110,3,165,44,9558
2024-07-07T14:20:20.223000+00:00,145,91,3,54,44,9558
2024-07-07T14:20:35.303000+00:00,292,157,4,135,44,9558
2024-07-07T14:20:39.743000+00:00,167,125,4,42,44,9558
2024-07-07T14:21:20.063000+00:00,283,233,6,50,44,9558
2024-07-07T14:21:26.943000+00:00,266,98,3,168,44,9558
2024-07-07T14:21:46.823000+00:00,275,107,3,168,44,9558
2024-07-07T14:21:52.103000+00:00,129,87,3,42,44,9558
2024-07-07T14:22:07.223000+00:00,291,162,4,129,44,9558
2024-07-07T14:22:11.503000+00:00,176,125,3,51,44,9558
2024-07-07T14:22:51.983000+00:00,290,241,6,49,44,9558
2024-07-07T14:22:58.983000+00:00,268,105,3,163,44,9558
2024-07-07T14:23:18.383000+00:00,285,114,3,171,44,9558
2024-07-07T14:23:23.944000+00:00,138,91,3,47,44,9558
2024-07-07T14:23:38.863000+00:00,292,159,4,133,44,9558
2024-07-07T14:24:23.544000+00:00,289,243,6,46,44,9558
2024-07-07T14:24:30.584000+00:00,262,105,3,157,44,9558
2024-07-07T14:24:50.104000+00:00,282,107,3,175,44,9558
2024-07-07T14:24:55.504000+00:00,135,92,3,43,44,9558
2024-07-07T14:25:10.544000+00:00,292,158,4,134,44,9558
2024-07-07T14:25:55.184000+00:00,286,237,6,49,44,9558
2024-07-07T14:26:02.224000+00:00,253,104,3,149,44,9558
2024-07-07T14:26:21.624000+00:00,281,116,3,165,44,9558
2024-07-07T14:26:26.824000+00:00,142,91,3,51,44,9558
2024-07-07T14:26:42.064000+00:00,287,169,4,118,44,9558
2024-07-07T14:27:33.665000+00:00,255,109,3,146,44,9558
2024-07-07T14:27:53.465000+00:00,283,113,3,170,44,9558
2024-07-07T14:27:58.945000+00:00,144,89,3,55,44,9558
2024-07-07T14:28:14.384000+00:00,273,171,4,102,44,9558
2024-07-07T14:28:18.545000+00:00,174,116,3,58,44,9558
2024-07-07T14:28:58.305000+00:00,267,166,5,101,44,9558
2024-07-07T14:29:07.265000+00:00,249,100,3,149,44,9558
2024-07-07T14:29:26.985000+00:00,287,98,3,189,44,9558
2024-07-07T14:29:32.825000+00:00,143,83,3,60,44,9558
2024-07-07T14:29:47.745000+00:00,286,150,4,136,44,9558
2024-07-07T14:29:52.665000+00:00,175,123,4,52,44,9558
2024-07-07T14:30:17.665000+00:00,276,231,6,45,44,9558
2024-07-07T14:30:32.145000+00:00,297,172,5,125,44,9558
2024-07-07T14:30:40.985000+00:00,252,96,3,156,44,9558
2024-07-07T14:30:57.345000+00:00,280,212,7,68,44,9558
2024-07-07T14:31:11.425000+00:00,119,78,3,41,44,9558
2024-07-07T14:31:27.065000+00:00,287,147,4,140,44,9558
2024-07-07T14:31:31.785000+00:00,177,135,4,42,44,9558
2024-07-07T14:31:54.266000+00:00,286,239,7,47,44,9558
2024-07-07T14:32:15.386000+00:00,283,149,5,134,44,9558
2024-07-07T14:32:24.545000+00:00,249,101,3,148,44,9558
2024-07-07T14:32:40.225000+00:00,268,213,6,55,44,9558
2024-07-07T14:32:48.106000+00:00,258,82,3,176,44,9558
2024-07-07T14:32:54.426000+00:00,124,76,3,48,44,9558
2024-07-07T14:33:10.545000+00:00,273,140,4,133,44,9558
2024-07-07T14:33:15.346000+00:00,173,126,4,47,44,9558
2024-07-07T14:33:38.385000+00:00,302,257,7,45,44,9558
2024-07-07T14:33:56.946000+00:00,302,172,5,130,44,9558
2024-07-07T14:34:05.585000+00:00,254,98,3,156,44,9558
2024-07-07T14:34:26.466000+00:00,277,104,3,173,44,9558
2024-07-07T14:34:31.825000+00:00,154,92,3,62,44,9558
2024-07-07T14:34:46.986000+00:00,276,153,4,123,44,9558
2024-07-07T14:35:31.466000+00:00,283,225,6,58,44,9558
2024-07-07T14:35:38.666000+00:00,263,106,3,157,44,9558
2024-07-07T14:35:58.266000+00:00,280,114,3,166,44,9558
2024-07-07T14:36:03.506000+00:00,143,84,3,59,44,9558
2024-07-07T14:36:18.586000+00:00,283,158,4,125,44,9558
2024-07-07T14:36:22.666000+00:00,175,124,3,51,44,9558
2024-07-07T14:37:03.186000+00:00,266,219,5,47,44,9558
2024-07-07T14:37:09.987000+00:00,262,107,3,155,44,9558
2024-07-07T14:37:29.186000+00:00,287,114,3,173,44,9558
2024-07-07T14:37:34.746000+00:00,133,91,3,42,44,9558
2024-07-07T14:37:49.707000+00:00,276,158,4,118,44,9558
2024-07-07T14:38:33.666000+00:00,297,234,6,63,44,9558
2024-07-07T14:38:40.986000+00:00,269,110,3,159,44,9558
2024-07-07T14:39:00.706000+00:00,254,113,3,141,44,9558
2024-07-07T14:39:20.626000+00:00,290,156,4,134,44,9558
2024-07-07T14:40:04.747000+00:00,289,214,6,75,44,9558
2024-07-07T14:40:12.427000+00:00,261,103,3,158,44,9558
2024-07-07T14:40:32.347000+00:00,278,107,3,171,44,9558
2024-07-07T14:40:37.827000+00:00,138,84,3,54,44,9558
2024-07-07T14:40:52.707000+00:00,288,148,4,140,44,9558
2024-07-07T14:41:39.267000+00:00,275,211,6,64,44,9558
2024-07-07T14:41:46.468000+00:00,257,101,3,156,44,9558
2024-07-07T14:42:07.668000+00:00,268,112,3,156,44,9558
2024-07-07T14:42:13.108000+00:00,129,88,3,41,44,9558
2024-07-07T14:42:28.027000+00:00,268,136,4,132,44,9558
2024-07-07T14:42:33.148000+00:00,150,109,3,41,44,9558
2024-07-07T14:42:48.667000+00:00,290,200,6,90,44,9558
2024-07-07T14:43:17.587000+00:00,277,184,6,93,44,9558
2024-07-07T14:43:25.708000+00:00,235,93,3,142,44,9558
2024-07-07T14:43:48.707000+00:00,266,95,3,171,44,9558
2024-07-07T14:43:54.708000+00:00,130,81,3,49,44,9558
2024-07-07T14:44:09.587000+00:00,297,115,4,182,44,9558
2024-07-07T14:44:32.228000+00:00,292,174,6,118,44,9558
2024-07-07T14:44:43.507000+00:00,282,239,7,43,44,9558
2024-07-07T14:45:02.667000+00:00,280,156,5,124,44,9558
2024-07-07T14:45:13.628000+00:00,219,85,2,134,44,9558
2024-07-07T14:45:53.868000+00:00,252,90,3,162,44,9558
2024-07-07T14:46:16.069000+00:00,297,143,4,154,44,9558
2024-07-07T14:46:48.348000+00:00,244,193,6,51,44,9558
2024-07-07T14:47:04.348000+00:00,283,213,5,70,44,9558
2024-07-07T14:47:12.188000+00:00,248,96,3,152,44,9558
2024-07-07T14:47:34.548000+00:00,277,109,4,168,44,9558
2024-07-07T14:47:56.149000+00:00,291,156,4,135,44,9558
2024-07-07T14:48:44.229000+00:00,297,198,5,99,44,9558
2024-07-07T14:48:52.348000+00:00,261,97,3,164,44,9558
2024-07-07T14:49:14.869000+00:00,263,95,3,168,44,9558
2024-07-07T14:49:21.069000+00:00,125,82,3,43,44,9558
2024-07-07T14:49:36.829000+00:00,290,151,4,139,44,9558
2024-07-07T14:50:24.509000+00:00,298,197,5,101,44,9558
2024-07-07T14:50:32.949000+00:00,258,92,3,166,44,9558
2024-07-07T14:50:55.349000+00:00,246,94,3,152,44,9558
2024-07-07T14:51:17.549000+00:00,281,143,4,138,44,9558
2024-07-07T14:52:06.029000+00:00,272,199,6,73,44,9558
2024-07-07T14:52:13.989000+00:00,260,87,3,173,44,9558
2024-07-07T14:52:36.789000+00:00,280,90,3,190,44,9558
2024-07-07T14:52:59.270000+00:00,282,144,4,138,44,9558
2024-07-07T14:53:48.229000+00:00,281,202,5,79,44,9558
2024-07-07T14:53:56.430000+00:00,252,88,3,164,44,9558
2024-07-07T14:54:19.350000+00:00,273,96,3,177,44,9558
2024-07-07T14:54:41.909000+00:00,281,141,4,140,44,9558
2024-07-07T14:55:30.830000+00:00,288,192,5,96,44,9558
2024-07-07T14:55:39.070000+00:00,239,97,3,142,44,9558
2024-07-07T14:56:01.950000+00:00,265,90,3,175,44,9558
2024-07-07T14:56:24.310000+00:00,292,141,3,151,44,9558
2024-07-07T14:57:13.470000+00:00,295,196,5,99,44,9558
2024-07-07T14:57:21.311000+00:00,264,99,3,165,44,9558
2024-07-07T14:57:44.550000+00:00,283,88,3,195,44,9558
2024-07-07T14:58:07.151000+00:00,291,143,4,148,44,9558
2024-07-07T14:58:56.350000+00:00,299,191,5,108,44,9558
2024-07-07T14:59:04.390000+00:00,247,88,3,159,44,9558
2024-07-07T14:59:26.391000+00:00,286,101,3,185,44,9558
2024-07-07T14:59:49.231000+00:00,270,145,4,125,44,9558
2024-07-07T15:00:39.471000+00:00,241,200,5,41,44,9558
2024-07-07T15:00:46.511000+00:00,264,87,3,177,44,9558
2024-07-07T15:01:08.151000+00:00,288,100,3,188,44,9558
2024-07-07T15:01:30.551000+00:00,299,120,3,179,44,9558
2024-07-07T15:01:52.191000+00:00,304,249,6,55,44,9558
2024-07-07T15:02:19.671000+00:00,275,206,5,69,44,9558
2024-07-07T15:02:26.911000+00:00,269,95,3,174,44,9558
2024-07-07T15:02:47.791000+00:00,290,100,3,190,44,9558
2024-07-07T15:03:09.792000+00:00,301,142,4,159,44,9558
2024-07-07T15:03:30.672000+00:00,303,257,7,46,44,9558
2024-07-07T15:03:41.671000+00:00,268,219,6,49,44,9558
2024-07-07T15:03:57.552000+00:00,296,204,5,92,44,9558
2024-07-07T15:04:05.911000+00:00,255,81,2,174,44,9558
2024-07-07T15:04:48.672000+00:00,234,105,3,129,44,9558
2024-07-07T15:04:54.632000+00:00,134,82,3,52,44,9558
2024-07-07T15:05:09.712000+00:00,282,127,4,155,44,9558
2024-07-07T15:05:29.392000+00:00,297,231,6,66,44,9558
2024-07-07T15:05:40.552000+00:00,277,226,6,51,44,9558
2024-07-07T15:05:55.632000+00:00,298,225,6,73,44,9558
2024-07-07T15:06:03.032000+00:00,256,104,3,152,44,9558
2024-07-07T15:06:22.552000+00:00,290,111,3,179,44,9558
2024-07-07T15:06:27.512000+00:00,150,93,3,57,44,9558
2024-07-07T15:06:42.072000+00:00,289,150,4,139,44,9558
2024-07-07T15:06:46.512000+00:00,178,136,4,42,44,9558
2024-07-07T15:07:26.473000+00:00,284,243,6,41,44,9558
2024-07-07T15:07:33.912000+00:00,226,103,3,123,44,9558
2024-07-07T15:07:52.993000+00:00,283,119,4,164,44,9558
2024-07-07T15:07:57.832000+00:00,151,96,3,55,44,9558
2024-07-07T15:08:12.673000+00:00,285,161,4,124,44,9558
2024-07-07T15:08:41.592000+00:00,283,235,6,48,44,9558
2024-07-07T15:08:56.832000+00:00,278,229,6,49,44,9558
2024-07-07T15:09:03.992000+00:00,252,111,3,141,44,9558
2024-07-07T15:09:22.992000+00:00,284,118,3,166,44,9558
2024-07-07T15:09:27.872000+00:00,149,91,3,58,44,9558
2024-07-07T15:09:42.912000+00:00,272,164,4,108,44,9558
2024-07-07T15:10:33.513000+00:00,254,107,3,147,44,9558
2024-07-07T15:10:52.713000+00:00,265,115,3,150,44,9558
2024-07-07T15:10:57.433000+00:00,148,99,3,49,44,9558
2024-07-07T15:11:12.353000+00:00,284,165,4,119,44,9558
2024-07-07T15:11:16.393000+00:00,176,131,4,45,44,9558
2024-07-07T15:11:56.073000+00:00,290,236,7,54,44,9558
2024-07-07T15:12:03.153000+00:00,263,111,3,152,44,9558
2024-07-07T15:12:22.433000+00:00,277,115,3,162,44,9558
2024-07-07T15:12:27.313000+00:00,144,87,3,57,44,9558
2024-07-07T15:12:42.394000+00:00,289,166,4,123,44,9558
2024-07-07T15:13:32.873000+00:00,272,110,3,162,44,9558
2024-07-07T15:13:52.113000+00:00,285,115,3,170,44,9558
2024-07-07T15:14:12.193000+00:00,286,176,4,110,44,9558
2024-07-07T15:14:16.074000+00:00,188,138,4,50,44,9558
2024-07-07T15:15:02.354000+00:00,274,112,3,162,44,9558
2024-07-07T15:15:21.554000+00:00,285,114,3,171,44,9558
2024-07-07T15:15:26.434000+00:00,147,92,3,55,44,9558
2024-07-07T15:15:41.594000+00:00,292,166,4,126,44,9558
2024-07-07T15:15:45.994000+00:00,184,131,4,53,44,9558
2024-07-07T15:16:32.314000+00:00,222,111,3,111,44,9558
2024-07-07T15:16:51.314000+00:00,263,119,3,144,44,9558
2024-07-07T15:17:11.155000+00:00,289,167,4,122,44,9558
2024-07-07T15:18:01.354000+00:00,272,109,3,163,44,9558
2024-07-07T15:18:20.914000+00:00,261,116,3,145,44,9558
2024-07-07T15:18:25.674000+00:00,145,101,3,44,44,9558
2024-07-07T15:18:41.194000+00:00,253,161,4,92,44,9558
2024-07-07T15:18:45.155000+00:00,178,131,3,47,44,9558
2024-07-07T15:19:31.275000+00:00,241,112,3,129,44,9558
2024-07-07T15:19:50.395000+00:00,280,112,3,168,44,9558
2024-07-07T15:19:55.354000+00:00,140,95,3,45,44,9558
2024-07-07T15:20:10.635000+00:00,269,169,4,100,44,9558
2024-07-07T15:20:14.674000+00:00,181,134,3,47,44,9558
2024-07-07T15:20:53.954000+00:00,291,244,7,47,44,9558
2024-07-07T15:21:00.674000+00:00,271,109,3,162,44,9558
2024-07-07T15:21:20.034000+00:00,281,126,3,155,44,9558
2024-07-07T15:21:24.955000+00:00,136,94,3,42,44,9558
2024-07-07T15:21:40.234000+00:00,279,172,4,107,44,9558
2024-07-07T15:22:23.475000+00:00,292,239,6,53,44,9558
2024-07-07T15:22:30.235000+00:00,270,107,3,163,44,9558
2024-07-07T15:22:49.635000+00:00,284,124,3,160,44,9558
2024-07-07T15:22:54.515000+00:00,141,99,3,42,44,9558
2024-07-07T15:23:09.675000+00:00,290,180,4,110,44,9558
2024-07-07T15:23:13.676000+00:00,179,135,3,44,44,9558
2024-07-07T15:24:00.076000+00:00,267,111,3,156,44,9558
2024-07-07T15:24:19.436000+00:00,278,120,3,158,44,9558
2024-07-07T15:24:24.275000+00:00,138,92,3,46,44,9558
2024-07-07T15:24:39.676000+00:00,288,182,5,106,44,9558
2024-07-07T15:24:43.635000+00:00,189,136,3,53,44,9558
2024-07-07T15:25:29.915000+00:00,272,102,3,170,44,9558
2024-07-07T13:21:59.092000+00:00,228,85,3,143,55,9558
2024-07-07T13:22:23.211000+00:00,271,141,4,130,55,9558
2024-07-07T13:23:15.771000+00:00,279,183,5,96,55,9558
2024-07-07T13:23:24.572000+00:00,227,82,2,145,55,9558
2024-07-07T13:24:07.851000+00:00,237,110,3,127,55,9558
2024-07-07T13:24:30.532000+00:00,273,150,4,123,55,9558
2024-07-07T13:24:36.052000+00:00,152,110,3,42,55,9558
2024-07-07T13:24:52.572000+00:00,279,236,6,43,55,9558
2024-07-07T13:25:21.331000+00:00,275,182,5,93,55,9558
2024-07-07T13:25:30.652000+00:00,207,67,2,140,55,9558
2024-07-07T13:27:28.812000+00:00,228,114,3,114,55,9558
2024-07-07T13:27:50.012000+00:00,279,151,4,128,55,9558
2024-07-07T13:27:54.973000+00:00,165,120,3,45,55,9558
2024-07-07T13:28:10.212000+00:00,276,227,6,49,55,9558
2024-07-07T13:28:37.892000+00:00,276,214,5,62,55,9558
2024-07-07T13:28:45.893000+00:00,242,113,3,129,55,9558
2024-07-07T13:28:54.133000+00:00,134,52,1,82,55,9558
2024-07-07T14:00:24.739000+00:00,259,91,2,168,55,9558
2024-07-07T14:00:50.179000+00:00,250,156,4,94,55,9558
2024-07-07T14:01:09.219000+00:00,268,146,4,122,55,9558
2024-07-07T14:01:53.059000+00:00,205,53,1,152,55,9558
2024-07-07T14:03:25.940000+00:00,278,105,3,173,55,9558
2024-07-07T14:03:31.820000+00:00,139,90,2,49,55,9558
2024-07-07T14:03:46.700000+00:00,290,152,4,138,55,9558
2024-07-07T14:04:33.300000+00:00,284,223,6,61,55,9558
2024-07-07T14:04:41.339000+00:00,220,108,3,112,55,9558
2024-07-07T14:05:01.179000+00:00,280,109,3,171,55,9558
2024-07-07T14:05:20.860000+00:00,312,158,4,154,55,9558
2024-07-07T14:05:25.980000+00:00,172,129,3,43,55,9558
2024-07-07T14:06:05.980000+00:00,314,205,5,109,55,9558
2024-07-07T14:06:13.820000+00:00,234,104,3,130,55,9558
2024-07-07T14:06:33.740000+00:00,255,115,3,140,55,9558
2024-07-07T14:06:38.660000+00:00,138,91,3,47,55,9558
2024-07-07T14:06:53.380000+00:00,308,157,4,151,55,9558
2024-07-07T14:06:58.420000+00:00,158,117,3,41,55,9558
2024-07-07T14:07:38.140000+00:00,315,227,6,88,55,9558
2024-07-07T14:07:45.740000+00:00,259,110,3,149,55,9558
2024-07-07T14:08:05.420000+00:00,280,107,3,173,55,9558
2024-07-07T14:08:10.980000+00:00,134,93,3,41,55,9558
2024-07-07T14:08:25.540000+00:00,309,159,4,150,55,9558
2024-07-07T14:08:30.260000+00:00,171,118,3,53,55,9558
2024-07-07T14:09:10.620000+00:00,312,209,5,103,55,9558
2024-07-07T14:09:18.220000+00:00,225,111,3,114,55,9558
2024-07-07T14:09:37.500000+00:00,287,106,3,181,55,9558
2024-07-07T14:09:43.021000+00:00,134,90,3,44,55,9558
2024-07-07T14:09:57.700000+00:00,289,159,4,130,55,9558
2024-07-07T14:10:02.221000+00:00,175,116,3,59,55,9558
2024-07-07T14:10:42.621000+00:00,305,210,5,95,55,9558
2024-07-07T14:10:49.981000+00:00,256,114,3,142,55,9558
2024-07-07T14:11:09.341000+00:00,296,105,3,191,55,9558
2024-07-07T14:11:29.741000+00:00,302,172,4,130,55,9558
2024-07-07T14:11:34.381000+00:00,165,117,3,48,55,9558
2024-07-07T14:12:14.101000+00:00,312,231,6,81,55,9558
2024-07-07T14:12:21.621000+00:00,262,109,3,153,55,9558
2024-07-07T14:12:41.621000+00:00,266,104,3,162,55,9558
2024-07-07T14:13:02.101000+00:00,273,162,4,111,55,9558
2024-07-07T14:13:06.621000+00:00,174,111,3,63,55,9558
2024-07-07T14:13:47.181000+00:00,284,214,5,70,55,9558
2024-07-07T14:13:54.421000+00:00,253,110,3,143,55,9558
2024-07-07T14:14:14.181000+00:00,286,109,3,177,55,9558
2024-07-07T14:14:19.461000+00:00,139,82,3,57,55,9558
2024-07-07T14:14:34.661000+00:00,285,165,4,120,55,9558
2024-07-07T14:14:39.222000+00:00,167,111,3,56,55,9558
2024-07-07T14:15:19.622000+00:00,287,238,6,49,55,9558
2024-07-07T14:15:26.741000+00:00,259,109,3,150,55,9558
2024-07-07T14:15:46.582000+00:00,278,109,3,169,55,9558
2024-07-07T14:15:51.862000+00:00,140,88,3,52,55,9558
2024-07-07T14:16:07.102000+00:00,289,170,4,119,55,9558
2024-07-07T14:16:11.502000+00:00,169,115,3,54,55,9558
2024-07-07T14:16:51.982000+00:00,289,220,5,69,55,9558
2024-07-07T14:16:59.462000+00:00,242,107,3,135,55,9558
2024-07-07T14:17:19.142000+00:00,269,104,3,165,55,9558
2024-07-07T14:17:24.382000+00:00,142,96,3,46,55,9558
2024-07-07T14:17:39.463000+00:00,286,164,4,122,55,9558
2024-07-07T14:17:43.862000+00:00,173,114,4,59,55,9558
2024-07-07T14:18:24.462000+00:00,290,241,7,49,55,9558
2024-07-07T14:18:31.622000+00:00,263,114,3,149,55,9558
2024-07-07T14:18:51.543000+00:00,264,114,3,150,55,9558
2024-07-07T14:18:56.502000+00:00,137,87,3,50,55,9558
2024-07-07T14:19:11.583000+00:00,292,158,4,134,55,9558
2024-07-07T14:19:16.262000+00:00,166,117,4,49,55,9558
2024-07-07T14:19:56.662000+00:00,293,223,6,70,55,9558
2024-07-07T14:20:03.782000+00:00,269,111,3,158,55,9558
2024-07-07T14:20:23.663000+00:00,282,106,3,176,55,9558
2024-07-07T14:20:28.943000+00:00,137,91,3,46,55,9558
2024-07-07T14:20:43.983000+00:00,289,162,4,127,55,9558
2024-07-07T14:20:48.583000+00:00,173,119,4,54,55,9558
2024-07-07T14:21:29.023000+00:00,284,217,5,67,55,9558
2024-07-07T14:21:36.544000+00:00,209,101,3,108,55,9558
2024-07-07T14:21:56.104000+00:00,266,108,3,158,55,9558
2024-07-07T14:22:01.383000+00:00,139,83,3,56,55,9558
2024-07-07T14:22:16.344000+00:00,285,159,4,126,55,9558
2024-07-07T14:22:20.823000+00:00,171,119,4,52,55,9558
2024-07-07T14:23:01.143000+00:00,293,249,8,44,55,9558
2024-07-07T14:23:08.384000+00:00,266,109,3,157,55,9558
2024-07-07T14:23:28.104000+00:00,285,120,3,165,55,9558
2024-07-07T14:23:33.423000+00:00,133,82,3,51,55,9558
2024-07-07T14:23:48.504000+00:00,287,159,4,128,55,9558
2024-07-07T14:23:52.863000+00:00,174,113,4,61,55,9558
2024-07-07T14:24:33.504000+00:00,284,223,6,61,55,9558
2024-07-07T14:24:40.664000+00:00,259,112,3,147,55,9558
2024-07-07T14:25:00.224000+00:00,280,112,3,168,55,9558
2024-07-07T14:25:05.464000+00:00,144,92,3,52,55,9558
2024-07-07T14:25:20.744000+00:00,280,161,4,119,55,9558
2024-07-07T14:25:25.064000+00:00,176,112,3,64,55,9558
2024-07-07T14:26:05.584000+00:00,288,227,6,61,55,9558
2024-07-07T14:26:12.465000+00:00,268,116,3,152,55,9558
2024-07-07T14:26:32.425000+00:00,259,115,3,144,55,9558
2024-07-07T14:26:37.544000+00:00,141,91,3,50,55,9558
2024-07-07T14:26:52.785000+00:00,279,164,4,115,55,9558
2024-07-07T14:26:57.024000+00:00,179,115,3,64,55,9558
2024-07-07T14:27:37.384000+00:00,292,210,6,82,55,9558
2024-07-07T14:27:44.545000+00:00,259,103,3,156,55,9558
2024-07-07T14:28:04.585000+00:00,286,116,3,170,55,9558
2024-07-07T14:28:09.744000+00:00,141,88,3,53,55,9558
2024-07-07T14:28:25.145000+00:00,287,168,4,119,55,9558
2024-07-07T14:28:29.544000+00:00,173,111,3,62,55,9558
2024-07-07T14:29:09.825000+00:00,279,174,5,105,55,9558
2024-07-07T14:29:18.065000+00:00,251,105,3,146,55,9558
2024-07-07T14:29:38.985000+00:00,280,110,3,170,55,9558
2024-07-07T14:29:44.385000+00:00,138,89,3,49,55,9558
2024-07-07T14:29:59.225000+00:00,287,166,4,121,55,9558
2024-07-07T14:30:04.145000+00:00,179,114,3,65,55,9558
2024-07-07T14:30:43.905000+00:00,301,191,5,110,55,9558
2024-07-07T14:30:52.745000+00:00,255,103,3,152,55,9558
2024-07-07T14:31:14.265000+00:00,237,85,3,152,55,9558
2024-07-07T14:31:36.785000+00:00,289,160,4,129,55,9558
2024-07-07T14:31:41.586000+00:00,169,123,3,46,55,9558
2024-07-07T14:32:04.625000+00:00,271,217,6,54,55,9558
2024-07-07T14:32:24.185000+00:00,298,178,5,120,55,9558
2024-07-07T14:32:33.065000+00:00,253,96,3,157,55,9558
2024-07-07T14:32:54.146000+00:00,262,105,3,157,55,9558
2024-07-07T14:33:00.466000+00:00,124,83,3,41,55,9558
2024-07-07T14:33:16.026000+00:00,289,172,4,117,55,9558
2024-07-07T14:33:20.706000+00:00,171,115,3,56,55,9558
2024-07-07T14:33:43.666000+00:00,289,244,7,45,55,9558
2024-07-07T14:34:01.666000+00:00,308,202,5,106,55,9558
2024-07-07T14:34:10.106000+00:00,244,104,3,140,55,9558
2024-07-07T14:34:30.426000+00:00,261,108,3,153,55,9558
2024-07-07T14:34:35.866000+00:00,141,83,3,58,55,9558
2024-07-07T14:34:50.706000+00:00,291,158,4,133,55,9558
2024-07-07T14:34:55.386000+00:00,164,115,3,49,55,9558
2024-07-07T14:35:36.186000+00:00,299,220,6,79,55,9558
2024-07-07T14:35:43.946000+00:00,257,107,3,150,55,9558
2024-07-07T14:36:03.746000+00:00,280,118,3,162,55,9558
2024-07-07T14:36:24.307000+00:00,283,163,4,120,55,9558
2024-07-07T14:36:28.786000+00:00,175,115,3,60,55,9558
2024-07-07T14:37:08.986000+00:00,292,226,6,66,55,9558
2024-07-07T14:37:16.226000+00:00,264,108,3,156,55,9558
2024-07-07T14:37:35.786000+00:00,284,119,3,165,55,9558
2024-07-07T14:37:41.106000+00:00,140,84,3,56,55,9558
2024-07-07T14:37:56.307000+00:00,281,161,4,120,55,9558
2024-07-07T14:38:00.986000+00:00,169,113,3,56,55,9558
2024-07-07T14:38:40.826000+00:00,298,232,6,66,55,9558
2024-07-07T14:38:48.346000+00:00,259,105,3,154,55,9558
2024-07-07T14:39:08.146000+00:00,284,121,3,163,55,9558
2024-07-07T14:39:13.306000+00:00,139,93,3,46,55,9558
2024-07-07T14:39:28.787000+00:00,257,171,4,86,55,9558
2024-07-07T14:39:32.907000+00:00,164,111,3,53,55,9558
2024-07-07T14:40:12.867000+00:00,300,205,6,95,55,9558
2024-07-07T14:40:20.747000+00:00,262,103,3,159,55,9558
2024-07-07T14:40:41.067000+00:00,277,113,3,164,55,9558
2024-07-07T14:40:46.627000+00:00,132,88,3,44,55,9558
2024-07-07T14:41:01.467000+00:00,292,158,4,134,55,9558
2024-07-07T14:41:06.267000+00:00,160,114,3,46,55,9558
2024-07-07T14:41:46.468000+00:00,321,188,5,133,55,9558
2024-07-07T14:41:55.307000+00:00,253,94,3,159,55,9558
2024-07-07T14:42:10.267000+00:00,281,231,6,50,55,9558
2024-07-07T14:42:17.107000+00:00,258,107,3,151,55,9558
2024-07-07T14:42:22.747000+00:00,137,86,3,51,55,9558
2024-07-07T14:42:37.187000+00:00,302,103,3,199,55,9558
2024-07-07T14:42:59.508000+00:00,296,192,6,104,55,9558
2024-07-07T14:43:28.707000+00:00,303,181,5,122,55,9558
2024-07-07T14:43:39.868000+00:00,185,65,2,120,55,9558
2024-07-07T14:44:19.068000+00:00,261,95,3,166,55,9558
2024-07-07T14:44:25.668000+00:00,130,84,3,46,55,9558
2024-07-07T14:44:40.988000+00:00,281,139,4,142,55,9558
2024-07-07T14:44:46.708000+00:00,151,104,3,47,55,9558
2024-07-07T14:45:02.308000+00:00,287,229,6,58,55,9558
2024-07-07T14:45:30.148000+00:00,280,194,5,86,55,9558
2024-07-07T14:45:38.548000+00:00,220,90,3,130,55,9558
2024-07-07T14:46:00.788000+00:00,273,81,2,192,55,9558
2024-07-07T14:46:22.949000+00:00,292,145,4,147,55,9558
2024-07-07T14:46:44.508000+00:00,293,244,7,49,55,9558
2024-07-07T14:47:12.188000+00:00,286,170,5,116,55,9558
2024-07-07T14:47:20.468000+00:00,251,84,3,167,55,9558
2024-07-07T14:47:43.469000+00:00,259,85,3,174,55,9558
2024-07-07T14:48:05.588000+00:00,288,145,4,143,55,9558
2024-07-07T14:48:11.188000+00:00,149,98,3,51,55,9558
2024-07-07T14:48:54.709000+00:00,280,177,5,103,55,9558
2024-07-07T14:49:02.949000+00:00,254,135,4,119,55,9558
2024-07-07T14:49:25.788000+00:00,269,88,3,181,55,9558
2024-07-07T14:49:48.309000+00:00,268,136,4,132,55,9558
2024-07-07T14:49:53.389000+00:00,164,100,3,64,55,9558
2024-07-07T14:50:23.389000+00:00,193,152,5,41,55,9558
2024-07-07T14:50:37.389000+00:00,287,170,5,117,55,9558
2024-07-07T14:50:45.669000+00:00,248,89,3,159,55,9558
2024-07-07T14:51:08.389000+00:00,273,92,3,181,55,9558
2024-07-07T14:51:14.789000+00:00,121,76,3,45,55,9558
2024-07-07T14:51:30.949000+00:00,287,142,4,145,55,9558
2024-07-07T14:51:36.149000+00:00,156,106,3,50,55,9558
2024-07-07T14:51:52.230000+00:00,289,240,7,49,55,9558
2024-07-07T14:52:20.069000+00:00,284,172,5,112,55,9558
2024-07-07T14:52:28.629000+00:00,251,89,3,162,55,9558
2024-07-07T14:52:51.590000+00:00,263,90,3,173,55,9558
2024-07-07T14:53:14.109000+00:00,275,139,4,136,55,9558
2024-07-07T14:53:19.270000+00:00,162,105,3,57,55,9558
2024-07-07T14:53:48.709000+00:00,194,149,5,45,55,9558
2024-07-07T14:54:03.310000+00:00,274,184,5,90,55,9558
2024-07-07T14:54:12.030000+00:00,226,84,3,142,55,9558
2024-07-07T14:54:34.749000+00:00,270,112,3,158,55,9558
2024-07-07T14:54:41.349000+00:00,116,75,3,41,55,9558
2024-07-07T14:54:57.070000+00:00,293,138,4,155,55,9558
2024-07-07T14:55:02.470000+00:00,156,110,3,46,55,9558
2024-07-07T14:55:46.630000+00:00,285,181,5,104,55,9558
2024-07-07T14:55:54.830000+00:00,251,85,3,166,55,9558
2024-07-07T14:56:17.910000+00:00,276,93,3,183,55,9558
2024-07-07T14:56:40.550000+00:00,275,127,4,148,55,9558
2024-07-07T14:57:29.710000+00:00,288,172,5,116,55,9558
2024-07-07T14:57:37.910000+00:00,259,107,3,152,55,9558
2024-07-07T14:58:00.751000+00:00,267,94,3,173,55,9558
2024-07-07T14:58:07.391000+00:00,119,73,3,46,55,9558
2024-07-07T14:58:23.590000+00:00,263,124,4,139,55,9558
2024-07-07T14:58:45.310000+00:00,286,231,6,55,55,9558
2024-07-07T14:59:13.591000+00:00,298,173,5,125,55,9558
2024-07-07T14:59:21.751000+00:00,248,93,3,155,55,9558
2024-07-07T14:59:44.190000+00:00,285,93,3,192,55,9558
2024-07-07T15:00:06.431000+00:00,295,129,4,166,55,9558
2024-07-07T15:00:28.431000+00:00,282,240,6,42,55,9558
2024-07-07T15:00:57.070000+00:00,297,181,5,116,55,9558
2024-07-07T15:01:05.231000+00:00,250,94,3,156,55,9558
2024-07-07T15:01:27.031000+00:00,263,92,3,171,55,9558
2024-07-07T15:01:33.111000+00:00,126,81,3,45,55,9558
2024-07-07T15:01:48.951000+00:00,290,162,4,128,55,9558
2024-07-07T15:02:09.992000+00:00,298,236,6,62,55,9558
2024-07-07T15:02:37.991000+00:00,296,191,5,105,55,9558
2024-07-07T15:02:46.031000+00:00,247,98,3,149,55,9558
2024-07-07T15:03:07.111000+00:00,276,101,3,175,55,9558
2024-07-07T15:03:28.712000+00:00,282,148,4,134,55,9558
2024-07-07T15:04:16.712000+00:00,285,181,5,104,55,9558
2024-07-07T15:04:24.312000+00:00,259,99,3,160,55,9558
2024-07-07T15:04:45.591000+00:00,279,94,3,185,55,9558
2024-07-07T15:04:51.632000+00:00,128,79,3,49,55,9558
2024-07-07T15:05:07.271000+00:00,285,158,4,127,55,9558
2024-07-07T15:05:54.592000+00:00,301,200,5,101,55,9558
2024-07-07T15:06:02.832000+00:00,266,74,2,192,55,9558
2024-07-07T15:06:44.432000+00:00,226,112,3,114,55,9558
2024-07-07T15:06:50.192000+00:00,129,83,3,46,55,9558
2024-07-07T15:07:05.753000+00:00,286,168,4,118,55,9558
2024-07-07T15:07:51.512000+00:00,280,207,5,73,55,9558
2024-07-07T15:07:59.073000+00:00,260,110,3,150,55,9558
2024-07-07T15:08:19.193000+00:00,278,123,3,155,55,9558
2024-07-07T15:08:23.912000+00:00,145,98,3,47,55,9558
2024-07-07T15:08:38.753000+00:00,279,170,4,109,55,9558
2024-07-07T15:08:43.072000+00:00,178,130,4,48,55,9558
2024-07-07T15:09:22.672000+00:00,289,225,6,64,55,9558
2024-07-07T15:09:30.152000+00:00,240,112,3,128,55,9558
2024-07-07T15:09:49.512000+00:00,289,128,4,161,55,9558
2024-07-07T15:09:54.193000+00:00,151,94,3,57,55,9558
2024-07-07T15:10:09.072000+00:00,289,174,4,115,55,9558
2024-07-07T15:10:13.553000+00:00,174,133,4,41,55,9558
2024-07-07T15:10:52.713000+00:00,293,236,7,57,55,9558
2024-07-07T15:10:59.833000+00:00,271,121,3,150,55,9558
2024-07-07T15:11:19.353000+00:00,290,119,4,171,55,9558
2024-07-07T15:11:24.153000+00:00,144,91,3,53,55,9558
2024-07-07T15:11:39.473000+00:00,251,184,5,67,55,9558
2024-07-07T15:11:43.313000+00:00,179,122,4,57,55,9558
2024-07-07T15:12:22.993000+00:00,287,239,7,48,55,9558
2024-07-07T15:12:29.793000+00:00,270,113,3,157,55,9558
2024-07-07T15:12:49.074000+00:00,291,136,4,155,55,9558
2024-07-07T15:13:09.034000+00:00,284,169,4,115,55,9558
2024-07-07T15:13:13.073000+00:00,181,133,4,48,55,9558
2024-07-07T15:13:59.473000+00:00,272,117,3,155,55,9558
2024-07-07T15:14:18.993000+00:00,286,117,4,169,55,9558
2024-07-07T15:14:23.873000+00:00,138,94,3,44,55,9558
2024-07-07T15:14:38.673000+00:00,289,171,4,118,55,9558
2024-07-07T15:14:43.074000+00:00,186,135,4,51,55,9558
2024-07-07T15:15:22.234000+00:00,296,229,6,67,55,9558
2024-07-07T15:15:29.394000+00:00,261,111,3,150,55,9558
2024-07-07T15:15:48.514000+00:00,285,119,4,166,55,9558
2024-07-07T15:15:53.554000+00:00,134,86,3,48,55,9558
2024-07-07T15:16:08.474000+00:00,288,168,4,120,55,9558
2024-07-07T15:16:12.714000+00:00,184,131,4,53,55,9558
2024-07-07T15:16:59.074000+00:00,265,111,3,154,55,9558
2024-07-07T15:17:18.314000+00:00,271,120,4,151,55,9558
2024-07-07T15:17:22.954000+00:00,146,94,3,52,55,9558
2024-07-07T15:17:38.075000+00:00,284,172,4,112,55,9558
2024-07-07T15:17:42.074000+00:00,185,119,4,66,55,9558
2024-07-07T15:18:28.674000+00:00,270,111,3,159,55,9558
2024-07-07T15:18:47.794000+00:00,284,116,4,168,55,9558
2024-07-07T15:18:52.674000+00:00,139,89,3,50,55,9558
2024-07-07T15:19:07.794000+00:00,280,177,4,103,55,9558
2024-07-07T15:19:11.875000+00:00,174,128,4,46,55,9558
2024-07-07T15:19:58.355000+00:00,235,116,3,119,55,9558
2024-07-07T15:20:17.195000+00:00,285,129,4,156,55,9558
2024-07-07T15:20:21.995000+00:00,138,92,3,46,55,9558
2024-07-07T15:20:37.035000+00:00,285,173,4,112,55,9558
2024-07-07T15:20:41.114000+00:00,178,124,4,54,55,9558
2024-07-07T15:21:27.475000+00:00,266,117,3,149,55,9558
2024-07-07T15:21:46.555000+00:00,289,115,4,174,55,9558
2024-07-07T15:21:51.195000+00:00,147,103,3,44,55,9558
2024-07-07T15:22:06.275000+00:00,290,176,4,114,55,9558
2024-07-07T15:22:10.395000+00:00,190,121,4,69,55,9558
2024-07-07T15:22:49.315000+00:00,305,249,6,56,55,9558
2024-07-07T15:22:56.915000+00:00,248,73,2,175,55,9558
2024-07-07T15:23:36.435000+00:00,248,113,3,135,55,9558
2024-07-07T15:23:56.635000+00:00,271,170,4,101,55,9558
2024-07-07T15:24:00.956000+00:00,172,123,3,49,55,9558
2024-07-07T15:24:41.476000+00:00,285,215,6,70,55,9558
2024-07-07T15:24:48.795000+00:00,264,104,3,160,55,9558
2024-07-07T15:25:08.636000+00:00,291,137,4,154,55,9558
2024-07-07T15:25:13.236000+00:00,143,97,3,46,55,9558
2024-07-07T15:25:28.036000+00:00,284,173,4,111,55,9558
2024-07-07T15:25:32.076000+00:00,191,122,4,69,55,9558
2024-07-07T15:26:17.916000+00:00,263,119,3,144,55,9558
2024-07-07T13:21:46.211000+00:00,243,89,2,154,63,9558
2024-07-07T13:22:09.891000+00:00,278,147,4,131,63,9558
2024-07-07T13:22:33.131000+00:00,269,197,5,72,63,9558
2024-07-07T13:23:03.772000+00:00,262,183,6,79,63,9558
2024-07-07T13:23:14.811000+00:00,204,79,2,125,63,9558
2024-07-07T13:23:54.171000+00:00,238,95,2,143,63,9558
2024-07-07T13:24:16.732000+00:00,256,138,3,118,63,9558
2024-07-07T13:24:38.052000+00:00,287,227,7,60,63,9558
2024-07-07T13:25:06.532000+00:00,259,173,6,86,63,9558
2024-07-07T13:25:17.892000+00:00,228,80,2,148,63,9558
2024-07-07T13:25:55.012000+00:00,168,99,3,69,63,9558
2024-07-07T13:26:16.372000+00:00,289,146,4,143,63,9558
2024-07-07T13:26:38.652000+00:00,282,193,6,89,63,9558
2024-07-07T13:27:09.332000+00:00,260,161,5,99,63,9558
2024-07-07T13:27:20.013000+00:00,239,97,3,142,63,9558
2024-07-07T14:00:13.419000+00:00,256,129,3,127,63,9558
2024-07-07T14:00:35.939000+00:00,269,155,4,114,63,9558
2024-07-07T14:00:54.219000+00:00,241,104,3,137,63,9558
2024-07-07T14:01:27.819000+00:00,252,154,5,98,63,9558
2024-07-07T14:03:25.100000+00:00,284,115,3,169,63,9558
2024-07-07T14:03:30.620000+00:00,141,90,2,51,63,9558
2024-07-07T14:03:45.900000+00:00,270,178,4,92,63,9558
2024-07-07T14:03:50.259000+00:00,170,129,3,41,63,9558
2024-07-07T14:04:38.260000+00:00,263,109,3,154,63,9558
2024-07-07T14:04:57.700000+00:00,290,124,3,166,63,9558
2024-07-07T14:05:18.220000+00:00,254,169,4,85,63,9558
2024-07-07T14:05:22.420000+00:00,171,130,3,41,63,9558
2024-07-07T14:06:02.420000+00:00,292,233,6,59,63,9558
2024-07-07T14:06:09.700000+00:00,258,113,3,145,63,9558
2024-07-07T14:06:29.140000+00:00,278,119,3,159,63,9558
2024-07-07T14:06:34.340000+00:00,137,94,3,43,63,9558
2024-07-07T14:06:49.260000+00:00,279,172,4,107,63,9558
2024-07-07T14:06:53.380000+00:00,179,130,3,49,63,9558
2024-07-07T14:07:40.901000+00:00,260,110,3,150,63,9558
2024-07-07T14:08:00.701000+00:00,255,120,3,135,63,9558
2024-07-07T14:08:21.021000+00:00,248,165,4,83,63,9558
2024-07-07T14:09:32.381000+00:00,265,117,3,148,63,9558
2024-07-07T14:09:52.581000+00:00,274,179,4,95,63,9558
2024-07-07T14:09:56.741000+00:00,175,125,3,50,63,9558
2024-07-07T14:10:37.101000+00:00,287,239,6,48,63,9558
2024-07-07T14:11:03.821000+00:00,279,117,3,162,63,9558
2024-07-07T14:11:24.021000+00:00,289,174,4,115,63,9558
2024-07-07T14:11:28.341000+00:00,176,121,3,55,63,9558
2024-07-07T14:12:15.861000+00:00,266,111,3,155,63,9558
2024-07-07T14:12:35.661000+00:00,274,116,3,158,63,9558
2024-07-07T14:12:40.781000+00:00,142,100,3,42,63,9558
2024-07-07T14:12:55.861000+00:00,285,171,4,114,63,9558
2024-07-07T14:13:00.021000+00:00,176,127,3,49,63,9558
2024-07-07T14:13:40.461000+00:00,283,242,6,41,63,9558
2024-07-07T14:13:47.541000+00:00,245,109,3,136,63,9558
2024-07-07T14:14:07.501000+00:00,254,119,3,135,63,9558
2024-07-07T14:14:27.741000+00:00,267,167,4,100,63,9558
2024-07-07T14:14:32.102000+00:00,168,119,3,49,63,9558
2024-07-07T14:15:12.142000+00:00,283,230,6,53,63,9558
2024-07-07T14:15:19.222000+00:00,250,106,3,144,63,9558
2024-07-07T14:15:38.942000+00:00,280,119,3,161,63,9558
2024-07-07T14:15:44.102000+00:00,137,92,3,45,63,9558
2024-07-07T14:15:59.142000+00:00,286,170,4,116,63,9558
2024-07-07T14:16:03.302000+00:00,180,118,3,62,63,9558
2024-07-07T14:16:43.702000+00:00,291,241,5,50,63,9558
2024-07-07T14:16:50.822000+00:00,252,108,3,144,63,9558
2024-07-07T14:17:10.582000+00:00,279,114,3,165,63,9558
2024-07-07T14:17:30.702000+00:00,291,174,4,117,63,9558
2024-07-07T14:17:35.022000+00:00,178,120,3,58,63,9558
2024-07-07T14:18:15.342000+00:00,289,234,6,55,63,9558
2024-07-07T14:18:22.342000+00:00,266,109,3,157,63,9558
2024-07-07T14:18:42.262000+00:00,262,120,3,142,63,9558
2024-07-07T14:19:02.302000+00:00,290,167,4,123,63,9558
2024-07-07T14:19:06.703000+00:00,171,118,3,53,63,9558
2024-07-07T14:19:46.983000+00:00,290,246,6,44,63,9558
2024-07-07T14:19:53.903000+00:00,267,104,3,163,63,9558
2024-07-07T14:20:13.663000+00:00,282,114,3,168,63,9558
2024-07-07T14:20:33.783000+00:00,293,165,4,128,63,9558
2024-07-07T14:20:38.143000+00:00,179,119,3,60,63,9558
2024-07-07T14:21:18.543000+00:00,283,231,6,52,63,9558
2024-07-07T14:21:45.343000+00:00,287,119,3,168,63,9558
2024-07-07T14:21:50.543000+00:00,138,90,3,48,63,9558
2024-07-07T14:22:05.663000+00:00,288,163,4,125,63,9558
2024-07-07T14:22:10.064000+00:00,176,118,3,58,63,9558
2024-07-07T14:22:50.264000+00:00,287,230,6,57,63,9558
2024-07-07T14:22:57.464000+00:00,266,103,3,163,63,9558
2024-07-07T14:23:17.424000+00:00,239,116,3,123,63,9558
2024-07-07T14:23:37.344000+00:00,284,166,4,118,63,9558
2024-07-07T14:23:41.744000+00:00,172,123,3,49,63,9558
2024-07-07T14:24:21.864000+00:00,290,239,6,51,63,9558
2024-07-07T14:24:28.984000+00:00,253,105,3,148,63,9558
2024-07-07T14:24:48.744000+00:00,248,114,3,134,63,9558
2024-07-07T14:24:53.784000+00:00,142,98,3,44,63,9558
2024-07-07T14:25:08.984000+00:00,279,168,4,111,63,9558
2024-07-07T14:25:13.144000+00:00,179,129,3,50,63,9558
2024-07-07T14:25:53.424000+00:00,283,233,6,50,63,9558
2024-07-07T14:26:00.744000+00:00,228,105,3,123,63,9558
2024-07-07T14:26:20.024000+00:00,274,119,3,155,63,9558
2024-07-07T14:26:40.304000+00:00,291,175,4,116,63,9558
2024-07-07T14:26:44.704000+00:00,181,123,3,58,63,9558
2024-07-07T14:27:31.705000+00:00,267,108,3,159,63,9558
2024-07-07T14:27:51.585000+00:00,285,114,3,171,63,9558
2024-07-07T14:28:12.505000+00:00,264,173,4,91,63,9558
2024-07-07T14:28:16.704000+00:00,174,126,3,48,63,9558
2024-07-07T14:28:56.504000+00:00,282,177,5,105,63,9558
2024-07-07T14:29:05.585000+00:00,253,101,3,152,63,9558
2024-07-07T14:29:26.585000+00:00,266,104,3,162,63,9558
2024-07-07T14:29:32.425000+00:00,135,92,3,43,63,9558
2024-07-07T14:29:47.265000+00:00,273,162,4,111,63,9558
2024-07-07T14:29:52.145000+00:00,172,128,3,44,63,9558
2024-07-07T14:30:31.665000+00:00,300,165,4,135,63,9558
2024-07-07T14:30:40.825000+00:00,254,102,3,152,63,9558
2024-07-07T14:31:12.585000+00:00,124,69,3,55,63,9558
2024-07-07T14:31:28.426000+00:00,265,159,4,106,63,9558
2024-07-07T14:31:33.705000+00:00,170,126,3,44,63,9558
2024-07-07T14:31:56.705000+00:00,271,226,6,45,63,9558
2024-07-07T14:32:16.146000+00:00,301,185,5,116,63,9558
2024-07-07T14:32:25.665000+00:00,260,100,3,160,63,9558
2024-07-07T14:32:48.106000+00:00,260,121,3,139,63,9558
2024-07-07T14:33:10.905000+00:00,277,151,4,126,63,9558
2024-07-07T14:33:41.946000+00:00,242,191,5,51,63,9558
2024-07-07T14:33:57.745000+00:00,286,177,4,109,63,9558
2024-07-07T14:34:06.506000+00:00,254,105,3,149,63,9558
2024-07-07T14:34:26.786000+00:00,287,111,3,176,63,9558
2024-07-07T14:34:47.386000+00:00,283,167,4,116,63,9558
2024-07-07T14:35:32.386000+00:00,299,220,6,79,63,9558
2024-07-07T14:35:40.586000+00:00,198,116,3,82,63,9558
2024-07-07T14:35:59.626000+00:00,288,118,3,170,63,9558
2024-07-07T14:36:04.867000+00:00,138,97,3,41,63,9558
2024-07-07T14:36:20.146000+00:00,266,173,4,93,63,9558
2024-07-07T14:37:04.107000+00:00,305,228,6,77,63,9558
2024-07-07T14:37:11.467000+00:00,276,109,3,167,63,9558
2024-07-07T14:37:31.067000+00:00,288,119,3,169,63,9558
2024-07-07T14:37:51.507000+00:00,276,170,4,106,63,9558
2024-07-07T14:37:55.706000+00:00,165,120,3,45,63,9558
2024-07-07T14:38:35.507000+00:00,307,241,6,66,63,9558
2024-07-07T14:38:42.947000+00:00,233,104,3,129,63,9558
2024-07-07T14:39:02.467000+00:00,286,121,3,165,63,9558
2024-07-07T14:39:07.746000+00:00,140,90,3,50,63,9558
2024-07-07T14:39:22.827000+00:00,276,181,4,95,63,9558
2024-07-07T14:39:27.146000+00:00,172,128,3,44,63,9558
2024-07-07T14:40:06.827000+00:00,300,215,5,85,63,9558
2024-07-07T14:40:14.507000+00:00,266,111,3,155,63,9558
2024-07-07T14:40:34.547000+00:00,273,112,3,161,63,9558
2024-07-07T14:40:54.787000+00:00,298,158,4,140,63,9558
2024-07-07T14:40:59.707000+00:00,162,109,3,53,63,9558
2024-07-07T14:41:40.388000+00:00,298,217,5,81,63,9558
2024-07-07T14:41:48.587000+00:00,252,108,3,144,63,9558
2024-07-07T14:42:09.587000+00:00,269,114,3,155,63,9558
2024-07-07T14:42:15.027000+00:00,138,92,3,46,63,9558
2024-07-07T14:42:30.067000+00:00,261,144,3,117,63,9558
2024-07-07T14:42:50.467000+00:00,294,227,6,67,63,9558
2024-07-07T14:43:18.428000+00:00,293,196,5,97,63,9558
2024-07-07T14:43:26.708000+00:00,264,93,2,171,63,9558
2024-07-07T14:43:50.267000+00:00,260,109,3,151,63,9558
2024-07-07T14:44:10.707000+00:00,290,131,3,159,63,9558
2024-07-07T14:44:33.548000+00:00,294,177,5,117,63,9558
2024-07-07T14:44:45.068000+00:00,287,242,7,45,63,9558
2024-07-07T14:45:03.507000+00:00,303,162,4,141,63,9558
2024-07-07T14:45:14.548000+00:00,232,81,2,151,63,9558
2024-07-07T14:46:00.588000+00:00,245,92,3,153,63,9558
2024-07-07T14:46:07.028000+00:00,124,81,3,43,63,9558
2024-07-07T14:46:22.388000+00:00,296,184,5,112,63,9558
2024-07-07T14:47:10.149000+00:00,278,181,4,97,63,9558
2024-07-07T14:47:19.748000+00:00,243,99,3,144,63,9558
2024-07-07T14:47:41.709000+00:00,255,106,3,149,63,9558
2024-07-07T14:47:47.828000+00:00,130,85,2,45,63,9558
2024-07-07T14:48:03.509000+00:00,262,151,4,111,63,9558
2024-07-07T14:48:24.348000+00:00,299,249,6,50,63,9558
2024-07-07T14:48:51.428000+00:00,290,197,5,93,63,9558
2024-07-07T14:48:59.948000+00:00,258,99,3,159,63,9558
2024-07-07T14:49:22.109000+00:00,262,95,3,167,63,9558
2024-07-07T14:49:44.149000+00:00,277,151,4,126,63,9558
2024-07-07T14:50:32.669000+00:00,281,188,5,93,63,9558
2024-07-07T14:50:40.949000+00:00,259,89,3,170,63,9558
2024-07-07T14:51:03.229000+00:00,270,96,3,174,63,9558
2024-07-07T14:51:25.390000+00:00,284,153,4,131,63,9558
2024-07-07T14:51:46.549000+00:00,299,251,6,48,63,9558
2024-07-07T14:52:14.189000+00:00,282,190,5,92,63,9558
2024-07-07T14:52:22.909000+00:00,215,98,2,117,63,9558
2024-07-07T14:52:45.310000+00:00,258,86,2,172,63,9558
2024-07-07T14:52:51.950000+00:00,120,76,2,44,63,9558
2024-07-07T14:53:07.709000+00:00,285,151,4,134,63,9558
2024-07-07T14:53:13.150000+00:00,164,119,3,45,63,9558
2024-07-07T14:53:56.910000+00:00,286,175,4,111,63,9558
2024-07-07T14:54:05.430000+00:00,240,97,3,143,63,9558
2024-07-07T14:54:28.309000+00:00,268,95,3,173,63,9558
2024-07-07T14:54:50.870000+00:00,288,143,3,145,63,9558
2024-07-07T14:55:40.390000+00:00,237,179,7,58,63,9558
2024-07-07T14:55:53.750000+00:00,140,82,2,58,63,9558
2024-07-07T13:21:04.892000+00:00,223,81,3,142,77,9558
2024-07-07T13:21:12.171000+00:00,119,70,2,49,77,9558
2024-07-07T13:21:29.411000+00:00,256,133,4,123,77,9558
2024-07-07T13:21:35.291000+00:00,153,93,3,60,77,9558
2024-07-07T13:21:52.691000+00:00,267,204,6,63,77,9558
2024-07-07T13:22:05.532000+00:00,240,199,6,41,77,9558
2024-07-07T13:22:22.611000+00:00,272,190,5,82,77,9558
2024-07-07T13:22:30.972000+00:00,220,89,2,131,77,9558
2024-07-07T13:23:13.811000+00:00,241,88,3,153,77,9558
2024-07-07T13:23:20.771000+00:00,119,78,2,41,77,9558
2024-07-07T13:23:36.812000+00:00,261,133,4,128,77,9558
2024-07-07T13:23:41.651000+00:00,145,98,2,47,77,9558
2024-07-07T13:23:58.412000+00:00,279,220,6,59,77,9558
2024-07-07T13:24:27.331000+00:00,272,179,5,93,77,9558
2024-07-07T13:24:36.252000+00:00,188,76,2,112,77,9558
2024-07-07T13:26:44.052000+00:00,234,111,3,123,77,9558
2024-07-07T13:26:49.812000+00:00,141,91,3,50,77,9558
2024-07-07T13:27:05.452000+00:00,268,143,4,125,77,9558
2024-07-07T13:27:54.973000+00:00,258,216,7,42,77,9558
2024-07-07T13:28:03.012000+00:00,193,97,3,96,77,9558
2024-07-07T14:00:51.059000+00:00,252,105,3,147,77,9558
2024-07-07T14:01:15.859000+00:00,250,138,4,112,77,9558
2024-07-07T14:01:21.059000+00:00,158,114,3,44,77,9558
2024-07-07T14:01:45.259000+00:00,220,148,6,72,77,9558
2024-07-07T14:02:11.019000+00:00,229,181,6,48,77,9558
2024-07-07T14:02:20.059000+00:00,140,80,2,60,77,9558
2024-07-07T14:03:19.660000+00:00,237,184,5,53,77,9558
2024-07-07T14:03:27.539000+00:00,267,83,3,184,77,9558
2024-07-07T14:03:49.419000+00:00,294,132,4,162,77,9558
2024-07-07T14:03:55.779000+00:00,152,109,4,43,77,9558
2024-07-07T14:04:11.300000+00:00,291,241,7,50,77,9558
2024-07-07T14:04:38.260000+00:00,294,190,5,104,77,9558
2024-07-07T14:04:46.060000+00:00,238,91,3,147,77,9558
2024-07-07T14:05:06.820000+00:00,273,102,4,171,77,9558
2024-07-07T14:05:12.420000+00:00,144,80,3,64,77,9558
2024-07-07T14:05:27.260000+00:00,303,144,4,159,77,9558
2024-07-07T14:05:32.260000+00:00,165,104,3,61,77,9558
2024-07-07T14:06:14.180000+00:00,296,195,5,101,77,9558
2024-07-07T14:06:22.020000+00:00,232,98,3,134,77,9558
2024-07-07T14:06:42.300000+00:00,276,104,4,172,77,9558
2024-07-07T14:06:47.700000+00:00,142,86,3,56,77,9558
2024-07-07T14:07:02.740000+00:00,288,147,4,141,77,9558
2024-07-07T14:07:07.821000+00:00,157,107,3,50,77,9558
2024-07-07T14:07:48.981000+00:00,289,227,6,62,77,9558
2024-07-07T14:07:56.340000+00:00,257,97,3,160,77,9558
2024-07-07T14:08:16.980000+00:00,250,108,4,142,77,9558
2024-07-07T14:08:21.901000+00:00,142,87,3,55,77,9558
2024-07-07T14:08:36.700000+00:00,289,141,4,148,77,9558
2024-07-07T14:09:23.380000+00:00,293,193,6,100,77,9558
2024-07-07T14:09:31.500000+00:00,190,102,3,88,77,9558
2024-07-07T14:09:51.180000+00:00,270,111,4,159,77,9558
2024-07-07T14:10:11.380000+00:00,289,147,4,142,77,9558
2024-07-07T14:10:16.581000+00:00,160,102,3,58,77,9558
2024-07-07T14:10:57.301000+00:00,287,219,6,68,77,9558
2024-07-07T14:11:04.861000+00:00,251,101,3,150,77,9558
2024-07-07T14:11:24.781000+00:00,277,115,4,162,77,9558
2024-07-07T14:11:30.061000+00:00,140,98,3,42,77,9558
2024-07-07T14:11:45.061000+00:00,288,152,4,136,77,9558
2024-07-07T14:11:50.021000+00:00,161,105,3,56,77,9558
2024-07-07T14:12:30.742000+00:00,289,209,6,80,77,9558
2024-07-07T14:12:38.022000+00:00,262,104,3,158,77,9558
2024-07-07T14:12:58.381000+00:00,269,114,4,155,77,9558
2024-07-07T14:13:03.782000+00:00,138,88,3,50,77,9558
2024-07-07T14:13:18.901000+00:00,287,152,5,135,77,9558
2024-07-07T14:13:23.422000+00:00,170,107,3,63,77,9558
2024-07-07T14:14:04.502000+00:00,281,214,6,67,77,9558
2024-07-07T14:14:11.662000+00:00,259,109,3,150,77,9558
2024-07-07T14:14:32.102000+00:00,270,110,3,160,77,9558
2024-07-07T14:14:37.142000+00:00,143,93,3,50,77,9558
2024-07-07T14:14:52.382000+00:00,286,148,4,138,77,9558
2024-07-07T14:14:57.022000+00:00,170,111,3,59,77,9558
2024-07-07T14:15:23.742000+00:00,259,204,6,55,77,9558
2024-07-07T14:15:38.142000+00:00,281,220,6,61,77,9558
2024-07-07T14:15:45.262000+00:00,258,102,3,156,77,9558
2024-07-07T14:16:05.462000+00:00,274,100,3,174,77,9558
2024-07-07T14:16:10.902000+00:00,141,89,3,52,77,9558
2024-07-07T14:16:26.102000+00:00,278,151,4,127,77,9558
2024-07-07T14:16:30.542000+00:00,171,104,3,67,77,9558
2024-07-07T14:16:56.382000+00:00,285,239,7,46,77,9558
2024-07-07T14:17:11.422000+00:00,289,206,6,83,77,9558
2024-07-07T14:17:18.902000+00:00,258,104,3,154,77,9558
2024-07-07T14:17:38.902000+00:00,278,102,4,176,77,9558
2024-07-07T14:17:44.462000+00:00,145,85,3,60,77,9558
2024-07-07T14:17:58.662000+00:00,295,137,4,158,77,9558
2024-07-07T14:18:04.542000+00:00,167,120,4,47,77,9558
2024-07-07T14:18:31.622000+00:00,238,191,5,47,77,9558
2024-07-07T14:18:45.623000+00:00,288,214,6,74,77,9558
2024-07-07T14:18:53.063000+00:00,225,106,3,119,77,9558
2024-07-07T14:19:13.023000+00:00,255,102,4,153,77,9558
2024-07-07T14:19:18.183000+00:00,146,91,3,55,77,9558
2024-07-07T14:19:33.383000+00:00,283,150,4,133,77,9558
2024-07-07T14:19:38.103000+00:00,165,100,3,65,77,9558
2024-07-07T14:20:19.143000+00:00,283,229,6,54,77,9558
2024-07-07T14:20:26.223000+00:00,260,106,3,154,77,9558
2024-07-07T14:20:46.423000+00:00,278,108,4,170,77,9558
2024-07-07T14:20:51.703000+00:00,145,97,3,48,77,9558
2024-07-07T14:21:06.783000+00:00,286,165,4,121,77,9558
2024-07-07T14:21:11.503000+00:00,175,106,3,69,77,9558
2024-07-07T14:21:52.583000+00:00,280,225,6,55,77,9558
2024-07-07T14:21:59.703000+00:00,260,111,3,149,77,9558
2024-07-07T14:22:19.663000+00:00,279,107,4,172,77,9558
2024-07-07T14:22:40.423000+00:00,263,150,4,113,77,9558
2024-07-07T14:22:44.903000+00:00,172,106,3,66,77,9558
2024-07-07T14:23:26.023000+00:00,264,205,6,59,77,9558
2024-07-07T14:23:33.223000+00:00,260,101,3,159,77,9558
2024-07-07T14:23:53.343000+00:00,274,99,4,175,77,9558
2024-07-07T14:23:58.863000+00:00,133,87,3,46,77,9558
2024-07-07T14:24:13.623000+00:00,285,137,4,148,77,9558
2024-07-07T14:24:18.384000+00:00,165,117,3,48,77,9558
2024-07-07T14:24:44.344000+00:00,275,234,7,41,77,9558
2024-07-07T14:24:59.023000+00:00,310,211,6,99,77,9558
2024-07-07T14:25:06.464000+00:00,256,99,3,157,77,9558
2024-07-07T14:25:26.784000+00:00,251,102,4,149,77,9558
2024-07-07T14:25:46.864000+00:00,283,145,4,138,77,9558
2024-07-07T14:25:51.744000+00:00,163,109,3,54,77,9558
2024-07-07T14:26:18.905000+00:00,239,191,5,48,77,9558
2024-07-07T14:26:32.705000+00:00,281,226,6,55,77,9558
2024-07-07T14:26:39.705000+00:00,261,100,3,161,77,9558
2024-07-07T14:26:59.825000+00:00,259,106,4,153,77,9558
2024-07-07T14:27:05.465000+00:00,128,86,3,42,77,9558
2024-07-07T14:27:20.464000+00:00,282,151,4,131,77,9558
2024-07-07T14:27:25.225000+00:00,163,110,3,53,77,9558
2024-07-07T14:28:05.785000+00:00,280,204,6,76,77,9558
2024-07-07T14:28:13.385000+00:00,254,109,3,145,77,9558
2024-07-07T14:28:34.105000+00:00,241,109,4,132,77,9558
2024-07-07T14:28:39.145000+00:00,145,88,3,57,77,9558
2024-07-07T14:28:54.425000+00:00,267,144,4,123,77,9558
2024-07-07T14:28:59.105000+00:00,173,112,3,61,77,9558
2024-07-07T14:29:39.985000+00:00,285,176,5,109,77,9558
2024-07-07T14:29:48.065000+00:00,243,94,3,149,77,9558
2024-07-07T14:30:09.705000+00:00,270,112,4,158,77,9558
2024-07-07T14:30:15.145000+00:00,139,94,3,45,77,9558
2024-07-07T14:30:30.305000+00:00,281,150,4,131,77,9558
2024-07-07T14:30:35.065000+00:00,174,106,3,68,77,9558
2024-07-07T14:31:00.825000+00:00,271,214,6,57,77,9558
2024-07-07T14:31:16.305000+00:00,289,195,5,94,77,9558
2024-07-07T14:31:24.265000+00:00,246,96,3,150,77,9558
2024-07-07T14:31:39.705000+00:00,280,235,6,45,77,9558
2024-07-07T14:31:46.745000+00:00,233,79,3,154,77,9558
2024-07-07T14:32:10.185000+00:00,273,172,5,101,77,9558
2024-07-07T14:32:15.026000+00:00,174,118,3,56,77,9558
2024-07-07T14:32:38.465000+00:00,296,161,5,135,77,9558
2024-07-07T14:32:59.185000+00:00,284,171,5,113,77,9558
2024-07-07T14:33:08.066000+00:00,240,103,3,137,77,9558
2024-07-07T14:33:24.225000+00:00,278,227,6,51,77,9558
2024-07-07T14:33:30.825000+00:00,260,107,4,153,77,9558
2024-07-07T14:33:36.506000+00:00,144,94,3,50,77,9558
2024-07-07T14:33:51.505000+00:00,296,147,4,149,77,9558
2024-07-07T14:33:56.466000+00:00,168,116,3,52,77,9558
2024-07-07T14:34:10.586000+00:00,303,238,7,65,77,9558
2024-07-07T14:34:20.466000+00:00,296,228,6,68,77,9558
2024-07-07T14:34:38.385000+00:00,303,195,6,108,77,9558
2024-07-07T14:34:46.466000+00:00,249,91,3,158,77,9558
2024-07-07T14:35:09.066000+00:00,258,108,4,150,77,9558
2024-07-07T14:35:14.386000+00:00,154,92,3,62,77,9558
2024-07-07T14:35:29.626000+00:00,266,154,4,112,77,9558
2024-07-07T14:35:34.186000+00:00,170,112,3,58,77,9558
2024-07-07T14:36:15.746000+00:00,280,219,6,61,77,9558
2024-07-07T14:36:23.266000+00:00,245,102,3,143,77,9558
2024-07-07T14:36:43.667000+00:00,268,104,3,164,77,9558
2024-07-07T14:36:49.226000+00:00,138,97,2,41,77,9558
2024-07-07T14:37:04.907000+00:00,236,161,4,75,77,9558
2024-07-07T14:37:08.786000+00:00,176,104,3,72,77,9558
2024-07-07T14:37:49.947000+00:00,283,213,6,70,77,9558
2024-07-07T14:37:57.667000+00:00,243,107,3,136,77,9558
2024-07-07T14:38:17.667000+00:00,273,103,4,170,77,9558
2024-07-07T14:38:22.907000+00:00,146,103,3,43,77,9558
2024-07-07T14:38:38.027000+00:00,280,147,4,133,77,9558
2024-07-07T14:38:42.627000+00:00,173,109,3,64,77,9558
2024-07-07T14:39:23.827000+00:00,279,208,6,71,77,9558
2024-07-07T14:39:31.467000+00:00,248,105,3,143,77,9558
2024-07-07T14:39:52.027000+00:00,267,116,4,151,77,9558
2024-07-07T14:39:57.507000+00:00,138,94,3,44,77,9558
2024-07-07T14:40:12.427000+00:00,276,140,4,136,77,9558
2024-07-07T14:40:17.267000+00:00,160,118,3,42,77,9558
2024-07-07T14:40:32.347000+00:00,287,236,7,51,77,9558
2024-07-07T14:40:59.707000+00:00,270,195,5,75,77,9558
2024-07-07T14:41:07.507000+00:00,250,99,3,151,77,9558
2024-07-07T14:41:23.307000+00:00,285,237,7,48,77,9558
2024-07-07T14:41:30.027000+00:00,261,106,4,155,77,9558
2024-07-07T14:41:35.387000+00:00,143,98,3,45,77,9558
2024-07-07T14:41:50.427000+00:00,285,146,4,139,77,9558
2024-07-07T14:41:55.707000+00:00,158,107,3,51,77,9558
2024-07-07T14:42:10.787000+00:00,289,246,7,43,77,9558
2024-07-07T14:42:19.948000+00:00,294,245,7,49,77,9558
2024-07-07T14:42:38.507000+00:00,286,166,5,120,77,9558
2024-07-07T14:42:46.748000+00:00,249,86,3,163,77,9558
2024-07-07T14:43:03.187000+00:00,284,228,6,56,77,9558
2024-07-07T14:43:09.867000+00:00,258,104,4,154,77,9558
2024-07-07T14:43:15.707000+00:00,138,93,3,45,77,9558
2024-07-07T14:43:31.267000+00:00,267,110,4,157,77,9558
2024-07-07T14:43:53.668000+00:00,274,145,6,129,77,9558
2024-07-07T14:44:04.828000+00:00,271,184,6,87,77,9558
2024-07-07T14:44:26.948000+00:00,271,130,5,141,77,9558
2024-07-07T14:44:37.428000+00:00,237,72,2,165,77,9558
2024-07-07T14:45:20.708000+00:00,255,90,4,165,77,9558
2024-07-07T14:45:26.908000+00:00,133,79,3,54,77,9558
2024-07-07T14:45:42.388000+00:00,281,143,4,138,77,9558
2024-07-07T14:45:48.268000+00:00,160,107,3,53,77,9558
2024-07-07T14:46:04.308000+00:00,278,207,6,71,77,9558
2024-07-07T14:46:13.468000+00:00,287,241,7,46,77,9558
2024-07-07T14:46:18.588000+00:00,197,153,5,44,77,9558
2024-07-07T14:46:33.028000+00:00,278,178,5,100,77,9558
2024-07-07T14:46:41.068000+00:00,252,89,3,163,77,9558
2024-07-07T14:47:04.348000+00:00,260,85,3,175,77,9558
2024-07-07T14:47:10.388000+00:00,131,82,2,49,77,9558
2024-07-07T14:47:26.108000+00:00,282,144,4,138,77,9558
2024-07-07T14:47:31.588000+00:00,163,104,3,59,77,9558
2024-07-07T14:47:47.668000+00:00,281,232,6,49,77,9558
2024-07-07T14:48:15.789000+00:00,278,173,5,105,77,9558
2024-07-07T14:48:23.989000+00:00,245,96,3,149,77,9558
2024-07-07T14:48:46.828000+00:00,264,89,3,175,77,9558
2024-07-07T14:48:53.468000+00:00,124,75,3,49,77,9558
2024-07-07T14:49:08.789000+00:00,282,139,4,143,77,9558
2024-07-07T14:49:14.549000+00:00,161,95,3,66,77,9558
2024-07-07T14:49:30.549000+00:00,274,216,6,58,77,9558
2024-07-07T14:49:44.149000+00:00,192,147,4,45,77,9558
2024-07-07T14:49:58.868000+00:00,281,175,5,106,77,9558
2024-07-07T14:50:07.469000+00:00,236,85,3,151,77,9558
2024-07-07T14:50:30.029000+00:00,266,88,3,178,77,9558
2024-07-07T14:50:36.389000+00:00,127,80,2,47,77,9558
2024-07-07T14:50:52.229000+00:00,272,138,4,134,77,9558
2024-07-07T14:50:57.509000+00:00,157,97,3,60,77,9558
2024-07-07T14:51:13.589000+00:00,283,237,7,46,77,9558
2024-07-07T14:51:27.229000+00:00,193,139,4,54,77,9558
2024-07-07T14:51:41.949000+00:00,274,166,5,108,77,9558
2024-07-07T14:51:50.509000+00:00,244,81,3,163,77,9558
2024-07-07T14:52:13.509000+00:00,265,86,3,179,77,9558
2024-07-07T14:52:20.069000+00:00,121,74,3,47,77,9558
2024-07-07T14:52:36.029000+00:00,270,137,4,133,77,9558
2024-07-07T14:52:41.869000+00:00,145,95,3,50,77,9558
2024-07-07T14:52:57.670000+00:00,280,233,7,47,77,9558
2024-07-07T14:53:06.869000+00:00,288,246,7,42,77,9558
2024-07-07T14:53:26.350000+00:00,268,175,5,93,77,9558
2024-07-07T14:53:34.749000+00:00,249,85,3,164,77,9558
2024-07-07T14:53:58.270000+00:00,253,88,3,165,77,9558
2024-07-07T14:54:04.550000+00:00,126,76,3,50,77,9558
2024-07-07T14:54:20.509000+00:00,279,131,4,148,77,9558
2024-07-07T14:54:26.030000+00:00,153,98,3,55,77,9558
2024-07-07T14:55:10.790000+00:00,282,169,5,113,77,9558
2024-07-07T14:55:20.030000+00:00,229,77,3,152,77,9558
2024-07-07T14:55:43.190000+00:00,265,88,3,177,77,9558
2024-07-07T14:55:49.710000+00:00,121,73,2,48,77,9558
2024-07-07T14:56:06.070000+00:00,277,125,4,152,77,9558
2024-07-07T14:56:11.750000+00:00,146,100,3,46,77,9558
2024-07-07T14:56:27.911000+00:00,285,219,6,66,77,9558
2024-07-07T14:56:56.950000+00:00,278,164,4,114,77,9558
2024-07-07T14:57:05.830000+00:00,214,81,3,133,77,9558
2024-07-07T14:57:28.590000+00:00,268,93,3,175,77,9558
2024-07-07T14:57:35.390000+00:00,121,71,2,50,77,9558
2024-07-07T14:57:51.710000+00:00,277,125,4,152,77,9558
2024-07-07T14:57:57.230000+00:00,150,88,3,62,77,9558
2024-07-07T14:58:27.591000+00:00,190,149,5,41,77,9558
2024-07-07T14:58:42.191000+00:00,281,161,5,120,77,9558
2024-07-07T14:58:51.070000+00:00,228,82,3,146,77,9558
2024-07-07T14:59:13.991000+00:00,258,94,3,164,77,9558
2024-07-07T14:59:36.430000+00:00,275,138,4,137,77,9558
2024-07-07T14:59:42.551000+00:00,142,92,3,50,77,9558
2024-07-07T14:59:58.911000+00:00,287,242,7,45,77,9558
2024-07-07T15:00:13.711000+00:00,186,143,5,43,77,9558
2024-07-07T15:00:28.671000+00:00,271,166,5,105,77,9558
2024-07-07T15:00:36.790000+00:00,250,85,3,165,77,9558
2024-07-07T15:00:59.031000+00:00,269,88,3,181,77,9558
2024-07-07T15:01:05.671000+00:00,119,74,3,45,77,9558
2024-07-07T15:01:21.471000+00:00,279,129,4,150,77,9558
2024-07-07T15:01:27.031000+00:00,150,97,3,53,77,9558
2024-07-07T15:01:43.512000+00:00,278,217,6,61,77,9558
2024-07-07T15:01:57.591000+00:00,187,145,4,42,77,9558
2024-07-07T15:02:12.271000+00:00,279,189,5,90,77,9558
2024-07-07T15:02:20.511000+00:00,256,102,3,154,77,9558
2024-07-07T15:02:42.151000+00:00,266,93,3,173,77,9558
2024-07-07T15:02:48.471000+00:00,122,80,2,42,77,9558
2024-07-07T15:03:04.472000+00:00,251,129,4,122,77,9558
2024-07-07T15:03:09.512000+00:00,155,104,3,51,77,9558
2024-07-07T15:03:39.151000+00:00,197,154,5,43,77,9558
2024-07-07T15:03:53.831000+00:00,255,176,5,79,77,9558
2024-07-07T15:04:02.192000+00:00,254,72,2,182,77,9558
2024-07-07T15:04:46.591000+00:00,229,103,4,126,77,9558
2024-07-07T15:05:08.752000+00:00,253,124,4,129,77,9558
2024-07-07T15:05:30.592000+00:00,276,225,6,51,77,9558
2024-07-07T15:05:40.552000+00:00,279,238,7,41,77,9558
2024-07-07T15:05:59.351000+00:00,258,188,5,70,77,9558
2024-07-07T15:06:07.192000+00:00,245,99,3,146,77,9558
2024-07-07T15:06:20.432000+00:00,268,209,6,59,77,9558
2024-07-07T15:06:30.792000+00:00,244,113,4,131,77,9558
2024-07-07T15:06:35.752000+00:00,149,92,3,57,77,9558
2024-07-07T15:06:50.552000+00:00,284,159,4,125,77,9558
2024-07-07T15:06:55.632000+00:00,166,112,3,54,77,9558
2024-07-07T15:07:10.672000+00:00,288,245,7,43,77,9558
2024-07-07T15:07:37.752000+00:00,267,208,6,59,77,9558
2024-07-07T15:07:45.233000+00:00,252,116,3,136,77,9558
2024-07-07T15:08:05.633000+00:00,274,117,4,157,77,9558
2024-07-07T15:08:10.912000+00:00,150,95,3,55,77,9558
2024-07-07T15:08:25.673000+00:00,274,151,4,123,77,9558
2024-07-07T15:08:30.232000+00:00,166,116,3,50,77,9558
2024-07-07T15:09:18.993000+00:00,222,103,3,119,77,9558
2024-07-07T15:09:37.593000+00:00,282,119,3,163,77,9558
2024-07-07T15:09:44.953000+00:00,146,87,3,59,77,9558
2024-07-07T15:09:59.433000+00:00,297,153,4,144,77,9558
2024-07-07T15:10:04.433000+00:00,161,116,3,45,77,9558
2024-07-07T15:10:52.033000+00:00,257,114,3,143,77,9558
2024-07-07T15:11:11.633000+00:00,280,121,4,159,77,9558
2024-07-07T15:11:16.873000+00:00,149,87,3,62,77,9558
2024-07-07T15:11:31.953000+00:00,269,151,4,118,77,9558
2024-07-07T15:11:36.473000+00:00,167,118,3,49,77,9558
2024-07-07T15:12:17.113000+00:00,281,232,7,49,77,9558
2024-07-07T15:12:24.393000+00:00,263,101,3,162,77,9558
2024-07-07T15:12:44.153000+00:00,278,121,3,157,77,9558
2024-07-07T15:12:49.273000+00:00,149,97,3,52,77,9558
2024-07-07T15:13:04.313000+00:00,276,175,5,101,77,9558
2024-07-07T15:13:08.754000+00:00,165,124,3,41,77,9558
2024-07-07T15:13:49.074000+00:00,282,230,6,52,77,9558
2024-07-07T15:13:56.194000+00:00,264,114,3,150,77,9558
2024-07-07T15:14:15.914000+00:00,280,114,3,166,77,9558
2024-07-07T15:14:36.074000+00:00,269,171,5,98,77,9558
2024-07-07T15:14:40.394000+00:00,181,112,3,69,77,9558
2024-07-07T15:15:27.594000+00:00,265,107,3,158,77,9558
2024-07-07T15:15:47.234000+00:00,281,111,3,170,77,9558
2024-07-07T15:15:52.394000+00:00,149,98,3,51,77,9558
2024-07-07T15:16:03.874000+00:00,276,172,5,104,77,9558
2024-07-07T15:16:09.394000+00:00,209,148,4,61,77,9558
2024-07-07T15:16:13.594000+00:00,173,114,3,59,77,9558
2024-07-07T15:17:00.834000+00:00,265,107,3,158,77,9558
2024-07-07T15:17:20.514000+00:00,269,106,4,163,77,9558
2024-07-07T15:17:25.354000+00:00,147,104,3,43,77,9558
2024-07-07T15:17:40.554000+00:00,275,164,4,111,77,9558
2024-07-07T15:17:44.994000+00:00,174,112,3,62,77,9558
2024-07-07T15:18:32.274000+00:00,255,107,3,148,77,9558
2024-07-07T15:18:51.795000+00:00,278,112,4,166,77,9558
2024-07-07T15:18:56.875000+00:00,143,87,3,56,77,9558
2024-07-07T15:19:12.155000+00:00,263,163,4,100,77,9558
2024-07-07T15:19:16.235000+00:00,181,116,3,65,77,9558
2024-07-07T15:19:41.634000+00:00,279,203,5,76,77,9558
2024-07-07T15:20:03.595000+00:00,258,111,3,147,77,9558
2024-07-07T15:20:23.515000+00:00,250,111,4,139,77,9558
2024-07-07T15:20:43.195000+00:00,282,176,5,106,77,9558
2024-07-07T15:20:47.874000+00:00,174,108,3,66,77,9558
2024-07-07T15:21:35.555000+00:00,257,104,3,153,77,9558
2024-07-07T15:21:55.115000+00:00,281,108,3,173,77,9558
2024-07-07T15:22:00.115000+00:00,146,99,3,47,77,9558
2024-07-07T15:22:15.355000+00:00,279,163,4,116,77,9558
2024-07-07T15:22:19.835000+00:00,172,115,3,57,77,9558
2024-07-07T15:23:07.036000+00:00,265,106,3,159,77,9558
2024-07-07T15:23:27.036000+00:00,260,110,3,150,77,9558
2024-07-07T15:23:32.115000+00:00,149,88,3,61,77,9558
2024-07-07T15:23:47.276000+00:00,271,164,4,107,77,9558
2024-07-07T15:23:51.635000+00:00,168,117,3,51,77,9558
2024-07-07T15:24:31.395000+00:00,290,193,5,97,77,9558
2024-07-07T15:24:39.356000+00:00,256,109,3,147,77,9558
2024-07-07T15:24:59.196000+00:00,278,100,4,178,77,9558
2024-07-07T15:25:04.395000+00:00,149,82,3,67,77,9558
2024-07-07T15:25:18.996000+00:00,306,151,4,155,77,9558
2024-07-07T15:26:11.596000+00:00,254,106,3,148,77,9558
2024-07-07T15:26:24.916000+00:00,263,188,6,75,77,9558
2024-07-07T15:26:34.916000+00:00,170,82,3,88,77,9558
2024-07-07T15:27:58.676000+00:00,151,51,1,100,77,9558
2024-07-07T13:21:21.491000+00:00,244,86,2,158,81,9558
2024-07-07T13:21:45.332000+00:00,282,128,3,154,81,9558
2024-07-07T13:21:51.972000+00:00,139,92,3,47,81,9558
2024-07-07T13:22:08.571000+00:00,289,236,6,53,81,9558
2024-07-07T13:22:37.652000+00:00,291,201,5,90,81,9558
2024-07-07T13:22:46.012000+00:00,236,74,2,162,81,9558
2024-07-07T13:23:23.932000+00:00,253,98,2,155,81,9558
2024-07-07T13:23:46.891000+00:00,267,129,3,138,81,9558
2024-07-07T13:24:36.252000+00:00,282,204,5,78,81,9558
2024-07-07T13:24:45.572000+00:00,212,79,2,133,81,9558
2024-07-07T13:26:51.692000+00:00,237,118,3,119,81,9558
2024-07-07T13:27:12.212000+00:00,287,168,4,119,81,9558
2024-07-07T13:28:06.733000+00:00,246,117,3,129,81,9558
2024-07-07T14:00:18.938000+00:00,245,134,3,111,81,9558
2024-07-07T14:00:46.339000+00:00,224,169,4,55,81,9558
2024-07-07T14:01:05.099000+00:00,263,129,4,134,81,9558
2024-07-07T14:01:51.379000+00:00,171,54,1,117,81,9558
2024-07-07T14:03:25.740000+00:00,280,109,2,171,81,9558
2024-07-07T14:03:31.260000+00:00,133,91,2,42,81,9558
2024-07-07T14:03:46.500000+00:00,284,152,3,132,81,9558
2024-07-07T14:03:51.900000+00:00,159,118,3,41,81,9558
2024-07-07T14:04:32.740000+00:00,291,219,5,72,81,9558
2024-07-07T14:04:39.940000+00:00,267,107,3,160,81,9558
2024-07-07T14:05:00.660000+00:00,247,124,3,123,81,9558
2024-07-07T14:05:20.860000+00:00,273,168,4,105,81,9558
2024-07-07T14:05:25.380000+00:00,169,114,3,55,81,9558
2024-07-07T14:06:05.060000+00:00,324,217,5,107,81,9558
2024-07-07T14:06:12.740000+00:00,255,103,3,152,81,9558
2024-07-07T14:06:32.740000+00:00,283,119,3,164,81,9558
2024-07-07T14:06:52.620000+00:00,314,164,4,150,81,9558
2024-07-07T14:07:37.340000+00:00,318,230,5,88,81,9558
2024-07-07T14:07:44.820000+00:00,255,102,3,153,81,9558
2024-07-07T14:08:04.540000+00:00,283,118,3,165,81,9558
2024-07-07T14:08:25.540000+00:00,236,174,4,62,81,9558
2024-07-07T14:09:09.301000+00:00,314,221,5,93,81,9558
2024-07-07T14:09:16.940000+00:00,244,106,3,138,81,9558
2024-07-07T14:09:36.621000+00:00,279,116,3,163,81,9558
2024-07-07T14:09:56.741000+00:00,309,168,4,141,81,9558
2024-07-07T14:10:01.461000+00:00,162,116,3,46,81,9558
2024-07-07T14:10:41.141000+00:00,315,232,5,83,81,9558
2024-07-07T14:10:48.501000+00:00,264,104,3,160,81,9558
2024-07-07T14:11:08.501000+00:00,274,111,3,163,81,9558
2024-07-07T14:11:28.581000+00:00,290,183,4,107,81,9558
2024-07-07T14:11:33.221000+00:00,172,125,3,47,81,9558
2024-07-07T14:12:13.141000+00:00,311,220,5,91,81,9558
2024-07-07T14:12:20.621000+00:00,256,106,3,150,81,9558
2024-07-07T14:12:40.581000+00:00,278,116,3,162,81,9558
2024-07-07T14:13:00.661000+00:00,280,181,4,99,81,9558
2024-07-07T14:13:05.221000+00:00,169,114,3,55,81,9558
2024-07-07T14:13:45.062000+00:00,302,218,5,84,81,9558
2024-07-07T14:13:52.581000+00:00,253,115,3,138,81,9558
2024-07-07T14:14:12.501000+00:00,271,117,3,154,81,9558
2024-07-07T14:14:32.422000+00:00,307,179,4,128,81,9558
2024-07-07T14:14:37.142000+00:00,167,117,3,50,81,9558
2024-07-07T14:15:17.222000+00:00,299,224,5,75,81,9558
2024-07-07T14:15:24.822000+00:00,246,107,3,139,81,9558
2024-07-07T14:15:44.342000+00:00,287,119,3,168,81,9558
2024-07-07T14:16:04.622000+00:00,290,177,4,113,81,9558
2024-07-07T14:16:09.102000+00:00,167,115,3,52,81,9558
2024-07-07T14:16:48.982000+00:00,310,224,6,86,81,9558
2024-07-07T14:16:56.862000+00:00,240,108,3,132,81,9558
2024-07-07T14:17:16.502000+00:00,268,116,3,152,81,9558
2024-07-07T14:17:36.662000+00:00,283,171,4,112,81,9558
2024-07-07T14:17:41.182000+00:00,170,110,3,60,81,9558
2024-07-07T14:18:21.063000+00:00,289,228,5,61,81,9558
2024-07-07T14:18:28.582000+00:00,240,103,3,137,81,9558
2024-07-07T14:18:48.263000+00:00,269,109,3,160,81,9558
2024-07-07T14:19:08.223000+00:00,299,170,4,129,81,9558
2024-07-07T14:19:13.023000+00:00,155,110,3,45,81,9558
2024-07-07T14:19:52.623000+00:00,313,222,5,91,81,9558
2024-07-07T14:20:00.223000+00:00,255,110,3,145,81,9558
2024-07-07T14:20:20.023000+00:00,283,115,3,168,81,9558
2024-07-07T14:20:40.103000+00:00,298,169,4,129,81,9558
2024-07-07T14:20:44.663000+00:00,167,111,3,56,81,9558
2024-07-07T14:21:24.583000+00:00,301,228,5,73,81,9558
2024-07-07T14:21:32.063000+00:00,244,105,3,139,81,9558
2024-07-07T14:21:51.703000+00:00,283,116,3,167,81,9558
2024-07-07T14:22:12.103000+00:00,271,158,4,113,81,9558
2024-07-07T14:22:16.344000+00:00,173,109,3,64,81,9558
2024-07-07T14:22:56.424000+00:00,297,240,6,57,81,9558
2024-07-07T14:23:04.064000+00:00,227,112,3,115,81,9558
2024-07-07T14:23:23.544000+00:00,291,116,3,175,81,9558
2024-07-07T14:23:43.744000+00:00,294,168,4,126,81,9558
2024-07-07T14:23:48.504000+00:00,171,112,3,59,81,9558
2024-07-07T14:24:35.624000+00:00,258,104,3,154,81,9558
2024-07-07T14:24:55.504000+00:00,259,117,3,142,81,9558
2024-07-07T14:25:15.624000+00:00,290,169,4,121,81,9558
2024-07-07T14:25:20.184000+00:00,172,127,3,45,81,9558
2024-07-07T14:25:59.944000+00:00,298,249,6,49,81,9558
2024-07-07T14:26:07.224000+00:00,257,107,3,150,81,9558
2024-07-07T14:26:26.824000+00:00,284,116,3,168,81,9558
2024-07-07T14:26:47.104000+00:00,292,177,4,115,81,9558
2024-07-07T14:26:51.544000+00:00,172,122,3,50,81,9558
2024-07-07T14:27:31.505000+00:00,292,235,6,57,81,9558
2024-07-07T14:27:38.825000+00:00,249,99,3,150,81,9558
2024-07-07T14:27:58.945000+00:00,285,113,3,172,81,9558
2024-07-07T14:28:18.945000+00:00,303,169,4,134,81,9558
2024-07-07T14:28:23.704000+00:00,169,120,3,49,81,9558
2024-07-07T14:29:03.144000+00:00,291,184,4,107,81,9558
2024-07-07T14:29:11.945000+00:00,247,110,3,137,81,9558
2024-07-07T14:29:33.105000+00:00,269,121,3,148,81,9558
2024-07-07T14:29:53.705000+00:00,264,181,4,83,81,9558
2024-07-07T14:29:58.265000+00:00,166,124,3,42,81,9558
2024-07-07T14:30:38.145000+00:00,288,208,5,80,81,9558
2024-07-07T14:30:46.105000+00:00,245,98,3,147,81,9558
2024-07-07T14:31:07.985000+00:00,229,108,3,121,81,9558
2024-07-07T14:31:14.866000+00:00,145,84,3,61,81,9558
2024-07-07T14:31:30.425000+00:00,273,168,4,105,81,9558
2024-07-07T14:31:58.105000+00:00,284,210,5,74,81,9558
2024-07-07T14:32:18.225000+00:00,287,185,4,102,81,9558
2024-07-07T14:32:26.665000+00:00,249,99,3,150,81,9558
2024-07-07T14:32:48.426000+00:00,260,89,3,171,81,9558
2024-07-07T14:33:10.146000+00:00,301,156,4,145,81,9558
2024-07-07T14:33:15.826000+00:00,176,132,3,44,81,9558
2024-07-07T14:33:38.745000+00:00,302,253,6,49,81,9558
2024-07-07T14:33:40.866000+00:00,235,188,4,47,81,9558
2024-07-07T14:33:57.265000+00:00,297,194,4,103,81,9558
2024-07-07T14:34:05.185000+00:00,251,108,3,143,81,9558
2024-07-07T14:34:25.546000+00:00,273,121,3,152,81,9558
2024-07-07T14:34:30.626000+00:00,149,93,3,56,81,9558
2024-07-07T14:34:45.786000+00:00,276,175,4,101,81,9558
2024-07-07T14:34:50.546000+00:00,167,121,3,46,81,9558
2024-07-07T14:35:37.666000+00:00,258,110,3,148,81,9558
2024-07-07T14:35:57.346000+00:00,269,124,3,145,81,9558
2024-07-07T14:36:02.306000+00:00,138,96,3,42,81,9558
2024-07-07T14:36:17.507000+00:00,274,179,4,95,81,9558
2024-07-07T14:36:21.906000+00:00,169,121,3,48,81,9558
2024-07-07T14:37:01.746000+00:00,292,245,6,47,81,9558
2024-07-07T14:37:08.986000+00:00,246,112,3,134,81,9558
2024-07-07T14:37:28.706000+00:00,240,115,3,125,81,9558
2024-07-07T14:37:33.346000+00:00,143,96,3,47,81,9558
2024-07-07T14:37:48.666000+00:00,266,166,4,100,81,9558
2024-07-07T14:37:52.786000+00:00,178,121,3,57,81,9558
2024-07-07T14:38:32.747000+00:00,294,247,6,47,81,9558
2024-07-07T14:38:39.746000+00:00,261,108,3,153,81,9558
2024-07-07T14:38:59.387000+00:00,275,116,3,159,81,9558
2024-07-07T14:39:04.427000+00:00,143,98,3,45,81,9558
2024-07-07T14:39:19.467000+00:00,276,173,4,103,81,9558
2024-07-07T14:39:23.827000+00:00,173,111,3,62,81,9558
2024-07-07T14:40:03.667000+00:00,275,228,5,47,81,9558
2024-07-07T14:40:10.787000+00:00,259,112,3,147,81,9558
2024-07-07T14:40:30.867000+00:00,268,120,3,148,81,9558
2024-07-07T14:40:51.307000+00:00,277,172,4,105,81,9558
2024-07-07T14:40:55.827000+00:00,171,111,3,60,81,9558
2024-07-07T14:41:36.787000+00:00,290,222,5,68,81,9558
2024-07-07T14:41:44.147000+00:00,259,113,3,146,81,9558
2024-07-07T14:42:05.307000+00:00,277,117,3,160,81,9558
2024-07-07T14:42:25.627000+00:00,293,160,4,133,81,9558
2024-07-07T14:42:31.347000+00:00,153,104,3,49,81,9558
2024-07-07T14:42:46.748000+00:00,297,230,6,67,81,9558
2024-07-07T14:42:56.427000+00:00,294,232,6,62,81,9558
2024-07-07T14:43:15.227000+00:00,292,212,6,80,81,9558
2024-07-07T14:43:23.067000+00:00,249,93,3,156,81,9558
2024-07-07T14:43:46.628000+00:00,267,112,3,155,81,9558
2024-07-07T14:43:52.908000+00:00,132,91,3,41,81,9558
2024-07-07T14:44:07.748000+00:00,294,104,3,190,81,9558
2024-07-07T14:44:14.348000+00:00,154,102,3,52,81,9558
2024-07-07T14:44:30.427000+00:00,281,182,5,99,81,9558
2024-07-07T14:44:40.988000+00:00,268,204,5,64,81,9558
2024-07-07T14:45:00.388000+00:00,301,157,4,144,81,9558
2024-07-07T14:45:10.708000+00:00,240,80,2,160,81,9558
2024-07-07T14:45:37.868000+00:00,230,94,2,136,81,9558
2024-07-07T14:45:44.988000+00:00,115,71,2,44,81,9558
2024-07-07T14:46:01.788000+00:00,275,125,3,150,81,9558
2024-07-07T14:46:25.028000+00:00,295,171,4,124,81,9558
2024-07-07T14:46:36.629000+00:00,256,203,5,53,81,9558
2024-07-07T14:46:57.348000+00:00,279,166,4,113,81,9558
2024-07-07T14:47:08.909000+00:00,208,82,2,126,81,9558
2024-07-07T14:47:49.349000+00:00,258,104,3,154,81,9558
2024-07-07T14:48:11.668000+00:00,256,157,4,99,81,9558
2024-07-07T14:48:16.629000+00:00,166,115,3,51,81,9558
2024-07-07T14:48:59.948000+00:00,277,201,4,76,81,9558
2024-07-07T14:49:07.949000+00:00,248,97,3,151,81,9558
2024-07-07T14:49:30.069000+00:00,263,105,3,158,81,9558
2024-07-07T14:49:51.668000+00:00,295,157,4,138,81,9558
2024-07-07T14:49:57.029000+00:00,170,104,3,66,81,9558
2024-07-07T14:50:40.189000+00:00,288,212,5,76,81,9558
2024-07-07T14:50:48.109000+00:00,252,90,3,162,81,9558
2024-07-07T14:51:10.469000+00:00,267,100,3,167,81,9558
2024-07-07T14:51:32.589000+00:00,277,165,4,112,81,9558
2024-07-07T14:51:37.829000+00:00,156,114,3,42,81,9558
2024-07-07T14:52:21.109000+00:00,285,195,5,90,81,9558
2024-07-07T14:52:29.469000+00:00,256,87,3,169,81,9558
2024-07-07T14:52:52.390000+00:00,278,95,3,183,81,9558
2024-07-07T14:53:15.109000+00:00,275,162,3,113,81,9558
2024-07-07T14:53:20.309000+00:00,154,102,3,52,81,9558
2024-07-07T14:53:36.229000+00:00,300,252,6,48,81,9558
2024-07-07T14:54:04.270000+00:00,281,197,5,84,81,9558
2024-07-07T14:54:12.470000+00:00,241,93,3,148,81,9558
2024-07-07T14:54:35.789000+00:00,272,97,3,175,81,9558
2024-07-07T14:54:58.430000+00:00,284,152,3,132,81,9558
2024-07-07T14:55:03.830000+00:00,152,107,3,45,81,9558
2024-07-07T14:55:47.470000+00:00,281,197,4,84,81,9558
2024-07-07T14:55:55.630000+00:00,237,110,3,127,81,9558
2024-07-07T14:56:19.030000+00:00,276,98,3,178,81,9558
2024-07-07T14:56:41.910000+00:00,276,149,3,127,81,9558
2024-07-07T14:56:47.150000+00:00,152,101,3,51,81,9558
2024-07-07T14:57:30.910000+00:00,294,195,4,99,81,9558
2024-07-07T14:57:39.030000+00:00,259,122,2,137,81,9558
2024-07-07T14:58:02.830000+00:00,283,96,3,187,81,9558
2024-07-07T14:58:25.750000+00:00,290,141,3,149,81,9558
2024-07-07T14:58:31.230000+00:00,147,100,3,47,81,9558
2024-07-07T14:59:15.511000+00:00,292,197,4,95,81,9558
2024-07-07T14:59:23.470000+00:00,247,87,3,160,81,9558
2024-07-07T14:59:45.871000+00:00,289,100,3,189,81,9558
2024-07-07T15:00:08.751000+00:00,292,151,3,141,81,9558
2024-07-07T15:00:14.471000+00:00,144,97,3,47,81,9558
2024-07-07T15:00:30.590000+00:00,301,244,6,57,81,9558
2024-07-07T15:00:58.511000+00:00,296,193,5,103,81,9558
2024-07-07T15:01:06.511000+00:00,253,83,2,170,81,9558
2024-07-07T15:01:28.511000+00:00,262,99,3,163,81,9558
2024-07-07T15:01:50.991000+00:00,252,148,3,104,81,9558
2024-07-07T15:01:55.911000+00:00,154,104,3,50,81,9558
2024-07-07T15:02:39.271000+00:00,263,184,4,79,81,9558
2024-07-07T15:02:46.991000+00:00,242,91,2,151,81,9558
2024-07-07T15:03:07.831000+00:00,287,105,2,182,81,9558
2024-07-07T15:03:29.992000+00:00,291,163,4,128,81,9558
2024-07-07T15:04:17.432000+00:00,297,189,4,108,81,9558
2024-07-07T15:04:26.191000+00:00,255,92,2,163,81,9558
2024-07-07T15:05:07.071000+00:00,240,111,3,129,81,9558
2024-07-07T15:05:27.992000+00:00,286,176,4,110,81,9558
2024-07-07T15:06:19.832000+00:00,263,113,3,150,81,9558
2024-07-07T15:06:39.752000+00:00,290,134,3,156,81,9558
2024-07-07T15:06:59.872000+00:00,266,186,4,80,81,9558
2024-07-07T15:07:50.792000+00:00,214,114,3,100,81,9558
2024-07-07T15:08:09.832000+00:00,268,132,3,136,81,9558
2024-07-07T15:08:14.672000+00:00,139,94,3,45,81,9558
2024-07-07T15:08:29.392000+00:00,293,182,4,111,81,9558
2024-07-07T15:08:33.912000+00:00,168,120,3,48,81,9558
2024-07-07T15:09:19.593000+00:00,272,111,3,161,81,9558
2024-07-07T15:09:39.113000+00:00,287,122,3,165,81,9558
2024-07-07T15:09:58.953000+00:00,291,188,4,103,81,9558
2024-07-07T15:10:03.433000+00:00,174,128,3,46,81,9558
2024-07-07T15:10:49.433000+00:00,268,108,3,160,81,9558
2024-07-07T15:11:09.112000+00:00,249,126,3,123,81,9558
2024-07-07T15:11:28.832000+00:00,285,188,4,97,81,9558
2024-07-07T15:11:32.913000+00:00,182,127,3,55,81,9558
2024-07-07T15:12:18.833000+00:00,271,112,3,159,81,9558
2024-07-07T15:12:38.033000+00:00,289,128,3,161,81,9558
2024-07-07T15:12:57.873000+00:00,293,189,4,104,81,9558
2024-07-07T15:13:02.074000+00:00,178,132,3,46,81,9558
2024-07-07T15:13:48.074000+00:00,258,115,3,143,81,9558
2024-07-07T15:14:07.354000+00:00,278,123,3,155,81,9558
2024-07-07T15:14:27.434000+00:00,280,191,4,89,81,9558
2024-07-07T15:14:31.233000+00:00,180,129,3,51,81,9558
2024-07-07T15:15:17.233000+00:00,271,118,3,153,81,9558
2024-07-07T15:15:36.914000+00:00,258,127,3,131,81,9558
2024-07-07T15:15:41.594000+00:00,140,99,3,41,81,9558
2024-07-07T15:15:56.874000+00:00,264,184,4,80,81,9558
2024-07-07T15:16:00.674000+00:00,180,124,3,56,81,9558
2024-07-07T15:16:46.594000+00:00,266,114,3,152,81,9558
2024-07-07T15:17:05.834000+00:00,280,124,3,156,81,9558
2024-07-07T15:17:25.674000+00:00,281,189,4,92,81,9558
2024-07-07T15:17:29.754000+00:00,179,129,3,50,81,9558
2024-07-07T15:18:15.754000+00:00,265,116,3,149,81,9558
2024-07-07T15:18:34.994000+00:00,268,129,3,139,81,9558
2024-07-07T15:18:39.754000+00:00,143,102,3,41,81,9558
2024-07-07T15:18:54.714000+00:00,286,190,4,96,81,9558
2024-07-07T15:18:58.755000+00:00,181,135,3,46,81,9558
2024-07-07T15:19:44.715000+00:00,271,114,3,157,81,9558
2024-07-07T15:20:04.235000+00:00,259,133,3,126,81,9558
2024-07-07T15:20:23.995000+00:00,279,185,4,94,81,9558
2024-07-07T15:21:14.194000+00:00,247,120,3,127,81,9558
2024-07-07T15:21:33.435000+00:00,264,125,3,139,81,9558
2024-07-07T15:21:53.235000+00:00,283,195,4,88,81,9558
2024-07-07T15:21:57.235000+00:00,179,134,3,45,81,9558
2024-07-07T15:22:36.635000+00:00,285,244,6,41,81,9558
2024-07-07T15:22:43.835000+00:00,244,113,3,131,81,9558
2024-07-07T15:23:03.195000+00:00,282,118,3,164,81,9558
2024-07-07T15:23:22.795000+00:00,297,190,4,107,81,9558
2024-07-07T15:23:27.036000+00:00,178,126,3,52,81,9558
2024-07-07T15:24:12.476000+00:00,279,116,3,163,81,9558
2024-07-07T15:24:31.996000+00:00,280,121,3,159,81,9558
2024-07-07T15:24:51.956000+00:00,291,175,4,116,81,9558
2024-07-07T15:25:42.516000+00:00,253,109,3,144,81,9558
2024-08-25T12:20:49.135000+00:00,191,134,4,57,1,9582
2024-08-25T12:20:54.735000+00:00,187,134,4,53,1,9582
2024-08-25T12:21:06.495000+00:00,213,130,4,83,1,9582
2024-08-25T12:21:30.735000+00:00,161,59,1,102,1,9582
2024-08-25T12:22:14.535000+00:00,175,125,4,50,1,9582
2024-08-25T12:22:37.215000+00:00,208,132,4,76,1,9582
2024-08-25T12:22:42.975000+00:00,181,124,4,57,1,9582
2024-08-25T12:22:54.335000+00:00,245,132,4,113,1,9582
2024-08-25T12:23:03.855000+00:00,219,175,5,44,1,9582
2024-08-25T12:23:17.415000+00:00,154,53,1,101,1,9582
2024-08-25T12:24:30.736000+00:00,274,229,6,45,1,9582
2024-08-25T12:24:40.575000+00:00,216,131,4,85,1,9582
2024-08-25T12:24:46.696000+00:00,185,141,4,44,1,9582
2024-08-25T12:24:58.216000+00:00,233,131,4,102,1,9582
2024-08-25T12:25:19.096000+00:00,133,88,2,45,1,9582
2024-08-25T12:26:34.376000+00:00,251,207,6,44,1,9582
2024-08-25T12:26:38.256000+00:00,214,134,4,80,1,9582
2024-08-25T12:26:44.336000+00:00,188,137,4,51,1,9582
2024-08-25T12:26:55.856000+00:00,245,132,4,113,1,9582
2024-08-25T12:27:10.336000+00:00,174,118,3,56,1,9582
2024-08-25T13:00:06.622000+00:00,166,117,3,49,1,9582
2024-08-25T13:00:09.863000+00:00,139,75,1,64,1,9582
2024-08-25T13:00:21.383000+00:00,154,109,2,45,1,9582
2024-08-25T13:00:25.503000+00:00,146,80,1,66,1,9582
2024-08-25T13:00:43.103000+00:00,229,113,2,116,1,9582
2024-08-25T13:00:54.143000+00:00,203,117,2,86,1,9582
2024-08-25T13:01:13.502000+00:00,224,65,1,159,1,9582
2024-08-25T13:01:38.223000+00:00,159,85,1,74,1,9582
2024-08-25T13:03:18.864000+00:00,223,99,3,124,1,9582
2024-08-25T13:03:53.344000+00:00,217,133,4,84,1,9582
2024-08-25T13:03:58.824000+00:00,190,131,4,59,1,9582
2024-08-25T13:04:10.023000+00:00,247,126,4,121,1,9582
2024-08-25T13:04:34.704000+00:00,287,132,4,155,1,9582
2024-08-25T13:05:09.263000+00:00,207,130,4,77,1,9582
2024-08-25T13:05:14.944000+00:00,191,143,4,48,1,9582
2024-08-25T13:05:26.544000+00:00,218,128,4,90,1,9582
2024-08-25T13:05:51.024000+00:00,277,138,4,139,1,9582
2024-08-25T13:06:24.824000+00:00,214,136,4,78,1,9582
2024-08-25T13:06:42.304000+00:00,243,137,4,106,1,9582
2024-08-25T13:07:07.064000+00:00,281,127,4,154,1,9582
2024-08-25T13:07:41.304000+00:00,219,131,4,88,1,9582
2024-08-25T13:07:47.304000+00:00,188,125,4,63,1,9582
2024-08-25T13:07:59.624000+00:00,179,125,4,54,1,9582
2024-08-25T13:08:23.505000+00:00,286,134,4,152,1,9582
2024-08-25T13:08:47.545000+00:00,269,228,6,41,1,9582
2024-08-25T13:08:53.344000+00:00,249,203,5,46,1,9582
2024-08-25T13:08:57.625000+00:00,198,134,4,64,1,9582
2024-08-25T13:09:03.825000+00:00,172,131,4,41,1,9582
2024-08-25T13:09:15.265000+00:00,234,129,4,105,1,9582
2024-08-25T13:09:39.704000+00:00,282,128,4,154,1,9582
2024-08-25T13:09:50.705000+00:00,186,141,4,45,1,9582
2024-08-25T13:10:13.945000+00:00,212,125,4,87,1,9582
2024-08-25T13:10:19.905000+00:00,180,129,4,51,1,9582
2024-08-25T13:10:31.585000+00:00,225,131,4,94,1,9582
2024-08-25T13:10:55.745000+00:00,291,118,4,173,1,9582
2024-08-25T13:11:25.666000+00:00,253,207,5,46,1,9582
2024-08-25T13:11:29.505000+00:00,217,129,4,88,1,9582
2024-08-25T13:11:35.985000+00:00,182,122,4,60,1,9582
2024-08-25T13:11:47.785000+00:00,234,143,4,91,1,9582
2024-08-25T13:12:12.146000+00:00,285,132,4,153,1,9582
2024-08-25T13:12:36.145000+00:00,275,230,6,45,1,9582
2024-08-25T13:12:42.025000+00:00,247,200,5,47,1,9582
2024-08-25T13:12:46.026000+00:00,204,129,4,75,1,9582
2024-08-25T13:12:52.306000+00:00,182,120,4,62,1,9582
2024-08-25T13:13:04.266000+00:00,227,134,4,93,1,9582
2024-08-25T13:13:28.665000+00:00,274,138,4,136,1,9582
2024-08-25T13:14:02.745000+00:00,172,129,4,43,1,9582
2024-08-25T13:14:08.305000+00:00,187,125,3,62,1,9582
2024-08-25T13:14:20.146000+00:00,240,130,4,110,1,9582
2024-08-25T13:14:44.746000+00:00,283,127,4,156,1,9582
2024-08-25T13:15:08.745000+00:00,277,231,6,46,1,9582
2024-08-25T13:15:18.786000+00:00,207,126,4,81,1,9582
2024-08-25T13:15:25.026000+00:00,175,126,4,49,1,9582
2024-08-25T13:15:36.826000+00:00,221,126,4,95,1,9582
2024-08-25T13:16:01.426000+00:00,265,126,4,139,1,9582
2024-08-25T13:16:31.106000+00:00,248,207,6,41,1,9582
2024-08-25T13:16:34.867000+00:00,216,128,4,88,1,9582
2024-08-25T13:16:41.307000+00:00,181,131,4,50,1,9582
2024-08-25T13:16:53.066000+00:00,235,129,4,106,1,9582
2024-08-25T13:17:17.506000+00:00,286,124,4,162,1,9582
2024-08-25T13:17:26.186000+00:00,235,194,5,41,1,9582
2024-08-25T13:17:51.346000+00:00,218,126,4,92,1,9582
2024-08-25T13:17:57.666000+00:00,182,135,4,47,1,9582
2024-08-25T13:18:09.627000+00:00,232,129,4,103,1,9582
2024-08-25T13:18:34.107000+00:00,286,121,4,165,1,9582
2024-08-25T13:19:07.827000+00:00,212,128,4,84,1,9582
2024-08-25T13:19:14.147000+00:00,176,122,4,54,1,9582
2024-08-25T13:19:25.747000+00:00,244,129,4,115,1,9582
2024-08-25T13:19:50.547000+00:00,273,129,4,144,1,9582
2024-08-25T13:20:20.347000+00:00,253,205,6,48,1,9582
2024-08-25T13:20:24.027000+00:00,218,129,4,89,1,9582
2024-08-25T13:20:30.507000+00:00,184,126,4,58,1,9582
2024-08-25T13:20:42.587000+00:00,228,133,4,95,1,9582
2024-08-25T13:21:06.987000+00:00,284,134,4,150,1,9582
2024-08-25T13:21:40.547000+00:00,203,130,4,73,1,9582
2024-08-25T13:21:46.667000+00:00,181,128,4,53,1,9582
2024-08-25T13:21:58.428000+00:00,245,132,4,113,1,9582
2024-08-25T13:22:23.428000+00:00,265,132,4,133,1,9582
2024-08-25T13:22:56.748000+00:00,219,131,4,88,1,9582
2024-08-25T13:23:02.908000+00:00,187,138,3,49,1,9582
2024-08-25T13:23:15.107000+00:00,223,132,4,91,1,9582
2024-08-25T13:23:39.308000+00:00,299,115,3,184,1,9582
2024-08-25T13:23:50.588000+00:00,187,143,4,44,1,9582
2024-08-25T13:24:12.788000+00:00,224,122,4,102,1,9582
2024-08-25T13:24:19.188000+00:00,185,124,3,61,1,9582
2024-08-25T13:24:30.908000+00:00,249,130,4,119,1,9582
2024-08-25T13:24:55.868000+00:00,282,131,3,151,1,9582
2024-08-25T13:25:04.548000+00:00,232,189,5,43,1,9582
2024-08-25T13:25:20.308000+00:00,282,241,7,41,1,9582
2024-08-25T13:25:29.828000+00:00,218,116,4,102,1,9582
2024-08-25T13:25:36.388000+00:00,185,125,3,60,1,9582
2024-08-25T13:25:48.428000+00:00,222,131,4,91,1,9582
2024-08-25T13:25:58.228000+00:00,230,186,5,44,1,9582
2024-08-25T13:26:12.508000+00:00,282,114,4,168,1,9582
2024-08-25T13:26:20.949000+00:00,233,190,5,43,1,9582
2024-08-25T13:26:23.548000+00:00,181,131,3,50,1,9582
2024-08-25T13:26:45.868000+00:00,220,112,4,108,1,9582
2024-08-25T13:26:52.508000+00:00,175,119,3,56,1,9582
2024-08-25T13:27:04.108000+00:00,256,124,4,132,1,9582
2024-08-25T13:27:28.189000+00:00,318,115,4,203,1,9582
2024-08-25T13:27:37.188000+00:00,228,187,5,41,1,9582
2024-08-25T13:27:39.709000+00:00,179,132,3,47,1,9582
2024-08-25T13:27:58.388000+00:00,253,208,6,45,1,9582
2024-08-25T13:28:02.188000+00:00,214,114,4,100,1,9582
2024-08-25T13:28:08.509000+00:00,182,115,3,67,1,9582
2024-08-25T13:28:20.429000+00:00,252,125,4,127,1,9582
2024-08-25T13:28:44.909000+00:00,297,127,4,170,1,9582
2024-08-25T13:28:53.629000+00:00,233,188,5,45,1,9582
2024-08-25T13:29:14.749000+00:00,256,214,6,42,1,9582
2024-08-25T13:29:18.629000+00:00,209,120,4,89,1,9582
2024-08-25T13:29:25.189000+00:00,175,134,3,41,1,9582
2024-08-25T13:29:36.868000+00:00,252,127,4,125,1,9582
2024-08-25T13:30:01.469000+00:00,290,120,4,170,1,9582
2024-08-25T13:30:10.269000+00:00,235,192,5,43,1,9582
2024-08-25T13:30:34.909000+00:00,219,118,4,101,1,9582
2024-08-25T13:30:41.309000+00:00,183,138,3,45,1,9582
2024-08-25T13:30:53.469000+00:00,232,126,4,106,1,9582
2024-08-25T13:31:18.029000+00:00,279,137,4,142,1,9582
2024-08-25T13:31:26.709000+00:00,232,186,5,46,1,9582
2024-08-25T13:31:47.909000+00:00,252,210,6,42,1,9582
2024-08-25T13:31:51.669000+00:00,215,123,4,92,1,9582
2024-08-25T13:31:57.989000+00:00,181,124,3,57,1,9582
2024-08-25T13:32:10.270000+00:00,218,133,4,85,1,9582
2024-08-25T13:32:34.549000+00:00,292,124,4,168,1,9582
2024-08-25T13:33:08.230000+00:00,217,130,4,87,1,9582
2024-08-25T13:33:14.269000+00:00,186,123,3,63,1,9582
2024-08-25T13:33:26.109000+00:00,258,147,4,111,1,9582
2024-08-25T13:33:50.790000+00:00,296,125,4,171,1,9582
2024-08-25T13:33:59.709000+00:00,232,189,5,43,1,9582
2024-08-25T13:34:02.070000+00:00,187,137,3,50,1,9582
2024-08-25T13:34:20.630000+00:00,256,213,6,43,1,9582
2024-08-25T13:34:24.710000+00:00,209,125,4,84,1,9582
2024-08-25T13:34:30.910000+00:00,185,132,4,53,1,9582
2024-08-25T13:34:43.070000+00:00,230,125,4,105,1,9582
2024-08-25T13:35:07.670000+00:00,289,129,4,160,1,9582
2024-08-25T13:35:41.030000+00:00,213,126,4,87,1,9582
2024-08-25T13:35:47.470000+00:00,184,131,3,53,1,9582
2024-08-25T13:35:59.510000+00:00,243,136,4,107,1,9582
2024-08-25T13:36:24.230000+00:00,271,124,4,147,1,9582
2024-08-25T13:36:57.590000+00:00,214,125,4,89,1,9582
2024-08-25T13:37:15.990000+00:00,240,136,4,104,1,9582
2024-08-25T13:37:35.710000+00:00,275,56,1,219,1,9582
2024-08-25T13:38:36.871000+00:00,219,129,4,90,1,9582
2024-08-25T13:38:42.910000+00:00,190,137,4,53,1,9582
2024-08-25T13:38:54.230000+00:00,232,139,4,93,1,9582
2024-08-25T13:39:18.791000+00:00,262,142,4,120,1,9582
2024-08-25T13:39:47.950000+00:00,254,213,6,41,1,9582
2024-08-25T13:39:51.711000+00:00,215,129,4,86,1,9582
2024-08-25T13:39:58.111000+00:00,189,135,4,54,1,9582
2024-08-25T13:40:09.591000+00:00,235,133,4,102,1,9582
2024-08-25T13:40:33.511000+00:00,291,129,4,162,1,9582
2024-08-25T13:40:44.351000+00:00,186,142,3,44,1,9582
2024-08-25T13:41:06.551000+00:00,223,129,4,94,1,9582
2024-08-25T13:41:24.271000+00:00,247,137,4,110,1,9582
2024-08-25T13:41:48.192000+00:00,298,132,4,166,1,9582
2024-08-25T13:42:21.632000+00:00,210,122,4,88,1,9582
2024-08-25T13:42:27.592000+00:00,189,142,4,47,1,9582
2024-08-25T13:42:39.111000+00:00,255,127,4,128,1,9582
2024-08-25T13:43:03.311000+00:00,299,128,4,171,1,9582
2024-08-25T13:43:14.272000+00:00,189,145,4,44,1,9582
2024-08-25T13:43:36.511000+00:00,225,134,4,91,1,9582
2024-08-25T13:43:54.232000+00:00,243,139,4,104,1,9582
2024-08-25T13:44:18.391000+00:00,293,130,4,163,1,9582
2024-08-25T13:44:51.351000+00:00,224,125,4,99,1,9582
2024-08-25T13:44:57.511000+00:00,192,138,4,54,1,9582
2024-08-25T13:45:09.152000+00:00,246,138,4,108,1,9582
2024-08-25T13:45:33.392000+00:00,292,130,4,162,1,9582
2024-08-25T13:45:44.192000+00:00,191,147,4,44,1,9582
2024-08-25T13:46:06.312000+00:00,227,127,4,100,1,9582
2024-08-25T13:46:12.672000+00:00,185,139,3,46,1,9582
2024-08-25T13:46:24.513000+00:00,218,149,4,69,1,9582
2024-08-25T13:46:48.752000+00:00,252,132,4,120,1,9582
2024-08-25T13:46:59.312000+00:00,189,146,4,43,1,9582
2024-08-25T13:47:21.392000+00:00,227,141,4,86,1,9582
2024-08-25T13:47:39.032000+00:00,253,131,4,122,1,9582
2024-08-25T13:48:03.313000+00:00,290,129,4,161,1,9582
2024-08-25T13:48:14.032000+00:00,190,146,4,44,1,9582
2024-08-25T13:48:36.513000+00:00,220,135,4,85,1,9582
2024-08-25T13:48:42.553000+00:00,190,133,4,57,1,9582
2024-08-25T13:48:54.192000+00:00,251,135,4,116,1,9582
2024-08-25T13:49:18.353000+00:00,290,129,4,161,1,9582
2024-08-25T13:49:41.873000+00:00,283,237,6,46,1,9582
2024-08-25T13:49:51.393000+00:00,219,128,4,91,1,9582
2024-08-25T13:49:57.713000+00:00,184,127,3,57,1,9582
2024-08-25T13:50:09.273000+00:00,249,133,4,116,1,9582
2024-08-25T13:50:33.632000+00:00,273,127,4,146,1,9582
2024-08-25T13:51:07.074000+00:00,203,123,4,80,1,9582
2024-08-25T13:51:13.114000+00:00,179,124,4,55,1,9582
2024-08-25T13:51:24.473000+00:00,245,134,4,111,1,9582
2024-08-25T13:51:48.673000+00:00,270,120,4,150,1,9582
2024-08-25T13:52:21.473000+00:00,227,123,4,104,1,9582
2024-08-25T13:52:27.714000+00:00,191,136,3,55,1,9582
2024-08-25T13:52:39.354000+00:00,252,138,4,114,1,9582
2024-08-25T13:53:03.513000+00:00,296,128,4,168,1,9582
2024-08-25T13:53:14.554000+00:00,187,144,4,43,1,9582
2024-08-25T13:53:36.713000+00:00,216,132,4,84,1,9582
2024-08-25T13:53:42.753000+00:00,189,139,4,50,1,9582
2024-08-25T13:53:54.634000+00:00,229,144,4,85,1,9582
2024-08-25T13:54:19.034000+00:00,261,133,4,128,1,9582
2024-08-25T13:54:51.594000+00:00,226,131,4,95,1,9582
2024-08-25T13:54:57.914000+00:00,190,136,4,54,1,9582
2024-08-25T13:55:09.914000+00:00,227,144,4,83,1,9582
2024-08-25T13:55:33.834000+00:00,284,130,4,154,1,9582
2024-08-25T13:56:06.914000+00:00,226,127,4,99,1,9582
2024-08-25T13:56:13.274000+00:00,184,122,4,62,1,9582
2024-08-25T13:56:24.954000+00:00,207,132,4,75,1,9582
2024-08-25T13:56:48.915000+00:00,290,132,4,158,1,9582
2024-08-25T13:56:57.634000+00:00,238,193,5,45,1,9582
2024-08-25T13:57:21.995000+00:00,230,121,4,109,1,9582
2024-08-25T13:57:28.075000+00:00,190,132,4,58,1,9582
2024-08-25T13:57:39.994000+00:00,238,126,4,112,1,9582
2024-08-25T13:58:04.234000+00:00,284,126,4,158,1,9582
2024-08-25T13:58:15.115000+00:00,187,146,4,41,1,9582
2024-08-25T13:58:37.475000+00:00,213,131,4,82,1,9582
2024-08-25T13:58:43.555000+00:00,183,126,4,57,1,9582
2024-08-25T13:58:55.315000+00:00,248,131,4,117,1,9582
2024-08-25T13:59:19.594000+00:00,291,127,4,164,1,9582
2024-08-25T13:59:52.594000+00:00,226,124,4,102,1,9582
2024-08-25T13:59:58.874000+00:00,177,127,4,50,1,9582
2024-08-25T14:00:10.315000+00:00,262,142,4,120,1,9582
2024-08-25T14:00:34.515000+00:00,307,122,4,185,1,9582
2024-08-25T14:01:08.195000+00:00,183,128,4,55,1,9582
2024-08-25T14:01:13.715000+00:00,187,128,3,59,1,9582
2024-08-25T14:01:25.356000+00:00,256,143,4,113,1,9582
2024-08-25T14:01:35.195000+00:00,235,194,5,41,1,9582
2024-08-25T14:01:49.755000+00:00,291,123,4,168,1,9582
2024-08-25T14:01:58.396000+00:00,235,194,5,41,1,9582
2024-08-25T14:02:00.755000+00:00,189,139,4,50,1,9582
2024-08-25T14:02:19.156000+00:00,256,213,6,43,1,9582
2024-08-25T14:02:23.115000+00:00,224,119,4,105,1,9582
2024-08-25T14:02:29.115000+00:00,189,127,3,62,1,9582
2024-08-25T14:02:40.955000+00:00,237,129,4,108,1,9582
2024-08-25T14:03:04.716000+00:00,315,128,4,187,1,9582
2024-08-25T14:03:37.756000+00:00,223,131,4,92,1,9582
2024-08-25T14:03:44.276000+00:00,176,132,4,44,1,9582
2024-08-25T14:03:55.835000+00:00,248,132,4,116,1,9582
2024-08-25T14:04:20.076000+00:00,286,127,4,159,1,9582
2024-08-25T14:04:49.116000+00:00,261,220,6,41,1,9582
2024-08-25T14:04:53.036000+00:00,210,133,4,77,1,9582
2024-08-25T14:04:59.076000+00:00,180,137,4,43,1,9582
2024-08-25T14:05:10.876000+00:00,258,135,4,123,1,9582
2024-08-25T14:05:35.236000+00:00,299,134,4,165,1,9582
2024-08-25T14:06:07.757000+00:00,225,129,4,96,1,9582
2024-08-25T14:06:14.236000+00:00,181,128,4,53,1,9582
2024-08-25T14:06:26.156000+00:00,246,133,4,113,1,9582
2024-08-25T14:06:50.156000+00:00,299,128,4,171,1,9582
2024-08-25T14:07:22.956000+00:00,222,124,4,98,1,9582
2024-08-25T14:07:29.196000+00:00,186,123,4,63,1,9582
2024-08-25T14:07:40.997000+00:00,257,126,4,131,1,9582
2024-08-25T14:08:05.316000+00:00,303,128,4,175,1,9582
2024-08-25T14:08:38.156000+00:00,222,134,4,88,1,9582
2024-08-25T14:08:44.476000+00:00,186,128,4,58,1,9582
2024-08-25T14:08:56.436000+00:00,221,128,4,93,1,9582
2024-08-25T14:09:05.957000+00:00,234,193,5,41,1,9582
2024-08-25T14:09:20.717000+00:00,281,136,4,145,1,9582
2024-08-25T14:09:53.157000+00:00,221,133,4,88,1,9582
2024-08-25T14:09:59.357000+00:00,187,123,4,64,1,9582
2024-08-25T14:10:11.557000+00:00,215,129,4,86,1,9582
2024-08-25T14:10:35.557000+00:00,279,129,4,150,1,9582
2024-08-25T14:10:43.916000+00:00,238,186,5,52,1,9582
2024-08-25T14:11:08.197000+00:00,231,135,4,96,1,9582
2024-08-25T14:11:14.477000+00:00,188,132,4,56,1,9582
2024-08-25T14:11:26.157000+00:00,261,140,4,121,1,9582
2024-08-25T14:11:50.398000+00:00,293,132,4,161,1,9582
2024-08-25T14:12:01.197000+00:00,192,139,4,53,1,9582
2024-08-25T14:12:23.198000+00:00,227,122,4,105,1,9582
2024-08-25T14:12:29.558000+00:00,179,119,4,60,1,9582
2024-08-25T14:12:40.957000+00:00,259,131,4,128,1,9582
2024-08-25T14:13:05.037000+00:00,297,138,4,159,1,9582
2024-08-25T14:13:13.757000+00:00,236,194,5,42,1,9582
2024-08-25T14:13:38.158000+00:00,223,128,4,95,1,9582
2024-08-25T14:13:44.398000+00:00,183,136,4,47,1,9582
2024-08-25T14:13:56.118000+00:00,242,132,4,110,1,9582
2024-08-25T14:14:20.317000+00:00,290,131,4,159,1,9582
2024-08-25T14:14:31.038000+00:00,185,140,4,45,1,9582
2024-08-25T14:14:53.117000+00:00,226,122,4,104,1,9582
2024-08-25T14:14:59.117000+00:00,190,121,4,69,1,9582
2024-08-25T14:15:10.918000+00:00,260,129,4,131,1,9582
2024-08-25T14:15:35.318000+00:00,290,125,4,165,1,9582
2024-08-25T14:16:07.998000+00:00,225,126,4,99,1,9582
2024-08-25T14:16:14.518000+00:00,188,130,4,58,1,9582
2024-08-25T14:16:26.119000+00:00,260,132,4,128,1,9582
2024-08-25T14:16:50.598000+00:00,305,130,4,175,1,9582
2024-08-25T14:17:23.398000+00:00,224,117,4,107,1,9582
2024-08-25T14:17:29.918000+00:00,186,137,4,49,1,9582
2024-08-25T14:17:41.838000+00:00,227,127,3,100,1,9582
2024-08-25T14:18:06.119000+00:00,259,126,4,133,1,9582
2024-08-25T14:18:16.558000+00:00,187,139,4,48,1,9582
2024-08-25T14:18:38.599000+00:00,227,127,4,100,1,9582
2024-08-25T14:18:44.719000+00:00,187,132,4,55,1,9582
2024-08-25T14:18:56.478000+00:00,257,133,4,124,1,9582
2024-08-25T14:19:20.879000+00:00,281,126,4,155,1,9582
2024-08-25T14:19:53.759000+00:00,219,127,4,92,1,9582
2024-08-25T14:19:59.959000+00:00,188,129,4,59,1,9582
2024-08-25T14:20:11.879000+00:00,257,130,4,127,1,9582
2024-08-25T14:20:21.639000+00:00,233,189,5,44,1,9582
2024-08-25T14:20:36.279000+00:00,273,136,4,137,1,9582
2024-08-25T14:21:09+00:00,223,125,4,98,1,9582
2024-08-25T14:21:15.480000+00:00,183,128,3,55,1,9582
2024-08-25T14:21:26.719000+00:00,269,136,4,133,1,9582
2024-08-25T14:21:51.079000+00:00,301,128,4,173,1,9582
2024-08-25T14:22:23.919000+00:00,225,123,4,102,1,9582
2024-08-25T14:22:30.200000+00:00,186,126,4,60,1,9582
2024-08-25T14:22:42+00:00,253,131,4,122,1,9582
2024-08-25T14:23:06.199000+00:00,291,128,4,163,1,9582
2024-08-25T14:23:39.039000+00:00,226,133,4,93,1,9582
2024-08-25T14:23:45.359000+00:00,185,124,3,61,1,9582
2024-08-25T14:23:57.320000+00:00,236,135,4,101,1,9582
2024-08-25T14:24:21.440000+00:00,293,135,4,158,1,9582
2024-08-25T14:24:54.320000+00:00,219,122,4,97,1,9582
2024-08-25T14:25:00.440000+00:00,189,126,3,63,1,9582
2024-08-25T14:25:12.440000+00:00,237,135,4,102,1,9582
2024-08-25T14:25:36.640000+00:00,270,126,4,144,1,9582
2024-08-25T14:25:47.320000+00:00,187,141,4,46,1,9582
2024-08-25T14:26:09.480000+00:00,224,120,4,104,1,9582
2024-08-25T14:26:15.560000+00:00,184,123,4,61,1,9582
2024-08-25T14:26:27.280000+00:00,265,135,4,130,1,9582
2024-08-25T14:26:51.401000+00:00,306,126,4,180,1,9582
2024-08-25T14:27:24.201000+00:00,218,132,4,86,1,9582
2024-08-25T14:27:30.641000+00:00,189,118,3,71,1,9582
2024-08-25T14:27:42.440000+00:00,260,131,4,129,1,9582
2024-08-25T14:28:06.601000+00:00,306,127,4,179,1,9582
2024-08-25T14:28:17.681000+00:00,191,143,4,48,1,9582
2024-08-25T14:28:39.521000+00:00,229,120,4,109,1,9582
2024-08-25T14:28:46.081000+00:00,176,120,3,56,1,9582
2024-08-25T14:28:57.721000+00:00,258,130,4,128,1,9582
2024-08-25T14:29:21.800000+00:00,299,129,4,170,1,9582
2024-08-25T14:29:54.521000+00:00,227,126,4,101,1,9582
2024-08-25T14:30:00.881000+00:00,189,121,4,68,1,9582
2024-08-25T14:30:12.681000+00:00,256,132,4,124,1,9582
2024-08-25T14:30:36.681000+00:00,303,121,4,182,1,9582
2024-08-25T14:31:06.281000+00:00,252,211,6,41,1,9582
2024-08-25T14:31:09.521000+00:00,228,126,4,102,1,9582
2024-08-25T14:31:16.041000+00:00,182,126,3,56,1,9582
2024-08-25T14:31:27.682000+00:00,258,130,4,128,1,9582
2024-08-25T14:31:52.001000+00:00,295,129,4,166,1,9582
2024-08-25T14:32:00.322000+00:00,240,194,5,46,1,9582
2024-08-25T14:32:25.001000+00:00,223,124,4,99,1,9582
2024-08-25T14:32:31.041000+00:00,187,124,3,63,1,9582
2024-08-25T14:32:43.042000+00:00,259,130,4,129,1,9582
2024-08-25T14:33:07.482000+00:00,281,130,4,151,1,9582
2024-08-25T14:33:40.602000+00:00,217,117,4,100,1,9582
2024-08-25T14:33:46.922000+00:00,183,140,3,43,1,9582
2024-08-25T14:33:59.042000+00:00,241,137,4,104,1,9582
2024-08-25T14:34:08.762000+00:00,234,192,5,42,1,9582
2024-08-25T14:34:21.922000+00:00,259,89,4,170,1,9582
2024-08-25T12:23:07.735000+00:00,196,135,3,61,2,9582
2024-08-25T12:23:26.256000+00:00,260,214,6,46,2,9582
2024-08-25T12:23:32.496000+00:00,245,194,5,51,2,9582
2024-08-25T12:23:36.575000+00:00,207,131,3,76,2,9582
2024-08-25T12:23:42.615000+00:00,188,120,3,68,2,9582
2024-08-25T12:23:54.015000+00:00,255,118,3,137,2,9582
2024-08-25T12:24:04.496000+00:00,220,177,4,43,2,9582
2024-08-25T12:24:16.015000+00:00,267,54,1,213,2,9582
2024-08-25T12:24:52.536000+00:00,223,180,4,43,2,9582
2024-08-25T12:24:55.575000+00:00,163,122,3,41,2,9582
2024-08-25T12:25:18.136000+00:00,223,116,3,107,2,9582
2024-08-25T12:25:24.536000+00:00,188,122,3,66,2,9582
2024-08-25T12:25:36.176000+00:00,232,123,3,109,2,9582
2024-08-25T12:25:45.936000+00:00,232,185,5,47,2,9582
2024-08-25T12:25:55.736000+00:00,189,145,4,44,2,9582
2024-08-25T12:25:59.936000+00:00,133,57,1,76,2,9582
2024-08-25T12:26:42.016000+00:00,169,120,3,49,2,9582
2024-08-25T12:26:55.296000+00:00,284,235,6,49,2,9582
2024-08-25T12:27:01.377000+00:00,247,201,5,46,2,9582
2024-08-25T12:27:05.056000+00:00,219,113,3,106,2,9582
2024-08-25T12:27:11.376000+00:00,186,121,4,65,2,9582
2024-08-25T12:27:22.856000+00:00,250,113,3,137,2,9582
2024-08-25T12:27:32.936000+00:00,230,180,5,50,2,9582
2024-08-25T12:27:45.976000+00:00,156,63,1,93,2,9582
2024-08-25T12:28:20.417000+00:00,219,168,4,51,2,9582
2024-08-25T12:28:42.616000+00:00,251,201,5,50,2,9582
2024-08-25T12:28:46.256000+00:00,199,124,3,75,2,9582
2024-08-25T12:28:52.536000+00:00,190,122,3,68,2,9582
2024-08-25T12:29:04.696000+00:00,214,119,3,95,2,9582
2024-08-25T12:29:27.697000+00:00,127,69,2,58,2,9582
2024-08-25T13:00:55.103000+00:00,164,68,2,96,2,9582
2024-08-25T13:01:06.143000+00:00,209,153,4,56,2,9582
2024-08-25T13:01:30.863000+00:00,236,168,4,68,2,9582
2024-08-25T13:01:34.903000+00:00,199,107,3,92,2,9582
2024-08-25T13:01:42.063000+00:00,177,110,3,67,2,9582
2024-08-25T13:01:52.663000+00:00,224,130,3,94,2,9582
2024-08-25T13:01:56.143000+00:00,157,51,1,106,2,9582
2024-08-25T13:02:11.343000+00:00,188,101,3,87,2,9582
2024-08-25T13:02:18.303000+00:00,140,87,3,53,2,9582
2024-08-25T13:02:22.103000+00:00,96,54,1,42,2,9582
2024-08-25T13:03:20.104000+00:00,243,110,2,133,2,9582
2024-08-25T13:03:29.823000+00:00,211,139,3,72,2,9582
2024-08-25T13:03:47.824000+00:00,274,208,6,66,2,9582
2024-08-25T13:03:54.664000+00:00,232,170,4,62,2,9582
2024-08-25T13:03:58.984000+00:00,207,96,3,111,2,9582
2024-08-25T13:04:05.984000+00:00,184,116,3,68,2,9582
2024-08-25T13:04:17.023000+00:00,259,107,2,152,2,9582
2024-08-25T13:04:28.743000+00:00,218,171,4,47,2,9582
2024-08-25T13:04:43.343000+00:00,305,106,3,199,2,9582
2024-08-25T13:04:52.944000+00:00,231,170,4,61,2,9582
2024-08-25T13:04:55.863000+00:00,167,121,3,46,2,9582
2024-08-25T13:05:08.983000+00:00,290,219,5,71,2,9582
2024-08-25T13:05:19.264000+00:00,194,104,3,90,2,9582
2024-08-25T13:05:26.064000+00:00,175,113,3,62,2,9582
2024-08-25T13:05:36.784000+00:00,268,98,2,170,2,9582
2024-08-25T13:05:47.984000+00:00,229,165,4,64,2,9582
2024-08-25T13:06:02.544000+00:00,312,105,3,207,2,9582
2024-08-25T13:06:11.744000+00:00,230,167,4,63,2,9582
2024-08-25T13:06:28.224000+00:00,276,222,6,54,2,9582
2024-08-25T13:06:34.464000+00:00,241,195,5,46,2,9582
2024-08-25T13:06:38.184000+00:00,212,109,3,103,2,9582
2024-08-25T13:06:44.744000+00:00,182,121,3,61,2,9582
2024-08-25T13:06:56.105000+00:00,274,110,3,164,2,9582
2024-08-25T13:07:20.904000+00:00,306,111,3,195,2,9582
2024-08-25T13:07:30.145000+00:00,231,177,5,54,2,9582
2024-08-25T13:07:33.104000+00:00,167,122,3,45,2,9582
2024-08-25T13:07:46.024000+00:00,280,230,6,50,2,9582
2024-08-25T13:07:52.184000+00:00,252,182,5,70,2,9582
2024-08-25T13:07:56.145000+00:00,207,117,3,90,2,9582
2024-08-25T13:08:02.705000+00:00,183,109,3,74,2,9582
2024-08-25T13:08:14.024000+00:00,273,123,3,150,2,9582
2024-08-25T13:08:38.904000+00:00,304,110,3,194,2,9582
2024-08-25T13:08:48.185000+00:00,216,170,5,46,2,9582
2024-08-25T13:08:51.065000+00:00,170,124,3,46,2,9582
2024-08-25T13:09:03.825000+00:00,283,229,6,54,2,9582
2024-08-25T13:09:09.945000+00:00,251,203,5,48,2,9582
2024-08-25T13:09:13.624000+00:00,209,105,3,104,2,9582
2024-08-25T13:09:20.625000+00:00,178,108,3,70,2,9582
2024-08-25T13:09:31.944000+00:00,269,120,3,149,2,9582
2024-08-25T13:09:42.185000+00:00,224,177,5,47,2,9582
2024-08-25T13:09:56.265000+00:00,312,108,3,204,2,9582
2024-08-25T13:10:05.704000+00:00,216,174,5,42,2,9582
2024-08-25T13:10:21.225000+00:00,286,229,6,57,2,9582
2024-08-25T13:10:31.345000+00:00,208,107,3,101,2,9582
2024-08-25T13:10:37.745000+00:00,183,112,3,71,2,9582
2024-08-25T13:10:49.425000+00:00,270,112,3,158,2,9582
2024-08-25T13:11:14.105000+00:00,292,111,3,181,2,9582
2024-08-25T13:11:25.986000+00:00,173,120,3,53,2,9582
2024-08-25T13:11:39.266000+00:00,282,237,6,45,2,9582
2024-08-25T13:11:45.226000+00:00,246,201,5,45,2,9582
2024-08-25T13:11:48.865000+00:00,207,107,3,100,2,9582
2024-08-25T13:11:55.425000+00:00,181,119,3,62,2,9582
2024-08-25T13:12:07.225000+00:00,248,114,3,134,2,9582
2024-08-25T13:12:17.505000+00:00,222,179,4,43,2,9582
2024-08-25T13:12:32.066000+00:00,293,103,3,190,2,9582
2024-08-25T13:12:41.185000+00:00,223,167,5,56,2,9582
2024-08-25T13:13:03.105000+00:00,253,202,5,51,2,9582
2024-08-25T13:13:06.586000+00:00,209,104,3,105,2,9582
2024-08-25T13:13:13.386000+00:00,182,108,3,74,2,9582
2024-08-25T13:13:25.146000+00:00,275,120,3,155,2,9582
2024-08-25T13:13:35.185000+00:00,231,176,5,55,2,9582
2024-08-25T13:13:49.625000+00:00,302,107,3,195,2,9582
2024-08-25T13:14:20.626000+00:00,250,204,5,46,2,9582
2024-08-25T13:14:23.946000+00:00,211,106,3,105,2,9582
2024-08-25T13:14:31.146000+00:00,178,108,3,70,2,9582
2024-08-25T13:14:43.146000+00:00,228,117,3,111,2,9582
2024-08-25T13:14:53.026000+00:00,226,179,5,47,2,9582
2024-08-25T13:15:07.546000+00:00,308,116,3,192,2,9582
2024-08-25T13:15:16.706000+00:00,222,178,5,44,2,9582
2024-08-25T13:15:19.466000+00:00,175,122,3,53,2,9582
2024-08-25T13:15:32.626000+00:00,278,235,6,43,2,9582
2024-08-25T13:15:38.346000+00:00,250,202,5,48,2,9582
2024-08-25T13:15:41.826000+00:00,208,110,3,98,2,9582
2024-08-25T13:15:48.706000+00:00,178,113,3,65,2,9582
2024-08-25T13:16:00.546000+00:00,267,116,3,151,2,9582
2024-08-25T13:16:25.266000+00:00,300,114,3,186,2,9582
2024-08-25T13:16:34.386000+00:00,231,169,5,62,2,9582
2024-08-25T13:16:37.226000+00:00,173,130,3,43,2,9582
2024-08-25T13:16:50.226000+00:00,284,234,6,50,2,9582
2024-08-25T13:16:56.146000+00:00,243,193,5,50,2,9582
2024-08-25T13:16:59.746000+00:00,211,112,3,99,2,9582
2024-08-25T13:17:06.426000+00:00,177,115,3,62,2,9582
2024-08-25T13:17:18.146000+00:00,272,117,3,155,2,9582
2024-08-25T13:17:28.307000+00:00,236,181,5,55,2,9582
2024-08-25T13:17:42.907000+00:00,293,110,3,183,2,9582
2024-08-25T13:18:13.667000+00:00,244,199,5,45,2,9582
2024-08-25T13:18:17.266000+00:00,212,107,3,105,2,9582
2024-08-25T13:18:24.066000+00:00,176,119,3,57,2,9582
2024-08-25T13:18:35.747000+00:00,274,123,3,151,2,9582
2024-08-25T13:18:45.986000+00:00,234,179,5,55,2,9582
2024-08-25T13:19:00.387000+00:00,305,111,3,194,2,9582
2024-08-25T13:19:09.387000+00:00,228,171,5,57,2,9582
2024-08-25T13:19:31.226000+00:00,249,200,5,49,2,9582
2024-08-25T13:19:34.707000+00:00,212,108,3,104,2,9582
2024-08-25T13:19:41.507000+00:00,182,115,3,67,2,9582
2024-08-25T13:19:53.627000+00:00,239,119,3,120,2,9582
2024-08-25T13:20:03.547000+00:00,234,178,5,56,2,9582
2024-08-25T13:20:18.026000+00:00,297,113,3,184,2,9582
2024-08-25T13:20:26.787000+00:00,225,173,5,52,2,9582
2024-08-25T13:20:29.627000+00:00,173,130,3,43,2,9582
2024-08-25T13:20:52.147000+00:00,216,112,3,104,2,9582
2024-08-25T13:20:59.107000+00:00,178,118,3,60,2,9582
2024-08-25T13:21:10.908000+00:00,251,120,3,131,2,9582
2024-08-25T13:21:21.027000+00:00,234,188,5,46,2,9582
2024-08-25T13:21:35.427000+00:00,313,115,3,198,2,9582
2024-08-25T13:21:44.468000+00:00,224,178,5,46,2,9582
2024-08-25T13:21:47.267000+00:00,175,126,3,49,2,9582
2024-08-25T13:22:06.227000+00:00,250,197,5,53,2,9582
2024-08-25T13:22:09.747000+00:00,210,113,3,97,2,9582
2024-08-25T13:22:28.227000+00:00,270,115,3,155,2,9582
2024-08-25T13:22:53.187000+00:00,280,108,3,172,2,9582
2024-08-25T13:23:01.947000+00:00,231,171,5,60,2,9582
2024-08-25T13:23:04.788000+00:00,170,129,3,41,2,9582
2024-08-25T13:23:23.548000+00:00,250,201,5,49,2,9582
2024-08-25T13:23:27.427000+00:00,203,110,3,93,2,9582
2024-08-25T13:23:34.067000+00:00,180,109,3,71,2,9582
2024-08-25T13:23:45.828000+00:00,270,114,3,156,2,9582
2024-08-25T13:24:10.668000+00:00,308,104,3,204,2,9582
2024-08-25T13:24:19.748000+00:00,220,146,4,74,2,9582
2024-08-25T13:24:36.668000+00:00,286,227,6,59,2,9582
2024-08-25T13:24:46.468000+00:00,212,111,3,101,2,9582
2024-08-25T13:24:53.188000+00:00,183,111,3,72,2,9582
2024-08-25T13:25:05.148000+00:00,266,116,3,150,2,9582
2024-08-25T13:25:15.348000+00:00,233,181,5,52,2,9582
2024-08-25T13:25:30.108000+00:00,291,107,3,184,2,9582
2024-08-25T13:25:38.948000+00:00,230,175,5,55,2,9582
2024-08-25T13:25:41.908000+00:00,170,126,3,44,2,9582
2024-08-25T13:26:01.068000+00:00,246,201,5,45,2,9582
2024-08-25T13:26:04.708000+00:00,210,110,3,100,2,9582
2024-08-25T13:26:11.708000+00:00,169,109,3,60,2,9582
2024-08-25T13:26:23.388000+00:00,268,118,3,150,2,9582
2024-08-25T13:26:33.549000+00:00,236,181,5,55,2,9582
2024-08-25T13:26:47.869000+00:00,304,115,3,189,2,9582
2024-08-25T13:26:57.028000+00:00,226,177,5,49,2,9582
2024-08-25T13:26:59.909000+00:00,174,133,3,41,2,9582
2024-08-25T13:27:13.149000+00:00,277,232,6,45,2,9582
2024-08-25T13:27:22.708000+00:00,208,106,3,102,2,9582
2024-08-25T13:27:29.308000+00:00,181,112,3,69,2,9582
2024-08-25T13:27:41.389000+00:00,252,111,3,141,2,9582
2024-08-25T13:27:51.548000+00:00,233,172,5,61,2,9582
2024-08-25T13:28:06.069000+00:00,297,106,3,191,2,9582
2024-08-25T13:28:15.109000+00:00,229,178,5,51,2,9582
2024-08-25T13:28:17.908000+00:00,175,129,3,46,2,9582
2024-08-25T13:28:36.908000+00:00,240,199,5,41,2,9582
2024-08-25T13:28:40.509000+00:00,213,106,3,107,2,9582
2024-08-25T13:28:47.269000+00:00,184,106,3,78,2,9582
2024-08-25T13:28:59.349000+00:00,267,114,3,153,2,9582
2024-08-25T13:29:09.788000+00:00,216,175,5,41,2,9582
2024-08-25T13:29:24.229000+00:00,302,109,3,193,2,9582
2024-08-25T13:29:33.109000+00:00,234,174,5,60,2,9582
2024-08-25T13:29:35.749000+00:00,174,124,3,50,2,9582
2024-08-25T13:29:48.909000+00:00,286,237,6,49,2,9582
2024-08-25T13:29:54.949000+00:00,247,196,5,51,2,9582
2024-08-25T13:29:58.349000+00:00,218,107,3,111,2,9582
2024-08-25T13:30:05.109000+00:00,182,104,3,78,2,9582
2024-08-25T13:30:17.229000+00:00,273,117,3,156,2,9582
2024-08-25T13:30:27.269000+00:00,235,183,5,52,2,9582
2024-08-25T13:30:42.029000+00:00,303,94,3,209,2,9582
2024-08-25T13:30:50.869000+00:00,208,142,4,66,2,9582
2024-08-25T13:30:54.309000+00:00,162,118,3,44,2,9582
2024-08-25T13:31:07.789000+00:00,267,221,6,46,2,9582
2024-08-25T13:31:13.749000+00:00,247,198,5,49,2,9582
2024-08-25T13:31:17.469000+00:00,206,109,3,97,2,9582
2024-08-25T13:31:24.389000+00:00,174,111,3,63,2,9582
2024-08-25T13:31:36.070000+00:00,265,90,2,175,2,9582
2024-08-25T13:31:47.429000+00:00,220,177,5,43,2,9582
2024-08-25T13:31:57.309000+00:00,292,56,1,236,2,9582
2024-08-25T13:32:33.789000+00:00,227,161,4,66,2,9582
2024-08-25T13:32:36.550000+00:00,168,120,3,48,2,9582
2024-08-25T13:32:56.230000+00:00,240,195,5,45,2,9582
2024-08-25T13:32:59.909000+00:00,215,114,3,101,2,9582
2024-08-25T13:33:06.189000+00:00,186,120,3,66,2,9582
2024-08-25T13:33:17.470000+00:00,246,124,3,122,2,9582
2024-08-25T13:33:41.430000+00:00,311,118,3,193,2,9582
2024-08-25T13:33:50.110000+00:00,230,181,5,49,2,9582
2024-08-25T13:33:52.869000+00:00,181,134,3,47,2,9582
2024-08-25T13:34:15.150000+00:00,218,120,3,98,2,9582
2024-08-25T13:34:21.550000+00:00,187,122,3,65,2,9582
2024-08-25T13:34:33.029000+00:00,243,128,3,115,2,9582
2024-08-25T13:34:57.190000+00:00,296,114,3,182,2,9582
2024-08-25T13:35:31.030000+00:00,213,124,3,89,2,9582
2024-08-25T13:35:37.590000+00:00,174,127,3,47,2,9582
2024-08-25T13:35:48.870000+00:00,252,121,3,131,2,9582
2024-08-25T13:35:58.590000+00:00,227,185,5,42,2,9582
2024-08-25T13:36:13.310000+00:00,265,120,3,145,2,9582
2024-08-25T13:36:21.710000+00:00,229,187,5,42,2,9582
2024-08-25T13:36:24.230000+00:00,182,132,3,50,2,9582
2024-08-25T13:36:42.990000+00:00,252,207,5,45,2,9582
2024-08-25T13:36:46.350000+00:00,221,117,3,104,2,9582
2024-08-25T13:36:52.871000+00:00,189,121,3,68,2,9582
2024-08-25T13:37:04.631000+00:00,220,119,3,101,2,9582
2024-08-25T13:37:14.110000+00:00,223,181,5,42,2,9582
2024-08-25T13:37:28.470000+00:00,301,115,3,186,2,9582
2024-08-25T13:37:37.350000+00:00,228,181,5,47,2,9582
2024-08-25T13:37:39.991000+00:00,178,132,3,46,2,9582
2024-08-25T13:37:52.951000+00:00,289,247,6,42,2,9582
2024-08-25T13:37:58.671000+00:00,255,203,5,52,2,9582
2024-08-25T13:38:01.990000+00:00,223,118,3,105,2,9582
2024-08-25T13:38:08.710000+00:00,183,119,3,64,2,9582
2024-08-25T13:38:20.031000+00:00,268,120,3,148,2,9582
2024-08-25T13:38:44.671000+00:00,291,108,3,183,2,9582
2024-08-25T13:38:53.151000+00:00,231,181,5,50,2,9582
2024-08-25T13:38:55.870000+00:00,176,135,3,41,2,9582
2024-08-25T13:39:14.470000+00:00,253,203,5,50,2,9582
2024-08-25T13:39:18.031000+00:00,221,114,3,107,2,9582
2024-08-25T13:39:24.351000+00:00,185,120,3,65,2,9582
2024-08-25T13:39:36.351000+00:00,237,122,3,115,2,9582
2024-08-25T13:39:45.911000+00:00,228,184,5,44,2,9582
2024-08-25T13:40:00.471000+00:00,289,113,3,176,2,9582
2024-08-25T13:40:11.871000+00:00,173,124,3,49,2,9582
2024-08-25T13:40:24.471000+00:00,289,243,6,46,2,9582
2024-08-25T13:40:33.671000+00:00,225,115,3,110,2,9582
2024-08-25T13:40:40.311000+00:00,185,114,3,71,2,9582
2024-08-25T13:40:52.151000+00:00,249,119,3,130,2,9582
2024-08-25T13:41:16.471000+00:00,294,119,3,175,2,9582
2024-08-25T13:41:24.991000+00:00,234,183,5,51,2,9582
2024-08-25T13:41:27.792000+00:00,177,121,3,56,2,9582
2024-08-25T13:41:40.751000+00:00,290,219,6,71,2,9582
2024-08-25T13:41:46.751000+00:00,254,194,5,60,2,9582
2024-08-25T13:41:50.831000+00:00,194,109,3,85,2,9582
2024-08-25T13:41:57.071000+00:00,187,111,3,76,2,9582
2024-08-25T13:42:08.712000+00:00,264,116,3,148,2,9582
2024-08-25T13:42:33.071000+00:00,298,114,3,184,2,9582
2024-08-25T13:42:44.951000+00:00,172,123,3,49,2,9582
2024-08-25T13:42:57.751000+00:00,286,240,6,46,2,9582
2024-08-25T13:43:07.312000+00:00,214,109,3,105,2,9582
2024-08-25T13:43:14.272000+00:00,175,115,3,60,2,9582
2024-08-25T13:43:25.671000+00:00,258,119,3,139,2,9582
2024-08-25T13:43:50.311000+00:00,295,115,3,180,2,9582
2024-08-25T13:44:01.672000+00:00,179,129,3,50,2,9582
2024-08-25T13:44:23.871000+00:00,215,110,3,105,2,9582
2024-08-25T13:44:30.471000+00:00,188,114,3,74,2,9582
2024-08-25T13:44:42.232000+00:00,264,117,3,147,2,9582
2024-08-25T13:45:06.592000+00:00,300,113,3,187,2,9582
2024-08-25T13:45:15.352000+00:00,236,181,5,55,2,9582
2024-08-25T13:45:17.952000+00:00,180,135,3,45,2,9582
2024-08-25T13:45:36.752000+00:00,260,216,5,44,2,9582
2024-08-25T13:45:40.232000+00:00,222,112,3,110,2,9582
2024-08-25T13:45:47.072000+00:00,176,112,3,64,2,9582
2024-08-25T13:45:58.672000+00:00,260,118,3,142,2,9582
2024-08-25T13:46:23.232000+00:00,299,109,3,190,2,9582
2024-08-25T13:46:31.872000+00:00,240,192,5,48,2,9582
2024-08-25T13:46:34.752000+00:00,177,127,3,50,2,9582
2024-08-25T13:46:53.152000+00:00,260,197,5,63,2,9582
2024-08-25T13:46:56.913000+00:00,219,116,3,103,2,9582
2024-08-25T13:47:03.553000+00:00,178,120,3,58,2,9582
2024-08-25T13:47:15.152000+00:00,263,119,3,144,2,9582
2024-08-25T13:47:25.073000+00:00,228,187,5,41,2,9582
2024-08-25T13:47:39.472000+00:00,300,117,3,183,2,9582
2024-08-25T13:47:48.552000+00:00,235,185,5,50,2,9582
2024-08-25T13:47:51.193000+00:00,176,131,4,45,2,9582
2024-08-25T13:48:03.953000+00:00,291,244,6,47,2,9582
2024-08-25T13:48:13.232000+00:00,218,112,3,106,2,9582
2024-08-25T13:48:19.952000+00:00,182,120,3,62,2,9582
2024-08-25T13:48:31.633000+00:00,271,119,3,152,2,9582
2024-08-25T13:48:56.113000+00:00,298,116,3,182,2,9582
2024-08-25T13:49:04.793000+00:00,236,182,5,54,2,9582
2024-08-25T13:49:07.672000+00:00,172,131,4,41,2,9582
2024-08-25T13:49:20.272000+00:00,285,243,6,42,2,9582
2024-08-25T13:49:25.953000+00:00,260,193,5,67,2,9582
2024-08-25T13:49:29.713000+00:00,215,121,3,94,2,9582
2024-08-25T13:49:36.273000+00:00,186,125,3,61,2,9582
2024-08-25T13:49:48.033000+00:00,268,113,3,155,2,9582
2024-08-25T13:50:12.673000+00:00,279,113,3,166,2,9582
2024-08-25T13:50:42.553000+00:00,244,197,5,47,2,9582
2024-08-25T13:50:46.393000+00:00,207,112,3,95,2,9582
2024-08-25T13:50:53.033000+00:00,174,119,3,55,2,9582
2024-08-25T13:51:04.433000+00:00,275,120,3,155,2,9582
2024-08-25T13:51:14.553000+00:00,235,188,5,47,2,9582
2024-08-25T13:51:29.073000+00:00,291,114,3,177,2,9582
2024-08-25T13:51:37.833000+00:00,239,189,5,50,2,9582
2024-08-25T13:51:40.434000+00:00,178,131,4,47,2,9582
2024-08-25T13:51:53.314000+00:00,288,223,6,65,2,9582
2024-08-25T13:52:03.073000+00:00,217,118,3,99,2,9582
2024-08-25T13:52:09.473000+00:00,185,106,3,79,2,9582
2024-08-25T13:52:21.473000+00:00,263,120,3,143,2,9582
2024-08-25T13:52:31.553000+00:00,237,184,5,53,2,9582
2024-08-25T13:52:46.074000+00:00,275,101,3,174,2,9582
2024-08-25T13:52:57.833000+00:00,173,117,3,56,2,9582
2024-08-25T13:53:16.313000+00:00,252,184,5,68,2,9582
2024-08-25T13:53:20.354000+00:00,201,102,3,99,2,9582
2024-08-25T13:53:26.954000+00:00,190,109,3,81,2,9582
2024-08-25T13:53:38.434000+00:00,284,116,3,168,2,9582
2024-08-25T13:54:02.473000+00:00,319,105,3,214,2,9582
2024-08-25T13:54:11.674000+00:00,240,184,5,56,2,9582
2024-08-25T13:54:14.554000+00:00,178,120,3,58,2,9582
2024-08-25T13:54:27.474000+00:00,293,238,6,55,2,9582
2024-08-25T13:54:37.154000+00:00,220,109,3,111,2,9582
2024-08-25T13:54:43.874000+00:00,182,111,3,71,2,9582
2024-08-25T13:54:55.394000+00:00,279,126,3,153,2,9582
2024-08-25T13:55:05.714000+00:00,236,188,5,48,2,9582
2024-08-25T13:55:19.554000+00:00,324,97,3,227,2,9582
2024-08-25T13:55:28.714000+00:00,229,174,5,55,2,9582
2024-08-25T13:55:31.434000+00:00,172,120,3,52,2,9582
2024-08-25T13:55:44.434000+00:00,289,228,6,61,2,9582
2024-08-25T13:55:50.434000+00:00,254,182,5,72,2,9582
2024-08-25T13:55:54.154000+00:00,211,106,3,105,2,9582
2024-08-25T13:56:01.674000+00:00,166,96,3,70,2,9582
2024-08-25T13:56:12.394000+00:00,274,109,3,165,2,9582
2024-08-25T13:56:38.914000+00:00,319,107,3,212,2,9582
2024-08-25T13:56:48.034000+00:00,234,180,5,54,2,9582
2024-08-25T13:56:50.714000+00:00,176,128,3,48,2,9582
2024-08-25T13:57:03.674000+00:00,286,237,6,49,2,9582
2024-08-25T13:57:09.435000+00:00,254,186,5,68,2,9582
2024-08-25T13:57:13.554000+00:00,208,109,3,99,2,9582
2024-08-25T13:57:20.074000+00:00,179,105,3,74,2,9582
2024-08-25T13:57:31.874000+00:00,260,116,3,144,2,9582
2024-08-25T13:57:42.155000+00:00,236,180,5,56,2,9582
2024-08-25T13:57:56.075000+00:00,311,104,3,207,2,9582
2024-08-25T13:58:05.194000+00:00,234,171,4,63,2,9582
2024-08-25T13:58:07.955000+00:00,171,113,3,58,2,9582
2024-08-25T13:58:27.475000+00:00,236,191,5,45,2,9582
2024-08-25T13:58:31.034000+00:00,212,105,3,107,2,9582
2024-08-25T13:58:37.834000+00:00,178,107,3,71,2,9582
2024-08-25T13:58:49.395000+00:00,287,112,3,175,2,9582
2024-08-25T13:58:59.674000+00:00,234,193,5,41,2,9582
2024-08-25T13:59:13.955000+00:00,298,108,3,190,2,9582
2024-08-25T13:59:22.555000+00:00,235,181,5,54,2,9582
2024-08-25T13:59:25.194000+00:00,186,121,3,65,2,9582
2024-08-25T13:59:38.274000+00:00,288,247,6,41,2,9582
2024-08-25T13:59:43.915000+00:00,253,197,5,56,2,9582
2024-08-25T13:59:47.715000+00:00,209,112,3,97,2,9582
2024-08-25T13:59:54.315000+00:00,177,111,3,66,2,9582
2024-08-25T14:00:06.035000+00:00,274,119,3,155,2,9582
2024-08-25T14:00:16.035000+00:00,238,188,5,50,2,9582
2024-08-25T14:00:30.435000+00:00,314,110,3,204,2,9582
2024-08-25T14:00:39.235000+00:00,232,184,5,48,2,9582
2024-08-25T14:00:41.955000+00:00,182,125,3,57,2,9582
2024-08-25T14:01:00.755000+00:00,252,204,5,48,2,9582
2024-08-25T14:01:04.275000+00:00,216,106,3,110,2,9582
2024-08-25T14:01:10.875000+00:00,184,104,3,80,2,9582
2024-08-25T14:01:22.675000+00:00,273,117,3,156,2,9582
2024-08-25T14:01:47.355000+00:00,311,110,3,201,2,9582
2024-08-25T14:01:58.796000+00:00,181,113,3,68,2,9582
2024-08-25T14:02:17.676000+00:00,245,198,5,47,2,9582
2024-08-25T14:02:21.195000+00:00,214,111,3,103,2,9582
2024-08-25T14:02:27.875000+00:00,182,111,3,71,2,9582
2024-08-25T14:02:40.115000+00:00,203,111,3,92,2,9582
2024-08-25T14:03:05.796000+00:00,312,105,3,207,2,9582
2024-08-25T14:03:14.675000+00:00,229,184,4,45,2,9582
2024-08-25T14:03:17.316000+00:00,183,126,3,57,2,9582
2024-08-25T14:03:36.155000+00:00,258,202,5,56,2,9582
2024-08-25T14:03:40.036000+00:00,205,111,3,94,2,9582
2024-08-25T14:03:46.316000+00:00,184,109,3,75,2,9582
2024-08-25T14:03:58.476000+00:00,225,119,3,106,2,9582
2024-08-25T14:04:08.355000+00:00,238,190,5,48,2,9582
2024-08-25T14:04:22.716000+00:00,302,111,3,191,2,9582
2024-08-25T14:04:34.075000+00:00,185,132,3,53,2,9582
2024-08-25T14:04:52.596000+00:00,252,204,5,48,2,9582
2024-08-25T14:04:56.276000+00:00,208,118,3,90,2,9582
2024-08-25T14:05:02.796000+00:00,171,123,3,48,2,9582
2024-08-25T14:05:14.595000+00:00,266,127,3,139,2,9582
2024-08-25T14:05:24.436000+00:00,240,190,5,50,2,9582
2024-08-25T14:05:38.756000+00:00,306,111,3,195,2,9582
2024-08-25T14:05:47.476000+00:00,231,188,5,43,2,9582
2024-08-25T14:05:50.396000+00:00,174,130,3,44,2,9582
2024-08-25T14:06:12.316000+00:00,216,109,3,107,2,9582
2024-08-25T14:06:18.996000+00:00,176,117,3,59,2,9582
2024-08-25T14:06:30.756000+00:00,268,119,3,149,2,9582
2024-08-25T14:06:54.877000+00:00,312,113,3,199,2,9582
2024-08-25T14:07:06.356000+00:00,184,124,3,60,2,9582
2024-08-25T14:07:25.236000+00:00,242,201,5,41,2,9582
2024-08-25T14:07:28.676000+00:00,220,123,3,97,2,9582
2024-08-25T14:07:35.356000+00:00,181,117,3,64,2,9582
2024-08-25T14:07:48.157000+00:00,235,110,3,125,2,9582
2024-08-25T14:07:58.876000+00:00,236,193,5,43,2,9582
2024-08-25T14:08:12.877000+00:00,325,99,3,226,2,9582
2024-08-25T14:08:21.917000+00:00,235,185,5,50,2,9582
2024-08-25T14:08:43.196000+00:00,254,205,5,49,2,9582
2024-08-25T14:08:46.757000+00:00,218,112,3,106,2,9582
2024-08-25T14:08:53.477000+00:00,174,113,3,61,2,9582
2024-08-25T14:09:05.076000+00:00,271,122,3,149,2,9582
2024-08-25T14:09:29.357000+00:00,305,110,3,195,2,9582
2024-08-25T14:09:38.237000+00:00,229,183,5,46,2,9582
2024-08-25T14:09:40.917000+00:00,181,125,3,56,2,9582
2024-08-25T14:09:59.557000+00:00,247,202,5,45,2,9582
2024-08-25T14:10:02.917000+00:00,219,116,3,103,2,9582
2024-08-25T14:10:09.916000+00:00,170,106,3,64,2,9582
2024-08-25T14:10:21.477000+00:00,260,117,3,143,2,9582
2024-08-25T14:10:45.837000+00:00,301,111,3,190,2,9582
2024-08-25T14:10:54.717000+00:00,236,187,5,49,2,9582
2024-08-25T14:10:57.197000+00:00,189,125,4,64,2,9582
2024-08-25T14:11:19.397000+00:00,212,115,3,97,2,9582
2024-08-25T14:11:25.917000+00:00,182,107,3,75,2,9582
2024-08-25T14:11:37.957000+00:00,259,130,3,129,2,9582
2024-08-25T14:11:47.837000+00:00,239,191,5,48,2,9582
2024-08-25T14:12:02.157000+00:00,295,113,3,182,2,9582
2024-08-25T14:12:13.517000+00:00,183,129,3,54,2,9582
2024-08-25T14:12:32.357000+00:00,242,200,5,42,2,9582
2024-08-25T14:12:36.118000+00:00,187,110,3,77,2,9582
2024-08-25T14:12:42.518000+00:00,179,112,3,67,2,9582
2024-08-25T14:12:54.317000+00:00,255,116,3,139,2,9582
2024-08-25T14:13:18.757000+00:00,301,109,3,192,2,9582
2024-08-25T14:13:30.118000+00:00,189,138,4,51,2,9582
2024-08-25T14:13:48.678000+00:00,249,202,5,47,2,9582
2024-08-25T14:13:52.317000+00:00,213,119,3,94,2,9582
2024-08-25T14:13:58.877000+00:00,183,107,3,76,2,9582
2024-08-25T14:14:11.158000+00:00,253,114,3,139,2,9582
2024-08-25T14:14:21.958000+00:00,238,189,5,49,2,9582
2024-08-25T14:14:36.118000+00:00,315,107,3,208,2,9582
2024-08-25T14:14:44.998000+00:00,238,188,5,50,2,9582
2024-08-25T14:14:47.598000+00:00,184,131,4,53,2,9582
2024-08-25T14:15:06.277000+00:00,244,196,5,48,2,9582
2024-08-25T14:15:10.038000+00:00,208,115,3,93,2,9582
2024-08-25T14:15:16.558000+00:00,176,113,3,63,2,9582
2024-08-25T14:15:28.438000+00:00,256,120,3,136,2,9582
2024-08-25T14:15:38.438000+00:00,241,191,5,50,2,9582
2024-08-25T14:15:52.718000+00:00,300,112,3,188,2,9582
2024-08-25T14:16:04.078000+00:00,183,131,4,52,2,9582
2024-08-25T14:16:26.399000+00:00,210,105,3,105,2,9582
2024-08-25T14:16:33.039000+00:00,178,113,3,65,2,9582
2024-08-25T14:16:44.918000+00:00,261,121,3,140,2,9582
2024-08-25T14:16:54.758000+00:00,236,193,5,43,2,9582
2024-08-25T14:17:09.318000+00:00,279,110,3,169,2,9582
2024-08-25T14:17:20.718000+00:00,178,127,4,51,2,9582
2024-08-25T14:17:42.838000+00:00,217,111,3,106,2,9582
2024-08-25T14:17:49.518000+00:00,187,111,3,76,2,9582
2024-08-25T14:18:01.758000+00:00,247,111,3,136,2,9582
2024-08-25T14:18:13.039000+00:00,201,154,3,47,2,9582
2024-08-25T14:18:27.479000+00:00,333,110,3,223,2,9582
2024-08-25T14:18:36.598000+00:00,231,183,5,48,2,9582
2024-08-25T14:18:39.039000+00:00,182,127,3,55,2,9582
2024-08-25T14:18:57.959000+00:00,252,197,5,55,2,9582
2024-08-25T14:19:01.559000+00:00,212,112,3,100,2,9582
2024-08-25T14:19:08.598000+00:00,175,104,3,71,2,9582
2024-08-25T14:19:20.279000+00:00,252,117,3,135,2,9582
2024-08-25T14:19:30.439000+00:00,240,194,5,46,2,9582
2024-08-25T14:19:44.599000+00:00,305,107,3,198,2,9582
2024-08-25T14:19:53.399000+00:00,235,184,5,51,2,9582
2024-08-25T14:19:56.238000+00:00,180,127,4,53,2,9582
2024-08-25T14:20:08.759000+00:00,288,245,6,43,2,9582
2024-08-25T14:20:18.359000+00:00,217,108,3,109,2,9582
2024-08-25T14:20:25.319000+00:00,172,113,3,59,2,9582
2024-08-25T14:20:36.999000+00:00,254,124,3,130,2,9582
2024-08-25T14:21:01.239000+00:00,296,109,3,187,2,9582
2024-08-25T14:21:10.079000+00:00,231,186,5,45,2,9582
2024-08-25T14:21:31.439000+00:00,252,199,5,53,2,9582
2024-08-25T14:21:35.199000+00:00,201,110,3,91,2,9582
2024-08-25T14:21:41.679000+00:00,189,109,3,80,2,9582
2024-08-25T14:21:53.679000+00:00,236,125,3,111,2,9582
2024-08-25T14:22:03.639000+00:00,239,194,5,45,2,9582
2024-08-25T14:22:18.279000+00:00,259,105,3,154,2,9582
2024-08-25T14:22:48.200000+00:00,239,198,5,41,2,9582
2024-08-25T14:22:51.999000+00:00,195,117,3,78,2,9582
2024-08-25T14:22:58.479000+00:00,183,104,3,79,2,9582
2024-08-25T14:23:10.240000+00:00,275,116,3,159,2,9582
2024-08-25T14:23:20.720000+00:00,230,186,5,44,2,9582
2024-08-25T14:23:35.080000+00:00,297,113,3,184,2,9582
2024-08-25T14:23:44.280000+00:00,239,180,5,59,2,9582
2024-08-25T14:23:47.160000+00:00,182,132,4,50,2,9582
2024-08-25T14:23:59.960000+00:00,290,239,6,51,2,9582
2024-08-25T14:24:05.839000+00:00,254,195,5,59,2,9582
2024-08-25T14:24:09.520000+00:00,212,113,3,99,2,9582
2024-08-25T14:24:16.200000+00:00,187,116,3,71,2,9582
2024-08-25T14:24:28.400000+00:00,231,113,3,118,2,9582
2024-08-25T14:24:38.799000+00:00,240,188,5,52,2,9582
2024-08-25T14:24:53+00:00,296,108,3,188,2,9582
2024-08-25T14:25:01.920000+00:00,235,187,5,48,2,9582
2024-08-25T14:25:04.440000+00:00,187,135,4,52,2,9582
2024-08-25T14:25:17.200000+00:00,289,247,6,42,2,9582
2024-08-25T14:25:26.600000+00:00,215,113,3,102,2,9582
2024-08-25T14:25:33.280000+00:00,181,107,3,74,2,9582
2024-08-25T14:25:45.481000+00:00,238,119,3,119,2,9582
2024-08-25T14:25:55.360000+00:00,241,197,5,44,2,9582
2024-08-25T14:26:09.480000+00:00,306,109,3,197,2,9582
2024-08-25T14:26:21.080000+00:00,180,129,4,51,2,9582
2024-08-25T14:26:39.561000+00:00,253,209,6,44,2,9582
2024-08-25T14:26:43.240000+00:00,209,110,3,99,2,9582
2024-08-25T14:26:50.040000+00:00,177,108,3,69,2,9582
2024-08-25T14:27:01.760000+00:00,266,126,3,140,2,9582
2024-08-25T14:27:25.921000+00:00,310,111,3,199,2,9582
2024-08-25T14:27:34.440000+00:00,234,185,5,49,2,9582
2024-08-25T14:27:37.041000+00:00,185,135,4,50,2,9582
2024-08-25T14:27:55.840000+00:00,249,197,5,52,2,9582
2024-08-25T14:27:59.561000+00:00,213,110,3,103,2,9582
2024-08-25T14:28:06.001000+00:00,179,115,3,64,2,9582
2024-08-25T14:28:18.121000+00:00,252,124,3,128,2,9582
2024-08-25T14:28:28.200000+00:00,236,193,5,43,2,9582
2024-08-25T14:28:42.360000+00:00,314,107,3,207,2,9582
2024-08-25T14:28:51.161000+00:00,232,187,5,45,2,9582
2024-08-25T14:28:53.921000+00:00,178,136,4,42,2,9582
2024-08-25T14:29:12.201000+00:00,249,195,5,54,2,9582
2024-08-25T14:29:16.001000+00:00,204,108,3,96,2,9582
2024-08-25T14:29:22.481000+00:00,177,119,3,58,2,9582
2024-08-25T14:29:34.281000+00:00,268,121,3,147,2,9582
2024-08-25T14:29:58.521000+00:00,312,112,3,200,2,9582
2024-08-25T14:30:09.921000+00:00,185,130,4,55,2,9582
2024-08-25T14:30:28.442000+00:00,253,199,5,54,2,9582
2024-08-25T14:30:32.161000+00:00,215,111,3,104,2,9582
2024-08-25T14:30:38.921000+00:00,183,121,3,62,2,9582
2024-08-25T14:30:50.761000+00:00,275,116,3,159,2,9582
2024-08-25T14:31:14.762000+00:00,308,109,3,199,2,9582
2024-08-25T14:31:26.601000+00:00,174,132,4,42,2,9582
2024-08-25T14:31:48.402000+00:00,212,107,3,105,2,9582
2024-08-25T14:31:55.442000+00:00,178,114,3,64,2,9582
2024-08-25T14:32:06.842000+00:00,274,111,3,163,2,9582
2024-08-25T14:32:17.521000+00:00,240,196,5,44,2,9582
2024-08-25T14:32:31.961000+00:00,314,109,3,205,2,9582
2024-08-25T14:32:43.321000+00:00,191,125,4,66,2,9582
2024-08-25T14:33:02.162000+00:00,250,205,5,45,2,9582
2024-08-25T14:33:05.441000+00:00,219,109,3,110,2,9582
2024-08-25T14:33:12.321000+00:00,182,109,3,73,2,9582
2024-08-25T14:33:24.201000+00:00,267,121,3,146,2,9582
2024-08-25T14:33:48.922000+00:00,295,110,3,185,2,9582
2024-08-25T14:33:57.281000+00:00,233,180,5,53,2,9582
2024-08-25T14:33:59.762000+00:00,188,134,4,54,2,9582
2024-08-25T14:34:12.642000+00:00,288,247,6,41,2,9582
2024-08-25T14:34:18.402000+00:00,252,203,5,49,2,9582
2024-08-25T14:34:22.162000+00:00,216,108,3,108,2,9582
2024-08-25T14:34:28.762000+00:00,185,112,3,73,2,9582
2024-08-25T14:34:40.802000+00:00,238,124,3,114,2,9582
2024-08-25T14:34:50.482000+00:00,240,198,5,42,2,9582
2024-08-25T14:35:03.682000+00:00,282,100,3,182,2,9582
2024-08-25T14:36:35.122000+00:00,137,81,2,56,2,9582
2024-08-25T12:20:27.055000+00:00,194,140,3,54,3,9582
2024-08-25T12:20:52.174000+00:00,248,207,5,41,3,9582
2024-08-25T12:20:56.255000+00:00,186,122,3,64,3,9582
2024-08-25T12:21:02.695000+00:00,177,132,3,45,3,9582
2024-08-25T12:21:14.895000+00:00,224,114,3,110,3,9582
2024-08-25T12:21:25.734000+00:00,221,147,3,74,3,9582
2024-08-25T12:21:46.575000+00:00,115,66,1,49,3,9582
2024-08-25T12:23:55.815000+00:00,212,114,3,98,3,9582
2024-08-25T12:24:02.055000+00:00,186,129,3,57,3,9582
2024-08-25T12:24:13.656000+00:00,219,119,3,100,3,9582
2024-08-25T12:24:23.656000+00:00,203,160,4,43,3,9582
2024-08-25T12:25:43.136000+00:00,219,124,3,95,3,9582
2024-08-25T12:25:49.216000+00:00,189,131,3,58,3,9582
2024-08-25T12:26:00.936000+00:00,242,132,3,110,3,9582
2024-08-25T13:01:18.223000+00:00,215,112,2,103,3,9582
2024-08-25T13:01:36.583000+00:00,228,96,2,132,3,9582
2024-08-25T13:01:40.663000+00:00,139,73,1,66,3,9582
2024-08-25T13:01:59.423000+00:00,200,108,2,92,3,9582
2024-08-25T13:02:03.783000+00:00,167,112,2,55,3,9582
2024-08-25T13:02:08.143000+00:00,157,109,3,48,3,9582
2024-08-25T13:03:20.584000+00:00,171,123,2,48,3,9582
2024-08-25T13:03:29.383000+00:00,224,158,4,66,3,9582
2024-08-25T13:03:47.344000+00:00,257,209,5,48,3,9582
2024-08-25T13:03:53.624000+00:00,248,184,5,64,3,9582
2024-08-25T13:03:58.184000+00:00,184,108,2,76,3,9582
2024-08-25T13:04:05.104000+00:00,179,116,3,63,3,9582
2024-08-25T13:04:16.103000+00:00,267,100,2,167,3,9582
2024-08-25T13:04:27.584000+00:00,219,170,4,49,3,9582
2024-08-25T13:04:42.583000+00:00,300,109,3,191,3,9582
2024-08-25T13:04:51.584000+00:00,227,171,4,56,3,9582
2024-08-25T13:05:13.864000+00:00,251,206,6,45,3,9582
2024-08-25T13:05:17.944000+00:00,207,118,3,89,3,9582
2024-08-25T13:05:24.344000+00:00,186,109,3,77,3,9582
2024-08-25T13:05:35.983000+00:00,253,88,2,165,3,9582
2024-08-25T13:05:47.024000+00:00,232,181,4,51,3,9582
2024-08-25T13:06:01.704000+00:00,295,109,3,186,3,9582
2024-08-25T13:06:13.664000+00:00,164,122,3,42,3,9582
2024-08-25T13:06:26.784000+00:00,286,245,6,41,3,9582
2024-08-25T13:06:32.824000+00:00,255,207,5,48,3,9582
2024-08-25T13:06:36.584000+00:00,212,118,3,94,3,9582
2024-08-25T13:06:43.185000+00:00,180,115,3,65,3,9582
2024-08-25T13:06:54.784000+00:00,246,122,3,124,3,9582
2024-08-25T13:07:04.824000+00:00,228,185,4,43,3,9582
2024-08-25T13:07:19.264000+00:00,297,118,3,179,3,9582
2024-08-25T13:07:54.024000+00:00,211,109,3,102,3,9582
2024-08-25T13:08:00.664000+00:00,183,118,3,65,3,9582
2024-08-25T13:08:12.184000+00:00,263,125,3,138,3,9582
2024-08-25T13:08:36.705000+00:00,303,116,3,187,3,9582
2024-08-25T13:08:45.784000+00:00,228,185,4,43,3,9582
2024-08-25T13:09:11.265000+00:00,204,112,3,92,3,9582
2024-08-25T13:09:17.945000+00:00,173,108,3,65,3,9582
2024-08-25T13:09:29.145000+00:00,279,123,3,156,3,9582
2024-08-25T13:09:53.625000+00:00,315,115,3,200,3,9582
2024-08-25T13:10:05.704000+00:00,177,136,3,41,3,9582
2024-08-25T13:10:28.185000+00:00,212,106,3,106,3,9582
2024-08-25T13:10:34.945000+00:00,181,108,3,73,3,9582
2024-08-25T13:10:46.465000+00:00,258,113,3,145,3,9582
2024-08-25T13:11:10.785000+00:00,321,110,3,211,3,9582
2024-08-25T13:11:41.665000+00:00,256,210,5,46,3,9582
2024-08-25T13:11:45.546000+00:00,211,113,3,98,3,9582
2024-08-25T13:11:52.066000+00:00,180,105,3,75,3,9582
2024-08-25T13:12:03.625000+00:00,257,113,3,144,3,9582
2024-08-25T13:12:28.025000+00:00,313,113,3,200,3,9582
2024-08-25T13:12:40.185000+00:00,178,128,3,50,3,9582
2024-08-25T13:13:02.945000+00:00,209,106,3,103,3,9582
2024-08-25T13:13:09.265000+00:00,182,108,3,74,3,9582
2024-08-25T13:13:20.825000+00:00,275,113,3,162,3,9582
2024-08-25T13:13:45.586000+00:00,295,106,3,189,3,9582
2024-08-25T13:13:54.825000+00:00,228,182,4,46,3,9582
2024-08-25T13:14:20.386000+00:00,210,104,3,106,3,9582
2024-08-25T13:14:26.946000+00:00,178,108,3,70,3,9582
2024-08-25T13:14:38.586000+00:00,255,116,3,139,3,9582
2024-08-25T13:15:03.306000+00:00,297,108,3,189,3,9582
2024-08-25T13:15:12.546000+00:00,226,185,4,41,3,9582
2024-08-25T13:15:37.906000+00:00,210,108,3,102,3,9582
2024-08-25T13:15:44.706000+00:00,174,115,3,59,3,9582
2024-08-25T13:15:56.266000+00:00,258,120,3,138,3,9582
2024-08-25T13:16:20.706000+00:00,318,105,3,213,3,9582
2024-08-25T13:16:55.747000+00:00,205,104,3,101,3,9582
2024-08-25T13:17:02.307000+00:00,181,121,3,60,3,9582
2024-08-25T13:17:13.506000+00:00,276,125,3,151,3,9582
2024-08-25T13:17:38.506000+00:00,302,110,3,192,3,9582
2024-08-25T13:17:47.427000+00:00,234,181,4,53,3,9582
2024-08-25T13:17:50.346000+00:00,177,136,3,41,3,9582
2024-08-25T13:18:03.346000+00:00,287,244,6,43,3,9582
2024-08-25T13:18:09.267000+00:00,247,199,5,48,3,9582
2024-08-25T13:18:13.267000+00:00,201,110,3,91,3,9582
2024-08-25T13:18:19.827000+00:00,176,107,3,69,3,9582
2024-08-25T13:18:31.346000+00:00,276,122,3,154,3,9582
2024-08-25T13:18:55.827000+00:00,314,108,3,206,3,9582
2024-08-25T13:19:05.226000+00:00,230,184,4,46,3,9582
2024-08-25T13:19:30.906000+00:00,211,102,3,109,3,9582
2024-08-25T13:19:37.946000+00:00,181,111,3,70,3,9582
2024-08-25T13:19:49.307000+00:00,260,120,3,140,3,9582
2024-08-25T13:20:14.187000+00:00,301,108,3,193,3,9582
2024-08-25T13:20:23.267000+00:00,227,185,5,42,3,9582
2024-08-25T13:20:48.867000+00:00,210,106,3,104,3,9582
2024-08-25T13:20:55.627000+00:00,173,112,3,61,3,9582
2024-08-25T13:21:06.987000+00:00,258,113,3,145,3,9582
2024-08-25T13:21:31.708000+00:00,304,125,3,179,3,9582
2024-08-25T13:21:43.668000+00:00,175,128,3,47,3,9582
2024-08-25T13:22:02.627000+00:00,257,208,5,49,3,9582
2024-08-25T13:22:06.507000+00:00,207,111,3,96,3,9582
2024-08-25T13:22:12.947000+00:00,185,112,3,73,3,9582
2024-08-25T13:22:24.748000+00:00,265,125,3,140,3,9582
2024-08-25T13:22:49.548000+00:00,306,113,3,193,3,9582
2024-08-25T13:23:23.548000+00:00,217,120,3,97,3,9582
2024-08-25T13:23:30.268000+00:00,175,110,3,65,3,9582
2024-08-25T13:23:41.747000+00:00,266,128,3,138,3,9582
2024-08-25T13:24:06.827000+00:00,306,113,3,193,3,9582
2024-08-25T13:24:15.628000+00:00,227,185,4,42,3,9582
2024-08-25T13:24:41.187000+00:00,196,120,3,76,3,9582
2024-08-25T13:24:47.467000+00:00,176,111,3,65,3,9582
2024-08-25T13:24:59.468000+00:00,248,129,3,119,3,9582
2024-08-25T13:25:24.268000+00:00,293,113,3,180,3,9582
2024-08-25T13:25:35.628000+00:00,180,139,3,41,3,9582
2024-08-25T13:25:58.468000+00:00,216,106,3,110,3,9582
2024-08-25T13:26:04.948000+00:00,182,101,4,81,3,9582
2024-08-25T13:26:16.828000+00:00,251,128,3,123,3,9582
2024-08-25T13:26:41.588000+00:00,294,113,3,181,3,9582
2024-08-25T13:26:52.909000+00:00,181,138,3,43,3,9582
2024-08-25T13:27:15.748000+00:00,205,105,3,100,3,9582
2024-08-25T13:27:22.188000+00:00,174,114,3,60,3,9582
2024-08-25T13:27:33.829000+00:00,267,124,3,143,3,9582
2024-08-25T13:27:58.829000+00:00,284,115,3,169,3,9582
2024-08-25T13:28:07.349000+00:00,234,188,4,46,3,9582
2024-08-25T13:28:09.948000+00:00,183,135,3,48,3,9582
2024-08-25T13:28:32.789000+00:00,214,107,3,107,3,9582
2024-08-25T13:28:39.229000+00:00,187,111,3,76,3,9582
2024-08-25T13:28:51.028000+00:00,268,125,3,143,3,9582
2024-08-25T13:29:01.229000+00:00,233,187,4,46,3,9582
2024-08-25T13:29:16.068000+00:00,288,109,3,179,3,9582
2024-08-25T13:29:24.749000+00:00,229,183,4,46,3,9582
2024-08-25T13:29:27.429000+00:00,184,142,3,42,3,9582
2024-08-25T13:29:50.429000+00:00,206,114,3,92,3,9582
2024-08-25T13:29:56.788000+00:00,183,104,3,79,3,9582
2024-08-25T13:30:08.709000+00:00,228,123,3,105,3,9582
2024-08-25T13:30:18.549000+00:00,233,178,5,55,3,9582
2024-08-25T13:30:33.749000+00:00,289,112,3,177,3,9582
2024-08-25T13:31:07.789000+00:00,196,111,3,85,3,9582
2024-08-25T13:31:14.389000+00:00,165,104,3,61,3,9582
2024-08-25T13:31:26.029000+00:00,259,124,3,135,3,9582
2024-08-25T13:31:51.029000+00:00,267,115,3,152,3,9582
2024-08-25T13:32:24.749000+00:00,220,102,3,118,3,9582
2024-08-25T13:32:31.669000+00:00,173,107,3,66,3,9582
2024-08-25T13:32:43.230000+00:00,269,126,3,143,3,9582
2024-08-25T13:33:08.470000+00:00,254,114,3,140,3,9582
2024-08-25T13:33:42.430000+00:00,196,109,3,87,3,9582
2024-08-25T13:33:48.750000+00:00,183,106,3,77,3,9582
2024-08-25T13:34:00.550000+00:00,265,122,3,143,3,9582
2024-08-25T13:34:25.429000+00:00,306,117,3,189,3,9582
2024-08-25T13:34:34.150000+00:00,227,186,4,41,3,9582
2024-08-25T13:34:59.389000+00:00,208,110,3,98,3,9582
2024-08-25T13:35:05.989000+00:00,179,105,3,74,3,9582
2024-08-25T13:35:17.710000+00:00,254,123,3,131,3,9582
2024-08-25T13:35:42.630000+00:00,307,113,3,194,3,9582
2024-08-25T13:35:54.030000+00:00,181,135,3,46,3,9582
2024-08-25T13:36:17.030000+00:00,191,108,3,83,3,9582
2024-08-25T13:36:23.470000+00:00,172,107,3,65,3,9582
2024-08-25T13:36:35.030000+00:00,264,127,3,137,3,9582
2024-08-25T13:36:59.950000+00:00,307,116,3,191,3,9582
2024-08-25T13:37:11.231000+00:00,182,140,3,42,3,9582
2024-08-25T13:37:33.950000+00:00,214,109,3,105,3,9582
2024-08-25T13:37:40.550000+00:00,182,111,3,71,3,9582
2024-08-25T13:37:52.271000+00:00,253,131,3,122,3,9582
2024-08-25T13:38:17.031000+00:00,304,115,3,189,3,9582
2024-08-25T13:38:28.510000+00:00,180,135,3,45,3,9582
2024-08-25T13:38:51.311000+00:00,197,110,3,87,3,9582
2024-08-25T13:38:57.751000+00:00,181,103,3,78,3,9582
2024-08-25T13:39:09.991000+00:00,231,120,3,111,3,9582
2024-08-25T13:39:35.070000+00:00,269,116,3,153,3,9582
2024-08-25T13:40:09.351000+00:00,211,107,3,104,3,9582
2024-08-25T13:40:15.871000+00:00,185,113,3,72,3,9582
2024-08-25T13:40:28.711000+00:00,186,117,3,69,3,9582
2024-08-25T13:40:38.311000+00:00,232,187,4,45,3,9582
2024-08-25T13:40:48.352000+00:00,279,67,1,212,3,9582
2024-08-25T13:41:23.911000+00:00,223,173,4,50,3,9582
2024-08-25T13:41:40.231000+00:00,286,240,6,46,3,9582
2024-08-25T13:41:49.991000+00:00,211,120,3,91,3,9582
2024-08-25T13:41:56.271000+00:00,181,119,3,62,3,9582
2024-08-25T13:42:07.592000+00:00,259,124,3,135,3,9582
2024-08-25T13:42:32.311000+00:00,298,116,3,182,3,9582
2024-08-25T13:43:06.512000+00:00,210,117,3,93,3,9582
2024-08-25T13:43:12.591000+00:00,188,122,3,66,3,9582
2024-08-25T13:43:24.271000+00:00,234,128,3,106,3,9582
2024-08-25T13:43:48.632000+00:00,306,118,3,188,3,9582
2024-08-25T13:43:57.191000+00:00,235,194,5,41,3,9582
2024-08-25T13:43:59.752000+00:00,181,138,3,43,3,9582
2024-08-25T13:44:22.472000+00:00,203,119,3,84,3,9582
2024-08-25T13:44:28.672000+00:00,184,117,3,67,3,9582
2024-08-25T13:44:39.952000+00:00,270,126,3,144,3,9582
2024-08-25T13:45:05.032000+00:00,249,117,3,132,3,9582
2024-08-25T13:45:38.432000+00:00,209,120,3,89,3,9582
2024-08-25T13:45:44.792000+00:00,181,121,3,60,3,9582
2024-08-25T13:45:56.552000+00:00,220,129,3,91,3,9582
2024-08-25T13:46:20.952000+00:00,291,119,3,172,3,9582
2024-08-25T13:46:54.352000+00:00,220,119,3,101,3,9582
2024-08-25T13:47:00.792000+00:00,178,119,3,59,3,9582
2024-08-25T13:47:12.192000+00:00,264,130,3,134,3,9582
2024-08-25T13:47:36.313000+00:00,308,121,3,187,3,9582
2024-08-25T13:48:06.952000+00:00,260,214,5,46,3,9582
2024-08-25T13:48:10.753000+00:00,216,111,3,105,3,9582
2024-08-25T13:48:17.153000+00:00,187,121,3,66,3,9582
2024-08-25T13:48:28.152000+00:00,262,126,3,136,3,9582
2024-08-25T13:48:52.952000+00:00,291,117,3,174,3,9582
2024-08-25T13:49:26.233000+00:00,223,122,3,101,3,9582
2024-08-25T13:49:32.473000+00:00,186,123,3,63,3,9582
2024-08-25T13:49:44.193000+00:00,235,133,3,102,3,9582
2024-08-25T13:50:09.073000+00:00,222,122,3,100,3,9582
2024-08-25T13:50:41.833000+00:00,221,126,3,95,3,9582
2024-08-25T13:50:48.233000+00:00,185,121,3,64,3,9582
2024-08-25T13:50:59.593000+00:00,265,133,3,132,3,9582
2024-08-25T13:51:24.153000+00:00,293,121,3,172,3,9582
2024-08-25T13:51:35.273000+00:00,181,135,3,46,3,9582
2024-08-25T13:51:57.633000+00:00,221,119,3,102,3,9582
2024-08-25T13:52:03.873000+00:00,183,112,3,71,3,9582
2024-08-25T13:52:15.673000+00:00,247,132,3,115,3,9582
2024-08-25T13:52:40.234000+00:00,299,120,3,179,3,9582
2024-08-25T13:53:13.674000+00:00,218,127,3,91,3,9582
2024-08-25T13:53:19.954000+00:00,184,117,3,67,3,9582
2024-08-25T13:53:31.714000+00:00,249,124,3,125,3,9582
2024-08-25T13:53:56.713000+00:00,225,122,3,103,3,9582
2024-08-25T13:54:04.834000+00:00,230,189,4,41,3,9582
2024-08-25T13:54:29.793000+00:00,217,119,3,98,3,9582
2024-08-25T13:54:36.073000+00:00,183,111,3,72,3,9582
2024-08-25T13:54:47.674000+00:00,243,121,3,122,3,9582
2024-08-25T13:54:57.674000+00:00,231,188,4,43,3,9582
2024-08-25T13:55:11.674000+00:00,314,127,3,187,3,9582
2024-08-25T13:55:45.474000+00:00,216,113,3,103,3,9582
2024-08-25T13:55:52.114000+00:00,185,119,3,66,3,9582
2024-08-25T13:56:03.554000+00:00,266,125,3,141,3,9582
2024-08-25T13:56:13.514000+00:00,227,185,4,42,3,9582
2024-08-25T13:56:28.274000+00:00,307,116,3,191,3,9582
2024-08-25T13:56:39.554000+00:00,183,135,3,48,3,9582
2024-08-25T13:57:02.035000+00:00,198,112,3,86,3,9582
2024-08-25T13:57:08.435000+00:00,178,113,3,65,3,9582
2024-08-25T13:57:20.074000+00:00,253,121,3,132,3,9582
2024-08-25T13:57:44.594000+00:00,286,117,3,169,3,9582
2024-08-25T13:57:55.915000+00:00,183,142,3,41,3,9582
2024-08-25T13:58:18.314000+00:00,218,115,3,103,3,9582
2024-08-25T13:58:25.074000+00:00,174,108,3,66,3,9582
2024-08-25T13:58:36.155000+00:00,280,123,3,157,3,9582
2024-08-25T13:58:46.674000+00:00,224,178,4,46,3,9582
2024-08-25T13:59:00.635000+00:00,293,112,3,181,3,9582
2024-08-25T13:59:09.675000+00:00,230,185,4,45,3,9582
2024-08-25T13:59:34.755000+00:00,213,118,3,95,3,9582
2024-08-25T13:59:41.155000+00:00,180,109,3,71,3,9582
2024-08-25T13:59:52.594000+00:00,251,131,3,120,3,9582
2024-08-25T14:00:16.755000+00:00,328,116,3,212,3,9582
2024-08-25T14:00:25.835000+00:00,233,188,4,45,3,9582
2024-08-25T14:00:28.715000+00:00,176,135,3,41,3,9582
2024-08-25T14:00:47.235000+00:00,262,218,5,44,3,9582
2024-08-25T14:00:51.035000+00:00,211,117,3,94,3,9582
2024-08-25T14:00:57.595000+00:00,182,108,3,74,3,9582
2024-08-25T14:01:08.955000+00:00,253,119,3,134,3,9582
2024-08-25T14:01:33.515000+00:00,275,113,3,162,3,9582
2024-08-25T14:01:44.555000+00:00,185,135,3,50,3,9582
2024-08-25T14:02:06.875000+00:00,213,115,3,98,3,9582
2024-08-25T14:02:13.355000+00:00,187,116,3,71,3,9582
2024-08-25T14:02:24.676000+00:00,270,125,3,145,3,9582
2024-08-25T14:02:49.435000+00:00,293,111,3,182,3,9582
2024-08-25T14:03:22.835000+00:00,214,117,3,97,3,9582
2024-08-25T14:03:29.155000+00:00,182,119,3,63,3,9582
2024-08-25T14:03:40.875000+00:00,243,130,3,113,3,9582
2024-08-25T14:04:05.236000+00:00,297,125,4,172,3,9582
2024-08-25T14:04:35.275000+00:00,247,202,5,45,3,9582
2024-08-25T14:04:38.436000+00:00,161,102,2,59,3,9582
2024-08-25T14:04:46.796000+00:00,185,113,3,72,3,9582
2024-08-25T14:04:58.236000+00:00,261,121,3,140,3,9582
2024-08-25T14:05:22.596000+00:00,300,114,3,186,3,9582
2024-08-25T14:05:55.916000+00:00,224,117,3,107,3,9582
2024-08-25T14:06:02.436000+00:00,185,113,3,72,3,9582
2024-08-25T14:06:14.236000+00:00,251,126,3,125,3,9582
2024-08-25T14:06:24.036000+00:00,235,193,4,42,3,9582
2024-08-25T14:06:38.836000+00:00,300,118,3,182,3,9582
2024-08-25T14:07:12.036000+00:00,204,121,3,83,3,9582
2024-08-25T14:07:18.476000+00:00,177,119,3,58,3,9582
2024-08-25T14:07:29.916000+00:00,258,130,3,128,3,9582
2024-08-25T14:07:54.597000+00:00,283,116,3,167,3,9582
2024-08-25T14:08:27.677000+00:00,205,114,3,91,3,9582
2024-08-25T14:08:34.037000+00:00,186,121,3,65,3,9582
2024-08-25T14:08:45.476000+00:00,266,127,3,139,3,9582
2024-08-25T14:09:09.916000+00:00,282,122,3,160,3,9582
2024-08-25T14:09:42.797000+00:00,221,123,3,98,3,9582
2024-08-25T14:09:49.197000+00:00,179,113,3,66,3,9582
2024-08-25T14:10:00.917000+00:00,245,131,3,114,3,9582
2024-08-25T14:10:24.997000+00:00,306,125,3,181,3,9582
2024-08-25T14:10:58.517000+00:00,199,114,3,85,3,9582
2024-08-25T14:11:04.757000+00:00,182,112,3,70,3,9582
2024-08-25T14:11:16.477000+00:00,241,127,3,114,3,9582
2024-08-25T14:11:40.597000+00:00,308,116,3,192,3,9582
2024-08-25T14:12:10.038000+00:00,261,219,5,42,3,9582
2024-08-25T14:12:13.677000+00:00,217,118,3,99,3,9582
2024-08-25T14:12:19.957000+00:00,185,115,3,70,3,9582
2024-08-25T14:12:31.557000+00:00,269,129,3,140,3,9582
2024-08-25T14:12:56.078000+00:00,287,121,3,166,3,9582
2024-08-25T14:13:07.117000+00:00,186,142,3,44,3,9582
2024-08-25T14:13:29.238000+00:00,222,114,3,108,3,9582
2024-08-25T14:13:35.478000+00:00,186,120,3,66,3,9582
2024-08-25T14:13:47.077000+00:00,269,126,3,143,3,9582
2024-08-25T14:13:56.878000+00:00,234,193,4,41,3,9582
2024-08-25T14:14:11.518000+00:00,285,114,3,171,3,9582
2024-08-25T14:14:44.678000+00:00,199,114,3,85,3,9582
2024-08-25T14:14:50.918000+00:00,187,116,3,71,3,9582
2024-08-25T14:15:02.438000+00:00,264,148,4,116,3,9582
2024-08-25T14:15:26.637000+00:00,308,116,3,192,3,9582
2024-08-25T14:16:00.198000+00:00,200,115,3,85,3,9582
2024-08-25T14:16:06.238000+00:00,186,112,3,74,3,9582
2024-08-25T14:16:18.118000+00:00,247,126,3,121,3,9582
2024-08-25T14:16:42.398000+00:00,309,114,3,195,3,9582
2024-08-25T14:17:15.758000+00:00,215,114,3,101,3,9582
2024-08-25T14:17:22.198000+00:00,176,123,3,53,3,9582
2024-08-25T14:17:33.559000+00:00,270,127,3,143,3,9582
2024-08-25T14:17:58.199000+00:00,270,122,3,148,3,9582
2024-08-25T14:18:31.479000+00:00,207,110,3,97,3,9582
2024-08-25T14:18:37.839000+00:00,183,111,3,72,3,9582
2024-08-25T14:18:49.278000+00:00,252,124,3,128,3,9582
2024-08-25T14:19:13.599000+00:00,307,112,3,195,3,9582
2024-08-25T14:19:47.039000+00:00,204,116,3,88,3,9582
2024-08-25T14:19:53.399000+00:00,178,121,3,57,3,9582
2024-08-25T14:20:04.919000+00:00,263,129,3,134,3,9582
2024-08-25T14:20:14.639000+00:00,237,195,4,42,3,9582
2024-08-25T14:20:29.278000+00:00,285,115,3,170,3,9582
2024-08-25T14:20:40.239000+00:00,188,141,3,47,3,9582
2024-08-25T14:21:02.079000+00:00,226,113,3,113,3,9582
2024-08-25T14:21:08.679000+00:00,182,112,3,70,3,9582
2024-08-25T14:21:20.359000+00:00,260,129,3,131,3,9582
2024-08-25T14:21:30.039000+00:00,237,196,5,41,3,9582
2024-08-25T14:21:44.639000+00:00,309,113,3,196,3,9582
2024-08-25T14:22:17.879000+00:00,212,111,3,101,3,9582
2024-08-25T14:22:24.479000+00:00,180,110,3,70,3,9582
2024-08-25T14:22:36+00:00,259,126,3,133,3,9582
2024-08-25T14:23:00.239000+00:00,292,115,3,177,3,9582
2024-08-25T14:23:33.079000+00:00,222,114,3,108,3,9582
2024-08-25T14:23:39.759000+00:00,183,110,3,73,3,9582
2024-08-25T14:23:51.200000+00:00,263,136,3,127,3,9582
2024-08-25T14:24:15.480000+00:00,308,118,3,190,3,9582
2024-08-25T14:24:48.680000+00:00,208,117,3,91,3,9582
2024-08-25T14:24:55.080000+00:00,177,112,3,65,3,9582
2024-08-25T14:25:06.760000+00:00,270,150,3,120,3,9582
2024-08-25T14:25:16.560000+00:00,236,191,4,45,3,9582
2024-08-25T14:25:31+00:00,306,115,3,191,3,9582
2024-08-25T14:26:04.200000+00:00,219,113,3,106,3,9582
2024-08-25T14:26:10.640000+00:00,182,110,3,72,3,9582
2024-08-25T14:26:22.320000+00:00,261,130,3,131,3,9582
2024-08-25T14:26:46.720000+00:00,298,116,3,182,3,9582
2024-08-25T14:26:57.641000+00:00,185,138,3,47,3,9582
2024-08-25T14:27:19.521000+00:00,222,113,3,109,3,9582
2024-08-25T14:27:26.201000+00:00,179,118,3,61,3,9582
2024-08-25T14:27:37.721000+00:00,248,135,3,113,3,9582
2024-08-25T14:28:02+00:00,305,118,3,187,3,9582
2024-08-25T14:28:35.280000+00:00,212,118,3,94,3,9582
2024-08-25T14:28:41.960000+00:00,179,108,3,71,3,9582
2024-08-25T14:28:53.241000+00:00,272,125,3,147,3,9582
2024-08-25T14:29:17.081000+00:00,318,114,3,204,3,9582
2024-08-25T14:29:47.281000+00:00,259,214,5,45,3,9582
2024-08-25T14:29:50.841000+00:00,213,112,3,101,3,9582
2024-08-25T14:29:57.761000+00:00,173,109,3,64,3,9582
2024-08-25T14:30:09.001000+00:00,242,114,3,128,3,9582
2024-08-25T14:30:19.161000+00:00,235,193,5,42,3,9582
2024-08-25T14:30:32.761000+00:00,315,113,3,202,3,9582
2024-08-25T14:30:41.842000+00:00,234,190,5,44,3,9582
2024-08-25T14:31:06.601000+00:00,204,109,3,95,3,9582
2024-08-25T14:31:13.241000+00:00,183,114,3,69,3,9582
2024-08-25T14:31:24.081000+00:00,279,120,3,159,3,9582
2024-08-25T14:31:49.202000+00:00,297,114,3,183,3,9582
2024-08-25T14:31:57.841000+00:00,232,190,5,42,3,9582
2024-08-25T14:32:22.482000+00:00,215,105,3,110,3,9582
2024-08-25T14:32:29.282000+00:00,180,103,3,77,3,9582
2024-08-25T14:32:40.802000+00:00,280,127,3,153,3,9582
2024-08-25T14:33:04.841000+00:00,319,119,3,200,3,9582
2024-08-25T14:33:13.802000+00:00,224,181,4,43,3,9582
2024-08-25T14:33:38.962000+00:00,208,111,3,97,3,9582
2024-08-25T14:33:45.241000+00:00,184,104,3,80,3,9582
2024-08-25T14:33:56.842000+00:00,271,119,3,152,3,9582
2024-08-25T14:34:20.162000+00:00,289,82,2,207,3,9582
2024-08-25T12:21:29.855000+00:00,205,126,3,79,4,9582
2024-08-25T12:21:36.255000+00:00,187,133,3,54,4,9582
2024-08-25T12:21:47.495000+00:00,244,126,3,118,4,9582
2024-08-25T12:21:56.655000+00:00,203,128,3,75,4,9582
2024-08-25T12:22:15.015000+00:00,196,52,1,144,4,9582
2024-08-25T12:23:16.695000+00:00,211,128,3,83,4,9582
2024-08-25T12:23:22.855000+00:00,186,141,3,45,4,9582
2024-08-25T12:23:34.175000+00:00,242,133,3,109,4,9582
2024-08-25T12:23:43.695000+00:00,215,163,4,52,4,9582
2024-08-25T12:23:59.176000+00:00,221,54,1,167,4,9582
2024-08-25T12:25:01.175000+00:00,205,122,3,83,4,9582
2024-08-25T12:25:07.376000+00:00,186,109,3,77,4,9582
2024-08-25T12:25:19.096000+00:00,233,129,3,104,4,9582
2024-08-25T12:25:39.416000+00:00,172,122,3,50,4,9582
2024-08-25T13:00:07.863000+00:00,201,107,2,94,4,9582
2024-08-25T13:00:37.663000+00:00,222,120,3,102,4,9582
2024-08-25T13:00:53.143000+00:00,195,122,2,73,4,9582
2024-08-25T13:00:59.503000+00:00,181,119,2,62,4,9582
2024-08-25T13:01:11.863000+00:00,180,95,2,85,4,9582
2024-08-25T13:01:31.343000+00:00,162,82,2,80,4,9582
2024-08-25T13:03:19.024000+00:00,222,117,2,105,4,9582
2024-08-25T13:03:27.744000+00:00,224,179,4,45,4,9582
2024-08-25T13:03:53.624000+00:00,212,129,3,83,4,9582
2024-08-25T13:03:59.864000+00:00,189,133,3,56,4,9582
2024-08-25T13:04:10.943000+00:00,253,128,3,125,4,9582
2024-08-25T13:04:20.824000+00:00,228,187,4,41,4,9582
2024-08-25T13:04:35.343000+00:00,295,134,3,161,4,9582
2024-08-25T13:04:59.984000+00:00,276,235,5,41,4,9582
2024-08-25T13:05:09.783000+00:00,203,118,3,85,4,9582
2024-08-25T13:05:16.063000+00:00,183,130,3,53,4,9582
2024-08-25T13:05:27.304000+00:00,236,128,3,108,4,9582
2024-08-25T13:05:51.584000+00:00,287,133,3,154,4,9582
2024-08-25T13:06:26.264000+00:00,191,131,3,60,4,9582
2024-08-25T13:06:32.384000+00:00,185,135,3,50,4,9582
2024-08-25T13:06:43.704000+00:00,254,137,3,117,4,9582
2024-08-25T13:07:08.224000+00:00,287,126,3,161,4,9582
2024-08-25T13:07:42.585000+00:00,212,121,3,91,4,9582
2024-08-25T13:07:48.745000+00:00,185,128,3,57,4,9582
2024-08-25T13:08:00.104000+00:00,254,131,3,123,4,9582
2024-08-25T13:08:24.784000+00:00,266,125,3,141,4,9582
2024-08-25T13:08:58.584000+00:00,211,123,3,88,4,9582
2024-08-25T13:09:05.024000+00:00,182,130,3,52,4,9582
2024-08-25T13:09:16.225000+00:00,263,131,3,132,4,9582
2024-08-25T13:09:40.865000+00:00,290,131,3,159,4,9582
2024-08-25T13:10:14.865000+00:00,198,123,3,75,4,9582
2024-08-25T13:10:21.225000+00:00,184,131,3,53,4,9582
2024-08-25T13:10:32.664000+00:00,251,128,3,123,4,9582
2024-08-25T13:10:56.865000+00:00,293,122,3,171,4,9582
2024-08-25T13:11:08.545000+00:00,179,136,3,43,4,9582
2024-08-25T13:11:30.985000+00:00,210,118,3,92,4,9582
2024-08-25T13:11:48.865000+00:00,261,132,3,129,4,9582
2024-08-25T13:12:13.345000+00:00,303,124,3,179,4,9582
2024-08-25T13:12:24.626000+00:00,187,141,3,46,4,9582
2024-08-25T13:12:47.225000+00:00,207,128,3,79,4,9582
2024-08-25T13:12:53.665000+00:00,183,136,3,47,4,9582
2024-08-25T13:13:05.226000+00:00,261,135,3,126,4,9582
2024-08-25T13:13:29.465000+00:00,295,124,3,171,4,9582
2024-08-25T13:13:53.586000+00:00,280,235,5,45,4,9582
2024-08-25T13:14:03.346000+00:00,213,117,3,96,4,9582
2024-08-25T13:14:21.385000+00:00,263,136,3,127,4,9582
2024-08-25T13:14:46.026000+00:00,297,123,3,174,4,9582
2024-08-25T13:15:10.026000+00:00,282,238,6,44,4,9582
2024-08-25T13:15:19.746000+00:00,214,111,3,103,4,9582
2024-08-25T13:15:26.386000+00:00,181,135,3,46,4,9582
2024-08-25T13:15:37.906000+00:00,257,131,3,126,4,9582
2024-08-25T13:16:02.266000+00:00,296,129,3,167,4,9582
2024-08-25T13:16:36.506000+00:00,197,113,3,84,4,9582
2024-08-25T13:16:54.427000+00:00,252,138,3,114,4,9582
2024-08-25T13:17:18.826000+00:00,281,124,3,157,4,9582
2024-08-25T13:17:42.747000+00:00,278,237,6,41,4,9582
2024-08-25T13:17:52.626000+00:00,207,126,3,81,4,9582
2024-08-25T13:17:58.986000+00:00,175,111,3,64,4,9582
2024-08-25T13:18:10.346000+00:00,265,128,3,137,4,9582
2024-08-25T13:18:34.867000+00:00,288,123,3,165,4,9582
2024-08-25T13:18:46.267000+00:00,182,139,3,43,4,9582
2024-08-25T13:19:08.747000+00:00,210,117,3,93,4,9582
2024-08-25T13:19:26.707000+00:00,260,132,3,128,4,9582
2024-08-25T13:19:51.186000+00:00,284,124,3,160,4,9582
2024-08-25T13:20:02.587000+00:00,178,135,3,43,4,9582
2024-08-25T13:20:24.747000+00:00,212,112,3,100,4,9582
2024-08-25T13:20:43.747000+00:00,200,129,3,71,4,9582
2024-08-25T13:21:07.347000+00:00,303,119,3,184,4,9582
2024-08-25T13:21:41.307000+00:00,206,111,3,95,4,9582
2024-08-25T13:21:47.747000+00:00,178,117,3,61,4,9582
2024-08-25T13:21:59.227000+00:00,267,127,3,140,4,9582
2024-08-25T13:22:24.068000+00:00,261,121,3,140,4,9582
2024-08-25T13:22:35.307000+00:00,180,135,3,45,4,9582
2024-08-25T13:22:57.188000+00:00,218,120,3,98,4,9582
2024-08-25T13:23:03.868000+00:00,183,132,3,51,4,9582
2024-08-25T13:23:15.427000+00:00,245,133,3,112,4,9582
2024-08-25T13:23:39.308000+00:00,324,99,3,225,4,9582
2024-08-25T13:23:51.268000+00:00,172,125,3,47,4,9582
2024-08-25T13:24:13.387000+00:00,212,113,3,99,4,9582
2024-08-25T13:24:20.067000+00:00,179,129,3,50,4,9582
2024-08-25T13:24:31.548000+00:00,270,133,3,137,4,9582
2024-08-25T13:24:55.548000+00:00,302,127,3,175,4,9582
2024-08-25T13:25:29.108000+00:00,211,116,3,95,4,9582
2024-08-25T13:25:35.628000+00:00,185,115,3,70,4,9582
2024-08-25T13:25:47.349000+00:00,260,127,3,133,4,9582
2024-08-25T13:26:11.948000+00:00,279,127,3,152,4,9582
2024-08-25T13:26:44.868000+00:00,220,111,3,109,4,9582
2024-08-25T13:26:51.268000+00:00,184,124,3,60,4,9582
2024-08-25T13:27:03.228000+00:00,263,123,3,140,4,9582
2024-08-25T13:27:27.629000+00:00,292,123,3,169,4,9582
2024-08-25T13:27:39.029000+00:00,179,137,3,42,4,9582
2024-08-25T13:28:00.829000+00:00,217,112,3,105,4,9582
2024-08-25T13:28:07.349000+00:00,182,115,3,67,4,9582
2024-08-25T13:28:19.309000+00:00,266,126,3,140,4,9582
2024-08-25T13:28:43.748000+00:00,288,124,3,164,4,9582
2024-08-25T13:28:54.829000+00:00,187,145,3,42,4,9582
2024-08-25T13:29:17.068000+00:00,201,113,3,88,4,9582
2024-08-25T13:29:23.428000+00:00,183,111,3,72,4,9582
2024-08-25T13:29:35.029000+00:00,263,129,3,134,4,9582
2024-08-25T13:29:44.949000+00:00,232,190,5,42,4,9582
2024-08-25T13:29:59.589000+00:00,271,120,3,151,4,9582
2024-08-25T13:30:32.469000+00:00,218,125,3,93,4,9582
2024-08-25T13:30:38.949000+00:00,184,114,3,70,4,9582
2024-08-25T13:30:50.869000+00:00,250,131,3,119,4,9582
2024-08-25T13:31:15.029000+00:00,302,124,3,178,4,9582
2024-08-25T13:31:48.349000+00:00,217,114,3,103,4,9582
2024-08-25T13:31:55.109000+00:00,172,125,3,47,4,9582
2024-08-25T13:32:06.549000+00:00,265,133,3,132,4,9582
2024-08-25T13:32:16.550000+00:00,232,188,5,44,4,9582
2024-08-25T13:32:31.109000+00:00,287,129,3,158,4,9582
2024-08-25T13:33:00.589000+00:00,251,209,5,42,4,9582
2024-08-25T13:33:04.150000+00:00,220,109,3,111,4,9582
2024-08-25T13:33:10.790000+00:00,178,131,3,47,4,9582
2024-08-25T13:33:22.430000+00:00,260,133,3,127,4,9582
2024-08-25T13:33:46.589000+00:00,301,123,3,178,4,9582
2024-08-25T13:33:57.830000+00:00,186,139,3,47,4,9582
2024-08-25T13:34:19.949000+00:00,218,117,3,101,4,9582
2024-08-25T13:34:26.589000+00:00,166,120,3,46,4,9582
2024-08-25T13:34:38.150000+00:00,255,129,3,126,4,9582
2024-08-25T13:35:02.510000+00:00,285,133,3,152,4,9582
2024-08-25T13:35:13.550000+00:00,190,147,3,43,4,9582
2024-08-25T13:35:35.670000+00:00,212,115,3,97,4,9582
2024-08-25T13:35:42.150000+00:00,184,134,3,50,4,9582
2024-08-25T13:35:53.870000+00:00,259,130,3,129,4,9582
2024-08-25T13:36:18.150000+00:00,306,125,3,181,4,9582
2024-08-25T13:36:47.870000+00:00,256,208,5,48,4,9582
2024-08-25T13:36:51.631000+00:00,207,115,3,92,4,9582
2024-08-25T13:36:58.271000+00:00,169,112,3,57,4,9582
2024-08-25T13:37:09.590000+00:00,266,129,3,137,4,9582
2024-08-25T13:37:33.790000+00:00,301,126,3,175,4,9582
2024-08-25T13:38:03.670000+00:00,255,207,5,48,4,9582
2024-08-25T13:38:07.190000+00:00,214,112,3,102,4,9582
2024-08-25T13:38:13.990000+00:00,171,115,4,56,4,9582
2024-08-25T13:38:25.471000+00:00,261,134,3,127,4,9582
2024-08-25T13:38:45.151000+00:00,277,52,1,225,4,9582
2024-08-25T13:39:47.111000+00:00,205,129,3,76,4,9582
2024-08-25T13:39:52.991000+00:00,187,138,3,49,4,9582
2024-08-25T13:40:04.151000+00:00,270,134,3,136,4,9582
2024-08-25T13:40:13.871000+00:00,237,195,5,42,4,9582
2024-08-25T13:40:28.711000+00:00,258,130,3,128,4,9582
2024-08-25T13:40:39.631000+00:00,176,133,3,43,4,9582
2024-08-25T13:41:01.552000+00:00,216,121,3,95,4,9582
2024-08-25T13:41:07.992000+00:00,183,133,3,50,4,9582
2024-08-25T13:41:18.751000+00:00,266,133,3,133,4,9582
2024-08-25T13:41:42.831000+00:00,306,128,3,178,4,9582
2024-08-25T13:42:16.151000+00:00,205,124,3,81,4,9582
2024-08-25T13:42:22.112000+00:00,185,123,3,62,4,9582
2024-08-25T13:42:33.351000+00:00,265,138,3,127,4,9582
2024-08-25T13:42:57.191000+00:00,299,135,3,164,4,9582
2024-08-25T13:43:08.232000+00:00,186,136,3,50,4,9582
2024-08-25T13:43:30.671000+00:00,198,131,3,67,4,9582
2024-08-25T13:43:36.511000+00:00,184,133,3,51,4,9582
2024-08-25T13:43:47.752000+00:00,261,135,3,126,4,9582
2024-08-25T13:44:11.911000+00:00,289,139,3,150,4,9582
2024-08-25T13:44:22.752000+00:00,190,138,3,52,4,9582
2024-08-25T13:44:44.751000+00:00,221,134,3,87,4,9582
2024-08-25T13:44:51.191000+00:00,181,132,3,49,4,9582
2024-08-25T13:45:02.512000+00:00,250,130,3,120,4,9582
2024-08-25T13:45:26.392000+00:00,285,129,3,156,4,9582
2024-08-25T13:45:37.312000+00:00,188,146,3,42,4,9582
2024-08-25T13:45:59.472000+00:00,218,128,3,90,4,9582
2024-08-25T13:46:05.592000+00:00,188,147,3,41,4,9582
2024-08-25T13:46:16.792000+00:00,264,136,3,128,4,9582
2024-08-25T13:46:40.912000+00:00,290,129,3,161,4,9582
2024-08-25T13:46:51.712000+00:00,190,141,3,49,4,9582
2024-08-25T13:47:13.792000+00:00,214,118,3,96,4,9582
2024-08-25T13:47:20.192000+00:00,185,123,3,62,4,9582
2024-08-25T13:47:31.353000+00:00,262,134,3,128,4,9582
2024-08-25T13:47:55.512000+00:00,293,136,3,157,4,9582
2024-08-25T13:48:06.112000+00:00,194,141,3,53,4,9582
2024-08-25T13:48:28.152000+00:00,223,121,3,102,4,9582
2024-08-25T13:48:34.392000+00:00,182,140,3,42,4,9582
2024-08-25T13:48:45.713000+00:00,260,140,3,120,4,9582
2024-08-25T13:49:09.393000+00:00,299,123,3,176,4,9582
2024-08-25T13:49:20.552000+00:00,189,145,3,44,4,9582
2024-08-25T13:49:42.873000+00:00,214,120,3,94,4,9582
2024-08-25T13:49:48.753000+00:00,185,130,3,55,4,9582
2024-08-25T13:50:00.352000+00:00,266,136,3,130,4,9582
2024-08-25T13:50:24.313000+00:00,291,127,3,164,4,9582
2024-08-25T13:50:57.433000+00:00,216,123,3,93,4,9582
2024-08-25T13:51:03.593000+00:00,187,122,3,65,4,9582
2024-08-25T13:51:14.833000+00:00,268,137,3,131,4,9582
2024-08-25T13:51:38.793000+00:00,296,131,3,165,4,9582
2024-08-25T13:51:49.793000+00:00,181,137,3,44,4,9582
2024-08-25T13:52:11.833000+00:00,209,122,3,87,4,9582
2024-08-25T13:52:17.953000+00:00,187,119,3,68,4,9582
2024-08-25T13:52:29.433000+00:00,270,133,3,137,4,9582
2024-08-25T13:52:39.354000+00:00,237,193,5,44,4,9582
2024-08-25T13:52:53.514000+00:00,299,129,3,170,4,9582
2024-08-25T13:53:04.433000+00:00,191,142,3,49,4,9582
2024-08-25T13:53:26.634000+00:00,218,125,3,93,4,9582
2024-08-25T13:53:32.754000+00:00,189,121,3,68,4,9582
2024-08-25T13:53:44.313000+00:00,259,137,3,122,4,9582
2024-08-25T13:54:08.114000+00:00,298,130,3,168,4,9582
2024-08-25T13:54:19.194000+00:00,189,141,3,48,4,9582
2024-08-25T13:54:41.274000+00:00,216,128,3,88,4,9582
2024-08-25T13:54:47.674000+00:00,181,132,3,49,4,9582
2024-08-25T13:54:58.954000+00:00,273,140,3,133,4,9582
2024-08-25T13:55:23.074000+00:00,298,124,3,174,4,9582
2024-08-25T13:55:53.114000+00:00,254,213,5,41,4,9582
2024-08-25T13:55:56.554000+00:00,212,119,3,93,4,9582
2024-08-25T13:56:02.875000+00:00,183,126,3,57,4,9582
2024-08-25T13:56:14.274000+00:00,265,133,3,132,4,9582
2024-08-25T13:56:37.914000+00:00,320,124,3,196,4,9582
2024-08-25T13:57:11.434000+00:00,219,129,3,90,4,9582
2024-08-25T13:57:17.594000+00:00,185,131,3,54,4,9582
2024-08-25T13:57:29.115000+00:00,262,135,3,127,4,9582
2024-08-25T13:57:53.354000+00:00,293,124,3,169,4,9582
2024-08-25T13:58:04.234000+00:00,189,146,3,43,4,9582
2024-08-25T13:58:26.114000+00:00,220,118,3,102,4,9582
2024-08-25T13:58:32.234000+00:00,186,115,3,71,4,9582
2024-08-25T13:58:43.795000+00:00,264,136,3,128,4,9582
2024-08-25T13:59:07.595000+00:00,296,125,3,171,4,9582
2024-08-25T13:59:18.714000+00:00,193,150,3,43,4,9582
2024-08-25T13:59:40.555000+00:00,220,123,3,97,4,9582
2024-08-25T13:59:46.995000+00:00,180,127,3,53,4,9582
2024-08-25T13:59:58.554000+00:00,267,137,3,130,4,9582
2024-08-25T14:00:22.595000+00:00,297,125,3,172,4,9582
2024-08-25T14:00:33.595000+00:00,191,145,3,46,4,9582
2024-08-25T14:00:55.435000+00:00,218,116,3,102,4,9582
2024-08-25T14:01:01.875000+00:00,184,128,3,56,4,9582
2024-08-25T14:01:13.475000+00:00,248,133,3,115,4,9582
2024-08-25T14:01:23.035000+00:00,240,194,5,46,4,9582
2024-08-25T14:01:37.275000+00:00,284,128,3,156,4,9582
2024-08-25T14:02:10.115000+00:00,214,117,3,97,4,9582
2024-08-25T14:02:16.395000+00:00,184,127,3,57,4,9582
2024-08-25T14:02:27.875000+00:00,260,126,3,134,4,9582
2024-08-25T14:02:37.796000+00:00,234,188,5,46,4,9582
2024-08-25T14:02:52.036000+00:00,293,127,3,166,4,9582
2024-08-25T14:03:03.115000+00:00,188,139,3,49,4,9582
2024-08-25T14:03:25.316000+00:00,209,115,3,94,4,9582
2024-08-25T14:03:31.676000+00:00,175,126,3,49,4,9582
2024-08-25T14:03:42.715000+00:00,266,128,3,138,4,9582
2024-08-25T14:04:06.756000+00:00,305,130,3,175,4,9582
2024-08-25T14:04:39.796000+00:00,221,125,3,96,4,9582
2024-08-25T14:04:46.316000+00:00,175,131,3,44,4,9582
2024-08-25T14:04:57.996000+00:00,242,139,3,103,4,9582
2024-08-25T14:05:21.716000+00:00,294,129,3,165,4,9582
2024-08-25T14:05:32.756000+00:00,195,151,3,44,4,9582
2024-08-25T14:05:54.836000+00:00,218,116,3,102,4,9582
2024-08-25T14:06:00.916000+00:00,181,123,3,58,4,9582
2024-08-25T14:06:12.316000+00:00,264,134,3,130,4,9582
2024-08-25T14:06:22.356000+00:00,239,197,5,42,4,9582
2024-08-25T14:06:36.316000+00:00,294,133,3,161,4,9582
2024-08-25T14:06:47.397000+00:00,191,146,3,45,4,9582
2024-08-25T14:07:09.076000+00:00,222,124,3,98,4,9582
2024-08-25T14:07:15.436000+00:00,179,127,3,52,4,9582
2024-08-25T14:07:26.957000+00:00,266,136,3,130,4,9582
2024-08-25T14:07:51.236000+00:00,300,136,3,164,4,9582
2024-08-25T14:08:24.036000+00:00,221,116,3,105,4,9582
2024-08-25T14:08:30.236000+00:00,185,125,3,60,4,9582
2024-08-25T14:08:41.917000+00:00,265,131,3,134,4,9582
2024-08-25T14:09:05.717000+00:00,301,116,3,185,4,9582
2024-08-25T14:09:17.196000+00:00,184,136,3,48,4,9582
2024-08-25T14:09:39.077000+00:00,206,118,3,88,4,9582
2024-08-25T14:09:45.237000+00:00,186,133,3,53,4,9582
2024-08-25T14:09:56.556000+00:00,270,135,3,135,4,9582
2024-08-25T14:10:06.437000+00:00,242,195,5,47,4,9582
2024-08-25T14:10:20.437000+00:00,303,128,3,175,4,9582
2024-08-25T14:10:31.677000+00:00,187,134,3,53,4,9582
2024-08-25T14:10:53.437000+00:00,216,114,3,102,4,9582
2024-08-25T14:10:59.797000+00:00,183,123,3,60,4,9582
2024-08-25T14:11:11.077000+00:00,262,134,3,128,4,9582
2024-08-25T14:11:34.877000+00:00,301,136,3,165,4,9582
2024-08-25T14:12:07.757000+00:00,224,115,3,109,4,9582
2024-08-25T14:12:14.077000+00:00,186,132,3,54,4,9582
2024-08-25T14:12:25.477000+00:00,264,127,3,137,4,9582
2024-08-25T14:12:49.598000+00:00,295,128,3,167,4,9582
2024-08-25T14:13:00.717000+00:00,184,137,3,47,4,9582
2024-08-25T14:13:22.678000+00:00,202,112,3,90,4,9582
2024-08-25T14:13:28.918000+00:00,179,132,3,47,4,9582
2024-08-25T14:13:40.397000+00:00,257,130,3,127,4,9582
2024-08-25T14:14:04.318000+00:00,298,123,3,175,4,9582
2024-08-25T14:14:15.358000+00:00,191,148,3,43,4,9582
2024-08-25T14:14:37.238000+00:00,216,112,3,104,4,9582
2024-08-25T14:14:43.558000+00:00,183,118,3,65,4,9582
2024-08-25T14:14:55.038000+00:00,270,139,3,131,4,9582
2024-08-25T14:15:19.477000+00:00,299,128,3,171,4,9582
2024-08-25T14:15:30.398000+00:00,186,140,3,46,4,9582
2024-08-25T14:15:52.038000+00:00,223,110,3,113,4,9582
2024-08-25T14:15:58.638000+00:00,183,110,3,73,4,9582
2024-08-25T14:16:10.358000+00:00,269,128,3,141,4,9582
2024-08-25T14:16:20.438000+00:00,240,199,5,41,4,9582
2024-08-25T14:16:34.158000+00:00,313,123,3,190,4,9582
2024-08-25T14:16:45.558000+00:00,194,140,3,54,4,9582
2024-08-25T14:17:07.158000+00:00,229,113,3,116,4,9582
2024-08-25T14:17:13.799000+00:00,177,109,3,68,4,9582
2024-08-25T14:17:25.479000+00:00,250,136,3,114,4,9582
2024-08-25T14:17:49.518000+00:00,292,127,3,165,4,9582
2024-08-25T14:18:00.439000+00:00,191,148,3,43,4,9582
2024-08-25T14:18:22.158000+00:00,222,107,3,115,4,9582
2024-08-25T14:18:28.598000+00:00,185,131,3,54,4,9582
2024-08-25T14:18:39.759000+00:00,274,147,3,127,4,9582
2024-08-25T14:19:03.838000+00:00,302,122,3,180,4,9582
2024-08-25T14:19:15.118000+00:00,187,140,3,47,4,9582
2024-08-25T14:19:36.758000+00:00,218,112,3,106,4,9582
2024-08-25T14:19:43.358000+00:00,185,116,3,69,4,9582
2024-08-25T14:19:54.639000+00:00,272,132,3,140,4,9582
2024-08-25T14:20:04.919000+00:00,233,183,5,50,4,9582
2024-08-25T14:20:18.639000+00:00,312,135,3,177,4,9582
2024-08-25T14:20:51.959000+00:00,223,117,3,106,4,9582
2024-08-25T14:20:58.399000+00:00,186,127,3,59,4,9582
2024-08-25T14:21:10.079000+00:00,248,129,3,119,4,9582
2024-08-25T14:21:33.879000+00:00,302,130,3,172,4,9582
2024-08-25T14:22:06.359000+00:00,227,114,3,113,4,9582
2024-08-25T14:22:13.119000+00:00,178,129,3,49,4,9582
2024-08-25T14:22:24.279000+00:00,269,134,3,135,4,9582
2024-08-25T14:22:48.480000+00:00,285,130,3,155,4,9582
2024-08-25T14:22:59.359000+00:00,191,139,3,52,4,9582
2024-08-25T14:23:21+00:00,218,111,3,107,4,9582
2024-08-25T14:23:27.680000+00:00,175,121,3,54,4,9582
2024-08-25T14:23:39.039000+00:00,255,142,3,113,4,9582
2024-08-25T14:24:03.360000+00:00,289,124,3,165,4,9582
2024-08-25T14:24:35.640000+00:00,223,112,3,111,4,9582
2024-08-25T14:24:42.440000+00:00,180,112,3,68,4,9582
2024-08-25T14:24:53.880000+00:00,258,131,3,127,4,9582
2024-08-25T14:25:18.080000+00:00,288,136,3,152,4,9582
2024-08-25T14:25:50.880000+00:00,190,111,3,79,4,9582
2024-08-25T14:25:57.120000+00:00,174,129,3,45,4,9582
2024-08-25T14:26:08.640000+00:00,248,124,3,124,4,9582
2024-08-25T14:26:18.441000+00:00,238,193,6,45,4,9582
2024-08-25T14:26:32.761000+00:00,294,128,3,166,4,9582
2024-08-25T14:26:43.560000+00:00,195,147,3,48,4,9582
2024-08-25T14:27:05.401000+00:00,211,115,3,96,4,9582
2024-08-25T14:27:12.041000+00:00,171,110,3,61,4,9582
2024-08-25T14:27:23.400000+00:00,257,134,3,123,4,9582
2024-08-25T14:27:47.480000+00:00,284,130,3,154,4,9582
2024-08-25T14:28:19.801000+00:00,220,111,3,109,4,9582
2024-08-25T14:28:26.401000+00:00,177,132,3,45,4,9582
2024-08-25T14:28:37.801000+00:00,268,129,3,139,4,9582
2024-08-25T14:29:02.080000+00:00,295,124,3,171,4,9582
2024-08-25T14:29:12.881000+00:00,191,145,3,46,4,9582
2024-08-25T14:29:34.481000+00:00,224,116,3,108,4,9582
2024-08-25T14:29:52.521000+00:00,269,130,3,139,4,9582
2024-08-25T14:30:02.641000+00:00,237,195,5,42,4,9582
2024-08-25T14:30:16.681000+00:00,287,124,3,163,4,9582
2024-08-25T14:30:49.361000+00:00,220,115,3,105,4,9582
2024-08-25T14:30:56.041000+00:00,181,109,3,72,4,9582
2024-08-25T14:31:07.401000+00:00,264,126,3,138,4,9582
2024-08-25T14:31:17.401000+00:00,237,196,5,41,4,9582
2024-08-25T14:31:31.441000+00:00,298,123,3,175,4,9582
2024-08-25T14:31:42.362000+00:00,193,148,3,45,4,9582
2024-08-25T14:32:00.722000+00:00,255,212,5,43,4,9582
2024-08-25T14:32:04.321000+00:00,215,119,3,96,4,9582
2024-08-25T14:32:10.681000+00:00,190,116,3,74,4,9582
2024-08-25T14:32:22.482000+00:00,255,130,3,125,4,9582
2024-08-25T14:32:46.802000+00:00,272,134,3,138,4,9582
2024-08-25T14:32:57.361000+00:00,192,147,3,45,4,9582
2024-08-25T14:33:18.521000+00:00,231,109,3,122,4,9582
2024-08-25T14:33:25.241000+00:00,179,122,3,57,4,9582
2024-08-25T14:33:36.602000+00:00,264,127,3,137,4,9582
2024-08-25T14:33:59.482000+00:00,295,116,2,179,4,9582
2024-08-25T12:21:58.255000+00:00,249,195,5,54,10,9582
2024-08-25T12:22:01.975000+00:00,208,112,3,96,10,9582
2024-08-25T12:22:20.015000+00:00,253,122,3,131,10,9582
2024-08-25T12:22:30.335000+00:00,217,167,4,50,10,9582
2024-08-25T12:23:47.455000+00:00,224,170,4,54,10,9582
2024-08-25T12:24:09.655000+00:00,253,206,5,47,10,9582
2024-08-25T12:24:13.256000+00:00,218,124,3,94,10,9582
2024-08-25T12:24:19.536000+00:00,194,124,3,70,10,9582
2024-08-25T12:24:30.936000+00:00,258,135,3,123,10,9582
2024-08-25T12:24:40.775000+00:00,218,173,4,45,10,9582
2024-08-25T12:24:45.976000+00:00,212,126,3,86,10,9582
2024-08-25T12:24:50.016000+00:00,112,71,2,41,10,9582
2024-08-25T12:25:05.576000+00:00,105,55,1,50,10,9582
2024-08-25T12:26:02.976000+00:00,209,127,3,82,10,9582
2024-08-25T12:26:09.176000+00:00,187,123,3,64,10,9582
2024-08-25T12:26:20.536000+00:00,251,127,3,124,10,9582
2024-08-25T12:26:30.136000+00:00,223,182,4,41,10,9582
2024-08-25T12:27:30.256000+00:00,220,175,4,45,10,9582
2024-08-25T12:27:55.896000+00:00,211,128,3,83,10,9582
2024-08-25T12:28:02.696000+00:00,177,130,3,47,10,9582
2024-08-25T12:28:14.417000+00:00,195,115,3,80,10,9582
2024-08-25T13:00:27.462000+00:00,175,104,2,71,10,9582
2024-08-25T13:01:06.702000+00:00,197,58,2,139,10,9582
2024-08-25T13:01:18.223000+00:00,164,119,3,45,10,9582
2024-08-25T13:01:29.383000+00:00,234,52,1,182,10,9582
2024-08-25T13:01:52.183000+00:00,196,85,2,111,10,9582
2024-08-25T13:02:03.783000+00:00,132,52,1,80,10,9582
2024-08-25T13:03:18.864000+00:00,225,112,3,113,10,9582
2024-08-25T13:03:28.263000+00:00,225,156,4,69,10,9582
2024-08-25T13:03:45.384000+00:00,282,205,5,77,10,9582
2024-08-25T13:03:51.664000+00:00,253,186,5,67,10,9582
2024-08-25T13:03:55.863000+00:00,215,112,3,103,10,9582
2024-08-25T13:04:02.223000+00:00,192,120,3,72,10,9582
2024-08-25T13:04:13.344000+00:00,264,115,3,149,10,9582
2024-08-25T13:04:39.704000+00:00,297,111,3,186,10,9582
2024-08-25T13:04:47.984000+00:00,224,169,4,55,10,9582
2024-08-25T13:05:03.984000+00:00,277,230,6,47,10,9582
2024-08-25T13:05:14.384000+00:00,206,117,3,89,10,9582
2024-08-25T13:05:20.424000+00:00,183,130,3,53,10,9582
2024-08-25T13:05:31.584000+00:00,261,116,3,145,10,9582
2024-08-25T13:05:56.143000+00:00,319,119,3,200,10,9582
2024-08-25T13:06:05.184000+00:00,232,183,4,49,10,9582
2024-08-25T13:06:30.584000+00:00,210,120,3,90,10,9582
2024-08-25T13:06:37.064000+00:00,186,123,3,63,10,9582
2024-08-25T13:06:48.504000+00:00,256,123,3,133,10,9582
2024-08-25T13:06:58.344000+00:00,231,186,6,45,10,9582
2024-08-25T13:07:13.264000+00:00,297,117,3,180,10,9582
2024-08-25T13:07:43.745000+00:00,253,201,5,52,10,9582
2024-08-25T13:07:47.304000+00:00,217,122,3,95,10,9582
2024-08-25T13:07:54.024000+00:00,185,114,3,71,10,9582
2024-08-25T13:08:05.464000+00:00,268,127,3,141,10,9582
2024-08-25T13:08:30.185000+00:00,284,121,3,163,10,9582
2024-08-25T13:08:41.745000+00:00,178,132,3,46,10,9582
2024-08-25T13:09:04.385000+00:00,211,122,3,89,10,9582
2024-08-25T13:09:10.945000+00:00,174,124,3,50,10,9582
2024-08-25T13:09:22.185000+00:00,252,121,3,131,10,9582
2024-08-25T13:09:46.865000+00:00,305,115,3,190,10,9582
2024-08-25T13:09:58.385000+00:00,187,130,3,57,10,9582
2024-08-25T13:10:17.265000+00:00,253,205,5,48,10,9582
2024-08-25T13:10:20.705000+00:00,217,132,3,85,10,9582
2024-08-25T13:10:27.465000+00:00,186,118,3,68,10,9582
2024-08-25T13:10:38.904000+00:00,247,123,3,124,10,9582
2024-08-25T13:11:03.505000+00:00,283,116,3,167,10,9582
2024-08-25T13:11:33.705000+00:00,255,208,5,47,10,9582
2024-08-25T13:11:37.225000+00:00,218,116,3,102,10,9582
2024-08-25T13:11:44.065000+00:00,185,123,3,62,10,9582
2024-08-25T13:11:55.905000+00:00,213,127,3,86,10,9582
2024-08-25T13:12:20.385000+00:00,288,113,3,175,10,9582
2024-08-25T13:12:32.066000+00:00,174,129,3,45,10,9582
2024-08-25T13:12:50.745000+00:00,253,206,5,47,10,9582
2024-08-25T13:12:54.305000+00:00,210,119,3,91,10,9582
2024-08-25T13:13:01.145000+00:00,176,126,3,50,10,9582
2024-08-25T13:13:12.706000+00:00,246,136,3,110,10,9582
2024-08-25T13:13:22.665000+00:00,228,184,5,44,10,9582
2024-08-25T13:13:37.386000+00:00,299,119,3,180,10,9582
2024-08-25T13:13:48.945000+00:00,182,137,3,45,10,9582
2024-08-25T13:14:07.825000+00:00,251,209,5,42,10,9582
2024-08-25T13:14:11.306000+00:00,218,117,3,101,10,9582
2024-08-25T13:14:18.066000+00:00,183,116,3,67,10,9582
2024-08-25T13:14:29.706000+00:00,260,126,3,134,10,9582
2024-08-25T13:14:54.386000+00:00,309,108,3,201,10,9582
2024-08-25T13:15:24.546000+00:00,254,212,5,42,10,9582
2024-08-25T13:15:28.465000+00:00,201,118,3,83,10,9582
2024-08-25T13:15:35.106000+00:00,174,127,3,47,10,9582
2024-08-25T13:15:46.546000+00:00,265,124,3,141,10,9582
2024-08-25T13:15:56.746000+00:00,223,182,4,41,10,9582
2024-08-25T13:16:11.586000+00:00,292,131,3,161,10,9582
2024-08-25T13:16:20.466000+00:00,223,127,4,96,10,9582
2024-08-25T13:16:37.226000+00:00,281,213,6,68,10,9582
2024-08-25T13:16:47.226000+00:00,209,116,3,93,10,9582
2024-08-25T13:16:54.106000+00:00,183,117,3,66,10,9582
2024-08-25T13:17:05.466000+00:00,277,112,3,165,10,9582
2024-08-25T13:17:16.067000+00:00,225,183,4,42,10,9582
2024-08-25T13:17:30.866000+00:00,288,108,3,180,10,9582
2024-08-25T13:18:01.307000+00:00,246,201,5,45,10,9582
2024-08-25T13:18:05.026000+00:00,207,116,3,91,10,9582
2024-08-25T13:18:23.307000+00:00,252,129,3,123,10,9582
2024-08-25T13:18:33.507000+00:00,230,178,4,52,10,9582
2024-08-25T13:18:48.147000+00:00,298,114,3,184,10,9582
2024-08-25T13:18:57.067000+00:00,232,188,5,44,10,9582
2024-08-25T13:19:18.666000+00:00,251,205,5,46,10,9582
2024-08-25T13:19:22.147000+00:00,218,120,3,98,10,9582
2024-08-25T13:19:28.867000+00:00,181,126,3,55,10,9582
2024-08-25T13:19:40.547000+00:00,253,128,3,125,10,9582
2024-08-25T13:19:50.387000+00:00,230,182,4,48,10,9582
2024-08-25T13:20:05.147000+00:00,302,121,3,181,10,9582
2024-08-25T13:20:16.467000+00:00,185,127,3,58,10,9582
2024-08-25T13:20:35.347000+00:00,247,206,5,41,10,9582
2024-08-25T13:20:38.867000+00:00,215,117,3,98,10,9582
2024-08-25T13:20:45.587000+00:00,181,134,3,47,10,9582
2024-08-25T13:20:57.427000+00:00,256,124,3,132,10,9582
2024-08-25T13:21:22.067000+00:00,300,115,3,185,10,9582
2024-08-25T13:21:33.347000+00:00,181,136,3,45,10,9582
2024-08-25T13:21:56.107000+00:00,210,125,3,85,10,9582
2024-08-25T13:22:02.627000+00:00,179,123,3,56,10,9582
2024-08-25T13:22:14.267000+00:00,265,125,3,140,10,9582
2024-08-25T13:22:24.388000+00:00,225,181,5,44,10,9582
2024-08-25T13:22:39.267000+00:00,296,125,3,171,10,9582
2024-08-25T13:22:47.787000+00:00,230,188,5,42,10,9582
2024-08-25T13:22:50.388000+00:00,187,142,3,45,10,9582
2024-08-25T13:23:09.308000+00:00,252,196,5,56,10,9582
2024-08-25T13:23:13.347000+00:00,198,113,3,85,10,9582
2024-08-25T13:23:19.787000+00:00,182,117,3,65,10,9582
2024-08-25T13:23:31.708000+00:00,214,119,3,95,10,9582
2024-08-25T13:23:56.748000+00:00,238,119,3,119,10,9582
2024-08-25T13:24:04.948000+00:00,229,187,5,42,10,9582
2024-08-25T13:24:07.587000+00:00,188,143,3,45,10,9582
2024-08-25T13:24:20.507000+00:00,276,229,6,47,10,9582
2024-08-25T13:24:30.268000+00:00,210,118,3,92,10,9582
2024-08-25T13:24:36.908000+00:00,179,121,3,58,10,9582
2024-08-25T13:24:48.708000+00:00,239,124,3,115,10,9582
2024-08-25T13:25:13.308000+00:00,302,120,3,182,10,9582
2024-08-25T13:25:24.748000+00:00,187,137,3,50,10,9582
2024-08-25T13:25:43.468000+00:00,255,200,5,55,10,9582
2024-08-25T13:25:47.109000+00:00,219,121,3,98,10,9582
2024-08-25T13:25:53.949000+00:00,183,129,3,54,10,9582
2024-08-25T13:26:05.588000+00:00,255,126,3,129,10,9582
2024-08-25T13:26:15.548000+00:00,230,169,4,61,10,9582
2024-08-25T13:26:30.628000+00:00,296,120,3,176,10,9582
2024-08-25T13:26:41.948000+00:00,182,137,3,45,10,9582
2024-08-25T13:27:04.348000+00:00,217,120,3,97,10,9582
2024-08-25T13:27:11.188000+00:00,171,122,3,49,10,9582
2024-08-25T13:27:22.868000+00:00,262,129,3,133,10,9582
2024-08-25T13:27:48.069000+00:00,251,117,3,134,10,9582
2024-08-25T13:27:59.149000+00:00,182,136,3,46,10,9582
2024-08-25T13:28:21.549000+00:00,198,118,3,80,10,9582
2024-08-25T13:28:28.229000+00:00,183,114,3,69,10,9582
2024-08-25T13:28:40.069000+00:00,249,127,3,122,10,9582
2024-08-25T13:28:49.868000+00:00,231,182,4,49,10,9582
2024-08-25T13:29:04.869000+00:00,299,119,3,180,10,9582
2024-08-25T13:29:16.068000+00:00,186,133,3,53,10,9582
2024-08-25T13:29:34.749000+00:00,253,196,5,57,10,9582
2024-08-25T13:29:38.629000+00:00,202,112,3,90,10,9582
2024-08-25T13:29:45.709000+00:00,164,116,3,48,10,9582
2024-08-25T13:29:56.788000+00:00,264,126,3,138,10,9582
2024-08-25T13:30:07.069000+00:00,230,181,4,49,10,9582
2024-08-25T13:30:22.229000+00:00,269,119,3,150,10,9582
2024-08-25T13:30:33.349000+00:00,179,138,3,41,10,9582
2024-08-25T13:30:52.229000+00:00,249,201,5,48,10,9582
2024-08-25T13:30:55.909000+00:00,208,116,3,92,10,9582
2024-08-25T13:31:02.790000+00:00,177,117,3,60,10,9582
2024-08-25T13:31:14.589000+00:00,246,135,3,111,10,9582
2024-08-25T13:31:24.549000+00:00,226,185,4,41,10,9582
2024-08-25T13:31:39.269000+00:00,295,120,3,175,10,9582
2024-08-25T13:31:50.709000+00:00,177,136,3,41,10,9582
2024-08-25T13:32:09.270000+00:00,252,203,5,49,10,9582
2024-08-25T13:32:13.149000+00:00,207,112,3,95,10,9582
2024-08-25T13:32:19.749000+00:00,181,116,3,65,10,9582
2024-08-25T13:32:31.669000+00:00,239,129,3,110,10,9582
2024-08-25T13:32:41.550000+00:00,227,177,4,50,10,9582
2024-08-25T13:32:56.510000+00:00,267,115,3,152,10,9582
2024-08-25T13:33:04.949000+00:00,234,190,5,44,10,9582
2024-08-25T13:33:26.469000+00:00,254,199,5,55,10,9582
2024-08-25T13:33:30.110000+00:00,211,114,3,97,10,9582
2024-08-25T13:33:36.950000+00:00,180,123,3,57,10,9582
2024-08-25T13:33:48.750000+00:00,227,132,3,95,10,9582
2024-08-25T13:33:58.309000+00:00,230,178,5,52,10,9582
2024-08-25T13:34:13.149000+00:00,300,121,3,179,10,9582
2024-08-25T13:34:21.750000+00:00,233,191,5,42,10,9582
2024-08-25T13:34:24.710000+00:00,176,135,3,41,10,9582
2024-08-25T13:34:43.390000+00:00,248,201,5,47,10,9582
2024-08-25T13:34:47.150000+00:00,205,115,3,90,10,9582
2024-08-25T13:34:53.710000+00:00,184,118,3,66,10,9582
2024-08-25T13:35:05.589000+00:00,233,130,3,103,10,9582
2024-08-25T13:35:30.150000+00:00,301,120,3,181,10,9582
2024-08-25T13:35:41.470000+00:00,188,141,3,47,10,9582
2024-08-25T13:36:00.150000+00:00,253,200,5,53,10,9582
2024-08-25T13:36:04.070000+00:00,211,117,3,94,10,9582
2024-08-25T13:36:10.630000+00:00,187,112,3,75,10,9582
2024-08-25T13:36:22.550000+00:00,251,128,3,123,10,9582
2024-08-25T13:36:32.431000+00:00,230,185,4,45,10,9582
2024-08-25T13:36:47.190000+00:00,290,125,3,165,10,9582
2024-08-25T13:37:17.230000+00:00,254,206,5,48,10,9582
2024-08-25T13:37:20.750000+00:00,214,121,3,93,10,9582
2024-08-25T13:37:27.630000+00:00,184,128,3,56,10,9582
2024-08-25T13:37:39.391000+00:00,250,125,3,125,10,9582
2024-08-25T13:38:03.951000+00:00,296,117,3,179,10,9582
2024-08-25T13:38:12.551000+00:00,233,182,5,51,10,9582
2024-08-25T13:38:15.470000+00:00,182,128,3,54,10,9582
2024-08-25T13:38:28.190000+00:00,277,224,6,53,10,9582
2024-08-25T13:38:34.270000+00:00,245,194,5,51,10,9582
2024-08-25T13:38:37.991000+00:00,207,111,3,96,10,9582
2024-08-25T13:38:44.911000+00:00,178,111,3,67,10,9582
2024-08-25T13:38:56.911000+00:00,221,122,3,99,10,9582
2024-08-25T13:39:06.751000+00:00,229,172,4,57,10,9582
2024-08-25T13:39:21.270000+00:00,294,108,3,186,10,9582
2024-08-25T13:39:30.671000+00:00,224,178,5,46,10,9582
2024-08-25T13:39:46.311000+00:00,277,226,6,51,10,9582
2024-08-25T13:39:52.351000+00:00,255,197,5,58,10,9582
2024-08-25T13:39:56.231000+00:00,210,107,3,103,10,9582
2024-08-25T13:40:03.191000+00:00,173,110,3,63,10,9582
2024-08-25T13:40:14.750000+00:00,248,100,2,148,10,9582
2024-08-25T13:40:25.751000+00:00,230,174,4,56,10,9582
2024-08-25T13:40:40.311000+00:00,309,115,3,194,10,9582
2024-08-25T13:41:14.792000+00:00,214,110,3,104,10,9582
2024-08-25T13:41:21.872000+00:00,181,120,3,61,10,9582
2024-08-25T13:41:33.351000+00:00,267,122,3,145,10,9582
2024-08-25T13:41:43.591000+00:00,227,181,5,46,10,9582
2024-08-25T13:41:58.391000+00:00,290,123,3,167,10,9582
2024-08-25T13:42:09.871000+00:00,190,147,3,43,10,9582
2024-08-25T13:42:22.711000+00:00,274,233,6,41,10,9582
2024-08-25T13:42:28.472000+00:00,255,208,5,47,10,9582
2024-08-25T13:42:32.311000+00:00,204,114,3,90,10,9582
2024-08-25T13:42:38.951000+00:00,182,121,3,61,10,9582
2024-08-25T13:42:50.791000+00:00,257,126,3,131,10,9582
2024-08-25T13:43:00.912000+00:00,228,187,5,41,10,9582
2024-08-25T13:43:15.912000+00:00,288,113,3,175,10,9582
2024-08-25T13:43:45.791000+00:00,250,196,5,54,10,9582
2024-08-25T13:43:49.432000+00:00,217,118,3,99,10,9582
2024-08-25T13:43:56.512000+00:00,171,109,3,62,10,9582
2024-08-25T13:44:07.992000+00:00,259,123,3,136,10,9582
2024-08-25T13:44:18.191000+00:00,224,178,4,46,10,9582
2024-08-25T13:44:28.472000+00:00,291,53,1,238,10,9582
2024-08-25T13:45:05.552000+00:00,211,166,4,45,10,9582
2024-08-25T13:45:21.672000+00:00,271,226,6,45,10,9582
2024-08-25T13:45:27.472000+00:00,257,191,5,66,10,9582
2024-08-25T13:45:37.832000+00:00,187,126,3,61,10,9582
2024-08-25T13:45:48.912000+00:00,261,120,3,141,10,9582
2024-08-25T13:45:58.952000+00:00,231,172,4,59,10,9582
2024-08-25T13:46:13.592000+00:00,298,121,3,177,10,9582
2024-08-25T13:46:24.832000+00:00,188,128,3,60,10,9582
2024-08-25T13:46:38.112000+00:00,273,230,6,43,10,9582
2024-08-25T13:46:43.953000+00:00,249,205,5,44,10,9582
2024-08-25T13:46:47.472000+00:00,219,122,3,97,10,9582
2024-08-25T13:46:54.032000+00:00,183,133,3,50,10,9582
2024-08-25T13:47:05.392000+00:00,228,128,3,100,10,9582
2024-08-25T13:47:14.832000+00:00,227,181,5,46,10,9582
2024-08-25T13:47:29.312000+00:00,293,121,3,172,10,9582
2024-08-25T13:47:40.352000+00:00,192,140,3,52,10,9582
2024-08-25T13:48:02.513000+00:00,221,122,3,99,10,9582
2024-08-25T13:48:09.073000+00:00,191,136,3,55,10,9582
2024-08-25T13:48:20.552000+00:00,236,127,3,109,10,9582
2024-08-25T13:48:30.073000+00:00,232,185,4,47,10,9582
2024-08-25T13:48:44.553000+00:00,303,119,3,184,10,9582
2024-08-25T13:48:55.553000+00:00,191,118,3,73,10,9582
2024-08-25T13:49:08.993000+00:00,269,228,6,41,10,9582
2024-08-25T13:49:14.913000+00:00,246,200,5,46,10,9582
2024-08-25T13:49:18.673000+00:00,215,119,3,96,10,9582
2024-08-25T13:49:25.073000+00:00,188,115,3,73,10,9582
2024-08-25T13:49:36.593000+00:00,236,132,3,104,10,9582
2024-08-25T13:49:46.233000+00:00,230,172,4,58,10,9582
2024-08-25T13:50:01.113000+00:00,283,115,3,168,10,9582
2024-08-25T13:50:09.713000+00:00,233,184,5,49,10,9582
2024-08-25T13:50:12.393000+00:00,186,144,3,42,10,9582
2024-08-25T13:50:31.393000+00:00,249,206,5,43,10,9582
2024-08-25T13:50:35.073000+00:00,212,122,3,90,10,9582
2024-08-25T13:50:41.673000+00:00,181,123,3,58,10,9582
2024-08-25T13:50:53.033000+00:00,240,128,3,112,10,9582
2024-08-25T13:51:17.073000+00:00,300,123,3,177,10,9582
2024-08-25T13:51:47.034000+00:00,252,200,5,52,10,9582
2024-08-25T13:51:50.793000+00:00,209,117,3,92,10,9582
2024-08-25T13:51:57.193000+00:00,186,120,3,66,10,9582
2024-08-25T13:52:08.633000+00:00,258,131,3,127,10,9582
2024-08-25T13:52:18.473000+00:00,229,188,5,41,10,9582
2024-08-25T13:52:33.114000+00:00,279,122,3,157,10,9582
2024-08-25T13:52:44.273000+00:00,184,137,3,47,10,9582
2024-08-25T13:53:03.353000+00:00,240,190,5,50,10,9582
2024-08-25T13:53:06.754000+00:00,215,112,3,103,10,9582
2024-08-25T13:53:13.514000+00:00,177,120,3,57,10,9582
2024-08-25T13:53:24.193000+00:00,274,119,3,155,10,9582
2024-08-25T13:53:35.953000+00:00,224,166,4,58,10,9582
2024-08-25T13:53:50.953000+00:00,327,124,3,203,10,9582
2024-08-25T13:53:59.754000+00:00,228,183,5,45,10,9582
2024-08-25T13:54:02.153000+00:00,185,136,3,49,10,9582
2024-08-25T13:54:21.074000+00:00,254,204,5,50,10,9582
2024-08-25T13:54:24.754000+00:00,217,120,3,97,10,9582
2024-08-25T13:54:31.394000+00:00,183,113,3,70,10,9582
2024-08-25T13:54:42.713000+00:00,256,144,3,112,10,9582
2024-08-25T13:54:52.834000+00:00,219,173,5,46,10,9582
2024-08-25T13:55:07.634000+00:00,292,113,3,179,10,9582
2024-08-25T13:55:18.874000+00:00,192,142,3,50,10,9582
2024-08-25T13:55:41.034000+00:00,221,118,3,103,10,9582
2024-08-25T13:55:47.554000+00:00,189,127,3,62,10,9582
2024-08-25T13:55:59.034000+00:00,262,128,3,134,10,9582
2024-08-25T13:56:23.474000+00:00,301,107,3,194,10,9582
2024-08-25T13:56:32.074000+00:00,234,192,5,42,10,9582
2024-08-25T13:56:34.514000+00:00,188,142,3,46,10,9582
2024-08-25T13:56:53.434000+00:00,250,202,5,48,10,9582
2024-08-25T13:56:56.994000+00:00,221,122,3,99,10,9582
2024-08-25T13:57:03.674000+00:00,178,125,3,53,10,9582
2024-08-25T13:57:15.115000+00:00,251,129,3,122,10,9582
2024-08-25T13:57:24.834000+00:00,230,180,5,50,10,9582
2024-08-25T13:57:39.394000+00:00,297,117,3,180,10,9582
2024-08-25T13:57:50.634000+00:00,189,141,3,48,10,9582
2024-08-25T13:58:09.475000+00:00,253,200,5,53,10,9582
2024-08-25T13:58:12.994000+00:00,216,121,3,95,10,9582
2024-08-25T13:58:19.554000+00:00,182,124,3,58,10,9582
2024-08-25T13:58:31.034000+00:00,247,139,3,108,10,9582
2024-08-25T13:58:55.675000+00:00,284,125,3,159,10,9582
2024-08-25T13:59:03.875000+00:00,233,192,5,41,10,9582
2024-08-25T13:59:06.594000+00:00,187,143,3,44,10,9582
2024-08-25T13:59:25.194000+00:00,252,203,5,49,10,9582
2024-08-25T13:59:28.715000+00:00,218,123,3,95,10,9582
2024-08-25T13:59:35.235000+00:00,187,116,3,71,10,9582
2024-08-25T13:59:46.675000+00:00,261,130,3,131,10,9582
2024-08-25T14:00:11.155000+00:00,290,118,3,172,10,9582
2024-08-25T14:00:19.675000+00:00,234,192,5,42,10,9582
2024-08-25T14:00:22.235000+00:00,187,139,3,48,10,9582
2024-08-25T14:00:44.555000+00:00,217,115,3,102,10,9582
2024-08-25T14:00:51.035000+00:00,181,120,3,61,10,9582
2024-08-25T14:01:02.675000+00:00,245,130,3,115,10,9582
2024-08-25T14:01:27.555000+00:00,218,122,3,96,10,9582
2024-08-25T14:01:37.995000+00:00,177,134,3,43,10,9582
2024-08-25T14:01:56.195000+00:00,254,212,5,42,10,9582
2024-08-25T14:01:59.955000+00:00,218,118,3,100,10,9582
2024-08-25T14:02:06.475000+00:00,186,130,3,56,10,9582
2024-08-25T14:02:18.076000+00:00,251,134,3,117,10,9582
2024-08-25T14:02:42.275000+00:00,301,123,3,178,10,9582
2024-08-25T14:02:53.515000+00:00,185,135,3,50,10,9582
2024-08-25T14:03:12.196000+00:00,252,208,5,44,10,9582
2024-08-25T14:03:15.915000+00:00,190,121,3,69,10,9582
2024-08-25T14:03:22.515000+00:00,185,117,3,68,10,9582
2024-08-25T14:03:33.755000+00:00,263,129,3,134,10,9582
2024-08-25T14:03:58.476000+00:00,292,119,3,173,10,9582
2024-08-25T14:04:09.155000+00:00,193,150,3,43,10,9582
2024-08-25T14:04:31.596000+00:00,220,118,3,102,10,9582
2024-08-25T14:04:37.956000+00:00,190,125,3,65,10,9582
2024-08-25T14:04:49.436000+00:00,252,134,3,118,10,9582
2024-08-25T14:05:13.796000+00:00,299,115,3,184,10,9582
2024-08-25T14:05:24.876000+00:00,191,147,3,44,10,9582
2024-08-25T14:05:46.916000+00:00,222,125,3,97,10,9582
2024-08-25T14:05:53.356000+00:00,185,120,3,65,10,9582
2024-08-25T14:06:04.876000+00:00,264,130,3,134,10,9582
2024-08-25T14:06:14.676000+00:00,232,184,5,48,10,9582
2024-08-25T14:06:29.316000+00:00,303,121,3,182,10,9582
2024-08-25T14:06:58.996000+00:00,251,208,5,43,10,9582
2024-08-25T14:07:02.796000+00:00,203,115,3,88,10,9582
2024-08-25T14:07:09.076000+00:00,183,125,3,58,10,9582
2024-08-25T14:07:20.637000+00:00,261,131,3,130,10,9582
2024-08-25T14:07:45.076000+00:00,290,115,3,175,10,9582
2024-08-25T14:07:56.036000+00:00,193,140,3,53,10,9582
2024-08-25T14:08:09.076000+00:00,279,235,6,44,10,9582
2024-08-25T14:08:18.476000+00:00,213,129,3,84,10,9582
2024-08-25T14:08:24.916000+00:00,173,123,3,50,10,9582
2024-08-25T14:08:36.476000+00:00,228,129,3,99,10,9582
2024-08-25T14:09:00.357000+00:00,302,120,3,182,10,9582
2024-08-25T14:09:11.476000+00:00,197,143,3,54,10,9582
2024-08-25T14:09:29.836000+00:00,254,210,5,44,10,9582
2024-08-25T14:09:33.517000+00:00,196,115,3,81,10,9582
2024-08-25T14:09:40.157000+00:00,173,121,3,52,10,9582
2024-08-25T14:09:51.276000+00:00,267,130,3,137,10,9582
2024-08-25T14:10:16.197000+00:00,242,112,3,130,10,9582
2024-08-25T14:10:26.757000+00:00,188,144,3,44,10,9582
2024-08-25T14:10:48.557000+00:00,220,120,3,100,10,9582
2024-08-25T14:10:55.157000+00:00,178,120,3,58,10,9582
2024-08-25T14:11:06.357000+00:00,264,129,3,135,10,9582
2024-08-25T14:11:30.757000+00:00,298,141,3,157,10,9582
2024-08-25T14:11:41.477000+00:00,203,123,3,80,10,9582
2024-08-25T14:12:03.398000+00:00,222,123,3,99,10,9582
2024-08-25T14:12:10.238000+00:00,176,119,3,57,10,9582
2024-08-25T14:12:21.477000+00:00,255,135,3,120,10,9582
2024-08-25T14:12:31.077000+00:00,235,190,5,45,10,9582
2024-08-25T14:12:45.557000+00:00,301,128,3,173,10,9582
2024-08-25T14:13:18.757000+00:00,214,118,3,96,10,9582
2024-08-25T14:13:24.957000+00:00,188,127,3,61,10,9582
2024-08-25T14:13:36.518000+00:00,261,134,3,127,10,9582
2024-08-25T14:13:46.197000+00:00,231,186,5,45,10,9582
2024-08-25T14:14:01.037000+00:00,267,125,3,142,10,9582
2024-08-25T14:14:11.718000+00:00,200,146,3,54,10,9582
2024-08-25T14:14:33.557000+00:00,223,123,3,100,10,9582
2024-08-25T14:14:40.317000+00:00,177,116,3,61,10,9582
2024-08-25T14:14:51.718000+00:00,257,136,3,121,10,9582
2024-08-25T14:15:16.318000+00:00,257,120,3,137,10,9582
2024-08-25T14:15:27.038000+00:00,187,145,3,42,10,9582
2024-08-25T14:15:48.958000+00:00,216,132,3,84,10,9582
2024-08-25T14:15:55.598000+00:00,185,122,3,63,10,9582
2024-08-25T14:16:07.158000+00:00,247,135,3,112,10,9582
2024-08-25T14:16:16.758000+00:00,236,176,4,60,10,9582
2024-08-25T14:16:30.558000+00:00,328,115,3,213,10,9582
2024-08-25T14:16:39.639000+00:00,239,187,5,52,10,9582
2024-08-25T14:16:42.158000+00:00,185,136,3,49,10,9582
2024-08-25T14:17:00.758000+00:00,260,204,5,56,10,9582
2024-08-25T14:17:04.318000+00:00,219,107,3,112,10,9582
2024-08-25T14:17:11.118000+00:00,178,106,3,72,10,9582
2024-08-25T14:17:21.878000+00:00,277,117,3,160,10,9582
2024-08-25T14:17:46.519000+00:00,303,111,3,192,10,9582
2024-08-25T14:17:55.398000+00:00,234,180,5,54,10,9582
2024-08-25T14:17:58.199000+00:00,176,134,3,42,10,9582
2024-08-25T14:18:17.078000+00:00,254,208,5,46,10,9582
2024-08-25T14:18:20.599000+00:00,206,106,3,100,10,9582
2024-08-25T14:18:27.119000+00:00,183,113,3,70,10,9582
2024-08-25T14:18:38.199000+00:00,269,123,3,146,10,9582
2024-08-25T14:18:48.358000+00:00,236,188,5,48,10,9582
2024-08-25T14:19:02.398000+00:00,309,127,3,182,10,9582
2024-08-25T14:19:10.999000+00:00,231,190,5,41,10,9582
2024-08-25T14:19:32.239000+00:00,249,203,5,46,10,9582
2024-08-25T14:19:35.558000+00:00,221,118,3,103,10,9582
2024-08-25T14:19:42.438000+00:00,186,116,3,70,10,9582
2024-08-25T14:19:53.959000+00:00,256,119,3,137,10,9582
2024-08-25T14:20:03.919000+00:00,230,177,5,53,10,9582
2024-08-25T14:20:18.919000+00:00,291,110,3,181,10,9582
2024-08-25T14:20:28.119000+00:00,226,175,4,51,10,9582
2024-08-25T14:20:43.759000+00:00,283,233,6,50,10,9582
2024-08-25T14:20:52.999000+00:00,222,108,3,114,10,9582
2024-08-25T14:20:59.799000+00:00,183,119,3,64,10,9582
2024-08-25T14:21:11.279000+00:00,247,127,3,120,10,9582
2024-08-25T14:21:20.919000+00:00,235,185,5,50,10,9582
2024-08-25T14:21:35.520000+00:00,295,111,3,184,10,9582
2024-08-25T14:21:46.479000+00:00,191,144,3,47,10,9582
2024-08-25T14:22:04.959000+00:00,252,200,5,52,10,9582
2024-08-25T14:22:08.520000+00:00,220,118,3,102,10,9582
2024-08-25T14:22:15.080000+00:00,189,128,3,61,10,9582
2024-08-25T14:22:26.719000+00:00,236,129,3,107,10,9582
2024-08-25T14:22:50.999000+00:00,282,110,3,172,10,9582
2024-08-25T14:23:01.800000+00:00,186,141,3,45,10,9582
2024-08-25T14:23:20.319000+00:00,254,213,5,41,10,9582
2024-08-25T14:23:23.720000+00:00,224,116,3,108,10,9582
2024-08-25T14:23:30.440000+00:00,185,123,3,62,10,9582
2024-08-25T14:23:42.120000+00:00,234,128,3,106,10,9582
2024-08-25T14:23:51.759000+00:00,230,189,5,41,10,9582
2024-08-25T14:24:05.999000+00:00,303,118,3,185,10,9582
2024-08-25T14:24:16.880000+00:00,195,144,3,51,10,9582
2024-08-25T14:24:39.359000+00:00,210,114,3,96,10,9582
2024-08-25T14:24:45.719000+00:00,184,113,3,71,10,9582
2024-08-25T14:24:57.360000+00:00,242,129,3,113,10,9582
2024-08-25T14:25:07.160000+00:00,231,182,5,49,10,9582
2024-08-25T14:25:21.440000+00:00,300,122,3,178,10,9582
2024-08-25T14:25:32.360000+00:00,194,141,3,53,10,9582
2024-08-25T14:25:54.560000+00:00,225,115,3,110,10,9582
2024-08-25T14:26:01.160000+00:00,186,120,3,66,10,9582
2024-08-25T14:26:12.800000+00:00,249,121,3,128,10,9582
2024-08-25T14:26:22.480000+00:00,236,189,5,47,10,9582
2024-08-25T14:26:37.400000+00:00,244,116,3,128,10,9582
2024-08-25T14:26:47.840000+00:00,189,147,3,42,10,9582
2024-08-25T14:27:09.880000+00:00,221,115,3,106,10,9582
2024-08-25T14:27:16.600000+00:00,176,123,3,53,10,9582
2024-08-25T14:27:27.960000+00:00,260,126,3,134,10,9582
2024-08-25T14:27:37.721000+00:00,237,184,5,53,10,9582
2024-08-25T14:27:52.801000+00:00,241,119,3,122,10,9582
2024-08-25T14:28:21.600000+00:00,257,210,6,47,10,9582
2024-08-25T14:28:24.961000+00:00,228,119,3,109,10,9582
2024-08-25T14:28:31.721000+00:00,185,117,3,68,10,9582
2024-08-25T14:28:43.441000+00:00,226,129,3,97,10,9582
2024-08-25T14:28:52.761000+00:00,236,180,5,56,10,9582
2024-08-25T14:29:07.401000+00:00,288,116,3,172,10,9582
2024-08-25T14:29:18.201000+00:00,190,145,3,45,10,9582
2024-08-25T14:29:36.841000+00:00,257,209,5,48,10,9582
2024-08-25T14:29:40.281000+00:00,224,118,3,106,10,9582
2024-08-25T14:29:47.281000+00:00,180,135,3,45,10,9582
2024-08-25T14:29:58.521000+00:00,250,131,3,119,10,9582
2024-08-25T14:30:22.481000+00:00,311,114,3,197,10,9582
2024-08-25T14:30:33.561000+00:00,194,140,3,54,10,9582
2024-08-25T14:30:46.401000+00:00,282,235,6,47,10,9582
2024-08-25T14:30:52.201000+00:00,251,207,5,44,10,9582
2024-08-25T14:30:55.801000+00:00,209,119,3,90,10,9582
2024-08-25T14:31:02.122000+00:00,191,122,3,69,10,9582
2024-08-25T14:31:13.441000+00:00,269,133,3,136,10,9582
2024-08-25T14:31:38.001000+00:00,282,119,3,163,10,9582
2024-08-25T14:31:46.281000+00:00,241,188,5,53,10,9582
2024-08-25T14:31:48.922000+00:00,189,146,3,43,10,9582
2024-08-25T14:32:01.602000+00:00,283,235,6,48,10,9582
2024-08-25T14:32:11.001000+00:00,225,114,3,111,10,9582
2024-08-25T14:32:17.521000+00:00,192,114,3,78,10,9582
2024-08-25T14:32:29.082000+00:00,257,122,3,135,10,9582
2024-08-25T14:32:38.881000+00:00,232,190,5,42,10,9582
2024-08-25T14:32:53.362000+00:00,303,117,3,186,10,9582
2024-08-25T14:33:04.521000+00:00,191,142,3,49,10,9582
2024-08-25T14:33:17.201000+00:00,275,232,6,43,10,9582
2024-08-25T14:33:22.802000+00:00,256,200,5,56,10,9582
2024-08-25T14:33:26.362000+00:00,228,113,3,115,10,9582
2024-08-25T14:33:33.122000+00:00,184,129,3,55,10,9582
2024-08-25T14:33:44.441000+00:00,272,119,3,153,10,9582
2024-08-25T14:33:54.402000+00:00,228,179,5,49,10,9582
2024-08-25T14:34:08.362000+00:00,278,68,1,210,10,9582
2024-08-25T12:21:34.775000+00:00,279,237,8,42,11,9582
2024-08-25T12:21:43.935000+00:00,216,129,4,87,11,9582
2024-08-25T12:21:50.575000+00:00,179,114,3,65,11,9582
2024-08-25T12:22:01.975000+00:00,247,117,3,130,11,9582
2024-08-25T12:22:11.655000+00:00,227,175,5,52,11,9582
2024-08-25T12:22:29.655000+00:00,93,51,1,42,11,9582
2024-08-25T12:23:50.616000+00:00,217,126,3,91,11,9582
2024-08-25T12:23:56.775000+00:00,183,120,3,63,11,9582
2024-08-25T12:24:08.575000+00:00,233,126,3,107,11,9582
2024-08-25T12:24:18.096000+00:00,232,173,4,59,11,9582
2024-08-25T12:24:30.096000+00:00,176,51,1,125,11,9582
2024-08-25T12:25:39.016000+00:00,224,117,3,107,11,9582
2024-08-25T12:25:44.856000+00:00,188,121,3,67,11,9582
2024-08-25T12:25:56.176000+00:00,257,123,3,134,11,9582
2024-08-25T12:26:06.216000+00:00,232,183,5,49,11,9582
2024-08-25T12:26:15.656000+00:00,171,107,4,64,11,9582
2024-08-25T12:27:20.896000+00:00,214,116,3,98,11,9582
2024-08-25T12:27:26.976000+00:00,187,126,4,61,11,9582
2024-08-25T12:27:38.576000+00:00,227,124,3,103,11,9582
2024-08-25T12:27:48.017000+00:00,234,190,4,44,11,9582
2024-08-25T12:27:57.216000+00:00,147,98,2,49,11,9582
2024-08-25T13:00:10.663000+00:00,194,69,2,125,11,9582
2024-08-25T13:00:33.502000+00:00,110,64,1,46,11,9582
2024-08-25T13:00:51.103000+00:00,204,142,3,62,11,9582
2024-08-25T13:00:56.543000+00:00,203,88,2,115,11,9582
2024-08-25T13:01:04.383000+00:00,166,63,1,103,11,9582
2024-08-25T13:01:19.583000+00:00,206,95,2,111,11,9582
2024-08-25T13:01:47.623000+00:00,150,52,1,98,11,9582
2024-08-25T13:03:19.704000+00:00,170,104,2,66,11,9582
2024-08-25T13:03:28.263000+00:00,217,145,4,72,11,9582
2024-08-25T13:03:31.704000+00:00,163,113,3,50,11,9582
2024-08-25T13:03:51.143000+00:00,249,185,5,64,11,9582
2024-08-25T13:03:55.463000+00:00,208,120,3,88,11,9582
2024-08-25T13:04:02.063000+00:00,184,127,3,57,11,9582
2024-08-25T13:04:13.344000+00:00,259,116,3,143,11,9582
2024-08-25T13:04:23.823000+00:00,232,181,5,51,11,9582
2024-08-25T13:04:38.624000+00:00,289,112,3,177,11,9582
2024-08-25T13:04:47.464000+00:00,226,180,4,46,11,9582
2024-08-25T13:05:09.263000+00:00,260,204,5,56,11,9582
2024-08-25T13:05:13.864000+00:00,191,116,3,75,11,9582
2024-08-25T13:05:19.464000+00:00,186,122,3,64,11,9582
2024-08-25T13:05:30.424000+00:00,278,116,3,162,11,9582
2024-08-25T13:05:40.824000+00:00,225,178,4,47,11,9582
2024-08-25T13:05:54.824000+00:00,295,115,3,180,11,9582
2024-08-25T13:06:03.824000+00:00,232,181,5,51,11,9582
2024-08-25T13:06:19.904000+00:00,286,243,7,43,11,9582
2024-08-25T13:06:29.385000+00:00,209,112,3,97,11,9582
2024-08-25T13:06:35.704000+00:00,184,129,3,55,11,9582
2024-08-25T13:06:46.744000+00:00,280,122,3,158,11,9582
2024-08-25T13:06:57.224000+00:00,229,179,4,50,11,9582
2024-08-25T13:07:11.304000+00:00,300,106,3,194,11,9582
2024-08-25T13:07:20.224000+00:00,233,181,5,52,11,9582
2024-08-25T13:07:45.624000+00:00,213,115,3,98,11,9582
2024-08-25T13:07:52.184000+00:00,182,112,3,70,11,9582
2024-08-25T13:08:03.425000+00:00,276,111,3,165,11,9582
2024-08-25T13:08:13.704000+00:00,234,186,5,48,11,9582
2024-08-25T13:08:27.624000+00:00,317,112,3,205,11,9582
2024-08-25T13:08:36.865000+00:00,237,183,5,54,11,9582
2024-08-25T13:08:52.784000+00:00,286,237,6,49,11,9582
2024-08-25T13:08:58.584000+00:00,243,202,5,41,11,9582
2024-08-25T13:09:01.905000+00:00,206,109,3,97,11,9582
2024-08-25T13:09:08.945000+00:00,178,124,3,54,11,9582
2024-08-25T13:09:20.345000+00:00,266,127,3,139,11,9582
2024-08-25T13:09:30.505000+00:00,228,175,4,53,11,9582
2024-08-25T13:09:44.385000+00:00,309,112,3,197,11,9582
2024-08-25T13:09:53.625000+00:00,230,188,5,42,11,9582
2024-08-25T13:10:09.305000+00:00,288,240,7,48,11,9582
2024-08-25T13:10:15.185000+00:00,255,208,5,47,11,9582
2024-08-25T13:10:18.744000+00:00,208,113,4,95,11,9582
2024-08-25T13:10:25.504000+00:00,177,117,3,60,11,9582
2024-08-25T13:10:37.225000+00:00,253,114,3,139,11,9582
2024-08-25T13:10:47.105000+00:00,224,179,4,45,11,9582
2024-08-25T13:11:00.985000+00:00,305,107,3,198,11,9582
2024-08-25T13:11:10.265000+00:00,223,180,4,43,11,9582
2024-08-25T13:11:25.986000+00:00,283,236,6,47,11,9582
2024-08-25T13:11:35.705000+00:00,195,110,4,85,11,9582
2024-08-25T13:11:42.105000+00:00,177,115,3,62,11,9582
2024-08-25T13:11:53.625000+00:00,274,136,3,138,11,9582
2024-08-25T13:12:03.825000+00:00,233,182,4,51,11,9582
2024-08-25T13:12:17.505000+00:00,322,113,3,209,11,9582
2024-08-25T13:12:26.865000+00:00,236,179,4,57,11,9582
2024-08-25T13:12:42.745000+00:00,289,245,7,44,11,9582
2024-08-25T13:12:48.305000+00:00,253,204,5,49,11,9582
2024-08-25T13:12:52.306000+00:00,192,115,4,77,11,9582
2024-08-25T13:12:58.866000+00:00,177,109,3,68,11,9582
2024-08-25T13:13:10.225000+00:00,273,123,3,150,11,9582
2024-08-25T13:13:35.185000+00:00,296,117,3,179,11,9582
2024-08-25T13:13:44.066000+00:00,231,184,4,47,11,9582
2024-08-25T13:13:59.506000+00:00,289,243,6,46,11,9582
2024-08-25T13:14:05.346000+00:00,258,212,5,46,11,9582
2024-08-25T13:14:08.905000+00:00,211,122,4,89,11,9582
2024-08-25T13:14:15.545000+00:00,177,125,4,52,11,9582
2024-08-25T13:14:27.386000+00:00,262,119,3,143,11,9582
2024-08-25T13:14:37.546000+00:00,235,184,4,51,11,9582
2024-08-25T13:14:51.946000+00:00,306,115,3,191,11,9582
2024-08-25T13:15:00.986000+00:00,232,182,4,50,11,9582
2024-08-25T13:15:16.706000+00:00,292,249,6,43,11,9582
2024-08-25T13:15:25.786000+00:00,211,114,3,97,11,9582
2024-08-25T13:15:32.626000+00:00,176,110,3,66,11,9582
2024-08-25T13:15:44.306000+00:00,263,122,3,141,11,9582
2024-08-25T13:15:54.386000+00:00,230,182,4,48,11,9582
2024-08-25T13:16:08.627000+00:00,306,114,3,192,11,9582
2024-08-25T13:16:17.546000+00:00,236,186,4,50,11,9582
2024-08-25T13:16:38.906000+00:00,257,207,5,50,11,9582
2024-08-25T13:16:42.786000+00:00,209,111,3,98,11,9582
2024-08-25T13:16:49.226000+00:00,173,115,3,58,11,9582
2024-08-25T13:17:00.706000+00:00,261,117,3,144,11,9582
2024-08-25T13:17:10.826000+00:00,236,183,5,53,11,9582
2024-08-25T13:17:25.106000+00:00,301,112,3,189,11,9582
2024-08-25T13:17:49.707000+00:00,292,242,6,50,11,9582
2024-08-25T13:17:58.586000+00:00,214,108,4,106,11,9582
2024-08-25T13:18:05.426000+00:00,173,124,3,49,11,9582
2024-08-25T13:18:17.026000+00:00,268,117,3,151,11,9582
2024-08-25T13:18:27.267000+00:00,236,181,4,55,11,9582
2024-08-25T13:18:41.787000+00:00,284,109,3,175,11,9582
2024-08-25T13:18:50.386000+00:00,237,181,4,56,11,9582
2024-08-25T13:19:06.147000+00:00,293,241,6,52,11,9582
2024-08-25T13:19:11.666000+00:00,250,201,5,49,11,9582
2024-08-25T13:19:15.147000+00:00,208,108,3,100,11,9582
2024-08-25T13:19:21.827000+00:00,174,119,4,55,11,9582
2024-08-25T13:19:33.627000+00:00,265,120,3,145,11,9582
2024-08-25T13:19:58.266000+00:00,283,109,3,174,11,9582
2024-08-25T13:20:07.027000+00:00,237,183,4,54,11,9582
2024-08-25T13:20:31.947000+00:00,192,110,3,82,11,9582
2024-08-25T13:20:38.387000+00:00,180,124,4,56,11,9582
2024-08-25T13:20:50.027000+00:00,271,117,3,154,11,9582
2024-08-25T13:21:00.547000+00:00,227,184,4,43,11,9582
2024-08-25T13:21:14.707000+00:00,310,110,3,200,11,9582
2024-08-25T13:21:23.787000+00:00,233,181,4,52,11,9582
2024-08-25T13:21:39.387000+00:00,293,245,6,48,11,9582
2024-08-25T13:21:44.908000+00:00,256,195,5,61,11,9582
2024-08-25T13:21:48.467000+00:00,205,114,4,91,11,9582
2024-08-25T13:21:55.147000+00:00,177,124,4,53,11,9582
2024-08-25T13:22:07.147000+00:00,244,127,3,117,11,9582
2024-08-25T13:22:17.148000+00:00,234,184,4,50,11,9582
2024-08-25T13:22:31.228000+00:00,308,115,3,193,11,9582
2024-08-25T13:22:40.427000+00:00,238,186,4,52,11,9582
2024-08-25T13:22:55.907000+00:00,292,241,6,51,11,9582
2024-08-25T13:23:01.467000+00:00,260,199,5,61,11,9582
2024-08-25T13:23:05.188000+00:00,207,109,3,98,11,9582
2024-08-25T13:23:11.868000+00:00,175,121,3,54,11,9582
2024-08-25T13:23:23.548000+00:00,268,130,3,138,11,9582
2024-08-25T13:23:33.707000+00:00,235,188,4,47,11,9582
2024-08-25T13:23:47.947000+00:00,312,103,3,209,11,9582
2024-08-25T13:23:56.908000+00:00,239,182,4,57,11,9582
2024-08-25T13:24:17.988000+00:00,253,199,5,54,11,9582
2024-08-25T13:24:21.708000+00:00,208,120,3,88,11,9582
2024-08-25T13:24:28.188000+00:00,178,115,3,63,11,9582
2024-08-25T13:24:39.988000+00:00,265,109,3,156,11,9582
2024-08-25T13:24:50.308000+00:00,229,174,4,55,11,9582
2024-08-25T13:25:04.548000+00:00,302,109,3,193,11,9582
2024-08-25T13:25:28.828000+00:00,292,237,6,55,11,9582
2024-08-25T13:25:34.348000+00:00,258,195,5,63,11,9582
2024-08-25T13:25:38.028000+00:00,207,119,3,88,11,9582
2024-08-25T13:25:44.788000+00:00,179,115,3,64,11,9582
2024-08-25T13:25:56.508000+00:00,270,120,3,150,11,9582
2024-08-25T13:26:06.748000+00:00,235,193,5,42,11,9582
2024-08-25T13:26:21.108000+00:00,303,110,3,193,11,9582
2024-08-25T13:26:45.668000+00:00,288,246,6,42,11,9582
2024-08-25T13:26:51.268000+00:00,246,204,5,42,11,9582
2024-08-25T13:26:54.469000+00:00,208,119,4,89,11,9582
2024-08-25T13:27:01.668000+00:00,169,115,4,54,11,9582
2024-08-25T13:27:13.149000+00:00,270,126,3,144,11,9582
2024-08-25T13:27:23.748000+00:00,225,184,4,41,11,9582
2024-08-25T13:27:37.668000+00:00,310,108,3,202,11,9582
2024-08-25T13:28:02.388000+00:00,290,248,6,42,11,9582
2024-08-25T13:28:07.829000+00:00,260,197,5,63,11,9582
2024-08-25T13:28:11.228000+00:00,211,110,4,101,11,9582
2024-08-25T13:28:18.148000+00:00,177,117,3,60,11,9582
2024-08-25T13:28:29.748000+00:00,271,124,3,147,11,9582
2024-08-25T13:28:40.069000+00:00,239,183,5,56,11,9582
2024-08-25T13:28:54.189000+00:00,310,110,3,200,11,9582
2024-08-25T13:29:24.229000+00:00,261,198,5,63,11,9582
2024-08-25T13:29:27.829000+00:00,207,110,3,97,11,9582
2024-08-25T13:29:34.549000+00:00,176,120,3,56,11,9582
2024-08-25T13:29:46.669000+00:00,267,122,3,145,11,9582
2024-08-25T13:29:56.388000+00:00,237,174,4,63,11,9582
2024-08-25T13:30:10.669000+00:00,309,111,3,198,11,9582
2024-08-25T13:30:19.749000+00:00,238,188,5,50,11,9582
2024-08-25T13:30:44.669000+00:00,202,116,4,86,11,9582
2024-08-25T13:30:51.149000+00:00,179,112,3,67,11,9582
2024-08-25T13:31:03.070000+00:00,253,124,3,129,11,9582
2024-08-25T13:31:13.149000+00:00,237,177,4,60,11,9582
2024-08-25T13:31:27.349000+00:00,312,113,3,199,11,9582
2024-08-25T13:31:36.510000+00:00,237,193,5,44,11,9582
2024-08-25T13:31:52.029000+00:00,293,241,6,52,11,9582
2024-08-25T13:31:57.989000+00:00,237,195,5,42,11,9582
2024-08-25T13:32:01.469000+00:00,211,111,3,100,11,9582
2024-08-25T13:32:08.309000+00:00,173,127,3,46,11,9582
2024-08-25T13:32:19.949000+00:00,271,116,3,155,11,9582
2024-08-25T13:32:30.270000+00:00,227,182,4,45,11,9582
2024-08-25T13:32:44.629000+00:00,304,109,3,195,11,9582
2024-08-25T13:32:53.589000+00:00,231,187,4,44,11,9582
2024-08-25T13:33:09.350000+00:00,286,239,6,47,11,9582
2024-08-25T13:33:14.790000+00:00,249,198,5,51,11,9582
2024-08-25T13:33:18.309000+00:00,212,112,4,100,11,9582
2024-08-25T13:33:25.149000+00:00,176,129,3,47,11,9582
2024-08-25T13:33:36.950000+00:00,269,137,3,132,11,9582
2024-08-25T13:33:47.109000+00:00,236,175,4,61,11,9582
2024-08-25T13:34:01.590000+00:00,312,114,3,198,11,9582
2024-08-25T13:34:10.550000+00:00,238,187,4,51,11,9582
2024-08-25T13:34:26.189000+00:00,292,251,6,41,11,9582
2024-08-25T13:34:31.710000+00:00,256,198,5,58,11,9582
2024-08-25T13:34:35.230000+00:00,213,112,3,101,11,9582
2024-08-25T13:34:41.910000+00:00,178,128,3,50,11,9582
2024-08-25T13:34:53.550000+00:00,259,114,3,145,11,9582
2024-08-25T13:35:03.950000+00:00,228,180,4,48,11,9582
2024-08-25T13:35:17.990000+00:00,309,113,3,196,11,9582
2024-08-25T13:35:26.950000+00:00,238,195,5,43,11,9582
2024-08-25T13:35:42.430000+00:00,295,246,6,49,11,9582
2024-08-25T13:35:47.950000+00:00,262,203,5,59,11,9582
2024-08-25T13:35:51.670000+00:00,208,104,3,104,11,9582
2024-08-25T13:35:58.390000+00:00,174,118,3,56,11,9582
2024-08-25T13:36:09.990000+00:00,252,122,3,130,11,9582
2024-08-25T13:36:20.070000+00:00,237,177,4,60,11,9582
2024-08-25T13:36:34.590000+00:00,312,110,3,202,11,9582
2024-08-25T13:36:45.951000+00:00,188,146,3,42,11,9582
2024-08-25T13:36:58.951000+00:00,294,253,6,41,11,9582
2024-08-25T13:37:08.070000+00:00,210,111,4,99,11,9582
2024-08-25T13:37:14.750000+00:00,175,119,3,56,11,9582
2024-08-25T13:37:26.391000+00:00,266,136,3,130,11,9582
2024-08-25T13:37:36.710000+00:00,233,188,4,45,11,9582
2024-08-25T13:37:51.071000+00:00,289,111,3,178,11,9582
2024-08-25T13:38:15.470000+00:00,291,247,6,44,11,9582
2024-08-25T13:38:21.070000+00:00,250,207,5,43,11,9582
2024-08-25T13:38:24.271000+00:00,214,110,3,104,11,9582
2024-08-25T13:38:31.311000+00:00,176,114,3,62,11,9582
2024-08-25T13:38:43.150000+00:00,241,122,3,119,11,9582
2024-08-25T13:38:53.151000+00:00,236,181,4,55,11,9582
2024-08-25T13:39:07.550000+00:00,303,113,3,190,11,9582
2024-08-25T13:39:31.711000+00:00,293,239,6,54,11,9582
2024-08-25T13:39:40.791000+00:00,213,111,3,102,11,9582
2024-08-25T13:39:47.671000+00:00,174,117,3,57,11,9582
2024-08-25T13:39:59.231000+00:00,269,123,3,146,11,9582
2024-08-25T13:40:09.351000+00:00,234,184,4,50,11,9582
2024-08-25T13:40:19.151000+00:00,280,62,1,218,11,9582
2024-08-25T13:40:57.271000+00:00,227,169,4,58,11,9582
2024-08-25T13:41:19.391000+00:00,254,206,5,48,11,9582
2024-08-25T13:41:22.671000+00:00,221,118,3,103,11,9582
2024-08-25T13:41:29.031000+00:00,194,121,3,73,11,9582
2024-08-25T13:41:39.991000+00:00,273,123,3,150,11,9582
2024-08-25T13:41:49.991000+00:00,232,182,4,50,11,9582
2024-08-25T13:42:04.471000+00:00,280,116,3,164,11,9582
2024-08-25T13:42:37.071000+00:00,216,118,3,98,11,9582
2024-08-25T13:42:43.431000+00:00,185,127,3,58,11,9582
2024-08-25T13:42:54.472000+00:00,283,98,2,185,11,9582
2024-08-25T13:43:05.231000+00:00,239,182,5,57,11,9582
2024-08-25T13:43:19.672000+00:00,300,116,3,184,11,9582
2024-08-25T13:43:28.072000+00:00,240,194,4,46,11,9582
2024-08-25T13:43:49.032000+00:00,262,214,5,48,11,9582
2024-08-25T13:43:52.512000+00:00,214,121,4,93,11,9582
2024-08-25T13:43:59.072000+00:00,181,120,3,61,11,9582
2024-08-25T13:44:10.271000+00:00,270,130,3,140,11,9582
2024-08-25T13:44:20.032000+00:00,235,184,4,51,11,9582
2024-08-25T13:44:34.712000+00:00,296,119,3,177,11,9582
2024-08-25T13:44:43.312000+00:00,240,187,4,53,11,9582
2024-08-25T13:44:45.592000+00:00,190,146,3,44,11,9582
2024-08-25T13:45:07.472000+00:00,219,114,4,105,11,9582
2024-08-25T13:45:13.952000+00:00,183,137,3,46,11,9582
2024-08-25T13:45:25.232000+00:00,262,133,3,129,11,9582
2024-08-25T13:45:35.072000+00:00,229,185,5,44,11,9582
2024-08-25T13:45:49.512000+00:00,289,120,3,169,11,9582
2024-08-25T13:46:13.352000+00:00,292,244,6,48,11,9582
2024-08-25T13:46:22.152000+00:00,220,110,3,110,11,9582
2024-08-25T13:46:28.672000+00:00,185,117,3,68,11,9582
2024-08-25T13:46:40.232000+00:00,262,126,3,136,11,9582
2024-08-25T13:46:49.952000+00:00,238,185,5,53,11,9582
2024-08-25T13:47:04.193000+00:00,303,111,3,192,11,9582
2024-08-25T13:47:12.952000+00:00,240,188,5,52,11,9582
2024-08-25T13:47:33.672000+00:00,260,215,5,45,11,9582
2024-08-25T13:47:37.073000+00:00,219,117,3,102,11,9582
2024-08-25T13:47:43.793000+00:00,183,126,3,57,11,9582
2024-08-25T13:47:55.072000+00:00,263,124,3,139,11,9582
2024-08-25T13:48:04.993000+00:00,238,183,4,55,11,9582
2024-08-25T13:48:19.512000+00:00,291,110,3,181,11,9582
2024-08-25T13:48:43.233000+00:00,294,248,6,46,11,9582
2024-08-25T13:48:48.833000+00:00,262,214,5,48,11,9582
2024-08-25T13:48:52.313000+00:00,217,119,3,98,11,9582
2024-08-25T13:48:58.833000+00:00,184,123,3,61,11,9582
2024-08-25T13:49:10.113000+00:00,267,126,3,141,11,9582
2024-08-25T13:49:19.992000+00:00,234,189,5,45,11,9582
2024-08-25T13:49:34.032000+00:00,307,111,3,196,11,9582
2024-08-25T13:50:03.673000+00:00,257,213,5,44,11,9582
2024-08-25T13:50:07.112000+00:00,217,119,4,98,11,9582
2024-08-25T13:50:13.552000+00:00,185,115,3,70,11,9582
2024-08-25T13:50:25.073000+00:00,265,128,3,137,11,9582
2024-08-25T13:50:35.073000+00:00,223,181,4,42,11,9582
2024-08-25T13:50:49.353000+00:00,303,113,3,190,11,9582
2024-08-25T13:50:57.993000+00:00,240,194,5,46,11,9582
2024-08-25T13:51:22.273000+00:00,220,109,3,111,11,9582
2024-08-25T13:51:28.833000+00:00,188,120,3,68,11,9582
2024-08-25T13:51:40.234000+00:00,271,136,3,135,11,9582
2024-08-25T13:51:50.153000+00:00,239,192,4,47,11,9582
2024-08-25T13:52:04.553000+00:00,295,111,3,184,11,9582
2024-08-25T13:52:33.954000+00:00,258,215,5,43,11,9582
2024-08-25T13:52:37.313000+00:00,220,118,3,102,11,9582
2024-08-25T13:52:55.353000+00:00,263,119,3,144,11,9582
2024-08-25T13:53:05.034000+00:00,237,183,4,54,11,9582
2024-08-25T13:53:19.194000+00:00,310,118,3,192,11,9582
2024-08-25T13:53:28.274000+00:00,236,193,4,43,11,9582
2024-08-25T13:53:48.673000+00:00,264,215,5,49,11,9582
2024-08-25T13:53:52.394000+00:00,206,115,3,91,11,9582
2024-08-25T13:53:58.834000+00:00,186,116,3,70,11,9582
2024-08-25T13:54:10.193000+00:00,250,132,3,118,11,9582
2024-08-25T13:54:19.874000+00:00,238,179,4,59,11,9582
2024-08-25T13:54:34.314000+00:00,308,115,3,193,11,9582
2024-08-25T13:55:03.434000+00:00,264,215,5,49,11,9582
2024-08-25T13:55:07.034000+00:00,217,116,3,101,11,9582
2024-08-25T13:55:13.634000+00:00,178,123,3,55,11,9582
2024-08-25T13:55:25.154000+00:00,249,127,3,122,11,9582
2024-08-25T13:55:34.754000+00:00,239,179,4,60,11,9582
2024-08-25T13:55:49.194000+00:00,295,110,3,185,11,9582
2024-08-25T13:56:22.034000+00:00,217,108,3,109,11,9582
2024-08-25T13:56:28.274000+00:00,188,115,3,73,11,9582
2024-08-25T13:56:39.834000+00:00,270,126,3,144,11,9582
2024-08-25T13:56:49.675000+00:00,240,189,5,51,11,9582
2024-08-25T13:57:04.074000+00:00,298,113,3,185,11,9582
2024-08-25T13:57:15.115000+00:00,191,146,3,45,11,9582
2024-08-25T13:57:33.274000+00:00,265,222,6,43,11,9582
2024-08-25T13:57:36.635000+00:00,220,123,3,97,11,9582
2024-08-25T13:57:43.275000+00:00,176,129,3,47,11,9582
2024-08-25T13:57:54.635000+00:00,270,130,3,140,11,9582
2024-08-25T13:58:19.034000+00:00,291,116,3,175,11,9582
2024-08-25T13:58:27.475000+00:00,236,188,5,48,11,9582
2024-08-25T13:58:42.875000+00:00,297,241,6,56,11,9582
2024-08-25T13:58:51.834000+00:00,221,111,3,110,11,9582
2024-08-25T13:58:58.554000+00:00,179,121,3,58,11,9582
2024-08-25T13:59:09.955000+00:00,253,134,3,119,11,9582
2024-08-25T13:59:19.834000+00:00,229,188,5,41,11,9582
2024-08-25T13:59:33.755000+00:00,314,107,3,207,11,9582
2024-08-25T13:59:42.635000+00:00,239,181,5,58,11,9582
2024-08-25T14:00:03.395000+00:00,264,222,6,42,11,9582
2024-08-25T14:00:06.835000+00:00,217,116,4,101,11,9582
2024-08-25T14:00:13.315000+00:00,181,121,3,60,11,9582
2024-08-25T14:00:24.995000+00:00,257,113,3,144,11,9582
2024-08-25T14:00:34.755000+00:00,238,183,5,55,11,9582
2024-08-25T14:00:49.075000+00:00,309,110,3,199,11,9582
2024-08-25T14:00:57.795000+00:00,237,196,5,41,11,9582
2024-08-25T14:01:21.795000+00:00,221,108,3,113,11,9582
2024-08-25T14:01:28.715000+00:00,176,119,3,57,11,9582
2024-08-25T14:01:40.075000+00:00,270,126,3,144,11,9582
2024-08-25T14:01:50.035000+00:00,237,187,5,50,11,9582
2024-08-25T14:02:03.915000+00:00,312,103,3,209,11,9582
2024-08-25T14:02:12.955000+00:00,229,177,5,52,11,9582
2024-08-25T14:02:28.835000+00:00,294,237,6,57,11,9582
2024-08-25T14:02:34.555000+00:00,258,214,6,44,11,9582
2024-08-25T14:02:38.156000+00:00,215,104,3,111,11,9582
2024-08-25T14:02:44.636000+00:00,180,126,3,54,11,9582
2024-08-25T14:02:56.035000+00:00,284,118,3,166,11,9582
2024-08-25T14:03:06.436000+00:00,234,179,4,55,11,9582
2024-08-25T14:03:20.435000+00:00,314,112,3,202,11,9582
2024-08-25T14:03:29.515000+00:00,237,190,5,47,11,9582
2024-08-25T14:03:31.876000+00:00,186,145,3,41,11,9582
2024-08-25T14:03:44.676000+00:00,295,249,6,46,11,9582
2024-08-25T14:03:50.036000+00:00,264,214,6,50,11,9582
2024-08-25T14:03:53.835000+00:00,201,117,3,84,11,9582
2024-08-25T14:04:00.595000+00:00,173,128,4,45,11,9582
2024-08-25T14:04:12.076000+00:00,250,128,3,122,11,9582
2024-08-25T14:04:36.196000+00:00,298,111,3,187,11,9582
2024-08-25T14:05:05.796000+00:00,253,210,5,43,11,9582
2024-08-25T14:05:09.196000+00:00,210,107,3,103,11,9582
2024-08-25T14:05:16.076000+00:00,177,113,3,64,11,9582
2024-08-25T14:05:27.516000+00:00,272,114,3,158,11,9582
2024-08-25T14:05:37.636000+00:00,230,187,5,43,11,9582
2024-08-25T14:05:51.756000+00:00,308,110,3,198,11,9582
2024-08-25T14:06:21.357000+00:00,263,216,5,47,11,9582
2024-08-25T14:06:24.956000+00:00,202,120,3,82,11,9582
2024-08-25T14:06:31.396000+00:00,178,117,3,61,11,9582
2024-08-25T14:06:42.916000+00:00,271,115,3,156,11,9582
2024-08-25T14:06:52.916000+00:00,236,190,5,46,11,9582
2024-08-25T14:07:07.117000+00:00,299,113,3,186,11,9582
2024-08-25T14:07:15.836000+00:00,242,193,5,49,11,9582
2024-08-25T14:07:36.476000+00:00,258,217,5,41,11,9582
2024-08-25T14:07:39.636000+00:00,219,115,3,104,11,9582
2024-08-25T14:07:46.517000+00:00,180,117,4,63,11,9582
2024-08-25T14:07:57.956000+00:00,273,128,3,145,11,9582
2024-08-25T14:08:08.117000+00:00,240,198,6,42,11,9582
2024-08-25T14:08:22.077000+00:00,306,111,3,195,11,9582
2024-08-25T14:08:30.956000+00:00,243,195,5,48,11,9582
2024-08-25T14:08:46.237000+00:00,294,251,7,43,11,9582
2024-08-25T14:08:55.277000+00:00,213,115,4,98,11,9582
2024-08-25T14:09:01.717000+00:00,176,113,3,63,11,9582
2024-08-25T14:09:13.077000+00:00,276,131,3,145,11,9582
2024-08-25T14:09:23.036000+00:00,241,185,5,56,11,9582
2024-08-25T14:09:37.276000+00:00,299,115,3,184,11,9582
2024-08-25T14:09:45.877000+00:00,242,190,5,52,11,9582
2024-08-25T14:10:06.757000+00:00,262,217,5,45,11,9582
2024-08-25T14:10:10.076000+00:00,219,113,3,106,11,9582
2024-08-25T14:10:16.756000+00:00,181,116,3,65,11,9582
2024-08-25T14:10:28.437000+00:00,257,120,3,137,11,9582
2024-08-25T14:10:38.357000+00:00,236,193,5,43,11,9582
2024-08-25T14:10:52.517000+00:00,309,117,3,192,11,9582
2024-08-25T14:11:01.037000+00:00,241,192,5,49,11,9582
2024-08-25T14:11:21.917000+00:00,265,219,5,46,11,9582
2024-08-25T14:11:25.157000+00:00,214,112,3,102,11,9582
2024-08-25T14:11:31.917000+00:00,182,121,4,61,11,9582
2024-08-25T14:11:43.438000+00:00,272,128,3,144,11,9582
2024-08-25T14:11:53.437000+00:00,238,186,5,52,11,9582
2024-08-25T14:12:07.597000+00:00,314,116,3,198,11,9582
2024-08-25T14:12:16.438000+00:00,243,190,5,53,11,9582
2024-08-25T14:12:31.757000+00:00,296,254,7,42,11,9582
2024-08-25T14:12:37.158000+00:00,265,214,6,51,11,9582
2024-08-25T14:12:40.437000+00:00,217,122,4,95,11,9582
2024-08-25T14:12:47.037000+00:00,179,133,4,46,11,9582
2024-08-25T14:12:58.877000+00:00,249,118,3,131,11,9582
2024-08-25T14:13:08.958000+00:00,239,183,5,56,11,9582
2024-08-25T14:13:22.958000+00:00,311,113,3,198,11,9582
2024-08-25T14:13:47.077000+00:00,295,246,7,49,11,9582
2024-08-25T14:13:52.557000+00:00,258,211,6,47,11,9582
2024-08-25T14:13:56.118000+00:00,210,126,4,84,11,9582
2024-08-25T14:14:02.998000+00:00,171,118,4,53,11,9582
2024-08-25T14:14:14.317000+00:00,255,122,3,133,11,9582
2024-08-25T14:14:24.198000+00:00,239,187,5,52,11,9582
2024-08-25T14:14:38.558000+00:00,301,113,3,188,11,9582
2024-08-25T14:14:47.357000+00:00,242,189,5,53,11,9582
2024-08-25T14:15:02.758000+00:00,296,253,7,43,11,9582
2024-08-25T14:15:08.158000+00:00,262,213,6,49,11,9582
2024-08-25T14:15:11.918000+00:00,209,105,3,104,11,9582
2024-08-25T14:15:18.638000+00:00,182,120,4,62,11,9582
2024-08-25T14:15:29.838000+00:00,285,120,3,165,11,9582
2024-08-25T14:15:40.038000+00:00,237,187,5,50,11,9582
2024-08-25T14:15:54.278000+00:00,296,112,3,184,11,9582
2024-08-25T14:16:03.238000+00:00,235,176,5,59,11,9582
2024-08-25T14:16:18.638000+00:00,293,244,7,49,11,9582
2024-08-25T14:16:27.598000+00:00,208,101,3,107,11,9582
2024-08-25T14:16:34.438000+00:00,179,114,3,65,11,9582
2024-08-25T14:16:45.879000+00:00,275,116,3,159,11,9582
2024-08-25T14:17:10.518000+00:00,311,114,3,197,11,9582
2024-08-25T14:17:39.919000+00:00,263,211,5,52,11,9582
2024-08-25T14:17:43.638000+00:00,211,104,3,107,11,9582
2024-08-25T14:17:50.118000+00:00,180,117,4,63,11,9582
2024-08-25T14:18:01.438000+00:00,279,124,3,155,11,9582
2024-08-25T14:18:11.719000+00:00,240,192,6,48,11,9582
2024-08-25T14:18:25.879000+00:00,309,113,3,196,11,9582
2024-08-25T14:18:34.439000+00:00,242,197,5,45,11,9582
2024-08-25T14:18:55.398000+00:00,257,215,6,42,11,9582
2024-08-25T14:18:58.639000+00:00,222,109,4,113,11,9582
2024-08-25T14:19:05.479000+00:00,180,116,3,64,11,9582
2024-08-25T14:19:17.079000+00:00,268,122,3,146,11,9582
2024-08-25T14:19:26.879000+00:00,235,189,5,46,11,9582
2024-08-25T14:19:41.199000+00:00,295,114,3,181,11,9582
2024-08-25T14:20:10.399000+00:00,264,211,5,53,11,9582
2024-08-25T14:20:13.839000+00:00,214,109,3,105,11,9582
2024-08-25T14:20:20.359000+00:00,182,125,4,57,11,9582
2024-08-25T14:20:32.079000+00:00,261,137,3,124,11,9582
2024-08-25T14:20:56.319000+00:00,283,109,3,174,11,9582
2024-08-25T14:21:05.039000+00:00,240,193,5,47,11,9582
2024-08-25T14:21:20.359000+00:00,295,254,6,41,11,9582
2024-08-25T14:21:25.479000+00:00,265,216,6,49,11,9582
2024-08-25T14:21:28.920000+00:00,219,108,3,111,11,9582
2024-08-25T14:21:35.520000+00:00,186,113,3,73,11,9582
2024-08-25T14:21:47.119000+00:00,262,122,3,140,11,9582
2024-08-25T14:21:56.999000+00:00,240,190,5,50,11,9582
2024-08-25T14:22:10.959000+00:00,314,109,3,205,11,9582
2024-08-25T14:22:19.959000+00:00,242,188,5,54,11,9582
2024-08-25T14:22:40.519000+00:00,261,218,6,43,11,9582
2024-08-25T14:22:43.880000+00:00,222,112,4,110,11,9582
2024-08-25T14:22:50.480000+00:00,185,114,3,71,11,9582
2024-08-25T14:23:02.080000+00:00,271,120,3,151,11,9582
2024-08-25T14:23:11.999000+00:00,241,190,5,51,11,9582
2024-08-25T14:23:26.599000+00:00,261,124,3,137,11,9582
2024-08-25T14:23:58.839000+00:00,224,111,3,113,11,9582
2024-08-25T14:24:05.559000+00:00,176,120,3,56,11,9582
2024-08-25T14:24:16.880000+00:00,273,133,3,140,11,9582
2024-08-25T14:24:26.840000+00:00,242,192,5,50,11,9582
2024-08-25T14:24:40.880000+00:00,310,121,3,189,11,9582
2024-08-25T14:24:49.600000+00:00,236,190,5,46,11,9582
2024-08-25T14:25:10.280000+00:00,256,214,5,42,11,9582
2024-08-25T14:25:13.560000+00:00,216,119,4,97,11,9582
2024-08-25T14:25:20.160000+00:00,182,120,3,62,11,9582
2024-08-25T14:25:31.760000+00:00,274,121,3,153,11,9582
2024-08-25T14:25:41.760000+00:00,241,193,5,48,11,9582
2024-08-25T14:25:55.880000+00:00,299,111,3,188,11,9582
2024-08-25T14:26:04.520000+00:00,243,195,5,48,11,9582
2024-08-25T14:26:28.480000+00:00,208,106,3,102,11,9582
2024-08-25T14:26:35.080000+00:00,181,111,3,70,11,9582
2024-08-25T14:26:46.720000+00:00,237,128,3,109,11,9582
2024-08-25T14:27:10.440000+00:00,315,116,3,199,11,9582
2024-08-25T14:27:34.440000+00:00,295,246,6,49,11,9582
2024-08-25T14:27:39.681000+00:00,266,217,5,49,11,9582
2024-08-25T14:27:43.280000+00:00,200,110,3,90,11,9582
2024-08-25T14:27:49.760000+00:00,184,111,3,73,11,9582
2024-08-25T14:28:01.240000+00:00,275,126,3,149,11,9582
2024-08-25T14:28:25.281000+00:00,310,113,3,197,11,9582
2024-08-25T14:28:33.961000+00:00,243,191,5,52,11,9582
2024-08-25T14:28:54.680000+00:00,253,205,5,48,11,9582
2024-08-25T14:28:58.161000+00:00,211,109,3,102,11,9582
2024-08-25T14:29:04.841000+00:00,184,118,3,66,11,9582
2024-08-25T14:29:16.761000+00:00,230,124,3,106,11,9582
2024-08-25T14:29:26.361000+00:00,242,197,5,45,11,9582
2024-08-25T14:29:40.561000+00:00,312,109,3,203,11,9582
2024-08-25T14:29:49.081000+00:00,238,189,5,49,11,9582
2024-08-25T14:30:09.561000+00:00,264,215,6,49,11,9582
2024-08-25T14:30:12.881000+00:00,221,115,3,106,11,9582
2024-08-25T14:30:19.601000+00:00,183,125,4,58,11,9582
2024-08-25T14:30:31.161000+00:00,270,126,3,144,11,9582
2024-08-25T14:30:41.001000+00:00,242,192,5,50,11,9582
2024-08-25T14:30:55.042000+00:00,315,111,3,204,11,9582
2024-08-25T14:31:06.041000+00:00,196,153,3,43,11,9582
2024-08-25T14:31:27.402000+00:00,219,110,4,109,11,9582
2024-08-25T14:31:34.162000+00:00,180,116,3,64,11,9582
2024-08-25T14:31:45.801000+00:00,268,120,3,148,11,9582
2024-08-25T14:32:09.761000+00:00,314,111,3,203,11,9582
2024-08-25T14:32:18.601000+00:00,244,203,6,41,11,9582
2024-08-25T14:32:42.602000+00:00,216,110,4,106,11,9582
2024-08-25T14:32:49.282000+00:00,179,121,4,58,11,9582
2024-08-25T14:33:00.682000+00:00,258,138,4,120,11,9582
2024-08-25T14:33:10.681000+00:00,232,184,5,48,11,9582
2024-08-25T14:33:24.721000+00:00,312,121,3,191,11,9582
2024-08-25T14:33:33.522000+00:00,242,194,5,48,11,9582
2024-08-25T14:33:35.882000+00:00,191,147,3,44,11,9582
2024-08-25T14:33:54.082000+00:00,264,220,6,44,11,9582
2024-08-25T14:33:57.681000+00:00,205,113,3,92,11,9582
2024-08-25T14:34:04.001000+00:00,184,121,3,63,11,9582
2024-08-25T14:34:15.602000+00:00,264,126,3,138,11,9582
2024-08-25T14:34:25.362000+00:00,240,178,5,62,11,9582
2024-08-25T14:34:38.002000+00:00,308,92,3,216,11,9582
2024-08-25T12:22:00.255000+00:00,168,105,2,63,14,9582
2024-08-25T12:22:23.935000+00:00,211,120,3,91,14,9582
2024-08-25T12:22:30.335000+00:00,170,128,3,42,14,9582
2024-08-25T12:22:41.455000+00:00,259,127,3,132,14,9582
2024-08-25T12:22:51.536000+00:00,216,137,3,79,14,9582
2024-08-25T12:23:06.096000+00:00,163,73,2,90,14,9582
2024-08-25T12:24:08.135000+00:00,167,124,3,43,14,9582
2024-08-25T12:24:21.735000+00:00,277,236,6,41,14,9582
2024-08-25T12:24:27.735000+00:00,252,202,5,50,14,9582
2024-08-25T12:24:31.376000+00:00,211,125,3,86,14,9582
2024-08-25T12:24:37.536000+00:00,186,127,3,59,14,9582
2024-08-25T12:24:49.095000+00:00,264,125,3,139,14,9582
2024-08-25T12:25:02.335000+00:00,193,102,2,91,14,9582
2024-08-25T12:26:05.136000+00:00,172,115,2,57,14,9582
2024-08-25T12:26:19.336000+00:00,265,215,6,50,14,9582
2024-08-25T12:26:29.376000+00:00,208,116,3,92,14,9582
2024-08-25T12:26:35.576000+00:00,188,126,3,62,14,9582
2024-08-25T12:26:47.696000+00:00,212,131,4,81,14,9582
2024-08-25T12:27:00.096000+00:00,161,109,3,52,14,9582
2024-08-25T13:00:22.103000+00:00,168,97,2,71,14,9582
2024-08-25T13:00:50.543000+00:00,262,161,5,101,14,9582
2024-08-25T13:01:04.183000+00:00,128,82,3,46,14,9582
2024-08-25T13:01:25.343000+00:00,192,54,2,138,14,9582
2024-08-25T13:01:47.623000+00:00,193,104,2,89,14,9582
2024-08-25T13:01:59.624000+00:00,131,85,2,46,14,9582
2024-08-25T13:03:19.024000+00:00,202,102,2,100,14,9582
2024-08-25T13:03:28.623000+00:00,228,146,3,82,14,9582
2024-08-25T13:03:45.944000+00:00,269,207,5,62,14,9582
2024-08-25T13:03:52.344000+00:00,234,181,4,53,14,9582
2024-08-25T13:03:56.343000+00:00,204,128,2,76,14,9582
2024-08-25T13:04:02.863000+00:00,187,115,3,72,14,9582
2024-08-25T13:04:14.184000+00:00,235,119,3,116,14,9582
2024-08-25T13:04:24.704000+00:00,232,175,4,57,14,9582
2024-08-25T13:04:39.704000+00:00,292,108,2,184,14,9582
2024-08-25T13:04:51.864000+00:00,169,98,2,71,14,9582
2024-08-25T13:05:04.544000+00:00,273,220,6,53,14,9582
2024-08-25T13:05:14.624000+00:00,213,131,3,82,14,9582
2024-08-25T13:05:21.024000+00:00,188,127,3,61,14,9582
2024-08-25T13:05:32.304000+00:00,250,130,3,120,14,9582
2024-08-25T13:05:42.304000+00:00,236,177,4,59,14,9582
2024-08-25T13:05:56.744000+00:00,289,105,3,184,14,9582
2024-08-25T13:06:27.664000+00:00,255,208,6,47,14,9582
2024-08-25T13:06:31.664000+00:00,189,119,3,70,14,9582
2024-08-25T13:06:37.744000+00:00,181,112,3,69,14,9582
2024-08-25T13:06:49.065000+00:00,254,126,3,128,14,9582
2024-08-25T13:06:59.264000+00:00,228,180,5,48,14,9582
2024-08-25T13:07:13.744000+00:00,268,114,3,154,14,9582
2024-08-25T13:07:22.825000+00:00,226,176,5,50,14,9582
2024-08-25T13:07:25.504000+00:00,182,132,3,50,14,9582
2024-08-25T13:07:44.504000+00:00,256,209,6,47,14,9582
2024-08-25T13:07:47.704000+00:00,217,118,3,99,14,9582
2024-08-25T13:07:54.584000+00:00,181,109,3,72,14,9582
2024-08-25T13:08:05.784000+00:00,284,118,3,166,14,9582
2024-08-25T13:08:16.185000+00:00,225,176,4,49,14,9582
2024-08-25T13:08:30.185000+00:00,306,104,3,202,14,9582
2024-08-25T13:08:39.944000+00:00,228,174,5,54,14,9582
2024-08-25T13:09:01.265000+00:00,253,210,6,43,14,9582
2024-08-25T13:09:04.864000+00:00,212,112,3,100,14,9582
2024-08-25T13:09:11.424000+00:00,191,103,3,88,14,9582
2024-08-25T13:09:22.785000+00:00,278,118,3,160,14,9582
2024-08-25T13:09:33.024000+00:00,231,182,5,49,14,9582
2024-08-25T13:09:47.345000+00:00,310,101,3,209,14,9582
2024-08-25T13:09:56.265000+00:00,232,178,5,54,14,9582
2024-08-25T13:10:12.104000+00:00,285,229,6,56,14,9582
2024-08-25T13:10:18.305000+00:00,237,196,5,41,14,9582
2024-08-25T13:10:21.585000+00:00,216,109,2,107,14,9582
2024-08-25T13:10:28.185000+00:00,175,110,3,65,14,9582
2024-08-25T13:10:39.505000+00:00,273,123,3,150,14,9582
2024-08-25T13:10:49.665000+00:00,224,174,5,50,14,9582
2024-08-25T13:11:04.105000+00:00,292,106,3,186,14,9582
2024-08-25T13:11:15.825000+00:00,180,137,3,43,14,9582
2024-08-25T13:11:28.705000+00:00,286,233,6,53,14,9582
2024-08-25T13:11:34.825000+00:00,249,201,5,48,14,9582
2024-08-25T13:11:38.385000+00:00,214,108,3,106,14,9582
2024-08-25T13:11:44.905000+00:00,187,116,3,71,14,9582
2024-08-25T13:11:56.665000+00:00,253,126,3,127,14,9582
2024-08-25T13:12:21.305000+00:00,308,108,3,200,14,9582
2024-08-25T13:12:30.225000+00:00,223,161,4,62,14,9582
2024-08-25T13:12:46.786000+00:00,273,227,6,46,14,9582
2024-08-25T13:12:56.345000+00:00,206,116,3,90,14,9582
2024-08-25T13:13:02.945000+00:00,183,116,3,67,14,9582
2024-08-25T13:13:14.585000+00:00,260,121,3,139,14,9582
2024-08-25T13:13:24.666000+00:00,233,183,5,50,14,9582
2024-08-25T13:13:39.586000+00:00,292,103,3,189,14,9582
2024-08-25T13:14:03.946000+00:00,282,222,6,60,14,9582
2024-08-25T13:14:13.746000+00:00,220,112,3,108,14,9582
2024-08-25T13:14:20.386000+00:00,168,113,3,55,14,9582
2024-08-25T13:14:32.186000+00:00,238,119,3,119,14,9582
2024-08-25T13:14:57.106000+00:00,287,108,3,179,14,9582
2024-08-25T13:15:21.665000+00:00,280,226,6,54,14,9582
2024-08-25T13:15:27.666000+00:00,240,198,5,42,14,9582
2024-08-25T13:15:31.186000+00:00,206,108,3,98,14,9582
2024-08-25T13:15:37.746000+00:00,180,105,3,75,14,9582
2024-08-25T13:15:49.866000+00:00,231,120,3,111,14,9582
2024-08-25T13:16:14.426000+00:00,309,110,3,199,14,9582
2024-08-25T13:16:25.946000+00:00,179,136,2,43,14,9582
2024-08-25T13:16:39.226000+00:00,285,230,6,55,14,9582
2024-08-25T13:16:45.226000+00:00,240,195,5,45,14,9582
2024-08-25T13:16:48.707000+00:00,206,110,3,96,14,9582
2024-08-25T13:16:55.747000+00:00,162,110,3,52,14,9582
2024-08-25T13:17:07.587000+00:00,221,131,3,90,14,9582
2024-08-25T13:17:17.506000+00:00,225,179,4,46,14,9582
2024-08-25T13:17:32.106000+00:00,295,107,3,188,14,9582
2024-08-25T13:17:56.906000+00:00,276,223,6,53,14,9582
2024-08-25T13:18:02.707000+00:00,255,213,6,42,14,9582
2024-08-25T13:18:06.386000+00:00,208,105,3,103,14,9582
2024-08-25T13:18:13.267000+00:00,170,112,3,58,14,9582
2024-08-25T13:18:24.626000+00:00,268,119,3,149,14,9582
2024-08-25T13:18:49.707000+00:00,300,107,3,193,14,9582
2024-08-25T13:19:00.867000+00:00,182,136,3,46,14,9582
2024-08-25T13:19:14.147000+00:00,277,228,6,49,14,9582
2024-08-25T13:19:19.827000+00:00,254,200,5,54,14,9582
2024-08-25T13:19:23.307000+00:00,218,107,3,111,14,9582
2024-08-25T13:19:30.027000+00:00,183,110,3,73,14,9582
2024-08-25T13:19:42.107000+00:00,228,122,3,106,14,9582
2024-08-25T13:20:06.707000+00:00,298,116,3,182,14,9582
2024-08-25T13:20:18.026000+00:00,182,133,3,49,14,9582
2024-08-25T13:20:31.187000+00:00,280,219,6,61,14,9582
2024-08-25T13:20:36.987000+00:00,245,198,5,47,14,9582
2024-08-25T13:20:40.547000+00:00,213,109,3,104,14,9582
2024-08-25T13:20:47.027000+00:00,183,119,3,64,14,9582
2024-08-25T13:20:59.107000+00:00,261,122,3,139,14,9582
2024-08-25T13:21:09.307000+00:00,228,184,4,44,14,9582
2024-08-25T13:21:24.788000+00:00,256,113,3,143,14,9582
2024-08-25T13:21:32.827000+00:00,228,185,5,43,14,9582
2024-08-25T13:21:35.107000+00:00,181,129,3,52,14,9582
2024-08-25T13:21:48.467000+00:00,284,224,6,60,14,9582
2024-08-25T13:21:58.068000+00:00,202,108,3,94,14,9582
2024-08-25T13:22:04.468000+00:00,181,118,3,63,14,9582
2024-08-25T13:22:16.467000+00:00,240,122,3,118,14,9582
2024-08-25T13:22:26.507000+00:00,230,179,4,51,14,9582
2024-08-25T13:22:41.427000+00:00,286,114,3,172,14,9582
2024-08-25T13:23:06.427000+00:00,288,231,6,57,14,9582
2024-08-25T13:23:12.708000+00:00,240,185,5,55,14,9582
2024-08-25T13:23:16.228000+00:00,215,117,3,98,14,9582
2024-08-25T13:23:23.028000+00:00,182,117,3,65,14,9582
2024-08-25T13:23:34.747000+00:00,265,122,3,143,14,9582
2024-08-25T13:23:45.028000+00:00,234,187,5,47,14,9582
2024-08-25T13:24:00.027000+00:00,282,119,3,163,14,9582
2024-08-25T13:24:11.068000+00:00,175,134,3,41,14,9582
2024-08-25T13:24:24.108000+00:00,283,242,6,41,14,9582
2024-08-25T13:24:30.028000+00:00,253,198,5,55,14,9582
2024-08-25T13:24:33.627000+00:00,214,113,3,101,14,9582
2024-08-25T13:24:40.227000+00:00,187,109,3,78,14,9582
2024-08-25T13:24:52.228000+00:00,257,119,3,138,14,9582
2024-08-25T13:25:17.428000+00:00,305,105,3,200,14,9582
2024-08-25T13:25:26.228000+00:00,231,185,5,46,14,9582
2024-08-25T13:25:41.908000+00:00,285,228,6,57,14,9582
2024-08-25T13:25:47.628000+00:00,252,203,5,49,14,9582
2024-08-25T13:25:51.348000+00:00,208,105,2,103,14,9582
2024-08-25T13:25:57.988000+00:00,187,108,3,79,14,9582
2024-08-25T13:26:09.948000+00:00,252,119,3,133,14,9582
2024-08-25T13:26:20.109000+00:00,231,182,5,49,14,9582
2024-08-25T13:26:34.668000+00:00,297,119,3,178,14,9582
2024-08-25T13:26:59.188000+00:00,279,234,6,45,14,9582
2024-08-25T13:27:05.108000+00:00,247,206,5,41,14,9582
2024-08-25T13:27:08.828000+00:00,214,105,2,109,14,9582
2024-08-25T13:27:15.428000+00:00,183,124,3,59,14,9582
2024-08-25T13:27:27.389000+00:00,244,133,3,111,14,9582
2024-08-25T13:27:52.389000+00:00,284,120,3,164,14,9582
2024-08-25T13:28:22.228000+00:00,250,198,5,52,14,9582
2024-08-25T13:28:25.829000+00:00,217,118,3,99,14,9582
2024-08-25T13:28:32.149000+00:00,185,110,3,75,14,9582
2024-08-25T13:28:44.428000+00:00,223,126,3,97,14,9582
2024-08-25T13:29:08.989000+00:00,299,114,3,185,14,9582
2024-08-25T13:29:33.309000+00:00,285,241,6,44,14,9582
2024-08-25T13:29:38.909000+00:00,254,203,5,51,14,9582
2024-08-25T13:29:42.629000+00:00,217,108,3,109,14,9582
2024-08-25T13:29:49.229000+00:00,184,110,3,74,14,9582
2024-08-25T13:30:01.189000+00:00,243,125,3,118,14,9582
2024-08-25T13:30:11.229000+00:00,228,178,4,50,14,9582
2024-08-25T13:30:25.869000+00:00,297,114,3,183,14,9582
2024-08-25T13:30:34.629000+00:00,233,192,5,41,14,9582
2024-08-25T13:30:36.989000+00:00,184,138,3,46,14,9582
2024-08-25T13:30:50.149000+00:00,283,236,6,47,14,9582
2024-08-25T13:30:55.909000+00:00,253,199,5,54,14,9582
2024-08-25T13:30:59.629000+00:00,215,108,3,107,14,9582
2024-08-25T13:31:06.509000+00:00,177,115,3,62,14,9582
2024-08-25T13:31:18.309000+00:00,247,129,3,118,14,9582
2024-08-25T13:31:28.429000+00:00,222,181,5,41,14,9582
2024-08-25T13:31:43.230000+00:00,289,113,4,176,14,9582
2024-08-25T13:32:07.509000+00:00,283,220,6,63,14,9582
2024-08-25T13:32:13.509000+00:00,247,201,6,46,14,9582
2024-08-25T13:32:17.310000+00:00,207,112,3,95,14,9582
2024-08-25T13:32:24.070000+00:00,174,109,3,65,14,9582
2024-08-25T13:32:35.830000+00:00,264,133,3,131,14,9582
2024-08-25T13:33:00.909000+00:00,293,112,3,181,14,9582
2024-08-25T13:33:12.109000+00:00,185,144,3,41,14,9582
2024-08-25T13:33:34.630000+00:00,216,112,3,104,14,9582
2024-08-25T13:33:41.270000+00:00,174,128,3,46,14,9582
2024-08-25T13:33:52.869000+00:00,265,128,3,137,14,9582
2024-08-25T13:34:03.190000+00:00,228,182,5,46,14,9582
2024-08-25T13:34:18.110000+00:00,281,112,3,169,14,9582
2024-08-25T13:34:29.030000+00:00,190,147,3,43,14,9582
2024-08-25T13:34:41.910000+00:00,286,238,7,48,14,9582
2024-08-25T13:34:51.470000+00:00,206,119,3,87,14,9582
2024-08-25T13:34:58.110000+00:00,186,118,3,68,14,9582
2024-08-25T13:35:10.550000+00:00,173,122,3,51,14,9582
2024-08-25T13:35:20.150000+00:00,223,176,4,47,14,9582
2024-08-25T13:35:34.910000+00:00,285,113,3,172,14,9582
2024-08-25T13:35:43.830000+00:00,233,175,5,58,14,9582
2024-08-25T13:35:59.710000+00:00,273,229,6,44,14,9582
2024-08-25T13:36:09.630000+00:00,204,107,3,97,14,9582
2024-08-25T13:36:16.150000+00:00,183,115,3,68,14,9582
2024-08-25T13:36:27.910000+00:00,261,118,3,143,14,9582
2024-08-25T13:36:38.431000+00:00,234,192,5,42,14,9582
2024-08-25T13:36:53.070000+00:00,292,110,3,182,14,9582
2024-08-25T13:37:04.631000+00:00,180,139,3,41,14,9582
2024-08-25T13:37:17.230000+00:00,287,222,6,65,14,9582
2024-08-25T13:37:23.230000+00:00,254,191,5,63,14,9582
2024-08-25T13:37:26.830000+00:00,216,112,3,104,14,9582
2024-08-25T13:37:33.590000+00:00,183,122,3,61,14,9582
2024-08-25T13:37:45.311000+00:00,269,136,4,133,14,9582
2024-08-25T13:37:55.630000+00:00,231,186,5,45,14,9582
2024-08-25T13:38:10.190000+00:00,303,112,3,191,14,9582
2024-08-25T13:38:21.270000+00:00,188,136,3,52,14,9582
2024-08-25T13:38:34.470000+00:00,281,230,6,51,14,9582
2024-08-25T13:38:40.111000+00:00,256,187,5,69,14,9582
2024-08-25T13:38:43.951000+00:00,202,113,3,89,14,9582
2024-08-25T13:38:50.831000+00:00,179,112,3,67,14,9582
2024-08-25T13:39:02.710000+00:00,253,183,5,70,14,9582
2024-08-25T13:39:27.431000+00:00,298,121,3,177,14,9582
2024-08-25T13:39:39.031000+00:00,182,132,3,50,14,9582
2024-08-25T13:39:51.711000+00:00,284,233,6,51,14,9582
2024-08-25T13:39:57.471000+00:00,252,198,5,54,14,9582
2024-08-25T13:40:01.151000+00:00,219,117,3,102,14,9582
2024-08-25T13:40:07.911000+00:00,184,112,3,72,14,9582
2024-08-25T13:40:20.111000+00:00,253,130,3,123,14,9582
2024-08-25T13:40:30.191000+00:00,228,183,5,45,14,9582
2024-08-25T13:40:44.831000+00:00,305,119,3,186,14,9582
2024-08-25T13:40:53.591000+00:00,234,190,5,44,14,9582
2024-08-25T13:40:56.431000+00:00,188,145,4,43,14,9582
2024-08-25T13:41:09.031000+00:00,285,225,6,60,14,9582
2024-08-25T13:41:15.112000+00:00,250,208,6,42,14,9582
2024-08-25T13:41:18.751000+00:00,197,117,3,80,14,9582
2024-08-25T13:41:25.391000+00:00,180,110,3,70,14,9582
2024-08-25T13:41:37.111000+00:00,268,119,3,149,14,9582
2024-08-25T13:41:47.512000+00:00,231,182,5,49,14,9582
2024-08-25T13:42:02.032000+00:00,304,119,3,185,14,9582
2024-08-25T13:42:32.311000+00:00,249,197,5,52,14,9582
2024-08-25T13:42:36.071000+00:00,213,109,3,104,14,9582
2024-08-25T13:42:42.951000+00:00,169,108,3,61,14,9582
2024-08-25T13:42:54.712000+00:00,256,74,3,182,14,9582
2024-08-25T13:43:15.912000+00:00,300,64,1,236,14,9582
2024-08-25T13:43:51.671000+00:00,217,175,5,42,14,9582
2024-08-25T13:44:07.712000+00:00,284,241,6,43,14,9582
2024-08-25T13:44:17.391000+00:00,206,108,3,98,14,9582
2024-08-25T13:44:23.512000+00:00,193,110,3,83,14,9582
2024-08-25T13:44:34.712000+00:00,260,102,2,158,14,9582
2024-08-25T13:44:45.192000+00:00,224,180,5,44,14,9582
2024-08-25T13:45:00.032000+00:00,298,114,3,184,14,9582
2024-08-25T13:45:08.432000+00:00,235,179,5,56,14,9582
2024-08-25T13:45:11.071000+00:00,186,131,3,55,14,9582
2024-08-25T13:45:33.392000+00:00,213,113,3,100,14,9582
2024-08-25T13:45:39.672000+00:00,188,113,3,75,14,9582
2024-08-25T13:45:50.873000+00:00,252,123,3,129,14,9582
2024-08-25T13:46:15.592000+00:00,285,112,3,173,14,9582
2024-08-25T13:46:26.352000+00:00,183,132,3,51,14,9582
2024-08-25T13:46:39.392000+00:00,280,231,6,49,14,9582
2024-08-25T13:46:48.392000+00:00,215,114,3,101,14,9582
2024-08-25T13:46:54.632000+00:00,196,120,3,76,14,9582
2024-08-25T13:47:06.032000+00:00,259,121,3,138,14,9582
2024-08-25T13:47:15.872000+00:00,226,184,4,42,14,9582
2024-08-25T13:47:29.793000+00:00,314,116,3,198,14,9582
2024-08-25T13:47:54.152000+00:00,283,240,7,43,14,9582
2024-08-25T13:48:03.513000+00:00,219,109,3,110,14,9582
2024-08-25T13:48:09.793000+00:00,189,123,3,66,14,9582
2024-08-25T13:48:21.072000+00:00,273,119,3,154,14,9582
2024-08-25T13:48:31.033000+00:00,232,177,4,55,14,9582
2024-08-25T13:48:46.072000+00:00,268,120,3,148,14,9582
2024-08-25T13:48:54.832000+00:00,222,180,5,42,14,9582
2024-08-25T13:49:10.113000+00:00,285,229,6,56,14,9582
2024-08-25T13:49:16.033000+00:00,253,208,5,45,14,9582
2024-08-25T13:49:19.752000+00:00,210,110,3,100,14,9582
2024-08-25T13:49:26.233000+00:00,189,106,3,83,14,9582
2024-08-25T13:49:37.913000+00:00,252,124,3,128,14,9582
2024-08-25T13:49:48.033000+00:00,233,180,4,53,14,9582
2024-08-25T13:50:02.833000+00:00,281,118,3,163,14,9582
2024-08-25T13:50:13.792000+00:00,189,146,3,43,14,9582
2024-08-25T13:50:26.673000+00:00,283,230,6,53,14,9582
2024-08-25T13:50:32.593000+00:00,249,198,5,51,14,9582
2024-08-25T13:50:36.033000+00:00,213,119,3,94,14,9582
2024-08-25T13:50:42.753000+00:00,183,120,3,63,14,9582
2024-08-25T13:50:54.273000+00:00,254,127,3,127,14,9582
2024-08-25T13:51:19.073000+00:00,276,115,3,161,14,9582
2024-08-25T13:51:27.314000+00:00,236,182,5,54,14,9582
2024-08-25T13:51:42.913000+00:00,283,241,6,42,14,9582
2024-08-25T13:51:48.673000+00:00,247,202,5,45,14,9582
2024-08-25T13:51:52.313000+00:00,203,106,3,97,14,9582
2024-08-25T13:51:58.793000+00:00,186,112,3,74,14,9582
2024-08-25T13:52:10.473000+00:00,254,128,3,126,14,9582
2024-08-25T13:52:35.073000+00:00,277,118,3,159,14,9582
2024-08-25T13:52:43.513000+00:00,235,191,5,44,14,9582
2024-08-25T13:52:58.954000+00:00,276,223,6,53,14,9582
2024-08-25T13:53:05.034000+00:00,254,199,5,55,14,9582
2024-08-25T13:53:08.513000+00:00,196,121,3,75,14,9582
2024-08-25T13:53:15.313000+00:00,168,119,3,49,14,9582
2024-08-25T13:53:26.634000+00:00,229,122,3,107,14,9582
2024-08-25T13:53:36.433000+00:00,229,167,4,62,14,9582
2024-08-25T13:53:50.713000+00:00,327,107,3,220,14,9582
2024-08-25T13:54:00.114000+00:00,224,170,5,54,14,9582
2024-08-25T13:54:15.993000+00:00,278,221,6,57,14,9582
2024-08-25T13:54:22.114000+00:00,253,196,5,57,14,9582
2024-08-25T13:54:25.794000+00:00,209,107,3,102,14,9582
2024-08-25T13:54:32.354000+00:00,185,139,3,46,14,9582
2024-08-25T13:54:43.714000+00:00,281,120,3,161,14,9582
2024-08-25T13:54:54.114000+00:00,229,184,5,45,14,9582
2024-08-25T13:55:08.434000+00:00,294,104,3,190,14,9582
2024-08-25T13:55:42.194000+00:00,208,115,3,93,14,9582
2024-08-25T13:55:48.594000+00:00,185,115,3,70,14,9582
2024-08-25T13:56:00.114000+00:00,265,115,3,150,14,9582
2024-08-25T13:56:10.714000+00:00,228,183,5,45,14,9582
2024-08-25T13:56:25.514000+00:00,266,120,3,146,14,9582
2024-08-25T13:56:34.114000+00:00,232,189,5,43,14,9582
2024-08-25T13:56:58.834000+00:00,214,127,3,87,14,9582
2024-08-25T13:57:05.354000+00:00,179,113,3,66,14,9582
2024-08-25T13:57:16.955000+00:00,246,123,3,123,14,9582
2024-08-25T13:57:41.835000+00:00,295,118,3,177,14,9582
2024-08-25T13:58:11.234000+00:00,257,214,6,43,14,9582
2024-08-25T13:58:15.115000+00:00,198,118,3,80,14,9582
2024-08-25T13:58:21.115000+00:00,189,108,3,81,14,9582
2024-08-25T13:58:32.914000+00:00,255,125,3,130,14,9582
2024-08-25T13:58:57.555000+00:00,290,128,3,162,14,9582
2024-08-25T13:59:27.115000+00:00,256,212,6,44,14,9582
2024-08-25T13:59:30.595000+00:00,218,112,3,106,14,9582
2024-08-25T13:59:37.235000+00:00,185,108,3,77,14,9582
2024-08-25T13:59:48.835000+00:00,259,126,3,133,14,9582
2024-08-25T13:59:58.874000+00:00,235,182,4,53,14,9582
2024-08-25T14:00:13.595000+00:00,274,138,3,136,14,9582
2024-08-25T14:00:46.355000+00:00,219,122,3,97,14,9582
2024-08-25T14:00:53.155000+00:00,179,111,3,68,14,9582
2024-08-25T14:01:04.755000+00:00,250,131,3,119,14,9582
2024-08-25T14:01:14.715000+00:00,234,186,5,48,14,9582
2024-08-25T14:01:29.755000+00:00,267,118,3,149,14,9582
2024-08-25T14:01:53.235000+00:00,284,240,6,44,14,9582
2024-08-25T14:01:58.796000+00:00,256,212,6,44,14,9582
2024-08-25T14:02:02.475000+00:00,214,109,3,105,14,9582
2024-08-25T14:02:08.835000+00:00,188,122,3,66,14,9582
2024-08-25T14:02:20.635000+00:00,260,124,3,136,14,9582
2024-08-25T14:02:45.556000+00:00,260,115,3,145,14,9582
2024-08-25T14:03:14.675000+00:00,257,214,6,43,14,9582
2024-08-25T14:03:18.196000+00:00,218,112,3,106,14,9582
2024-08-25T14:03:24.756000+00:00,189,111,3,78,14,9582
2024-08-25T14:03:36.315000+00:00,258,132,3,126,14,9582
2024-08-25T14:03:46.316000+00:00,234,183,5,51,14,9582
2024-08-25T14:04:01.115000+00:00,291,119,3,172,14,9582
2024-08-25T14:04:34.075000+00:00,197,108,3,89,14,9582
2024-08-25T14:04:40.476000+00:00,170,123,3,47,14,9582
2024-08-25T14:04:51.916000+00:00,252,130,4,122,14,9582
2024-08-25T14:05:16.596000+00:00,295,119,3,176,14,9582
2024-08-25T14:05:49.156000+00:00,224,115,3,109,14,9582
2024-08-25T14:05:55.916000+00:00,179,108,3,71,14,9582
2024-08-25T14:06:07.516000+00:00,245,135,4,110,14,9582
2024-08-25T14:06:17.436000+00:00,235,185,5,50,14,9582
2024-08-25T14:06:32.716000+00:00,261,118,3,143,14,9582
2024-08-25T14:07:04.996000+00:00,213,109,3,104,14,9582
2024-08-25T14:07:11.356000+00:00,183,116,3,67,14,9582
2024-08-25T14:07:22.956000+00:00,254,130,3,124,14,9582
2024-08-25T14:07:32.996000+00:00,225,183,5,42,14,9582
2024-08-25T14:07:47.717000+00:00,262,116,3,146,14,9582
2024-08-25T14:07:56.036000+00:00,228,186,5,42,14,9582
2024-08-25T14:07:58.156000+00:00,192,145,3,47,14,9582
2024-08-25T14:08:20.157000+00:00,221,111,3,110,14,9582
2024-08-25T14:08:26.557000+00:00,187,120,3,67,14,9582
2024-08-25T14:08:38.156000+00:00,264,131,3,133,14,9582
2024-08-25T14:09:02.557000+00:00,304,115,3,189,14,9582
2024-08-25T14:09:35.397000+00:00,211,113,3,98,14,9582
2024-08-25T14:09:41.677000+00:00,183,118,3,65,14,9582
2024-08-25T14:09:53.317000+00:00,266,129,3,137,14,9582
2024-08-25T14:10:17.556000+00:00,298,123,3,175,14,9582
2024-08-25T14:10:28.437000+00:00,197,147,3,50,14,9582
2024-08-25T14:10:46.917000+00:00,258,212,6,46,14,9582
2024-08-25T14:10:50.316000+00:00,214,116,3,98,14,9582
2024-08-25T14:10:56.996000+00:00,177,113,3,64,14,9582
2024-08-25T14:11:08.477000+00:00,237,127,3,110,14,9582
2024-08-25T14:11:18.157000+00:00,228,180,4,48,14,9582
2024-08-25T14:11:33.637000+00:00,244,113,3,131,14,9582
2024-08-25T14:11:43.438000+00:00,187,146,3,41,14,9582
2024-08-25T14:12:05.357000+00:00,205,109,3,96,14,9582
2024-08-25T14:12:11.717000+00:00,190,134,3,56,14,9582
2024-08-25T14:12:23.198000+00:00,267,123,3,144,14,9582
2024-08-25T14:12:33.157000+00:00,232,187,5,45,14,9582
2024-08-25T14:12:47.917000+00:00,295,125,3,170,14,9582
2024-08-25T14:13:11.238000+00:00,289,246,7,43,14,9582
2024-08-25T14:13:20.397000+00:00,217,112,3,105,14,9582
2024-08-25T14:13:26.837000+00:00,190,120,3,70,14,9582
2024-08-25T14:13:38.357000+00:00,265,132,3,133,14,9582
2024-08-25T14:14:02.998000+00:00,299,112,3,187,14,9582
2024-08-25T14:14:35.718000+00:00,203,117,3,86,14,9582
2024-08-25T14:14:41.878000+00:00,191,111,3,80,14,9582
2024-08-25T14:14:53.557000+00:00,257,122,3,135,14,9582
2024-08-25T14:15:18.118000+00:00,285,114,3,171,14,9582
2024-08-25T14:15:28.918000+00:00,188,139,3,49,14,9582
2024-08-25T14:15:41.758000+00:00,284,242,7,42,14,9582
2024-08-25T14:15:47.438000+00:00,258,210,6,48,14,9582
2024-08-25T14:15:51.118000+00:00,214,109,3,105,14,9582
2024-08-25T14:15:57.718000+00:00,183,111,3,72,14,9582
2024-08-25T14:16:09.158000+00:00,257,120,3,137,14,9582
2024-08-25T14:16:19.238000+00:00,225,182,5,43,14,9582
2024-08-25T14:16:33.918000+00:00,279,117,3,162,14,9582
2024-08-25T14:16:43.358000+00:00,232,187,5,45,14,9582
2024-08-25T14:16:59.159000+00:00,278,229,6,49,14,9582
2024-08-25T14:17:04.958000+00:00,251,204,5,47,14,9582
2024-08-25T14:17:08.438000+00:00,222,112,3,110,14,9582
2024-08-25T14:17:14.798000+00:00,193,111,3,82,14,9582
2024-08-25T14:17:26.479000+00:00,259,121,3,138,14,9582
2024-08-25T14:17:36.638000+00:00,239,180,4,59,14,9582
2024-08-25T14:17:51.559000+00:00,281,122,3,159,14,9582
2024-08-25T14:18:02.238000+00:00,189,141,3,48,14,9582
2024-08-25T14:18:24.398000+00:00,221,109,3,112,14,9582
2024-08-25T14:18:30.958000+00:00,174,123,3,51,14,9582
2024-08-25T14:18:42.358000+00:00,256,130,3,126,14,9582
2024-08-25T14:19:06.879000+00:00,303,117,3,186,14,9582
2024-08-25T14:19:17.639000+00:00,187,142,3,45,14,9582
2024-08-25T14:19:30.439000+00:00,288,241,7,47,14,9582
2024-08-25T14:19:39.999000+00:00,207,105,3,102,14,9582
2024-08-25T14:19:46.279000+00:00,182,119,3,63,14,9582
2024-08-25T14:19:58.199000+00:00,227,125,3,102,14,9582
2024-08-25T14:20:07.959000+00:00,228,181,5,47,14,9582
2024-08-25T14:20:22.478000+00:00,301,112,3,189,14,9582
2024-08-25T14:20:30.839000+00:00,238,192,5,46,14,9582
2024-08-25T14:20:51.959000+00:00,258,205,5,53,14,9582
2024-08-25T14:20:55.920000+00:00,180,105,3,75,14,9582
2024-08-25T14:21:02.079000+00:00,184,107,3,77,14,9582
2024-08-25T14:21:13.639000+00:00,263,118,3,145,14,9582
2024-08-25T14:21:23.559000+00:00,236,184,4,52,14,9582
2024-08-25T14:21:37.599000+00:00,315,103,2,212,14,9582
2024-08-25T14:21:46.719000+00:00,230,187,5,43,14,9582
2024-08-25T14:22:11.119000+00:00,221,99,3,122,14,9582
2024-08-25T14:22:17.879000+00:00,183,104,3,79,14,9582
2024-08-25T14:22:28.960000+00:00,273,113,3,160,14,9582
2024-08-25T14:22:53.599000+00:00,307,118,3,189,14,9582
2024-08-25T14:23:26.799000+00:00,208,115,3,93,14,9582
2024-08-25T14:23:33.439000+00:00,187,116,3,71,14,9582
2024-08-25T14:23:44.839000+00:00,263,131,4,132,14,9582
2024-08-25T14:24:09.520000+00:00,295,115,3,180,14,9582
2024-08-25T14:24:18.080000+00:00,236,195,5,41,14,9582
2024-08-25T14:24:42.440000+00:00,211,111,3,100,14,9582
2024-08-25T14:24:48.680000+00:00,184,113,3,71,14,9582
2024-08-25T14:25:00.440000+00:00,252,132,3,120,14,9582
2024-08-25T14:25:10.280000+00:00,229,186,5,43,14,9582
2024-08-25T14:25:25.080000+00:00,271,118,3,153,14,9582
2024-08-25T14:25:54.040000+00:00,258,208,6,50,14,9582
2024-08-25T14:25:57.720000+00:00,223,113,3,110,14,9582
2024-08-25T14:26:04.200000+00:00,184,115,3,69,14,9582
2024-08-25T14:26:15.560000+00:00,255,148,5,107,14,9582
2024-08-25T14:26:40.080000+00:00,289,119,3,170,14,9582
2024-08-25T14:27:12.521000+00:00,225,121,3,104,14,9582
2024-08-25T14:27:19.121000+00:00,191,112,3,79,14,9582
2024-08-25T14:27:30.400000+00:00,266,144,5,122,14,9582
2024-08-25T14:27:55.400000+00:00,300,118,3,182,14,9582
2024-08-25T14:28:24.681000+00:00,253,206,6,47,14,9582
2024-08-25T14:28:28.200000+00:00,215,113,3,102,14,9582
2024-08-25T14:28:34.640000+00:00,187,104,3,83,14,9582
2024-08-25T14:28:46.681000+00:00,220,129,3,91,14,9582
2024-08-25T14:28:56.361000+00:00,222,176,5,46,14,9582
2024-08-25T14:29:11.081000+00:00,277,120,3,157,14,9582
2024-08-25T14:29:44.001000+00:00,214,113,3,101,14,9582
2024-08-25T14:29:50.681000+00:00,180,115,3,65,14,9582
2024-08-25T14:30:02.121000+00:00,268,127,3,141,14,9582
2024-08-25T14:30:27.001000+00:00,285,120,3,165,14,9582
2024-08-25T14:30:56.641000+00:00,257,213,6,44,14,9582
2024-08-25T14:31:00.081000+00:00,209,111,4,98,14,9582
2024-08-25T14:31:06.761000+00:00,187,122,4,65,14,9582
2024-08-25T14:31:18.681000+00:00,225,126,4,99,14,9582
2024-08-25T14:31:28.362000+00:00,232,183,5,49,14,9582
2024-08-25T14:31:43.321000+00:00,277,129,3,148,14,9582
2024-08-25T14:31:54.082000+00:00,191,147,3,44,14,9582
2024-08-25T14:32:16.082000+00:00,220,115,3,105,14,9582
2024-08-25T14:32:22.722000+00:00,181,115,3,66,14,9582
2024-08-25T14:32:34.402000+00:00,254,121,3,133,14,9582
2024-08-25T14:32:44.321000+00:00,241,184,5,57,14,9582
2024-08-25T14:32:59.041000+00:00,298,120,3,178,14,9582
2024-08-25T14:33:07.642000+00:00,241,192,5,49,14,9582
2024-08-25T14:33:09.802000+00:00,192,140,3,52,14,9582
2024-08-25T14:33:22.522000+00:00,292,246,7,46,14,9582
2024-08-25T14:33:28.042000+00:00,264,210,6,54,14,9582
2024-08-25T14:33:31.681000+00:00,218,115,3,103,14,9582
2024-08-25T14:33:37.921000+00:00,189,113,3,76,14,9582
2024-08-25T14:33:49.482000+00:00,267,126,3,141,14,9582
2024-08-25T14:33:59.482000+00:00,238,190,5,48,14,9582
2024-08-25T14:34:12.642000+00:00,284,90,3,194,14,9582
2024-08-25T14:35:58.762000+00:00,154,76,2,78,14,9582
2024-08-25T12:20:58.255000+00:00,203,156,4,47,16,9582
2024-08-25T12:21:15.095000+00:00,274,229,6,45,16,9582
2024-08-25T12:21:24.575000+00:00,215,108,3,107,16,9582
2024-08-25T12:21:42.495000+00:00,256,128,3,128,16,9582
2024-08-25T12:21:52.456000+00:00,224,182,4,42,16,9582
2024-08-25T12:22:02.255000+00:00,191,54,1,137,16,9582
2024-08-25T12:22:46.855000+00:00,179,128,3,51,16,9582
2024-08-25T12:23:09.735000+00:00,211,111,3,100,16,9582
2024-08-25T12:23:16.015000+00:00,181,123,4,58,16,9582
2024-08-25T12:23:27.615000+00:00,233,131,3,102,16,9582
2024-08-25T12:23:37.095000+00:00,228,177,4,51,16,9582
2024-08-25T12:23:46.736000+00:00,201,61,2,140,16,9582
2024-08-25T12:26:24.896000+00:00,214,122,3,92,16,9582
2024-08-25T12:26:31.456000+00:00,172,120,3,52,16,9582
2024-08-25T12:26:42.736000+00:00,237,122,3,115,16,9582
2024-08-25T12:26:59.896000+00:00,185,81,2,104,16,9582
2024-08-25T12:28:08.897000+00:00,220,118,3,102,16,9582
2024-08-25T12:28:14.897000+00:00,187,122,3,65,16,9582
2024-08-25T12:28:26.216000+00:00,239,116,3,123,16,9582
2024-08-25T12:28:50.856000+00:00,101,51,0,50,16,9582
2024-08-25T13:00:12.623000+00:00,205,76,1,129,16,9582
2024-08-25T13:00:47.663000+00:00,267,226,6,41,16,9582
2024-08-25T13:00:52.983000+00:00,235,131,3,104,16,9582
2024-08-25T13:00:58.703000+00:00,191,89,3,102,16,9582
2024-08-25T13:01:06.383000+00:00,169,68,2,101,16,9582
2024-08-25T13:01:21.263000+00:00,237,76,2,161,16,9582
2024-08-25T13:01:49.903000+00:00,212,52,1,160,16,9582
2024-08-25T13:03:19.264000+00:00,207,124,3,83,16,9582
2024-08-25T13:03:27.944000+00:00,230,151,4,79,16,9582
2024-08-25T13:03:44.783000+00:00,286,213,6,73,16,9582
2024-08-25T13:03:51.143000+00:00,250,190,5,60,16,9582
2024-08-25T13:03:55.183000+00:00,192,112,3,80,16,9582
2024-08-25T13:04:01.504000+00:00,189,122,3,67,16,9582
2024-08-25T13:04:13.064000+00:00,249,123,3,126,16,9582
2024-08-25T13:04:23.183000+00:00,230,178,5,52,16,9582
2024-08-25T13:04:37.944000+00:00,305,105,3,200,16,9582
2024-08-25T13:04:47.224000+00:00,230,176,4,54,16,9582
2024-08-25T13:04:49.623000+00:00,179,117,3,62,16,9582
2024-08-25T13:05:03.183000+00:00,285,239,6,46,16,9582
2024-08-25T13:05:08.784000+00:00,258,203,5,55,16,9582
2024-08-25T13:05:12.824000+00:00,211,107,3,104,16,9582
2024-08-25T13:05:18.904000+00:00,191,121,3,70,16,9582
2024-08-25T13:05:30.144000+00:00,275,122,3,153,16,9582
2024-08-25T13:05:40.064000+00:00,233,191,5,42,16,9582
2024-08-25T13:05:54.824000+00:00,300,109,3,191,16,9582
2024-08-25T13:06:19.264000+00:00,284,241,6,43,16,9582
2024-08-25T13:06:25.064000+00:00,257,211,5,46,16,9582
2024-08-25T13:06:28.784000+00:00,212,123,3,89,16,9582
2024-08-25T13:06:46.504000+00:00,268,127,3,141,16,9582
2024-08-25T13:06:56.505000+00:00,232,183,4,49,16,9582
2024-08-25T13:07:11.304000+00:00,305,102,3,203,16,9582
2024-08-25T13:07:20.024000+00:00,235,192,5,43,16,9582
2024-08-25T13:07:22.545000+00:00,172,121,4,51,16,9582
2024-08-25T13:07:35.585000+00:00,282,238,6,44,16,9582
2024-08-25T13:07:41.304000+00:00,253,206,5,47,16,9582
2024-08-25T13:07:44.944000+00:00,211,112,3,99,16,9582
2024-08-25T13:07:51.424000+00:00,187,121,3,66,16,9582
2024-08-25T13:08:02.705000+00:00,276,112,3,164,16,9582
2024-08-25T13:08:12.904000+00:00,230,182,5,48,16,9582
2024-08-25T13:08:27.104000+00:00,316,109,3,207,16,9582
2024-08-25T13:08:36.425000+00:00,229,177,4,52,16,9582
2024-08-25T13:08:38.704000+00:00,176,126,3,50,16,9582
2024-08-25T13:08:52.064000+00:00,281,214,6,67,16,9582
2024-08-25T13:08:57.904000+00:00,251,190,5,61,16,9582
2024-08-25T13:09:01.705000+00:00,209,108,4,101,16,9582
2024-08-25T13:09:19.544000+00:00,273,129,3,144,16,9582
2024-08-25T13:09:44.225000+00:00,296,102,3,194,16,9582
2024-08-25T13:09:52.904000+00:00,231,185,5,46,16,9582
2024-08-25T13:09:55.545000+00:00,173,127,4,46,16,9582
2024-08-25T13:10:08.505000+00:00,284,233,6,51,16,9582
2024-08-25T13:10:14.545000+00:00,248,201,5,47,16,9582
2024-08-25T13:10:18.305000+00:00,202,111,3,91,16,9582
2024-08-25T13:10:24.905000+00:00,179,115,3,64,16,9582
2024-08-25T13:10:36.025000+00:00,277,112,3,165,16,9582
2024-08-25T13:11:00.625000+00:00,302,108,3,194,16,9582
2024-08-25T13:11:09.785000+00:00,228,180,4,48,16,9582
2024-08-25T13:11:25.145000+00:00,283,239,6,44,16,9582
2024-08-25T13:11:30.985000+00:00,250,201,6,49,16,9582
2024-08-25T13:11:34.665000+00:00,211,110,3,101,16,9582
2024-08-25T13:11:41.385000+00:00,179,137,3,42,16,9582
2024-08-25T13:11:52.626000+00:00,278,117,3,161,16,9582
2024-08-25T13:12:02.825000+00:00,230,186,4,44,16,9582
2024-08-25T13:12:16.905000+00:00,326,101,3,225,16,9582
2024-08-25T13:12:26.426000+00:00,229,186,4,43,16,9582
2024-08-25T13:12:47.545000+00:00,256,195,5,61,16,9582
2024-08-25T13:12:51.426000+00:00,208,108,3,100,16,9582
2024-08-25T13:12:57.906000+00:00,185,118,3,67,16,9582
2024-08-25T13:13:09.265000+00:00,279,126,3,153,16,9582
2024-08-25T13:13:33.426000+00:00,320,103,3,217,16,9582
2024-08-25T13:13:58.306000+00:00,286,239,6,47,16,9582
2024-08-25T13:14:04.386000+00:00,250,202,5,48,16,9582
2024-08-25T13:14:07.825000+00:00,209,107,3,102,16,9582
2024-08-25T13:14:14.385000+00:00,186,108,3,78,16,9582
2024-08-25T13:14:26.186000+00:00,271,121,3,150,16,9582
2024-08-25T13:14:36.506000+00:00,227,175,5,52,16,9582
2024-08-25T13:14:50.186000+00:00,318,105,3,213,16,9582
2024-08-25T13:15:15.265000+00:00,286,240,6,46,16,9582
2024-08-25T13:15:21.186000+00:00,253,208,5,45,16,9582
2024-08-25T13:15:24.786000+00:00,215,109,3,106,16,9582
2024-08-25T13:15:31.386000+00:00,182,114,3,68,16,9582
2024-08-25T13:15:42.906000+00:00,276,118,3,158,16,9582
2024-08-25T13:15:53.146000+00:00,228,184,5,44,16,9582
2024-08-25T13:16:07.586000+00:00,249,104,3,145,16,9582
2024-08-25T13:16:16.146000+00:00,227,178,5,49,16,9582
2024-08-25T13:16:31.706000+00:00,286,239,6,47,16,9582
2024-08-25T13:16:37.546000+00:00,255,203,5,52,16,9582
2024-08-25T13:16:41.307000+00:00,213,107,3,106,16,9582
2024-08-25T13:16:47.827000+00:00,182,127,3,55,16,9582
2024-08-25T13:16:59.426000+00:00,276,127,3,149,16,9582
2024-08-25T13:17:23.546000+00:00,315,102,3,213,16,9582
2024-08-25T13:17:32.506000+00:00,233,182,5,51,16,9582
2024-08-25T13:17:35.027000+00:00,177,130,4,47,16,9582
2024-08-25T13:17:54.027000+00:00,254,202,5,52,16,9582
2024-08-25T13:17:57.466000+00:00,215,107,3,108,16,9582
2024-08-25T13:18:04.106000+00:00,180,126,3,54,16,9582
2024-08-25T13:18:15.947000+00:00,264,116,3,148,16,9582
2024-08-25T13:18:25.906000+00:00,230,184,5,46,16,9582
2024-08-25T13:18:40.307000+00:00,304,100,3,204,16,9582
2024-08-25T13:19:05.026000+00:00,280,237,6,43,16,9582
2024-08-25T13:19:10.507000+00:00,256,206,5,50,16,9582
2024-08-25T13:19:14.147000+00:00,210,111,3,99,16,9582
2024-08-25T13:19:20.747000+00:00,181,123,3,58,16,9582
2024-08-25T13:19:32.587000+00:00,262,123,3,139,16,9582
2024-08-25T13:19:56.827000+00:00,302,104,3,198,16,9582
2024-08-25T13:20:27.067000+00:00,248,205,5,43,16,9582
2024-08-25T13:20:30.507000+00:00,215,114,3,101,16,9582
2024-08-25T13:20:37.187000+00:00,181,122,3,59,16,9582
2024-08-25T13:20:48.867000+00:00,271,120,3,151,16,9582
2024-08-25T13:20:59.107000+00:00,231,180,5,51,16,9582
2024-08-25T13:21:12.907000+00:00,325,100,3,225,16,9582
2024-08-25T13:21:37.708000+00:00,286,241,6,45,16,9582
2024-08-25T13:21:46.987000+00:00,209,102,3,107,16,9582
2024-08-25T13:21:53.587000+00:00,184,116,3,68,16,9582
2024-08-25T13:22:05.188000+00:00,275,125,3,150,16,9582
2024-08-25T13:22:15.387000+00:00,230,176,5,54,16,9582
2024-08-25T13:22:29.307000+00:00,322,101,3,221,16,9582
2024-08-25T13:23:03.348000+00:00,214,105,3,109,16,9582
2024-08-25T13:23:10.028000+00:00,183,115,3,68,16,9582
2024-08-25T13:23:21.747000+00:00,262,121,3,141,16,9582
2024-08-25T13:23:45.828000+00:00,328,104,3,224,16,9582
2024-08-25T13:23:54.947000+00:00,231,180,5,51,16,9582
2024-08-25T13:23:57.428000+00:00,177,135,4,42,16,9582
2024-08-25T13:24:10.388000+00:00,289,233,6,56,16,9582
2024-08-25T13:24:16.188000+00:00,259,208,5,51,16,9582
2024-08-25T13:24:19.748000+00:00,214,101,3,113,16,9582
2024-08-25T13:24:26.508000+00:00,175,129,3,46,16,9582
2024-08-25T13:24:38.108000+00:00,275,112,3,163,16,9582
2024-08-25T13:24:48.148000+00:00,236,189,5,47,16,9582
2024-08-25T13:25:02.188000+00:00,321,106,3,215,16,9582
2024-08-25T13:25:11.228000+00:00,235,181,5,54,16,9582
2024-08-25T13:25:13.788000+00:00,179,135,4,44,16,9582
2024-08-25T13:25:26.748000+00:00,287,239,6,48,16,9582
2024-08-25T13:25:32.628000+00:00,257,213,5,44,16,9582
2024-08-25T13:25:36.388000+00:00,213,103,3,110,16,9582
2024-08-25T13:25:42.708000+00:00,180,130,3,50,16,9582
2024-08-25T13:25:54.508000+00:00,266,121,3,145,16,9582
2024-08-25T13:26:04.708000+00:00,231,187,5,44,16,9582
2024-08-25T13:26:18.508000+00:00,329,98,3,231,16,9582
2024-08-25T13:26:49.188000+00:00,251,203,5,48,16,9582
2024-08-25T13:26:52.508000+00:00,208,107,3,101,16,9582
2024-08-25T13:26:59.188000+00:00,182,109,3,73,16,9582
2024-08-25T13:27:10.948000+00:00,277,117,3,160,16,9582
2024-08-25T13:27:21.109000+00:00,232,184,5,48,16,9582
2024-08-25T13:27:35.188000+00:00,322,103,3,219,16,9582
2024-08-25T13:27:44.228000+00:00,236,179,5,57,16,9582
2024-08-25T13:27:46.789000+00:00,179,138,4,41,16,9582
2024-08-25T13:27:59.829000+00:00,289,235,6,54,16,9582
2024-08-25T13:28:05.629000+00:00,257,206,5,51,16,9582
2024-08-25T13:28:09.108000+00:00,211,108,3,103,16,9582
2024-08-25T13:28:15.708000+00:00,184,112,3,72,16,9582
2024-08-25T13:28:27.349000+00:00,280,122,3,158,16,9582
2024-08-25T13:28:51.469000+00:00,328,106,3,222,16,9582
2024-08-25T13:29:00.829000+00:00,230,183,5,47,16,9582
2024-08-25T13:29:16.068000+00:00,289,236,6,53,16,9582
2024-08-25T13:29:25.349000+00:00,212,110,3,102,16,9582
2024-08-25T13:29:32.189000+00:00,177,121,3,56,16,9582
2024-08-25T13:29:43.829000+00:00,276,126,3,150,16,9582
2024-08-25T13:29:53.909000+00:00,237,181,5,56,16,9582
2024-08-25T13:30:07.709000+00:00,315,94,3,221,16,9582
2024-08-25T13:30:16.869000+00:00,235,170,5,65,16,9582
2024-08-25T13:30:32.629000+00:00,290,238,6,52,16,9582
2024-08-25T13:30:38.309000+00:00,257,194,5,63,16,9582
2024-08-25T13:30:42.029000+00:00,209,115,3,94,16,9582
2024-08-25T13:30:48.829000+00:00,178,130,3,48,16,9582
2024-08-25T13:31:00.629000+00:00,263,125,3,138,16,9582
2024-08-25T13:31:10.709000+00:00,234,182,5,52,16,9582
2024-08-25T13:31:24.549000+00:00,321,106,3,215,16,9582
2024-08-25T13:31:33.549000+00:00,235,180,5,55,16,9582
2024-08-25T13:31:49.150000+00:00,290,223,6,67,16,9582
2024-08-25T13:31:55.109000+00:00,254,210,5,44,16,9582
2024-08-25T13:31:58.869000+00:00,208,109,3,99,16,9582
2024-08-25T13:32:05.669000+00:00,177,116,3,61,16,9582
2024-08-25T13:32:17.310000+00:00,277,118,3,159,16,9582
2024-08-25T13:32:27.589000+00:00,227,182,5,45,16,9582
2024-08-25T13:32:41.550000+00:00,289,130,3,159,16,9582
2024-08-25T13:32:50.510000+00:00,232,183,5,49,16,9582
2024-08-25T13:32:53.389000+00:00,172,125,4,47,16,9582
2024-08-25T13:33:06.389000+00:00,280,232,6,48,16,9582
2024-08-25T13:33:12.109000+00:00,255,205,5,50,16,9582
2024-08-25T13:33:15.710000+00:00,210,104,3,106,16,9582
2024-08-25T13:33:22.430000+00:00,180,129,3,51,16,9582
2024-08-25T13:33:34.070000+00:00,275,120,3,155,16,9582
2024-08-25T13:33:44.550000+00:00,221,180,5,41,16,9582
2024-08-25T13:33:54.190000+00:00,285,55,1,230,16,9582
2024-08-25T13:34:29.030000+00:00,223,181,5,42,16,9582
2024-08-25T13:34:53.310000+00:00,230,119,4,111,16,9582
2024-08-25T13:34:59.229000+00:00,192,143,3,49,16,9582
2024-08-25T13:35:10.550000+00:00,241,119,3,122,16,9582
2024-08-25T13:35:19.950000+00:00,214,172,4,42,16,9582
2024-08-25T13:35:34.510000+00:00,319,133,3,186,16,9582
2024-08-25T13:35:43.310000+00:00,231,183,5,48,16,9582
2024-08-25T13:35:45.990000+00:00,176,129,3,47,16,9582
2024-08-25T13:35:59.071000+00:00,283,233,6,50,16,9582
2024-08-25T13:36:04.750000+00:00,255,209,5,46,16,9582
2024-08-25T13:36:08.590000+00:00,216,114,3,102,16,9582
2024-08-25T13:36:14.630000+00:00,183,131,3,52,16,9582
2024-08-25T13:36:26.111000+00:00,265,121,3,144,16,9582
2024-08-25T13:36:36.150000+00:00,232,186,5,46,16,9582
2024-08-25T13:36:50.670000+00:00,288,112,3,176,16,9582
2024-08-25T13:37:01.670000+00:00,192,140,4,52,16,9582
2024-08-25T13:37:20.150000+00:00,257,212,6,45,16,9582
2024-08-25T13:37:23.950000+00:00,211,122,3,89,16,9582
2024-08-25T13:37:30.110000+00:00,189,143,3,46,16,9582
2024-08-25T13:37:41.670000+00:00,258,131,3,127,16,9582
2024-08-25T13:38:05.631000+00:00,302,113,3,189,16,9582
2024-08-25T13:38:16.750000+00:00,186,140,4,46,16,9582
2024-08-25T13:38:29.670000+00:00,279,235,6,44,16,9582
2024-08-25T13:38:35.590000+00:00,247,205,5,42,16,9582
2024-08-25T13:38:39.031000+00:00,215,106,3,109,16,9582
2024-08-25T13:38:45.311000+00:00,185,120,3,65,16,9582
2024-08-25T13:38:56.270000+00:00,276,116,3,160,16,9582
2024-08-25T13:39:06.951000+00:00,232,178,5,54,16,9582
2024-08-25T13:39:21.270000+00:00,317,108,3,209,16,9582
2024-08-25T13:39:30.151000+00:00,233,190,5,43,16,9582
2024-08-25T13:39:54.750000+00:00,220,110,3,110,16,9582
2024-08-25T13:40:01.151000+00:00,182,137,3,45,16,9582
2024-08-25T13:40:12.871000+00:00,254,130,3,124,16,9582
2024-08-25T13:40:22.511000+00:00,230,181,5,49,16,9582
2024-08-25T13:40:36.951000+00:00,303,125,3,178,16,9582
2024-08-25T13:40:48.111000+00:00,186,141,4,45,16,9582
2024-08-25T13:41:10.191000+00:00,220,117,3,103,16,9582
2024-08-25T13:41:16.471000+00:00,182,114,3,68,16,9582
2024-08-25T13:41:28.392000+00:00,242,127,3,115,16,9582
2024-08-25T13:41:52.231000+00:00,303,114,3,189,16,9582
2024-08-25T13:42:03.431000+00:00,192,134,4,58,16,9582
2024-08-25T13:42:25.671000+00:00,221,112,3,109,16,9582
2024-08-25T13:42:31.631000+00:00,186,133,3,53,16,9582
2024-08-25T13:42:43.431000+00:00,267,128,3,139,16,9582
2024-08-25T13:43:07.552000+00:00,302,115,3,187,16,9582
2024-08-25T13:43:18.591000+00:00,187,137,4,50,16,9582
2024-08-25T13:43:40.872000+00:00,217,118,3,99,16,9582
2024-08-25T13:43:47.032000+00:00,189,118,3,71,16,9582
2024-08-25T13:43:58.711000+00:00,267,135,3,132,16,9582
2024-08-25T13:44:23.512000+00:00,275,109,3,166,16,9582
2024-08-25T13:44:34.072000+00:00,187,137,4,50,16,9582
2024-08-25T13:44:56.152000+00:00,207,117,3,90,16,9582
2024-08-25T13:45:02.112000+00:00,188,142,3,46,16,9582
2024-08-25T13:45:13.952000+00:00,259,138,3,121,16,9582
2024-08-25T13:45:23.632000+00:00,232,191,5,41,16,9582
2024-08-25T13:45:38.152000+00:00,298,115,3,183,16,9582
2024-08-25T13:45:49.152000+00:00,190,131,4,59,16,9582
2024-08-25T13:46:02.232000+00:00,286,236,6,50,16,9582
2024-08-25T13:46:11.113000+00:00,222,119,4,103,16,9582
2024-08-25T13:46:17.593000+00:00,183,122,3,61,16,9582
2024-08-25T13:46:29.392000+00:00,245,130,3,115,16,9582
2024-08-25T13:46:53.392000+00:00,290,109,3,181,16,9582
2024-08-25T13:47:01.712000+00:00,235,190,5,45,16,9582
2024-08-25T13:47:04.193000+00:00,190,146,4,44,16,9582
2024-08-25T13:47:22.752000+00:00,259,216,6,43,16,9582
2024-08-25T13:47:26.192000+00:00,221,121,3,100,16,9582
2024-08-25T13:47:32.512000+00:00,187,118,4,69,16,9582
2024-08-25T13:47:44.073000+00:00,261,127,3,134,16,9582
2024-08-25T13:48:08.312000+00:00,297,114,3,183,16,9582
2024-08-25T13:48:19.312000+00:00,194,133,4,61,16,9582
2024-08-25T13:48:32.073000+00:00,284,240,6,44,16,9582
2024-08-25T13:48:41.352000+00:00,220,113,3,107,16,9582
2024-08-25T13:48:47.712000+00:00,185,129,3,56,16,9582
2024-08-25T13:48:59.672000+00:00,234,124,3,110,16,9582
2024-08-25T13:49:09.153000+00:00,230,187,5,43,16,9582
2024-08-25T13:49:23.553000+00:00,297,108,3,189,16,9582
2024-08-25T13:49:34.473000+00:00,190,132,4,58,16,9582
2024-08-25T13:49:47.272000+00:00,289,237,6,52,16,9582
2024-08-25T13:49:56.433000+00:00,225,117,3,108,16,9582
2024-08-25T13:50:02.833000+00:00,188,86,3,102,16,9582
2024-08-25T13:50:15.193000+00:00,258,124,3,134,16,9582
2024-08-25T13:50:25.073000+00:00,232,190,5,42,16,9582
2024-08-25T13:50:39.593000+00:00,301,117,3,184,16,9582
2024-08-25T13:50:50.513000+00:00,193,131,4,62,16,9582
2024-08-25T13:51:12.393000+00:00,217,118,4,99,16,9582
2024-08-25T13:51:18.713000+00:00,181,121,3,60,16,9582
2024-08-25T13:51:30.393000+00:00,242,126,3,116,16,9582
2024-08-25T13:51:39.994000+00:00,234,192,5,42,16,9582
2024-08-25T13:51:54.593000+00:00,274,119,3,155,16,9582
2024-08-25T13:52:05.353000+00:00,183,139,4,44,16,9582
2024-08-25T13:52:27.314000+00:00,218,115,3,103,16,9582
2024-08-25T13:52:33.554000+00:00,181,115,3,66,16,9582
2024-08-25T13:52:45.674000+00:00,222,135,3,87,16,9582
2024-08-25T13:53:09.593000+00:00,305,115,3,190,16,9582
2024-08-25T13:53:20.594000+00:00,186,134,4,52,16,9582
2024-08-25T13:53:33.594000+00:00,288,247,6,41,16,9582
2024-08-25T13:53:43.073000+00:00,193,112,3,81,16,9582
2024-08-25T13:53:49.233000+00:00,188,118,3,70,16,9582
2024-08-25T13:54:01.194000+00:00,237,128,3,109,16,9582
2024-08-25T13:54:24.914000+00:00,306,113,3,193,16,9582
2024-08-25T13:54:33.714000+00:00,235,193,5,42,16,9582
2024-08-25T13:54:35.713000+00:00,189,135,4,54,16,9582
2024-08-25T13:54:48.714000+00:00,289,244,6,45,16,9582
2024-08-25T13:54:57.674000+00:00,222,114,3,108,16,9582
2024-08-25T13:55:04.154000+00:00,180,119,3,61,16,9582
2024-08-25T13:55:15.834000+00:00,266,130,3,136,16,9582
2024-08-25T13:55:39.954000+00:00,305,115,3,190,16,9582
2024-08-25T13:55:51.034000+00:00,185,134,4,51,16,9582
2024-08-25T13:56:12.834000+00:00,220,117,3,103,16,9582
2024-08-25T13:56:19.434000+00:00,181,116,3,65,16,9582
2024-08-25T13:56:30.914000+00:00,265,125,3,140,16,9582
2024-08-25T13:56:55.195000+00:00,303,111,3,192,16,9582
2024-08-25T13:57:04.074000+00:00,236,189,5,47,16,9582
2024-08-25T13:57:06.114000+00:00,191,139,4,52,16,9582
2024-08-25T13:57:24.834000+00:00,258,214,6,44,16,9582
2024-08-25T13:57:28.075000+00:00,221,107,3,114,16,9582
2024-08-25T13:57:34.715000+00:00,183,113,3,70,16,9582
2024-08-25T13:57:46.394000+00:00,266,136,3,130,16,9582
2024-08-25T13:58:10.834000+00:00,297,111,3,186,16,9582
2024-08-25T13:58:43.355000+00:00,212,127,3,85,16,9582
2024-08-25T13:58:49.755000+00:00,174,132,3,42,16,9582
2024-08-25T13:59:01.435000+00:00,267,129,3,138,16,9582
2024-08-25T13:59:25.474000+00:00,306,111,3,195,16,9582
2024-08-25T13:59:36.235000+00:00,190,138,4,52,16,9582
2024-08-25T13:59:58.075000+00:00,222,125,3,97,16,9582
2024-08-25T14:00:04.675000+00:00,176,130,3,46,16,9582
2024-08-25T14:00:16.355000+00:00,267,137,3,130,16,9582
2024-08-25T14:00:40.555000+00:00,306,135,3,171,16,9582
2024-08-25T14:00:51.595000+00:00,188,135,4,53,16,9582
2024-08-25T14:01:13.315000+00:00,224,108,3,116,16,9582
2024-08-25T14:01:19.595000+00:00,184,110,3,74,16,9582
2024-08-25T14:01:31.395000+00:00,266,134,3,132,16,9582
2024-08-25T14:01:55.715000+00:00,279,101,3,178,16,9582
2024-08-25T14:02:06.475000+00:00,190,141,4,49,16,9582
2024-08-25T14:02:28.315000+00:00,216,114,3,102,16,9582
2024-08-25T14:02:34.555000+00:00,184,110,3,74,16,9582
2024-08-25T14:02:46.795000+00:00,269,122,3,147,16,9582
2024-08-25T14:03:10.676000+00:00,307,128,3,179,16,9582
2024-08-25T14:03:40.036000+00:00,261,219,6,42,16,9582
2024-08-25T14:03:43.556000+00:00,211,104,3,107,16,9582
2024-08-25T14:03:50.036000+00:00,179,118,3,61,16,9582
2024-08-25T14:04:01.955000+00:00,247,120,3,127,16,9582
2024-08-25T14:04:25.796000+00:00,299,109,3,190,16,9582
2024-08-25T14:04:34.315000+00:00,237,193,5,44,16,9582
2024-08-25T14:04:36.876000+00:00,180,133,4,47,16,9582
2024-08-25T14:04:55.115000+00:00,260,218,6,42,16,9582
2024-08-25T14:04:58.796000+00:00,205,124,3,81,16,9582
2024-08-25T14:05:05.156000+00:00,182,122,3,60,16,9582
2024-08-25T14:05:17.076000+00:00,267,123,3,144,16,9582
2024-08-25T14:05:41.195000+00:00,291,129,3,162,16,9582
2024-08-25T14:06:04.876000+00:00,290,245,6,45,16,9582
2024-08-25T14:06:10.556000+00:00,260,202,6,58,16,9582
2024-08-25T14:06:13.996000+00:00,215,120,3,95,16,9582
2024-08-25T14:06:20.516000+00:00,186,122,3,64,16,9582
2024-08-25T14:06:32.476000+00:00,261,136,3,125,16,9582
2024-08-25T14:06:56.516000+00:00,297,129,3,168,16,9582
2024-08-25T14:07:05.156000+00:00,237,190,5,47,16,9582
2024-08-25T14:07:07.477000+00:00,188,137,4,51,16,9582
2024-08-25T14:07:20.317000+00:00,290,244,6,46,16,9582
2024-08-25T14:07:29.436000+00:00,219,111,3,108,16,9582
2024-08-25T14:07:36.156000+00:00,162,105,3,57,16,9582
2024-08-25T14:07:47.717000+00:00,262,124,3,138,16,9582
2024-08-25T14:08:11.596000+00:00,294,127,3,167,16,9582
2024-08-25T14:08:22.556000+00:00,182,138,4,44,16,9582
2024-08-25T14:08:43.996000+00:00,219,131,3,88,16,9582
2024-08-25T14:08:50.476000+00:00,175,127,3,48,16,9582
2024-08-25T14:09:02.197000+00:00,259,128,3,131,16,9582
2024-08-25T14:09:26.117000+00:00,310,109,3,201,16,9582
2024-08-25T14:09:58.837000+00:00,225,133,4,92,16,9582
2024-08-25T14:10:05.197000+00:00,181,126,4,55,16,9582
2024-08-25T14:10:17.036000+00:00,272,134,3,138,16,9582
2024-08-25T14:10:26.757000+00:00,237,189,5,48,16,9582
2024-08-25T14:10:41.317000+00:00,291,117,3,174,16,9582
2024-08-25T14:11:14.157000+00:00,214,113,4,101,16,9582
2024-08-25T14:11:20.517000+00:00,175,119,3,56,16,9582
2024-08-25T14:11:32.197000+00:00,267,117,3,150,16,9582
2024-08-25T14:11:56.317000+00:00,304,93,2,211,16,9582
2024-08-25T14:12:05.357000+00:00,239,187,5,52,16,9582
2024-08-25T14:12:29.558000+00:00,208,111,3,97,16,9582
2024-08-25T14:12:35.717000+00:00,181,121,3,60,16,9582
2024-08-25T14:12:47.917000+00:00,249,127,3,122,16,9582
2024-08-25T14:13:11.877000+00:00,302,111,3,191,16,9582
2024-08-25T14:13:22.958000+00:00,188,140,4,48,16,9582
2024-08-25T14:13:44.878000+00:00,202,115,4,87,16,9582
2024-08-25T14:13:51.198000+00:00,178,127,3,51,16,9582
2024-08-25T14:14:02.998000+00:00,256,136,3,120,16,9582
2024-08-25T14:14:27.037000+00:00,295,110,3,185,16,9582
2024-08-25T14:14:37.798000+00:00,189,140,4,49,16,9582
2024-08-25T14:14:59.437000+00:00,224,108,3,116,16,9582
2024-08-25T14:15:05.957000+00:00,182,118,3,64,16,9582
2024-08-25T14:15:17.798000+00:00,266,133,3,133,16,9582
2024-08-25T14:15:41.758000+00:00,309,120,3,189,16,9582
2024-08-25T14:16:14.758000+00:00,216,124,4,92,16,9582
2024-08-25T14:16:21.158000+00:00,184,132,3,52,16,9582
2024-08-25T14:16:33.199000+00:00,268,127,3,141,16,9582
2024-08-25T14:16:57.558000+00:00,271,110,3,161,16,9582
2024-08-25T14:17:06.039000+00:00,240,191,5,49,16,9582
2024-08-25T14:17:08.438000+00:00,193,133,4,60,16,9582
2024-08-25T14:17:29.918000+00:00,222,108,3,114,16,9582
2024-08-25T14:17:36.238000+00:00,184,131,3,53,16,9582
2024-08-25T14:17:48.358000+00:00,246,134,3,112,16,9582
2024-08-25T14:18:12.239000+00:00,306,118,3,188,16,9582
2024-08-25T14:18:23.198000+00:00,191,138,4,53,16,9582
2024-08-25T14:18:44.719000+00:00,220,114,3,106,16,9582
2024-08-25T14:18:51.239000+00:00,187,120,3,67,16,9582
2024-08-25T14:19:03.038000+00:00,269,127,3,142,16,9582
2024-08-25T14:19:27.039000+00:00,307,115,3,192,16,9582
2024-08-25T14:19:59.639000+00:00,219,108,3,111,16,9582
2024-08-25T14:20:06.359000+00:00,173,125,3,48,16,9582
2024-08-25T14:20:18.119000+00:00,270,133,3,137,16,9582
2024-08-25T14:20:42.679000+00:00,254,110,3,144,16,9582
2024-08-25T14:20:52.999000+00:00,194,135,4,59,16,9582
2024-08-25T14:21:05.839000+00:00,290,246,6,44,16,9582
2024-08-25T14:21:11.439000+00:00,263,221,6,42,16,9582
2024-08-25T14:21:14.679000+00:00,222,111,3,111,16,9582
2024-08-25T14:21:32.839000+00:00,273,129,3,144,16,9582
2024-08-25T14:21:56.839000+00:00,308,113,3,195,16,9582
2024-08-25T14:22:05.679000+00:00,238,196,5,42,16,9582
2024-08-25T14:22:07.639000+00:00,192,147,4,45,16,9582
2024-08-25T14:22:29.480000+00:00,221,112,3,109,16,9582
2024-08-25T14:22:36+00:00,176,134,3,42,16,9582
2024-08-25T14:22:47.880000+00:00,260,128,3,132,16,9582
2024-08-25T14:22:57.799000+00:00,230,184,5,46,16,9582
2024-08-25T14:23:11.999000+00:00,297,113,3,184,16,9582
2024-08-25T14:23:20.720000+00:00,240,196,5,44,16,9582
2024-08-25T14:23:41.360000+00:00,259,216,6,43,16,9582
2024-08-25T14:23:44.559000+00:00,222,117,2,105,16,9582
2024-08-25T14:23:50.960000+00:00,185,111,3,74,16,9582
2024-08-25T14:24:03.080000+00:00,252,129,3,123,16,9582
2024-08-25T14:24:12.639000+00:00,238,194,5,44,16,9582
2024-08-25T14:24:26.840000+00:00,310,111,3,199,16,9582
2024-08-25T14:24:35.480000+00:00,243,200,5,43,16,9582
2024-08-25T14:24:50.640000+00:00,291,247,6,44,16,9582
2024-08-25T14:24:56.080000+00:00,263,219,6,44,16,9582
2024-08-25T14:24:59.360000+00:00,223,122,3,101,16,9582
2024-08-25T14:25:05.920000+00:00,183,125,3,58,16,9582
2024-08-25T14:25:17.640000+00:00,272,135,3,137,16,9582
2024-08-25T14:25:41.760000+00:00,301,116,3,185,16,9582
2024-08-25T14:26:14.360000+00:00,221,109,3,112,16,9582
2024-08-25T14:26:20.800000+00:00,168,117,3,51,16,9582
2024-08-25T14:26:32.761000+00:00,265,130,3,135,16,9582
2024-08-25T14:26:56.640000+00:00,308,111,3,197,16,9582
2024-08-25T14:27:05.401000+00:00,236,191,5,45,16,9582
2024-08-25T14:27:29.120000+00:00,222,115,3,107,16,9582
2024-08-25T14:27:35.600000+00:00,180,120,3,60,16,9582
2024-08-25T14:27:47.480000+00:00,258,130,3,128,16,9582
2024-08-25T14:28:11.481000+00:00,300,113,3,187,16,9582
2024-08-25T14:28:22.240000+00:00,193,142,4,51,16,9582
2024-08-25T14:28:44.041000+00:00,215,112,3,103,16,9582
2024-08-25T14:28:50.401000+00:00,181,112,3,69,16,9582
2024-08-25T14:29:02.440000+00:00,250,125,3,125,16,9582
2024-08-25T14:29:12.001000+00:00,239,195,5,44,16,9582
2024-08-25T14:29:26.361000+00:00,287,117,3,170,16,9582
2024-08-25T14:29:37.121000+00:00,194,134,4,60,16,9582
2024-08-25T14:29:55.521000+00:00,261,220,6,41,16,9582
2024-08-25T14:29:58.801000+00:00,222,106,3,116,16,9582
2024-08-25T14:30:05.281000+00:00,183,126,3,57,16,9582
2024-08-25T14:30:17.161000+00:00,269,130,3,139,16,9582
2024-08-25T14:30:41.402000+00:00,282,116,3,166,16,9582
2024-08-25T14:30:49.921000+00:00,242,186,5,56,16,9582
2024-08-25T14:30:52.201000+00:00,188,134,4,54,16,9582
2024-08-25T14:31:04.881000+00:00,292,245,6,47,16,9582
2024-08-25T14:31:13.881000+00:00,207,109,3,98,16,9582
2024-08-25T14:31:20.281000+00:00,175,111,3,64,16,9582
2024-08-25T14:31:32.161000+00:00,259,129,3,130,16,9582
2024-08-25T14:31:55.882000+00:00,310,108,3,202,16,9582
2024-08-25T14:32:19.641000+00:00,293,244,6,49,16,9582
2024-08-25T14:32:25.361000+00:00,253,209,6,44,16,9582
2024-08-25T14:32:28.642000+00:00,222,107,3,115,16,9582
2024-08-25T14:32:35.082000+00:00,183,108,3,75,16,9582
2024-08-25T14:32:47.082000+00:00,250,125,3,125,16,9582
2024-08-25T14:32:56.681000+00:00,241,195,5,46,16,9582
2024-08-25T14:33:11.201000+00:00,282,125,3,157,16,9582
2024-08-25T14:33:19.522000+00:00,243,201,5,42,16,9582
2024-08-25T14:33:34.802000+00:00,286,242,6,44,16,9582
2024-08-25T14:33:43.322000+00:00,225,137,3,88,16,9582
2024-08-25T14:33:50.042000+00:00,180,127,3,53,16,9582
2024-08-25T14:34:01.802000+00:00,267,132,3,135,16,9582
2024-08-25T14:34:24.042000+00:00,300,74,2,226,16,9582
2024-08-25T12:22:20.015000+00:00,218,169,4,49,18,9582
2024-08-25T12:22:46.136000+00:00,216,126,3,90,18,9582
2024-08-25T12:22:52.616000+00:00,187,119,3,68,18,9582
2024-08-25T12:23:04.255000+00:00,241,126,3,115,18,9582
2024-08-25T12:24:45.416000+00:00,205,120,3,85,18,9582
2024-08-25T12:24:51.896000+00:00,184,122,3,62,18,9582
2024-08-25T12:25:03.416000+00:00,237,130,3,107,18,9582
2024-08-25T12:25:24.936000+00:00,141,91,2,50,18,9582
2024-08-25T12:25:30.216000+00:00,175,54,1,121,18,9582
2024-08-25T12:26:20.296000+00:00,171,114,3,57,18,9582
2024-08-25T12:26:43.696000+00:00,202,119,3,83,18,9582
2024-08-25T12:26:50.136000+00:00,183,131,3,52,18,9582
2024-08-25T12:27:02.256000+00:00,236,132,3,104,18,9582
2024-08-25T12:27:23.976000+00:00,151,80,1,71,18,9582
2024-08-25T13:01:02.703000+00:00,193,68,2,125,18,9582
2024-08-25T13:01:27.623000+00:00,227,51,1,176,18,9582
2024-08-25T13:01:50.823000+00:00,201,89,2,112,18,9582
2024-08-25T13:01:59.423000+00:00,211,86,1,125,18,9582
2024-08-25T13:03:19.264000+00:00,231,86,3,145,18,9582
2024-08-25T13:03:45.944000+00:00,280,219,6,61,18,9582
2024-08-25T13:03:52.344000+00:00,234,187,5,47,18,9582
2024-08-25T13:03:56.663000+00:00,194,116,3,78,18,9582
2024-08-25T13:04:03.143000+00:00,182,120,3,62,18,9582
2024-08-25T13:04:14.984000+00:00,253,120,3,133,18,9582
2024-08-25T13:04:25.144000+00:00,223,167,4,56,18,9582
2024-08-25T13:04:40.344000+00:00,295,111,3,184,18,9582
2024-08-25T13:04:50.023000+00:00,225,175,6,50,18,9582
2024-08-25T13:04:52.944000+00:00,169,125,3,44,18,9582
2024-08-25T13:05:05.264000+00:00,285,225,6,60,18,9582
2024-08-25T13:05:15.544000+00:00,208,123,4,85,18,9582
2024-08-25T13:05:21.824000+00:00,187,122,3,65,18,9582
2024-08-25T13:05:33.304000+00:00,251,132,3,119,18,9582
2024-08-25T13:05:43.784000+00:00,221,174,5,47,18,9582
2024-08-25T13:05:57.624000+00:00,319,128,6,191,18,9582
2024-08-25T13:06:32.584000+00:00,209,119,3,90,18,9582
2024-08-25T13:06:39.224000+00:00,187,116,3,71,18,9582
2024-08-25T13:06:50.664000+00:00,238,132,3,106,18,9582
2024-08-25T13:07:15.545000+00:00,312,122,3,190,18,9582
2024-08-25T13:07:24.024000+00:00,231,177,5,54,18,9582
2024-08-25T13:07:45.624000+00:00,250,203,6,47,18,9582
2024-08-25T13:07:49.345000+00:00,210,130,4,80,18,9582
2024-08-25T13:07:55.905000+00:00,186,115,3,71,18,9582
2024-08-25T13:08:07.344000+00:00,269,131,4,138,18,9582
2024-08-25T13:08:17.504000+00:00,228,186,5,42,18,9582
2024-08-25T13:08:31.784000+00:00,305,129,3,176,18,9582
2024-08-25T13:09:05.984000+00:00,209,122,4,87,18,9582
2024-08-25T13:09:12.784000+00:00,179,116,3,63,18,9582
2024-08-25T13:09:24.265000+00:00,260,129,3,131,18,9582
2024-08-25T13:09:48.865000+00:00,311,122,3,189,18,9582
2024-08-25T13:10:23.105000+00:00,202,123,4,79,18,9582
2024-08-25T13:10:29.585000+00:00,180,120,3,60,18,9582
2024-08-25T13:10:40.985000+00:00,270,120,3,150,18,9582
2024-08-25T13:11:05.545000+00:00,321,111,3,210,18,9582
2024-08-25T13:11:39.825000+00:00,200,107,4,93,18,9582
2024-08-25T13:11:46.545000+00:00,183,114,3,69,18,9582
2024-08-25T13:11:58.145000+00:00,270,124,3,146,18,9582
2024-08-25T13:12:23.345000+00:00,305,112,3,193,18,9582
2024-08-25T13:12:53.665000+00:00,247,199,5,48,18,9582
2024-08-25T13:12:57.345000+00:00,205,142,4,63,18,9582
2024-08-25T13:13:03.825000+00:00,178,118,4,60,18,9582
2024-08-25T13:13:15.185000+00:00,273,121,3,152,18,9582
2024-08-25T13:13:25.586000+00:00,231,187,5,44,18,9582
2024-08-25T13:13:39.866000+00:00,307,129,3,178,18,9582
2024-08-25T13:14:14.385000+00:00,200,129,4,71,18,9582
2024-08-25T13:14:20.986000+00:00,180,121,4,59,18,9582
2024-08-25T13:14:32.786000+00:00,259,120,3,139,18,9582
2024-08-25T13:14:57.306000+00:00,295,120,3,175,18,9582
2024-08-25T13:15:28.186000+00:00,243,198,5,45,18,9582
2024-08-25T13:15:31.666000+00:00,208,106,4,102,18,9582
2024-08-25T13:15:38.586000+00:00,174,116,3,58,18,9582
2024-08-25T13:15:50.026000+00:00,271,120,3,151,18,9582
2024-08-25T13:16:14.426000+00:00,309,113,3,196,18,9582
2024-08-25T13:16:49.226000+00:00,210,102,4,108,18,9582
2024-08-25T13:16:56.146000+00:00,173,108,3,65,18,9582
2024-08-25T13:17:07.907000+00:00,252,128,3,124,18,9582
2024-08-25T13:17:18.146000+00:00,234,176,5,58,18,9582
2024-08-25T13:17:32.106000+00:00,316,116,3,200,18,9582
2024-08-25T13:17:44.466000+00:00,177,129,3,48,18,9582
2024-08-25T13:18:03.346000+00:00,253,209,7,44,18,9582
2024-08-25T13:18:06.787000+00:00,209,111,4,98,18,9582
2024-08-25T13:18:13.947000+00:00,176,121,3,55,18,9582
2024-08-25T13:18:25.426000+00:00,269,118,3,151,18,9582
2024-08-25T13:18:35.747000+00:00,233,178,5,55,18,9582
2024-08-25T13:18:50.386000+00:00,285,115,3,170,18,9582
2024-08-25T13:19:20.947000+00:00,256,190,5,66,18,9582
2024-08-25T13:19:24.706000+00:00,199,109,3,90,18,9582
2024-08-25T13:19:31.226000+00:00,176,117,3,59,18,9582
2024-08-25T13:19:42.947000+00:00,265,124,3,141,18,9582
2024-08-25T13:19:53.627000+00:00,225,182,5,43,18,9582
2024-08-25T13:20:07.947000+00:00,295,112,3,183,18,9582
2024-08-25T13:20:17.267000+00:00,233,179,5,54,18,9582
2024-08-25T13:20:43.747000+00:00,167,119,3,48,18,9582
2024-08-25T13:20:49.507000+00:00,180,114,3,66,18,9582
2024-08-25T13:21:01.387000+00:00,257,131,3,126,18,9582
2024-08-25T13:21:11.668000+00:00,231,180,5,51,18,9582
2024-08-25T13:21:26.507000+00:00,295,120,3,175,18,9582
2024-08-25T13:21:35.427000+00:00,225,182,5,43,18,9582
2024-08-25T13:22:00.547000+00:00,216,112,3,104,18,9582
2024-08-25T13:22:07.147000+00:00,181,107,3,74,18,9582
2024-08-25T13:22:19.227000+00:00,239,118,3,121,18,9582
2024-08-25T13:22:29.307000+00:00,233,186,5,47,18,9582
2024-08-25T13:22:44.108000+00:00,288,123,3,165,18,9582
2024-08-25T13:23:18.268000+00:00,207,116,3,91,18,9582
2024-08-25T13:23:24.828000+00:00,184,109,3,75,18,9582
2024-08-25T13:23:36.628000+00:00,264,117,3,147,18,9582
2024-08-25T13:24:02.068000+00:00,270,124,3,146,18,9582
2024-08-25T13:24:10.668000+00:00,233,189,5,44,18,9582
2024-08-25T13:24:13.387000+00:00,174,133,3,41,18,9582
2024-08-25T13:24:32.148000+00:00,253,211,6,42,18,9582
2024-08-25T13:24:35.948000+00:00,212,108,3,104,18,9582
2024-08-25T13:24:42.468000+00:00,182,110,3,72,18,9582
2024-08-25T13:24:54.387000+00:00,255,123,3,132,18,9582
2024-08-25T13:25:04.788000+00:00,227,177,5,50,18,9582
2024-08-25T13:25:19.548000+00:00,286,120,3,166,18,9582
2024-08-25T13:25:53.308000+00:00,216,108,3,108,18,9582
2024-08-25T13:26:00.309000+00:00,173,113,3,60,18,9582
2024-08-25T13:26:11.948000+00:00,252,127,3,125,18,9582
2024-08-25T13:26:22.148000+00:00,232,178,5,54,18,9582
2024-08-25T13:26:36.668000+00:00,292,124,3,168,18,9582
2024-08-25T13:26:48.028000+00:00,187,107,3,80,18,9582
2024-08-25T13:27:10.748000+00:00,216,103,3,113,18,9582
2024-08-25T13:27:17.508000+00:00,179,118,3,61,18,9582
2024-08-25T13:27:29.748000+00:00,216,124,3,92,18,9582
2024-08-25T13:27:39.429000+00:00,232,179,5,53,18,9582
2024-08-25T13:27:54.309000+00:00,293,125,3,168,18,9582
2024-08-25T13:28:03.028000+00:00,230,181,5,49,18,9582
2024-08-25T13:28:05.629000+00:00,179,130,3,49,18,9582
2024-08-25T13:28:28.069000+00:00,213,105,3,108,18,9582
2024-08-25T13:28:34.869000+00:00,176,112,3,64,18,9582
2024-08-25T13:28:46.829000+00:00,235,124,3,111,18,9582
2024-08-25T13:28:56.948000+00:00,231,170,5,61,18,9582
2024-08-25T13:29:11.749000+00:00,294,122,3,172,18,9582
2024-08-25T13:29:41.949000+00:00,253,204,5,49,18,9582
2024-08-25T13:29:45.349000+00:00,217,110,4,107,18,9582
2024-08-25T13:29:52.149000+00:00,181,111,3,70,18,9582
2024-08-25T13:30:04.069000+00:00,256,130,3,126,18,9582
2024-08-25T13:30:14.149000+00:00,231,182,5,49,18,9582
2024-08-25T13:30:28.869000+00:00,300,128,3,172,18,9582
2024-08-25T13:30:37.469000+00:00,231,184,5,47,18,9582
2024-08-25T13:30:39.949000+00:00,185,141,3,44,18,9582
2024-08-25T13:30:59.029000+00:00,253,204,5,49,18,9582
2024-08-25T13:31:02.790000+00:00,201,111,3,90,18,9582
2024-08-25T13:31:09.149000+00:00,182,111,3,71,18,9582
2024-08-25T13:31:21.309000+00:00,256,124,3,132,18,9582
2024-08-25T13:31:31.349000+00:00,232,187,5,45,18,9582
2024-08-25T13:31:46.269000+00:00,287,125,3,162,18,9582
2024-08-25T13:31:57.469000+00:00,182,134,3,48,18,9582
2024-08-25T13:32:19.949000+00:00,217,109,3,108,18,9582
2024-08-25T13:32:26.709000+00:00,172,117,3,55,18,9582
2024-08-25T13:32:38.629000+00:00,258,134,4,124,18,9582
2024-08-25T13:32:48.710000+00:00,232,181,5,51,18,9582
2024-08-25T13:33:03.630000+00:00,295,123,3,172,18,9582
2024-08-25T13:33:14.630000+00:00,186,134,3,52,18,9582
2024-08-25T13:33:37.350000+00:00,212,118,3,94,18,9582
2024-08-25T13:33:44.190000+00:00,174,113,3,61,18,9582
2024-08-25T13:33:55.950000+00:00,262,124,3,138,18,9582
2024-08-25T13:34:06.149000+00:00,233,189,5,44,18,9582
2024-08-25T13:34:21.150000+00:00,292,131,3,161,18,9582
2024-08-25T13:34:51.470000+00:00,240,191,5,49,18,9582
2024-08-25T13:34:55.030000+00:00,208,116,3,92,18,9582
2024-08-25T13:35:01.550000+00:00,181,120,3,61,18,9582
2024-08-25T13:35:13.990000+00:00,224,126,3,98,18,9582
2024-08-25T13:35:38.670000+00:00,279,123,3,156,18,9582
2024-08-25T13:35:47.270000+00:00,236,188,5,48,18,9582
2024-08-25T13:35:49.950000+00:00,179,127,3,52,18,9582
2024-08-25T13:36:03.110000+00:00,275,233,6,42,18,9582
2024-08-25T13:36:08.750000+00:00,253,205,5,48,18,9582
2024-08-25T13:36:12.511000+00:00,212,102,3,110,18,9582
2024-08-25T13:36:19.391000+00:00,175,113,3,62,18,9582
2024-08-25T13:36:31.390000+00:00,244,125,3,119,18,9582
2024-08-25T13:36:41.430000+00:00,233,184,5,49,18,9582
2024-08-25T13:36:56.230000+00:00,308,123,3,185,18,9582
2024-08-25T13:37:26.591000+00:00,248,195,5,53,18,9582
2024-08-25T13:37:30.270000+00:00,218,105,3,113,18,9582
2024-08-25T13:37:36.990000+00:00,176,113,3,63,18,9582
2024-08-25T13:37:48.830000+00:00,261,129,3,132,18,9582
2024-08-25T13:38:14.430000+00:00,205,120,3,85,18,9582
2024-08-25T13:38:44.191000+00:00,240,190,5,50,18,9582
2024-08-25T13:38:48.030000+00:00,199,98,3,101,18,9582
2024-08-25T13:38:54.550000+00:00,182,120,3,62,18,9582
2024-08-25T13:39:06.751000+00:00,260,129,3,131,18,9582
2024-08-25T13:39:31.711000+00:00,295,119,3,176,18,9582
2024-08-25T13:39:40.471000+00:00,224,183,4,41,18,9582
2024-08-25T13:40:05.751000+00:00,206,104,3,102,18,9582
2024-08-25T13:40:12.311000+00:00,183,118,3,65,18,9582
2024-08-25T13:40:24.831000+00:00,238,129,4,109,18,9582
2024-08-25T13:40:49.631000+00:00,301,127,3,174,18,9582
2024-08-25T13:41:13.751000+00:00,289,216,6,73,18,9582
2024-08-25T13:41:23.911000+00:00,210,106,3,104,18,9582
2024-08-25T13:41:30.751000+00:00,182,111,3,71,18,9582
2024-08-25T13:41:42.831000+00:00,252,130,3,122,18,9582
2024-08-25T13:41:52.911000+00:00,230,185,5,45,18,9582
2024-08-25T13:42:02.751000+00:00,282,76,1,206,18,9582
2024-08-25T13:43:03.071000+00:00,223,113,3,110,18,9582
2024-08-25T13:43:09.272000+00:00,190,120,3,70,18,9582
2024-08-25T13:43:20.952000+00:00,241,130,3,111,18,9582
2024-08-25T13:43:45.111000+00:00,294,137,3,157,18,9582
2024-08-25T13:44:15.032000+00:00,258,210,6,48,18,9582
2024-08-25T13:44:18.992000+00:00,213,121,4,92,18,9582
2024-08-25T13:44:25.151000+00:00,188,115,3,73,18,9582
2024-08-25T13:44:36.352000+00:00,269,124,3,145,18,9582
2024-08-25T13:44:46.232000+00:00,233,183,5,50,18,9582
2024-08-25T13:45:00.032000+00:00,329,112,3,217,18,9582
2024-08-25T13:45:08.872000+00:00,226,180,4,46,18,9582
2024-08-25T13:45:11.792000+00:00,177,135,3,42,18,9582
2024-08-25T13:45:34.112000+00:00,216,112,3,104,18,9582
2024-08-25T13:45:40.232000+00:00,187,117,3,70,18,9582
2024-08-25T13:45:52.192000+00:00,232,128,3,104,18,9582
2024-08-25T13:46:16.472000+00:00,283,122,3,161,18,9582
2024-08-25T13:46:49.752000+00:00,216,110,3,106,18,9582
2024-08-25T13:46:56.072000+00:00,189,121,3,68,18,9582
2024-08-25T13:47:07.872000+00:00,232,130,3,102,18,9582
2024-08-25T13:47:32.152000+00:00,279,122,3,157,18,9582
2024-08-25T13:48:05.393000+00:00,206,121,3,85,18,9582
2024-08-25T13:48:11.753000+00:00,181,127,3,54,18,9582
2024-08-25T13:48:23.353000+00:00,263,125,3,138,18,9582
2024-08-25T13:48:48.072000+00:00,235,129,3,106,18,9582
2024-08-25T13:49:20.872000+00:00,218,111,3,107,18,9582
2024-08-25T13:49:27.592000+00:00,179,116,3,63,18,9582
2024-08-25T13:49:39.153000+00:00,269,119,3,150,18,9582
2024-08-25T13:50:03.673000+00:00,283,124,3,159,18,9582
2024-08-25T13:50:33.393000+00:00,257,213,7,44,18,9582
2024-08-25T13:50:36.953000+00:00,208,117,3,91,18,9582
2024-08-25T13:50:43.753000+00:00,172,109,3,63,18,9582
2024-08-25T13:50:54.833000+00:00,275,127,3,148,18,9582
2024-08-25T13:51:18.433000+00:00,333,124,3,209,18,9582
2024-08-25T13:51:52.473000+00:00,215,105,3,110,18,9582
2024-08-25T13:51:59.594000+00:00,170,108,3,62,18,9582
2024-08-25T13:52:11.033000+00:00,274,127,3,147,18,9582
2024-08-25T13:52:35.073000+00:00,293,116,3,177,18,9582
2024-08-25T13:53:05.394000+00:00,250,209,7,41,18,9582
2024-08-25T13:53:09.153000+00:00,203,116,3,87,18,9582
2024-08-25T13:53:15.753000+00:00,180,107,3,73,18,9582
2024-08-25T13:53:27.194000+00:00,273,127,3,146,18,9582
2024-08-25T13:53:37.353000+00:00,235,181,5,54,18,9582
2024-08-25T13:53:50.713000+00:00,337,111,3,226,18,9582
2024-08-25T13:54:00.114000+00:00,229,172,5,57,18,9582
2024-08-25T13:54:16.193000+00:00,285,233,6,52,18,9582
2024-08-25T13:54:26.074000+00:00,206,108,3,98,18,9582
2024-08-25T13:54:32.874000+00:00,179,119,3,60,18,9582
2024-08-25T13:54:45.114000+00:00,197,137,6,60,18,9582
2024-08-25T13:55:08.914000+00:00,301,117,3,184,18,9582
2024-08-25T13:55:17.554000+00:00,232,175,4,57,18,9582
2024-08-25T13:55:39.194000+00:00,251,197,6,54,18,9582
2024-08-25T13:55:43.474000+00:00,194,111,3,83,18,9582
2024-08-25T13:55:49.834000+00:00,180,107,3,73,18,9582
2024-08-25T13:56:01.274000+00:00,284,129,3,155,18,9582
2024-08-25T13:56:11.874000+00:00,236,185,5,51,18,9582
2024-08-25T13:56:25.754000+00:00,332,114,3,218,18,9582
2024-08-25T13:57:00.114000+00:00,215,107,3,108,18,9582
2024-08-25T13:57:06.794000+00:00,185,106,3,79,18,9582
2024-08-25T13:57:18.154000+00:00,286,125,3,161,18,9582
2024-08-25T13:57:42.755000+00:00,311,135,3,176,18,9582
2024-08-25T13:58:16.755000+00:00,214,113,3,101,18,9582
2024-08-25T13:58:23.155000+00:00,185,120,3,65,18,9582
2024-08-25T13:58:34.915000+00:00,259,134,3,125,18,9582
2024-08-25T13:58:59.514000+00:00,295,134,3,161,18,9582
2024-08-25T13:59:32.914000+00:00,201,109,3,92,18,9582
2024-08-25T13:59:39.314000+00:00,179,107,3,72,18,9582
2024-08-25T13:59:50.875000+00:00,263,142,3,121,18,9582
2024-08-25T14:00:00.795000+00:00,233,192,5,41,18,9582
2024-08-25T14:00:16.035000+00:00,245,137,3,108,18,9582
2024-08-25T14:00:45.115000+00:00,255,211,7,44,18,9582
2024-08-25T14:00:48.875000+00:00,202,110,3,92,18,9582
2024-08-25T14:00:55.075000+00:00,181,108,3,73,18,9582
2024-08-25T14:01:06.875000+00:00,253,138,4,115,18,9582
2024-08-25T14:01:31.235000+00:00,289,133,3,156,18,9582
2024-08-25T14:01:39.715000+00:00,234,193,6,41,18,9582
2024-08-25T14:02:00.755000+00:00,251,208,6,43,18,9582
2024-08-25T14:02:04.275000+00:00,219,120,3,99,18,9582
2024-08-25T14:02:10.956000+00:00,180,122,3,58,18,9582
2024-08-25T14:02:22.715000+00:00,249,135,3,114,18,9582
2024-08-25T14:02:47.075000+00:00,277,121,3,156,18,9582
2024-08-25T14:03:16.395000+00:00,256,209,7,47,18,9582
2024-08-25T14:03:20.155000+00:00,221,113,3,108,18,9582
2024-08-25T14:03:26.596000+00:00,174,130,3,44,18,9582
2024-08-25T14:03:38.356000+00:00,267,130,3,137,18,9582
2024-08-25T14:04:02.756000+00:00,291,125,3,166,18,9582
2024-08-25T14:04:35.676000+00:00,218,115,3,103,18,9582
2024-08-25T14:04:42.276000+00:00,186,109,3,77,18,9582
2024-08-25T14:04:54.275000+00:00,233,133,3,100,18,9582
2024-08-25T14:05:18.516000+00:00,290,129,3,161,18,9582
2024-08-25T14:05:51.556000+00:00,226,104,3,122,18,9582
2024-08-25T14:05:57.916000+00:00,192,115,3,77,18,9582
2024-08-25T14:06:34.277000+00:00,292,124,3,168,18,9582
2024-08-25T14:06:58.076000+00:00,284,240,8,44,18,9582
2024-08-25T14:07:07.317000+00:00,212,111,3,101,18,9582
2024-08-25T14:07:13.917000+00:00,180,110,3,70,18,9582
2024-08-25T14:07:25.476000+00:00,260,133,3,127,18,9582
2024-08-25T14:07:49.996000+00:00,289,127,3,162,18,9582
2024-08-25T14:08:22.716000+00:00,222,110,3,112,18,9582
2024-08-25T14:08:29.236000+00:00,191,117,3,74,18,9582
2024-08-25T14:08:40.837000+00:00,266,155,7,111,18,9582
2024-08-25T14:09:05.557000+00:00,220,112,3,108,18,9582
2024-08-25T14:09:40.157000+00:00,202,116,3,86,18,9582
2024-08-25T14:09:46.677000+00:00,175,117,3,58,18,9582
2024-08-25T14:09:58.237000+00:00,259,127,3,132,18,9582
2024-08-25T14:10:22.477000+00:00,298,125,3,173,18,9582
2024-08-25T14:10:33.357000+00:00,186,145,3,41,18,9582
2024-08-25T14:10:52.157000+00:00,252,211,6,41,18,9582
2024-08-25T14:10:55.477000+00:00,217,118,3,99,18,9582
2024-08-25T14:11:02.357000+00:00,182,114,3,68,18,9582
2024-08-25T14:11:13.797000+00:00,257,131,4,126,18,9582
2024-08-25T14:11:37.957000+00:00,302,122,3,180,18,9582
2024-08-25T14:12:10.877000+00:00,214,115,3,99,18,9582
2024-08-25T14:12:17.318000+00:00,192,108,3,84,18,9582
2024-08-25T14:12:29.077000+00:00,241,128,3,113,18,9582
2024-08-25T14:12:53.357000+00:00,307,126,3,181,18,9582
2024-08-25T14:13:26.157000+00:00,227,107,3,120,18,9582
2024-08-25T14:13:33.037000+00:00,187,112,3,75,18,9582
2024-08-25T14:13:44.878000+00:00,200,127,3,73,18,9582
2024-08-25T14:14:08.958000+00:00,295,132,3,163,18,9582
2024-08-25T14:14:41.438000+00:00,227,126,3,101,18,9582
2024-08-25T14:14:48.158000+00:00,186,119,3,67,18,9582
2024-08-25T14:14:59.757000+00:00,267,128,3,139,18,9582
2024-08-25T14:15:24.358000+00:00,279,127,3,152,18,9582
2024-08-25T14:15:35.038000+00:00,194,150,3,44,18,9582
2024-08-25T14:15:57.198000+00:00,218,124,3,94,18,9582
2024-08-25T14:16:04.078000+00:00,178,106,3,72,18,9582
2024-08-25T14:16:16.198000+00:00,202,129,3,73,18,9582
2024-08-25T14:16:40.158000+00:00,307,124,3,183,18,9582
2024-08-25T14:17:13.159000+00:00,223,104,3,119,18,9582
2024-08-25T14:17:19.639000+00:00,189,105,3,84,18,9582
2024-08-25T14:17:31.518000+00:00,269,127,3,142,18,9582
2024-08-25T14:17:41.438000+00:00,237,185,5,52,18,9582
2024-08-25T14:17:55.958000+00:00,303,131,3,172,18,9582
2024-08-25T14:18:04.438000+00:00,236,195,5,41,18,9582
2024-08-25T14:18:29.038000+00:00,208,117,3,91,18,9582
2024-08-25T14:18:35.358000+00:00,184,113,3,71,18,9582
2024-08-25T14:18:47.279000+00:00,230,129,3,101,18,9582
2024-08-25T14:19:11.439000+00:00,298,126,3,172,18,9582
2024-08-25T14:19:44.599000+00:00,199,112,3,87,18,9582
2024-08-25T14:19:50.839000+00:00,190,108,3,82,18,9582
2024-08-25T14:20:02.678000+00:00,269,137,6,132,18,9582
2024-08-25T14:20:27.239000+00:00,276,124,3,152,18,9582
2024-08-25T14:21:00.039000+00:00,210,111,3,99,18,9582
2024-08-25T14:21:06.479000+00:00,185,114,3,71,18,9582
2024-08-25T14:21:18.439000+00:00,241,134,4,107,18,9582
2024-08-25T14:21:42.480000+00:00,301,128,3,173,18,9582
2024-08-25T14:21:53.279000+00:00,195,154,3,41,18,9582
2024-08-25T14:22:15.400000+00:00,222,104,3,118,18,9582
2024-08-25T14:22:21.880000+00:00,188,111,3,77,18,9582
2024-08-25T14:22:33.799000+00:00,239,132,4,107,18,9582
2024-08-25T14:22:58.119000+00:00,294,124,3,170,18,9582
2024-08-25T14:23:08.800000+00:00,192,136,3,56,18,9582
2024-08-25T14:23:30.960000+00:00,218,109,3,109,18,9582
2024-08-25T14:23:37.760000+00:00,179,111,3,68,18,9582
2024-08-25T14:23:49.360000+00:00,258,135,3,123,18,9582
2024-08-25T14:23:59.159000+00:00,237,193,5,44,18,9582
2024-08-25T14:24:13.640000+00:00,307,125,3,182,18,9582
2024-08-25T14:24:43.240000+00:00,255,213,6,42,18,9582
2024-08-25T14:24:46.720000+00:00,213,115,3,98,18,9582
2024-08-25T14:24:53.280000+00:00,185,110,3,75,18,9582
2024-08-25T14:25:05.120000+00:00,258,133,3,125,18,9582
2024-08-25T14:25:29.400000+00:00,297,120,3,177,18,9582
2024-08-25T14:26:02.720000+00:00,197,110,3,87,18,9582
2024-08-25T14:26:08.840000+00:00,185,108,3,77,18,9582
2024-08-25T14:26:20.800000+00:00,255,126,3,129,18,9582
2024-08-25T14:26:30.600000+00:00,239,191,5,48,18,9582
2024-08-25T14:26:45.121000+00:00,312,126,3,186,18,9582
2024-08-25T14:27:14.720000+00:00,254,208,5,46,18,9582
2024-08-25T14:27:18.121000+00:00,216,114,3,102,18,9582
2024-08-25T14:27:24.761000+00:00,183,107,3,76,18,9582
2024-08-25T14:27:36.600000+00:00,233,128,3,105,18,9582
2024-08-25T14:28:01.240000+00:00,275,118,3,157,18,9582
2024-08-25T14:28:09.480000+00:00,240,194,5,46,18,9582
2024-08-25T14:28:30.441000+00:00,262,209,5,53,18,9582
2024-08-25T14:28:34.280000+00:00,209,107,3,102,18,9582
2024-08-25T14:28:40.681000+00:00,184,111,3,73,18,9582
2024-08-25T14:28:52.441000+00:00,264,123,3,141,18,9582
2024-08-25T14:29:02.440000+00:00,237,193,5,44,18,9582
2024-08-25T14:29:16.921000+00:00,301,118,3,183,18,9582
2024-08-25T14:29:25.481000+00:00,230,189,5,41,18,9582
2024-08-25T14:29:40.761000+00:00,286,244,7,42,18,9582
2024-08-25T14:29:50.081000+00:00,216,109,3,107,18,9582
2024-08-25T14:29:56.841000+00:00,185,115,3,70,18,9582
2024-08-25T14:30:09.001000+00:00,221,131,3,90,18,9582
2024-08-25T14:30:18.561000+00:00,238,197,5,41,18,9582
2024-08-25T14:30:33.001000+00:00,303,120,3,183,18,9582
2024-08-25T14:31:02.481000+00:00,254,212,7,42,18,9582
2024-08-25T14:31:06.041000+00:00,221,105,3,116,18,9582
2024-08-25T14:31:12.961000+00:00,173,114,3,59,18,9582
2024-08-25T14:31:25.081000+00:00,185,141,5,44,18,9582
2024-08-25T14:31:48.922000+00:00,293,116,3,177,18,9582
2024-08-25T14:32:18.601000+00:00,251,209,7,42,18,9582
2024-08-25T14:32:22.042000+00:00,222,108,3,114,18,9582
2024-08-25T14:32:28.642000+00:00,177,110,3,67,18,9582
2024-08-25T14:32:40.602000+00:00,271,128,3,143,18,9582
2024-08-25T14:33:04.841000+00:00,306,114,3,192,18,9582
2024-08-25T14:33:38.321000+00:00,211,109,3,102,18,9582
2024-08-25T14:33:44.681000+00:00,182,99,3,83,18,9582
2024-08-25T14:33:56.842000+00:00,271,126,3,145,18,9582
2024-08-25T14:34:19.722000+00:00,286,102,3,184,18,9582
2024-08-25T12:21:07.695000+00:00,202,119,4,83,20,9582
2024-08-25T12:21:14.215000+00:00,188,120,4,68,20,9582
2024-08-25T12:21:25.734000+00:00,240,124,3,116,20,9582
2024-08-25T12:21:35.735000+00:00,220,155,5,65,20,9582
2024-08-25T12:23:17.576000+00:00,212,164,5,48,20,9582
2024-08-25T12:23:40.855000+00:00,239,196,6,43,20,9582
2024-08-25T12:23:44.536000+00:00,214,124,4,90,20,9582
2024-08-25T12:23:50.616000+00:00,188,116,4,72,20,9582
2024-08-25T12:24:02.255000+00:00,249,128,3,121,20,9582
2024-08-25T12:24:12.136000+00:00,225,179,5,46,20,9582
2024-08-25T12:24:19.776000+00:00,224,179,6,45,20,9582
2024-08-25T12:24:24.016000+00:00,153,52,2,101,20,9582
2024-08-25T12:25:07.895000+00:00,215,172,5,43,20,9582
2024-08-25T12:25:34.136000+00:00,204,125,4,79,20,9582
2024-08-25T12:25:40.056000+00:00,191,116,4,75,20,9582
2024-08-25T12:25:51.616000+00:00,261,129,3,132,20,9582
2024-08-25T12:26:01.335000+00:00,229,186,6,43,20,9582
2024-08-25T12:26:13.976000+00:00,141,58,1,83,20,9582
2024-08-25T12:27:25.096000+00:00,173,129,4,44,20,9582
2024-08-25T12:27:48.017000+00:00,225,125,3,100,20,9582
2024-08-25T12:27:54.257000+00:00,186,119,4,67,20,9582
2024-08-25T12:28:05.696000+00:00,259,134,4,125,20,9582
2024-08-25T12:28:24.896000+00:00,181,63,1,118,20,9582
2024-08-25T13:03:35.943000+00:00,201,156,5,45,20,9582
2024-08-25T13:03:53.344000+00:00,280,230,7,50,20,9582
2024-08-25T13:03:59.344000+00:00,251,207,6,44,20,9582
2024-08-25T13:04:02.863000+00:00,211,110,3,101,20,9582
2024-08-25T13:04:09.143000+00:00,181,120,4,61,20,9582
2024-08-25T13:04:20.264000+00:00,262,107,3,155,20,9582
2024-08-25T13:04:30.783000+00:00,224,179,5,45,20,9582
2024-08-25T13:04:45.344000+00:00,304,109,3,195,20,9582
2024-08-25T13:04:54.344000+00:00,233,172,5,61,20,9582
2024-08-25T13:05:10.864000+00:00,283,219,6,64,20,9582
2024-08-25T13:05:19.744000+00:00,212,112,3,100,20,9582
2024-08-25T13:05:26.544000+00:00,192,115,3,77,20,9582
2024-08-25T13:05:37.584000+00:00,285,110,3,175,20,9582
2024-08-25T13:05:48.224000+00:00,231,170,5,61,20,9582
2024-08-25T13:06:02.544000+00:00,339,143,6,196,20,9582
2024-08-25T13:06:17.824000+00:00,221,157,5,64,20,9582
2024-08-25T13:06:40.304000+00:00,250,199,6,51,20,9582
2024-08-25T13:06:44.464000+00:00,192,115,3,77,20,9582
2024-08-25T13:06:50.304000+00:00,184,113,4,71,20,9582
2024-08-25T13:07:01.864000+00:00,261,143,4,118,20,9582
2024-08-25T13:07:11.784000+00:00,223,176,5,47,20,9582
2024-08-25T13:07:26.504000+00:00,303,116,4,187,20,9582
2024-08-25T13:07:35.305000+00:00,233,174,5,59,20,9582
2024-08-25T13:07:56.825000+00:00,255,200,6,55,20,9582
2024-08-25T13:08:00.304000+00:00,223,117,3,106,20,9582
2024-08-25T13:08:06.504000+00:00,185,110,4,75,20,9582
2024-08-25T13:08:18.344000+00:00,251,134,4,117,20,9582
2024-08-25T13:08:42.825000+00:00,305,108,3,197,20,9582
2024-08-25T13:08:52.064000+00:00,215,167,5,48,20,9582
2024-08-25T13:09:13.624000+00:00,242,198,5,44,20,9582
2024-08-25T13:09:16.825000+00:00,219,112,3,107,20,9582
2024-08-25T13:09:23.385000+00:00,178,122,4,56,20,9582
2024-08-25T13:09:35.065000+00:00,260,129,4,131,20,9582
2024-08-25T13:09:45.064000+00:00,225,178,5,47,20,9582
2024-08-25T13:09:59.784000+00:00,292,119,4,173,20,9582
2024-08-25T13:10:08.505000+00:00,232,179,5,53,20,9582
2024-08-25T13:10:24.185000+00:00,286,232,6,54,20,9582
2024-08-25T13:10:30.305000+00:00,251,207,6,44,20,9582
2024-08-25T13:10:33.665000+00:00,221,106,4,115,20,9582
2024-08-25T13:10:40.065000+00:00,182,116,4,66,20,9582
2024-08-25T13:10:51.705000+00:00,282,121,4,161,20,9582
2024-08-25T13:11:02.025000+00:00,229,181,6,48,20,9582
2024-08-25T13:11:16.145000+00:00,307,111,4,196,20,9582
2024-08-25T13:11:25.346000+00:00,234,166,6,68,20,9582
2024-08-25T13:11:41.385000+00:00,286,229,6,57,20,9582
2024-08-25T13:11:51.185000+00:00,210,117,3,93,20,9582
2024-08-25T13:11:57.945000+00:00,183,110,4,73,20,9582
2024-08-25T13:12:09.105000+00:00,280,122,4,158,20,9582
2024-08-25T13:12:20.145000+00:00,223,174,5,49,20,9582
2024-08-25T13:12:34.025000+00:00,332,129,4,203,20,9582
2024-08-25T13:12:43.585000+00:00,228,176,5,52,20,9582
2024-08-25T13:13:05.226000+00:00,254,208,6,46,20,9582
2024-08-25T13:13:08.625000+00:00,218,108,3,110,20,9582
2024-08-25T13:13:15.185000+00:00,178,113,4,65,20,9582
2024-08-25T13:13:27.225000+00:00,269,124,4,145,20,9582
2024-08-25T13:13:37.386000+00:00,225,180,5,45,20,9582
2024-08-25T13:13:51.746000+00:00,304,125,3,179,20,9582
2024-08-25T13:14:00.706000+00:00,231,188,5,43,20,9582
2024-08-25T13:14:22.185000+00:00,255,196,5,59,20,9582
2024-08-25T13:14:25.786000+00:00,215,109,3,106,20,9582
2024-08-25T13:14:32.346000+00:00,177,116,4,61,20,9582
2024-08-25T13:14:44.386000+00:00,266,121,4,145,20,9582
2024-08-25T13:15:09.626000+00:00,268,117,3,151,20,9582
2024-08-25T13:15:18.226000+00:00,232,173,5,59,20,9582
2024-08-25T13:15:34.066000+00:00,284,234,6,50,20,9582
2024-08-25T13:15:43.186000+00:00,217,121,3,96,20,9582
2024-08-25T13:15:50.026000+00:00,179,115,4,64,20,9582
2024-08-25T13:16:02.066000+00:00,266,122,3,144,20,9582
2024-08-25T13:16:12.426000+00:00,223,173,5,50,20,9582
2024-08-25T13:16:26.866000+00:00,292,116,3,176,20,9582
2024-08-25T13:16:51.386000+00:00,286,240,7,46,20,9582
2024-08-25T13:16:57.106000+00:00,252,195,6,57,20,9582
2024-08-25T13:17:00.706000+00:00,217,116,4,101,20,9582
2024-08-25T13:17:07.587000+00:00,163,115,4,48,20,9582
2024-08-25T13:17:19.626000+00:00,243,119,4,124,20,9582
2024-08-25T13:17:44.146000+00:00,293,119,4,174,20,9582
2024-08-25T13:17:53.146000+00:00,232,177,6,55,20,9582
2024-08-25T13:18:08.907000+00:00,284,237,6,47,20,9582
2024-08-25T13:18:14.707000+00:00,252,202,6,50,20,9582
2024-08-25T13:18:18.306000+00:00,210,120,4,90,20,9582
2024-08-25T13:18:24.866000+00:00,178,115,4,63,20,9582
2024-08-25T13:18:36.906000+00:00,268,118,4,150,20,9582
2024-08-25T13:18:47.107000+00:00,229,180,5,49,20,9582
2024-08-25T13:19:01.787000+00:00,307,121,4,186,20,9582
2024-08-25T13:19:10.666000+00:00,231,175,5,56,20,9582
2024-08-25T13:19:32.267000+00:00,253,206,6,47,20,9582
2024-08-25T13:19:35.947000+00:00,200,108,4,92,20,9582
2024-08-25T13:19:42.507000+00:00,168,114,4,54,20,9582
2024-08-25T13:19:54.267000+00:00,251,123,4,128,20,9582
2024-08-25T13:20:04.347000+00:00,230,184,5,46,20,9582
2024-08-25T13:20:18.307000+00:00,330,109,4,221,20,9582
2024-08-25T13:20:27.587000+00:00,235,191,6,44,20,9582
2024-08-25T13:20:49.147000+00:00,243,193,5,50,20,9582
2024-08-25T13:20:52.707000+00:00,215,108,3,107,20,9582
2024-08-25T13:20:59.267000+00:00,177,104,4,73,20,9582
2024-08-25T13:21:10.908000+00:00,282,122,4,160,20,9582
2024-08-25T13:21:21.587000+00:00,234,180,5,54,20,9582
2024-08-25T13:21:35.427000+00:00,331,110,3,221,20,9582
2024-08-25T13:21:44.628000+00:00,236,172,5,64,20,9582
2024-08-25T13:22:00.547000+00:00,293,221,6,72,20,9582
2024-08-25T13:22:06.507000+00:00,252,187,5,65,20,9582
2024-08-25T13:22:10.348000+00:00,210,98,3,112,20,9582
2024-08-25T13:22:17.148000+00:00,174,114,4,60,20,9582
2024-08-25T13:22:28.467000+00:00,272,125,4,147,20,9582
2024-08-25T13:22:39.068000+00:00,233,176,5,57,20,9582
2024-08-25T13:22:52.907000+00:00,328,106,3,222,20,9582
2024-08-25T13:23:02.507000+00:00,228,174,5,54,20,9582
2024-08-25T13:23:18.268000+00:00,285,233,6,52,20,9582
2024-08-25T13:23:23.788000+00:00,252,195,5,57,20,9582
2024-08-25T13:23:27.427000+00:00,210,119,3,91,20,9582
2024-08-25T13:23:34.347000+00:00,181,110,3,71,20,9582
2024-08-25T13:23:45.828000+00:00,283,108,4,175,20,9582
2024-08-25T13:23:56.748000+00:00,233,165,5,68,20,9582
2024-08-25T13:24:10.668000+00:00,333,120,3,213,20,9582
2024-08-25T13:24:19.748000+00:00,236,172,5,64,20,9582
2024-08-25T13:24:41.788000+00:00,247,205,5,42,20,9582
2024-08-25T13:24:45.268000+00:00,213,116,3,97,20,9582
2024-08-25T13:24:51.948000+00:00,180,108,4,72,20,9582
2024-08-25T13:25:04.028000+00:00,267,119,3,148,20,9582
2024-08-25T13:25:14.428000+00:00,227,185,5,42,20,9582
2024-08-25T13:25:29.108000+00:00,303,127,4,176,20,9582
2024-08-25T13:25:38.028000+00:00,231,172,5,59,20,9582
2024-08-25T13:26:03.228000+00:00,214,116,3,98,20,9582
2024-08-25T13:26:09.948000+00:00,176,109,4,67,20,9582
2024-08-25T13:26:21.868000+00:00,253,116,4,137,20,9582
2024-08-25T13:26:32.108000+00:00,229,178,5,51,20,9582
2024-08-25T13:26:46.709000+00:00,300,114,3,186,20,9582
2024-08-25T13:26:55.668000+00:00,227,174,5,53,20,9582
2024-08-25T13:27:16.988000+00:00,247,200,5,47,20,9582
2024-08-25T13:27:20.429000+00:00,219,110,3,109,20,9582
2024-08-25T13:27:27.229000+00:00,175,109,4,66,20,9582
2024-08-25T13:27:39.429000+00:00,242,124,3,118,20,9582
2024-08-25T13:27:49.508000+00:00,227,183,5,44,20,9582
2024-08-25T13:28:04.108000+00:00,299,120,3,179,20,9582
2024-08-25T13:28:12.869000+00:00,234,170,5,64,20,9582
2024-08-25T13:28:34.269000+00:00,254,200,6,54,20,9582
2024-08-25T13:28:37.948000+00:00,214,108,4,106,20,9582
2024-08-25T13:28:44.428000+00:00,179,105,4,74,20,9582
2024-08-25T13:28:56.348000+00:00,272,128,4,144,20,9582
2024-08-25T13:29:06.789000+00:00,227,180,5,47,20,9582
2024-08-25T13:29:21.349000+00:00,283,115,3,168,20,9582
2024-08-25T13:29:30.148000+00:00,234,177,5,57,20,9582
2024-08-25T13:29:51.549000+00:00,254,207,6,47,20,9582
2024-08-25T13:29:55.349000+00:00,215,105,4,110,20,9582
2024-08-25T13:30:01.629000+00:00,179,107,4,72,20,9582
2024-08-25T13:30:13.149000+00:00,279,128,4,151,20,9582
2024-08-25T13:30:23.549000+00:00,231,176,5,55,20,9582
2024-08-25T13:30:37.469000+00:00,325,104,3,221,20,9582
2024-08-25T13:30:46.709000+00:00,231,177,5,54,20,9582
2024-08-25T13:31:08.509000+00:00,248,206,6,42,20,9582
2024-08-25T13:31:11.949000+00:00,214,121,3,93,20,9582
2024-08-25T13:31:18.469000+00:00,178,104,4,74,20,9582
2024-08-25T13:31:30.589000+00:00,266,118,4,148,20,9582
2024-08-25T13:31:40.629000+00:00,231,181,5,50,20,9582
2024-08-25T13:31:55.309000+00:00,305,119,3,186,20,9582
2024-08-25T13:32:04.149000+00:00,234,173,5,61,20,9582
2024-08-25T13:32:29.230000+00:00,215,104,3,111,20,9582
2024-08-25T13:32:35.590000+00:00,178,128,4,50,20,9582
2024-08-25T13:32:47.709000+00:00,269,126,4,143,20,9582
2024-08-25T13:32:57.709000+00:00,231,179,5,52,20,9582
2024-08-25T13:33:12.469000+00:00,286,118,3,168,20,9582
2024-08-25T13:33:21.350000+00:00,223,179,6,44,20,9582
2024-08-25T13:33:42.430000+00:00,251,208,6,43,20,9582
2024-08-25T13:33:46.069000+00:00,218,116,3,102,20,9582
2024-08-25T13:33:52.869000+00:00,168,118,4,50,20,9582
2024-08-25T13:34:04.710000+00:00,267,118,4,149,20,9582
2024-08-25T13:34:29.910000+00:00,237,120,3,117,20,9582
2024-08-25T13:34:38.150000+00:00,234,181,6,53,20,9582
2024-08-25T13:35:02.710000+00:00,212,114,4,98,20,9582
2024-08-25T13:35:09.550000+00:00,165,120,4,45,20,9582
2024-08-25T13:35:21.430000+00:00,269,130,4,139,20,9582
2024-08-25T13:35:31.310000+00:00,232,188,5,44,20,9582
2024-08-25T13:35:46.190000+00:00,302,129,3,173,20,9582
2024-08-25T13:35:54.870000+00:00,233,181,5,52,20,9582
2024-08-25T13:36:19.870000+00:00,215,109,3,106,20,9582
2024-08-25T13:36:26.310000+00:00,176,118,4,58,20,9582
2024-08-25T13:36:38.431000+00:00,265,130,3,135,20,9582
2024-08-25T13:36:48.630000+00:00,233,192,5,41,20,9582
2024-08-25T13:37:03.030000+00:00,306,117,3,189,20,9582
2024-08-25T13:37:11.831000+00:00,236,190,5,46,20,9582
2024-08-25T13:37:27.150000+00:00,287,237,6,50,20,9582
2024-08-25T13:37:33.031000+00:00,252,200,5,52,20,9582
2024-08-25T13:37:36.710000+00:00,220,108,3,112,20,9582
2024-08-25T13:37:43.110000+00:00,178,120,4,58,20,9582
2024-08-25T13:37:55.150000+00:00,267,132,4,135,20,9582
2024-08-25T13:38:20.031000+00:00,298,117,3,181,20,9582
2024-08-25T13:38:28.510000+00:00,235,176,5,59,20,9582
2024-08-25T13:38:44.191000+00:00,284,243,7,41,20,9582
2024-08-25T13:38:53.431000+00:00,217,109,4,108,20,9582
2024-08-25T13:39:00.231000+00:00,178,116,4,62,20,9582
2024-08-25T13:39:12.071000+00:00,269,133,4,136,20,9582
2024-08-25T13:39:22.310000+00:00,232,190,5,42,20,9582
2024-08-25T13:39:36.871000+00:00,298,111,4,187,20,9582
2024-08-25T13:39:45.671000+00:00,225,181,5,44,20,9582
2024-08-25T13:40:10.631000+00:00,206,121,4,85,20,9582
2024-08-25T13:40:17.311000+00:00,175,122,4,53,20,9582
2024-08-25T13:40:29.591000+00:00,265,123,4,142,20,9582
2024-08-25T13:40:39.631000+00:00,230,187,5,43,20,9582
2024-08-25T13:40:54.111000+00:00,293,123,4,170,20,9582
2024-08-25T13:41:03.271000+00:00,231,176,5,55,20,9582
2024-08-25T13:41:28.672000+00:00,217,108,4,109,20,9582
2024-08-25T13:41:35.232000+00:00,174,110,4,64,20,9582
2024-08-25T13:41:47.512000+00:00,259,132,4,127,20,9582
2024-08-25T13:41:57.511000+00:00,229,185,5,44,20,9582
2024-08-25T13:42:12.111000+00:00,308,114,3,194,20,9582
2024-08-25T13:42:20.792000+00:00,233,179,5,54,20,9582
2024-08-25T13:42:42.192000+00:00,248,194,5,54,20,9582
2024-08-25T13:42:45.551000+00:00,218,104,3,114,20,9582
2024-08-25T13:42:52.271000+00:00,175,118,4,57,20,9582
2024-08-25T13:43:04.391000+00:00,270,136,4,134,20,9582
2024-08-25T13:43:14.512000+00:00,234,184,5,50,20,9582
2024-08-25T13:43:28.872000+00:00,303,116,4,187,20,9582
2024-08-25T13:43:38.191000+00:00,239,162,5,77,20,9582
2024-08-25T13:43:53.952000+00:00,294,246,7,48,20,9582
2024-08-25T13:44:03.591000+00:00,213,106,4,107,20,9582
2024-08-25T13:44:10.271000+00:00,177,109,4,68,20,9582
2024-08-25T13:44:22.072000+00:00,280,119,4,161,20,9582
2024-08-25T13:44:32.392000+00:00,232,186,5,46,20,9582
2024-08-25T13:44:46.912000+00:00,305,105,3,200,20,9582
2024-08-25T13:44:55.832000+00:00,233,177,5,56,20,9582
2024-08-25T13:45:17.631000+00:00,244,202,6,42,20,9582
2024-08-25T13:45:21.112000+00:00,212,105,4,107,20,9582
2024-08-25T13:45:27.912000+00:00,180,115,4,65,20,9582
2024-08-25T13:45:39.832000+00:00,267,127,4,140,20,9582
2024-08-25T13:46:04.912000+00:00,296,116,4,180,20,9582
2024-08-25T13:46:13.592000+00:00,233,187,5,46,20,9582
2024-08-25T13:46:29.392000+00:00,284,239,7,45,20,9582
2024-08-25T13:46:34.752000+00:00,253,198,6,55,20,9582
2024-08-25T13:46:38.712000+00:00,202,105,4,97,20,9582
2024-08-25T13:46:45.232000+00:00,177,116,4,61,20,9582
2024-08-25T13:46:57.553000+00:00,233,136,4,97,20,9582
2024-08-25T13:47:07.472000+00:00,228,183,5,45,20,9582
2024-08-25T13:47:22.032000+00:00,306,111,3,195,20,9582
2024-08-25T13:47:52.192000+00:00,250,191,6,59,20,9582
2024-08-25T13:47:55.833000+00:00,214,107,4,107,20,9582
2024-08-25T13:48:02.513000+00:00,170,122,4,48,20,9582
2024-08-25T13:48:14.392000+00:00,270,127,4,143,20,9582
2024-08-25T13:48:24.433000+00:00,232,184,5,48,20,9582
2024-08-25T13:48:39.033000+00:00,307,114,3,193,20,9582
2024-08-25T13:48:47.712000+00:00,236,175,5,61,20,9582
2024-08-25T13:49:08.993000+00:00,254,211,6,43,20,9582
2024-08-25T13:49:13.032000+00:00,199,106,4,93,20,9582
2024-08-25T13:49:19.393000+00:00,181,112,4,69,20,9582
2024-08-25T13:49:31.433000+00:00,269,132,4,137,20,9582
2024-08-25T13:49:56.433000+00:00,263,115,4,148,20,9582
2024-08-25T13:50:04.873000+00:00,236,171,5,65,20,9582
2024-08-25T13:50:29.713000+00:00,215,109,4,106,20,9582
2024-08-25T13:50:36.593000+00:00,172,104,4,68,20,9582
2024-08-25T13:50:48.633000+00:00,263,125,4,138,20,9582
2024-08-25T13:50:58.753000+00:00,221,179,5,42,20,9582
2024-08-25T13:51:13.274000+00:00,299,113,4,186,20,9582
2024-08-25T13:51:22.090000+00:00,232,181,5,51,20,9582
2024-08-25T13:51:43.513000+00:00,246,201,6,45,20,9582
2024-08-25T13:51:46.834000+00:00,218,101,3,117,20,9582
2024-08-25T13:51:53.754000+00:00,173,111,4,62,20,9582
2024-08-25T13:52:05.914000+00:00,270,137,4,133,20,9582
2024-08-25T13:52:16.153000+00:00,224,182,5,42,20,9582
2024-08-25T13:52:30.513000+00:00,311,108,3,203,20,9582
2024-08-25T13:52:39.354000+00:00,234,160,5,74,20,9582
2024-08-25T13:53:02.233000+00:00,242,183,6,59,20,9582
2024-08-25T13:53:06.034000+00:00,217,98,3,119,20,9582
2024-08-25T13:53:12.874000+00:00,181,101,3,80,20,9582
2024-08-25T13:53:25.114000+00:00,221,84,2,137,20,9582
2024-08-25T13:53:35.753000+00:00,227,154,5,73,20,9582
2024-08-25T13:53:49.673000+00:00,303,104,4,199,20,9582
2024-08-25T13:54:00.554000+00:00,230,154,5,76,20,9582
2024-08-25T13:54:17.594000+00:00,275,209,6,66,20,9582
2024-08-25T13:54:23.273000+00:00,245,179,5,66,20,9582
2024-08-25T13:54:27.474000+00:00,198,98,3,100,20,9582
2024-08-25T13:54:34.314000+00:00,177,114,4,63,20,9582
2024-08-25T13:54:46.434000+00:00,269,130,4,139,20,9582
2024-08-25T13:54:56.914000+00:00,233,173,5,60,20,9582
2024-08-25T13:55:07.034000+00:00,290,64,1,226,20,9582
2024-08-25T13:55:42.634000+00:00,229,167,5,62,20,9582
2024-08-25T13:56:08.274000+00:00,222,124,4,98,20,9582
2024-08-25T13:56:14.714000+00:00,181,133,4,48,20,9582
2024-08-25T13:56:25.754000+00:00,267,133,4,134,20,9582
2024-08-25T13:56:35.795000+00:00,230,181,6,49,20,9582
2024-08-25T13:56:50.554000+00:00,267,119,4,148,20,9582
2024-08-25T13:57:23.954000+00:00,223,123,4,100,20,9582
2024-08-25T13:57:29.995000+00:00,195,131,4,64,20,9582
2024-08-25T13:57:41.355000+00:00,271,133,4,138,20,9582
2024-08-25T13:58:05.394000+00:00,305,123,4,182,20,9582
2024-08-25T13:58:13.714000+00:00,233,183,5,50,20,9582
2024-08-25T13:58:39.034000+00:00,216,122,4,94,20,9582
2024-08-25T13:58:44.954000+00:00,179,126,4,53,20,9582
2024-08-25T13:58:56.555000+00:00,262,132,4,130,20,9582
2024-08-25T13:59:20.915000+00:00,300,120,4,180,20,9582
2024-08-25T13:59:29.355000+00:00,234,186,5,48,20,9582
2024-08-25T13:59:54.315000+00:00,222,120,4,102,20,9582
2024-08-25T14:00:00.315000+00:00,186,119,4,67,20,9582
2024-08-25T14:00:11.994000+00:00,269,134,4,135,20,9582
2024-08-25T14:00:36.475000+00:00,287,116,3,171,20,9582
2024-08-25T14:01:09.395000+00:00,220,115,4,105,20,9582
2024-08-25T14:01:15.555000+00:00,186,126,4,60,20,9582
2024-08-25T14:01:27.555000+00:00,224,129,4,95,20,9582
2024-08-25T14:01:37.275000+00:00,224,183,5,41,20,9582
2024-08-25T14:01:51.596000+00:00,302,122,3,180,20,9582
2024-08-25T14:02:00.115000+00:00,235,180,5,55,20,9582
2024-08-25T14:02:24.676000+00:00,213,125,4,88,20,9582
2024-08-25T14:02:30.916000+00:00,189,117,4,72,20,9582
2024-08-25T14:02:42.675000+00:00,266,134,4,132,20,9582
2024-08-25T14:03:06.835000+00:00,311,117,3,194,20,9582
2024-08-25T14:03:15.435000+00:00,234,170,5,64,20,9582
2024-08-25T14:03:40.595000+00:00,220,101,3,119,20,9582
2024-08-25T14:03:47.515000+00:00,176,112,4,64,20,9582
2024-08-25T14:03:58.876000+00:00,283,122,4,161,20,9582
2024-08-25T14:04:08.835000+00:00,236,167,5,69,20,9582
2024-08-25T14:04:22.716000+00:00,332,117,4,215,20,9582
2024-08-25T14:04:32.076000+00:00,237,177,6,60,20,9582
2024-08-25T14:04:56.916000+00:00,221,105,3,116,20,9582
2024-08-25T14:05:03.636000+00:00,184,115,4,69,20,9582
2024-08-25T14:05:14.835000+00:00,285,115,4,170,20,9582
2024-08-25T14:05:25.476000+00:00,231,190,5,41,20,9582
2024-08-25T14:05:39.196000+00:00,313,100,3,213,20,9582
2024-08-25T14:05:48.236000+00:00,235,183,6,52,20,9582
2024-08-25T14:05:50.996000+00:00,167,114,3,53,20,9582
2024-08-25T14:06:04.236000+00:00,289,239,7,50,20,9582
2024-08-25T14:06:12.596000+00:00,167,92,3,75,20,9582
2024-08-25T14:06:21.796000+00:00,184,119,4,65,20,9582
2024-08-25T14:06:33.196000+00:00,287,123,4,164,20,9582
2024-08-25T14:06:43.836000+00:00,238,189,5,49,20,9582
2024-08-25T14:06:57.556000+00:00,330,118,3,212,20,9582
2024-08-25T14:07:06.356000+00:00,236,179,5,57,20,9582
2024-08-25T14:07:22.316000+00:00,292,240,7,52,20,9582
2024-08-25T14:07:27.437000+00:00,261,207,6,54,20,9582
2024-08-25T14:07:31.276000+00:00,224,111,4,113,20,9582
2024-08-25T14:07:37.756000+00:00,184,106,4,78,20,9582
2024-08-25T14:07:49.076000+00:00,291,125,4,166,20,9582
2024-08-25T14:07:59.516000+00:00,236,194,5,42,20,9582
2024-08-25T14:08:13.397000+00:00,335,117,4,218,20,9582
2024-08-25T14:08:22.556000+00:00,234,167,5,67,20,9582
2024-08-25T14:08:38.156000+00:00,292,232,7,60,20,9582
2024-08-25T14:08:43.996000+00:00,257,215,6,42,20,9582
2024-08-25T14:08:47.717000+00:00,217,102,3,115,20,9582
2024-08-25T14:08:54.437000+00:00,181,130,4,51,20,9582
2024-08-25T14:09:05.717000+00:00,287,128,4,159,20,9582
2024-08-25T14:09:16.156000+00:00,234,192,5,42,20,9582
2024-08-25T14:09:29.836000+00:00,330,106,4,224,20,9582
2024-08-25T14:09:39.077000+00:00,233,173,6,60,20,9582
2024-08-25T14:10:00.597000+00:00,251,205,6,46,20,9582
2024-08-25T14:10:04.316000+00:00,190,112,4,78,20,9582
2024-08-25T14:10:10.516000+00:00,178,116,4,62,20,9582
2024-08-25T14:10:22.477000+00:00,258,125,4,133,20,9582
2024-08-25T14:10:32.517000+00:00,235,187,5,48,20,9582
2024-08-25T14:10:46.477000+00:00,305,115,3,190,20,9582
2024-08-25T14:10:55.317000+00:00,233,169,5,64,20,9582
2024-08-25T14:11:11.077000+00:00,288,240,7,48,20,9582
2024-08-25T14:11:16.637000+00:00,259,205,6,54,20,9582
2024-08-25T14:11:20.517000+00:00,205,109,3,96,20,9582
2024-08-25T14:11:27.037000+00:00,182,110,4,72,20,9582
2024-08-25T14:11:38.517000+00:00,277,111,4,166,20,9582
2024-08-25T14:11:48.957000+00:00,220,176,5,44,20,9582
2024-08-25T14:12:02.477000+00:00,324,114,4,210,20,9582
2024-08-25T14:12:11.717000+00:00,240,180,5,60,20,9582
2024-08-25T14:12:32.717000+00:00,263,195,5,68,20,9582
2024-08-25T14:12:36.478000+00:00,212,90,3,122,20,9582
2024-08-25T14:12:43.398000+00:00,188,118,4,70,20,9582
2024-08-25T14:12:56.078000+00:00,217,122,4,95,20,9582
2024-08-25T14:13:06.637000+00:00,233,186,5,47,20,9582
2024-08-25T14:13:20.597000+00:00,328,120,3,208,20,9582
2024-08-25T14:13:29.478000+00:00,242,182,5,60,20,9582
2024-08-25T14:13:44.878000+00:00,297,235,6,62,20,9582
2024-08-25T14:13:50.718000+00:00,255,200,5,55,20,9582
2024-08-25T14:13:54.357000+00:00,217,99,3,118,20,9582
2024-08-25T14:14:01.037000+00:00,184,128,4,56,20,9582
2024-08-25T14:14:12.557000+00:00,283,124,4,159,20,9582
2024-08-25T14:14:22.958000+00:00,239,180,5,59,20,9582
2024-08-25T14:14:36.518000+00:00,339,113,4,226,20,9582
2024-08-25T14:14:45.877000+00:00,235,177,5,58,20,9582
2024-08-25T14:15:07.118000+00:00,258,198,6,60,20,9582
2024-08-25T14:15:10.918000+00:00,215,102,4,113,20,9582
2024-08-25T14:15:17.798000+00:00,173,110,4,63,20,9582
2024-08-25T14:15:29.838000+00:00,203,114,3,89,20,9582
2024-08-25T14:15:40.758000+00:00,234,179,5,55,20,9582
2024-08-25T14:15:54.718000+00:00,320,120,3,200,20,9582
2024-08-25T14:16:03.678000+00:00,237,166,5,71,20,9582
2024-08-25T14:16:20.078000+00:00,288,246,6,42,20,9582
2024-08-25T14:16:29.078000+00:00,223,106,3,117,20,9582
2024-08-25T14:16:35.638000+00:00,175,124,4,51,20,9582
2024-08-25T14:16:47.438000+00:00,274,115,3,159,20,9582
2024-08-25T14:16:57.758000+00:00,234,184,5,50,20,9582
2024-08-25T14:17:11.918000+00:00,322,109,4,213,20,9582
2024-08-25T14:17:20.718000+00:00,235,169,5,66,20,9582
2024-08-25T14:17:36.038000+00:00,295,239,7,56,20,9582
2024-08-25T14:17:41.838000+00:00,256,211,6,45,20,9582
2024-08-25T14:17:45.719000+00:00,208,113,4,95,20,9582
2024-08-25T14:17:52.359000+00:00,172,124,4,48,20,9582
2024-08-25T14:18:03.958000+00:00,276,131,4,145,20,9582
2024-08-25T14:18:14.119000+00:00,237,180,5,57,20,9582
2024-08-25T14:18:27.919000+00:00,337,109,4,228,20,9582
2024-08-25T14:18:36.758000+00:00,234,171,5,63,20,9582
2024-08-25T14:18:52.959000+00:00,294,231,6,63,20,9582
2024-08-25T14:18:58.639000+00:00,257,185,5,72,20,9582
2024-08-25T14:19:02.678000+00:00,207,102,3,105,20,9582
2024-08-25T14:19:09.198000+00:00,182,117,4,65,20,9582
2024-08-25T14:19:20.879000+00:00,288,121,4,167,20,9582
2024-08-25T14:19:31.159000+00:00,237,187,5,50,20,9582
2024-08-25T14:19:44.919000+00:00,332,116,4,216,20,9582
2024-08-25T14:19:54.239000+00:00,239,176,5,63,20,9582
2024-08-25T14:20:09.999000+00:00,289,247,7,42,20,9582
2024-08-25T14:20:15.359000+00:00,260,200,6,60,20,9582
2024-08-25T14:20:19.119000+00:00,221,98,3,123,20,9582
2024-08-25T14:20:25.919000+00:00,182,121,4,61,20,9582
2024-08-25T14:20:37.719000+00:00,280,124,4,156,20,9582
2024-08-25T14:20:47.839000+00:00,238,185,5,53,20,9582
2024-08-25T14:21:01.479000+00:00,340,115,4,225,20,9582
2024-08-25T14:21:10.919000+00:00,234,168,5,66,20,9582
2024-08-25T14:21:26.719000+00:00,280,227,6,53,20,9582
2024-08-25T14:21:32.119000+00:00,260,192,5,68,20,9582
2024-08-25T14:21:35.520000+00:00,219,97,3,122,20,9582
2024-08-25T14:21:42.720000+00:00,185,121,4,64,20,9582
2024-08-25T14:21:54.319000+00:00,287,121,4,166,20,9582
2024-08-25T14:22:04.679000+00:00,229,186,5,43,20,9582
2024-08-25T14:22:18.799000+00:00,308,117,4,191,20,9582
2024-08-25T14:22:27.920000+00:00,227,171,5,56,20,9582
2024-08-25T14:22:40.519000+00:00,286,163,5,123,20,9582
2024-08-25T14:22:54.119000+00:00,215,113,4,102,20,9582
2024-08-25T14:23:00.880000+00:00,177,122,4,55,20,9582
2024-08-25T14:23:13.559000+00:00,210,114,4,96,20,9582
2024-08-25T14:23:37.320000+00:00,330,113,4,217,20,9582
2024-08-25T14:24:01.920000+00:00,291,235,6,56,20,9582
2024-08-25T14:24:10.880000+00:00,223,86,3,137,20,9582
2024-08-25T14:24:18.080000+00:00,180,125,4,55,20,9582
2024-08-25T14:24:29.600000+00:00,281,120,4,161,20,9582
2024-08-25T14:24:40+00:00,223,181,5,42,20,9582
2024-08-25T14:24:53.880000+00:00,306,114,4,192,20,9582
2024-08-25T14:25:02.920000+00:00,239,183,5,56,20,9582
2024-08-25T14:25:24.040000+00:00,258,198,6,60,20,9582
2024-08-25T14:25:27.400000+00:00,215,115,4,100,20,9582
2024-08-25T14:25:34.360000+00:00,177,124,4,53,20,9582
2024-08-25T14:25:46.160000+00:00,255,111,4,144,20,9582
2024-08-25T14:25:56.440000+00:00,234,192,5,42,20,9582
2024-08-25T14:26:10.160000+00:00,326,103,3,223,20,9582
2024-08-25T14:26:19.241000+00:00,235,171,5,64,20,9582
2024-08-25T14:26:35.080000+00:00,293,225,6,68,20,9582
2024-08-25T14:26:40.640000+00:00,258,208,6,50,20,9582
2024-08-25T14:26:44.320000+00:00,216,102,3,114,20,9582
2024-08-25T14:27:02.640000+00:00,279,129,4,150,20,9582
2024-08-25T14:27:12.761000+00:00,235,190,5,45,20,9582
2024-08-25T14:27:26.840000+00:00,330,121,4,209,20,9582
2024-08-25T14:27:36+00:00,225,182,5,43,20,9582
2024-08-25T14:27:51.641000+00:00,286,243,7,43,20,9582
2024-08-25T14:28:00.800000+00:00,198,102,3,96,20,9582
2024-08-25T14:28:07.201000+00:00,180,139,4,41,20,9582
2024-08-25T14:28:19.161000+00:00,259,121,4,138,20,9582
2024-08-25T14:28:29.160000+00:00,236,191,5,45,20,9582
2024-08-25T14:28:43.441000+00:00,297,107,4,190,20,9582
2024-08-25T14:28:52.241000+00:00,235,179,5,56,20,9582
2024-08-25T14:29:07.721000+00:00,290,249,7,41,20,9582
2024-08-25T14:29:13.321000+00:00,255,207,6,48,20,9582
2024-08-25T14:29:16.761000+00:00,223,102,4,121,20,9582
2024-08-25T14:29:23.881000+00:00,163,115,4,48,20,9582
2024-08-25T14:29:35.521000+00:00,258,123,4,135,20,9582
2024-08-25T14:29:45.441000+00:00,238,189,5,49,20,9582
2024-08-25T14:29:59.521000+00:00,330,111,4,219,20,9582
2024-08-25T14:30:08.521000+00:00,235,182,6,53,20,9582
2024-08-25T14:30:33.241000+00:00,217,105,4,112,20,9582
2024-08-25T14:30:39.721000+00:00,179,128,4,51,20,9582
2024-08-25T14:30:51.521000+00:00,285,121,4,164,20,9582
2024-08-25T14:31:01.842000+00:00,236,178,5,58,20,9582
2024-08-25T14:31:15.522000+00:00,325,120,4,205,20,9582
2024-08-25T14:31:45.801000+00:00,260,209,6,51,20,9582
2024-08-25T14:31:49.521000+00:00,203,105,4,98,20,9582
2024-08-25T14:31:56.281000+00:00,177,118,5,59,20,9582
2024-08-25T14:32:07.842000+00:00,284,117,4,167,20,9582
2024-08-25T14:32:18.321000+00:00,241,187,5,54,20,9582
2024-08-25T14:32:31.961000+00:00,296,96,4,200,20,9582
2024-08-25T14:32:41.562000+00:00,233,172,5,61,20,9582
2024-08-25T14:32:57.361000+00:00,278,234,6,44,20,9582
2024-08-25T14:33:03.002000+00:00,244,194,5,50,20,9582
2024-08-25T14:33:06.522000+00:00,226,96,3,130,20,9582
2024-08-25T14:33:13.322000+00:00,194,97,4,97,20,9582
2024-08-25T14:33:25.241000+00:00,286,116,4,170,20,9582
2024-08-25T14:33:35.562000+00:00,236,183,5,53,20,9582
2024-08-25T14:33:49.482000+00:00,325,119,4,206,20,9582
2024-08-25T14:33:58.281000+00:00,234,179,5,55,20,9582
2024-08-25T14:34:19.402000+00:00,259,218,6,41,20,9582
2024-08-25T14:34:23.042000+00:00,215,103,4,112,20,9582
2024-08-25T14:34:29.842000+00:00,182,115,5,67,20,9582
2024-08-25T14:34:41.802000+00:00,251,125,4,126,20,9582
2024-08-25T14:34:51.722000+00:00,237,180,5,57,20,9582
2024-08-25T14:35:04.482000+00:00,282,89,4,193,20,9582
2024-08-25T14:36:25.842000+00:00,182,112,4,70,20,9582
2024-08-25T14:36:37.763000+00:00,149,99,4,50,20,9582
2024-08-25T14:36:49.723000+00:00,167,71,3,96,20,9582
2024-08-25T12:21:06.015000+00:00,95,51,1,44,22,9582
2024-08-25T12:21:42.775000+00:00,190,125,3,65,22,9582
2024-08-25T12:21:49.095000+00:00,181,116,3,65,22,9582
2024-08-25T12:22:00.655000+00:00,251,124,3,127,22,9582
2024-08-25T12:22:28.495000+00:00,108,53,1,55,22,9582
2024-08-25T12:23:15.775000+00:00,170,124,3,46,22,9582
2024-08-25T12:23:38.856000+00:00,200,120,3,80,22,9582
2024-08-25T12:23:45.216000+00:00,182,123,3,59,22,9582
2024-08-25T12:23:56.775000+00:00,256,127,3,129,22,9582
2024-08-25T12:24:06.616000+00:00,224,168,4,56,22,9582
2024-08-25T12:24:23.255000+00:00,179,60,1,119,22,9582
2024-08-25T12:25:06.936000+00:00,173,124,3,49,22,9582
2024-08-25T12:25:30.056000+00:00,207,123,3,84,22,9582
2024-08-25T12:25:36.176000+00:00,185,127,3,58,22,9582
2024-08-25T12:25:47.736000+00:00,231,126,3,105,22,9582
2024-08-25T12:25:57.016000+00:00,212,157,4,55,22,9582
2024-08-25T12:26:14.376000+00:00,142,55,1,87,22,9582
2024-08-25T12:27:09.336000+00:00,193,118,3,75,22,9582
2024-08-25T12:27:15.296000+00:00,182,128,3,54,22,9582
2024-08-25T12:27:27.817000+00:00,183,135,3,48,22,9582
2024-08-25T13:00:35.223000+00:00,162,113,3,49,22,9582
2024-08-25T13:00:47.383000+00:00,172,126,3,46,22,9582
2024-08-25T13:01:11.023000+00:00,217,128,3,89,22,9582
2024-08-25T13:01:13.502000+00:00,107,51,1,56,22,9582
2024-08-25T13:01:35.743000+00:00,210,53,1,157,22,9582
2024-08-25T13:02:00.543000+00:00,145,82,2,63,22,9582
2024-08-25T13:02:07.383000+00:00,172,51,1,121,22,9582
2024-08-25T13:03:19.424000+00:00,227,111,2,116,22,9582
2024-08-25T13:03:29.223000+00:00,226,181,4,45,22,9582
2024-08-25T13:03:32.864000+00:00,140,98,2,42,22,9582
2024-08-25T13:03:46.304000+00:00,274,207,5,67,22,9582
2024-08-25T13:03:53.344000+00:00,245,181,4,64,22,9582
2024-08-25T13:03:57.423000+00:00,214,118,3,96,22,9582
2024-08-25T13:04:03.823000+00:00,192,122,3,70,22,9582
2024-08-25T13:04:15.463000+00:00,247,118,2,129,22,9582
2024-08-25T13:04:26.464000+00:00,221,177,4,44,22,9582
2024-08-25T13:04:41.464000+00:00,295,123,3,172,22,9582
2024-08-25T13:04:50.343000+00:00,222,178,4,44,22,9582
2024-08-25T13:05:06.824000+00:00,278,236,6,42,22,9582
2024-08-25T13:05:17.144000+00:00,176,108,3,68,22,9582
2024-08-25T13:05:22.903000+00:00,172,120,3,52,22,9582
2024-08-25T13:05:34.424000+00:00,270,82,2,188,22,9582
2024-08-25T13:05:45.464000+00:00,224,183,4,41,22,9582
2024-08-25T13:06:00.264000+00:00,285,123,3,162,22,9582
2024-08-25T13:06:12.064000+00:00,175,129,3,46,22,9582
2024-08-25T13:06:34.944000+00:00,212,118,3,94,22,9582
2024-08-25T13:06:41.744000+00:00,172,124,3,48,22,9582
2024-08-25T13:06:52.864000+00:00,253,124,3,129,22,9582
2024-08-25T13:07:17.424000+00:00,317,123,3,194,22,9582
2024-08-25T13:07:29.025000+00:00,178,128,3,50,22,9582
2024-08-25T13:07:48.104000+00:00,252,206,5,46,22,9582
2024-08-25T13:07:51.944000+00:00,210,125,3,85,22,9582
2024-08-25T13:07:58.464000+00:00,179,114,3,65,22,9582
2024-08-25T13:08:09.785000+00:00,257,121,3,136,22,9582
2024-08-25T13:08:34.224000+00:00,313,125,3,188,22,9582
2024-08-25T13:09:08.545000+00:00,207,119,3,88,22,9582
2024-08-25T13:09:15.265000+00:00,161,114,3,47,22,9582
2024-08-25T13:09:26.544000+00:00,240,126,3,114,22,9582
2024-08-25T13:09:51.025000+00:00,293,117,3,176,22,9582
2024-08-25T13:09:59.784000+00:00,226,185,4,41,22,9582
2024-08-25T13:10:15.785000+00:00,286,244,6,42,22,9582
2024-08-25T13:10:25.504000+00:00,198,115,3,83,22,9582
2024-08-25T13:10:43.665000+00:00,259,181,7,78,22,9582
2024-08-25T13:10:53.505000+00:00,229,176,4,53,22,9582
2024-08-25T13:11:08.545000+00:00,284,117,3,167,22,9582
2024-08-25T13:11:32.985000+00:00,284,243,6,41,22,9582
2024-08-25T13:11:42.465000+00:00,207,121,3,86,22,9582
2024-08-25T13:11:48.865000+00:00,182,130,3,52,22,9582
2024-08-25T13:12:00.945000+00:00,241,128,3,113,22,9582
2024-08-25T13:12:10.745000+00:00,224,177,4,47,22,9582
2024-08-25T13:12:25.746000+00:00,290,121,3,169,22,9582
2024-08-25T13:12:37.025000+00:00,182,136,3,46,22,9582
2024-08-25T13:12:59.626000+00:00,217,118,3,99,22,9582
2024-08-25T13:13:06.106000+00:00,178,110,3,68,22,9582
2024-08-25T13:13:18.026000+00:00,250,128,3,122,22,9582
2024-08-25T13:13:27.905000+00:00,227,176,4,51,22,9582
2024-08-25T13:13:43.025000+00:00,273,115,3,158,22,9582
2024-08-25T13:14:17.106000+00:00,194,109,3,85,22,9582
2024-08-25T13:14:23.426000+00:00,177,112,3,65,22,9582
2024-08-25T13:14:35.585000+00:00,245,124,3,121,22,9582
2024-08-25T13:14:45.426000+00:00,228,179,4,49,22,9582
2024-08-25T13:15:00.546000+00:00,268,118,3,150,22,9582
2024-08-25T13:15:30.706000+00:00,252,207,5,45,22,9582
2024-08-25T13:15:34.506000+00:00,202,103,3,99,22,9582
2024-08-25T13:15:40.946000+00:00,176,111,3,65,22,9582
2024-08-25T13:15:52.946000+00:00,247,135,3,112,22,9582
2024-08-25T13:16:17.746000+00:00,280,120,3,160,22,9582
2024-08-25T13:16:26.426000+00:00,230,186,4,44,22,9582
2024-08-25T13:16:29.146000+00:00,174,130,3,44,22,9582
2024-08-25T13:16:48.107000+00:00,254,204,5,50,22,9582
2024-08-25T13:16:52.146000+00:00,191,106,3,85,22,9582
2024-08-25T13:16:58.426000+00:00,178,106,3,72,22,9582
2024-08-25T13:17:09.826000+00:00,277,118,3,159,22,9582
2024-08-25T13:17:20.226000+00:00,224,174,4,50,22,9582
2024-08-25T13:17:34.827000+00:00,300,114,3,186,22,9582
2024-08-25T13:17:46.586000+00:00,175,132,3,43,22,9582
2024-08-25T13:18:05.866000+00:00,240,193,5,47,22,9582
2024-08-25T13:18:09.627000+00:00,202,100,3,102,22,9582
2024-08-25T13:18:15.947000+00:00,176,124,3,52,22,9582
2024-08-25T13:18:28.147000+00:00,238,120,3,118,22,9582
2024-08-25T13:18:52.386000+00:00,309,114,3,195,22,9582
2024-08-25T13:19:01.307000+00:00,232,180,4,52,22,9582
2024-08-25T13:19:23.307000+00:00,251,207,5,44,22,9582
2024-08-25T13:19:26.987000+00:00,208,102,3,106,22,9582
2024-08-25T13:19:33.627000+00:00,178,101,3,77,22,9582
2024-08-25T13:19:45.467000+00:00,261,127,3,134,22,9582
2024-08-25T13:20:10.427000+00:00,282,117,3,165,22,9582
2024-08-25T13:20:19.107000+00:00,222,179,4,43,22,9582
2024-08-25T13:20:40.747000+00:00,255,195,5,60,22,9582
2024-08-25T13:20:44.668000+00:00,206,116,3,90,22,9582
2024-08-25T13:20:51.308000+00:00,175,106,3,69,22,9582
2024-08-25T13:21:03.267000+00:00,250,118,3,132,22,9582
2024-08-25T13:21:13.427000+00:00,230,175,4,55,22,9582
2024-08-25T13:21:23.187000+00:00,290,58,1,232,22,9582
2024-08-25T13:22:02.147000+00:00,167,117,3,50,22,9582
2024-08-25T13:22:21.307000+00:00,253,204,5,49,22,9582
2024-08-25T13:22:25.028000+00:00,218,120,3,98,22,9582
2024-08-25T13:22:31.468000+00:00,185,117,3,68,22,9582
2024-08-25T13:22:42.868000+00:00,248,122,3,126,22,9582
2024-08-25T13:23:07.827000+00:00,293,130,3,163,22,9582
2024-08-25T13:23:40.827000+00:00,217,115,3,102,22,9582
2024-08-25T13:23:46.787000+00:00,186,116,3,70,22,9582
2024-08-25T13:23:58.508000+00:00,269,136,3,133,22,9582
2024-08-25T13:24:08.147000+00:00,231,178,4,53,22,9582
2024-08-25T13:24:23.108000+00:00,299,122,3,177,22,9582
2024-08-25T13:24:31.548000+00:00,231,184,4,47,22,9582
2024-08-25T13:24:34.027000+00:00,182,132,3,50,22,9582
2024-08-25T13:24:56.668000+00:00,206,123,3,83,22,9582
2024-08-25T13:25:02.948000+00:00,177,101,3,76,22,9582
2024-08-25T13:25:14.428000+00:00,262,127,3,135,22,9582
2024-08-25T13:25:38.548000+00:00,313,116,3,197,22,9582
2024-08-25T13:25:47.109000+00:00,234,188,4,46,22,9582
2024-08-25T13:26:08.868000+00:00,255,202,5,53,22,9582
2024-08-25T13:26:12.508000+00:00,210,117,3,93,22,9582
2024-08-25T13:26:18.868000+00:00,179,118,3,61,22,9582
2024-08-25T13:26:30.108000+00:00,275,122,3,153,22,9582
2024-08-25T13:26:54.708000+00:00,310,117,3,193,22,9582
2024-08-25T13:27:06.149000+00:00,186,130,3,56,22,9582
2024-08-25T13:27:24.908000+00:00,252,199,5,53,22,9582
2024-08-25T13:27:28.628000+00:00,217,111,3,106,22,9582
2024-08-25T13:27:35.188000+00:00,175,112,3,63,22,9582
2024-08-25T13:27:46.789000+00:00,247,122,3,125,22,9582
2024-08-25T13:27:56.508000+00:00,235,187,4,48,22,9582
2024-08-25T13:28:11.668000+00:00,250,119,3,131,22,9582
2024-08-25T13:28:22.668000+00:00,180,134,3,46,22,9582
2024-08-25T13:28:41.229000+00:00,258,209,5,49,22,9582
2024-08-25T13:28:44.749000+00:00,218,117,3,101,22,9582
2024-08-25T13:28:51.269000+00:00,179,126,3,53,22,9582
2024-08-25T13:29:03.108000+00:00,257,123,3,134,22,9582
2024-08-25T13:29:12.829000+00:00,235,184,4,51,22,9582
2024-08-25T13:29:27.829000+00:00,280,115,3,165,22,9582
2024-08-25T13:29:36.308000+00:00,231,186,4,45,22,9582
2024-08-25T13:29:38.909000+00:00,186,128,3,58,22,9582
2024-08-25T13:29:57.709000+00:00,250,208,5,42,22,9582
2024-08-25T13:30:01.469000+00:00,200,115,3,85,22,9582
2024-08-25T13:30:07.709000+00:00,177,116,3,61,22,9582
2024-08-25T13:30:19.749000+00:00,222,129,3,93,22,9582
2024-08-25T13:30:29.229000+00:00,233,185,4,48,22,9582
2024-08-25T13:30:44.029000+00:00,299,118,3,181,22,9582
2024-08-25T13:30:52.669000+00:00,232,176,4,56,22,9582
2024-08-25T13:31:08.309000+00:00,290,245,6,45,22,9582
2024-08-25T13:31:17.869000+00:00,212,106,3,106,22,9582
2024-08-25T13:31:24.549000+00:00,174,111,3,63,22,9582
2024-08-25T13:31:36.070000+00:00,273,113,3,160,22,9582
2024-08-25T13:31:46.749000+00:00,227,180,4,47,22,9582
2024-08-25T13:32:01.469000+00:00,278,119,3,159,22,9582
2024-08-25T13:32:31.669000+00:00,247,203,5,44,22,9582
2024-08-25T13:32:35.230000+00:00,215,115,3,100,22,9582
2024-08-25T13:32:41.990000+00:00,176,127,3,49,22,9582
2024-08-25T13:32:53.589000+00:00,257,124,3,133,22,9582
2024-08-25T13:33:18.309000+00:00,291,124,3,167,22,9582
2024-08-25T13:33:29.550000+00:00,182,133,3,49,22,9582
2024-08-25T13:33:48.390000+00:00,256,198,5,58,22,9582
2024-08-25T13:33:52.029000+00:00,216,113,3,103,22,9582
2024-08-25T13:33:58.509000+00:00,180,112,3,68,22,9582
2024-08-25T13:34:10.550000+00:00,214,123,3,91,22,9582
2024-08-25T13:34:35.030000+00:00,279,115,3,164,22,9582
2024-08-25T13:34:59.830000+00:00,286,238,6,48,22,9582
2024-08-25T13:35:09.550000+00:00,209,114,3,95,22,9582
2024-08-25T13:35:16.350000+00:00,171,115,3,56,22,9582
2024-08-25T13:35:28.070000+00:00,252,120,3,132,22,9582
2024-08-25T13:35:38.110000+00:00,231,190,4,41,22,9582
2024-08-25T13:35:52.910000+00:00,297,120,3,177,22,9582
2024-08-25T13:36:04.310000+00:00,187,127,3,60,22,9582
2024-08-25T13:36:26.710000+00:00,212,119,3,93,22,9582
2024-08-25T13:36:33.350000+00:00,178,115,3,63,22,9582
2024-08-25T13:36:44.951000+00:00,262,120,3,142,22,9582
2024-08-25T13:36:55.030000+00:00,224,177,4,47,22,9582
2024-08-25T13:37:09.950000+00:00,264,108,3,156,22,9582
2024-08-25T13:37:21.230000+00:00,185,134,3,51,22,9582
2024-08-25T13:37:39.991000+00:00,256,211,5,45,22,9582
2024-08-25T13:37:43.590000+00:00,217,109,3,108,22,9582
2024-08-25T13:37:50.230000+00:00,177,107,3,70,22,9582
2024-08-25T13:38:01.990000+00:00,246,118,3,128,22,9582
2024-08-25T13:38:12.111000+00:00,230,175,4,55,22,9582
2024-08-25T13:38:26.831000+00:00,301,120,3,181,22,9582
2024-08-25T13:38:35.590000+00:00,235,188,4,47,22,9582
2024-08-25T13:38:38.391000+00:00,174,124,3,50,22,9582
2024-08-25T13:38:57.151000+00:00,254,208,5,46,22,9582
2024-08-25T13:39:00.790000+00:00,215,108,3,107,22,9582
2024-08-25T13:39:07.550000+00:00,179,108,3,71,22,9582
2024-08-25T13:39:19.311000+00:00,264,114,3,150,22,9582
2024-08-25T13:39:44.111000+00:00,301,109,3,192,22,9582
2024-08-25T13:40:14.511000+00:00,257,204,5,53,22,9582
2024-08-25T13:40:18.071000+00:00,217,105,3,112,22,9582
2024-08-25T13:40:24.831000+00:00,175,115,3,60,22,9582
2024-08-25T13:40:36.591000+00:00,261,121,3,140,22,9582
2024-08-25T13:41:00.631000+00:00,307,128,3,179,22,9582
2024-08-25T13:41:09.831000+00:00,227,176,4,51,22,9582
2024-08-25T13:41:12.551000+00:00,175,122,3,53,22,9582
2024-08-25T13:41:31.671000+00:00,247,204,5,43,22,9582
2024-08-25T13:41:35.432000+00:00,210,99,3,111,22,9582
2024-08-25T13:41:42.072000+00:00,180,104,3,76,22,9582
2024-08-25T13:41:53.751000+00:00,259,115,3,144,22,9582
2024-08-25T13:42:03.911000+00:00,231,179,4,52,22,9582
2024-08-25T13:42:18.351000+00:00,307,129,3,178,22,9582
2024-08-25T13:42:27.232000+00:00,224,183,4,41,22,9582
2024-08-25T13:42:29.791000+00:00,182,132,3,50,22,9582
2024-08-25T13:42:52.271000+00:00,215,109,3,106,22,9582
2024-08-25T13:42:59.031000+00:00,181,105,3,76,22,9582
2024-08-25T13:43:10.791000+00:00,256,127,3,129,22,9582
2024-08-25T13:43:35.592000+00:00,291,115,3,176,22,9582
2024-08-25T13:43:46.832000+00:00,190,126,3,64,22,9582
2024-08-25T13:44:09.192000+00:00,215,110,3,105,22,9582
2024-08-25T13:44:15.752000+00:00,177,117,3,60,22,9582
2024-08-25T13:44:27.512000+00:00,246,124,3,122,22,9582
2024-08-25T13:44:47.112000+00:00,284,72,1,212,22,9582
2024-08-25T13:45:21.872000+00:00,219,174,4,45,22,9582
2024-08-25T13:45:25.632000+00:00,163,122,3,41,22,9582
2024-08-25T13:45:45.032000+00:00,251,203,5,48,22,9582
2024-08-25T13:45:48.912000+00:00,204,118,3,86,22,9582
2024-08-25T13:45:55.592000+00:00,180,119,3,61,22,9582
2024-08-25T13:46:06.512000+00:00,267,124,3,143,22,9582
2024-08-25T13:46:16.792000+00:00,222,180,4,42,22,9582
2024-08-25T13:46:31.353000+00:00,284,121,3,163,22,9582
2024-08-25T13:46:39.832000+00:00,235,187,4,48,22,9582
2024-08-25T13:46:42.712000+00:00,176,122,3,54,22,9582
2024-08-25T13:47:01.112000+00:00,261,201,5,60,22,9582
2024-08-25T13:47:04.793000+00:00,219,118,3,101,22,9582
2024-08-25T13:47:11.393000+00:00,181,121,3,60,22,9582
2024-08-25T13:47:22.752000+00:00,252,124,3,128,22,9582
2024-08-25T13:47:47.272000+00:00,285,119,3,166,22,9582
2024-08-25T13:47:55.672000+00:00,233,192,4,41,22,9582
2024-08-25T13:47:58.273000+00:00,186,133,3,53,22,9582
2024-08-25T13:48:16.873000+00:00,259,212,5,47,22,9582
2024-08-25T13:48:20.552000+00:00,220,123,3,97,22,9582
2024-08-25T13:48:27.312000+00:00,172,130,3,42,22,9582
2024-08-25T13:48:38.513000+00:00,254,132,3,122,22,9582
2024-08-25T13:49:02.713000+00:00,299,125,3,174,22,9582
2024-08-25T13:49:13.952000+00:00,176,133,3,43,22,9582
2024-08-25T13:49:32.473000+00:00,255,212,5,43,22,9582
2024-08-25T13:49:35.993000+00:00,215,122,3,93,22,9582
2024-08-25T13:49:42.593000+00:00,174,116,3,58,22,9582
2024-08-25T13:49:54.152000+00:00,233,126,3,107,22,9582
2024-08-25T13:50:03.833000+00:00,231,182,4,49,22,9582
2024-08-25T13:50:18.233000+00:00,300,123,3,177,22,9582
2024-08-25T13:50:26.832000+00:00,236,181,4,55,22,9582
2024-08-25T13:50:29.473000+00:00,181,130,3,51,22,9582
2024-08-25T13:50:51.513000+00:00,223,106,3,117,22,9582
2024-08-25T13:50:58.433000+00:00,173,119,3,54,22,9582
2024-08-25T13:51:09.753000+00:00,236,122,3,114,22,9582
2024-08-25T13:51:33.994000+00:00,297,113,3,184,22,9582
2024-08-25T13:51:42.593000+00:00,234,191,4,43,22,9582
2024-08-25T13:51:45.073000+00:00,185,126,3,59,22,9582
2024-08-25T13:52:03.873000+00:00,254,207,5,47,22,9582
2024-08-25T13:52:07.634000+00:00,213,117,3,96,22,9582
2024-08-25T13:52:14.034000+00:00,180,115,3,65,22,9582
2024-08-25T13:52:25.714000+00:00,244,131,3,113,22,9582
2024-08-25T13:52:50.233000+00:00,270,118,3,152,22,9582
2024-08-25T13:52:58.594000+00:00,236,185,4,51,22,9582
2024-08-25T13:53:01.234000+00:00,187,133,3,54,22,9582
2024-08-25T13:53:19.954000+00:00,254,213,5,41,22,9582
2024-08-25T13:53:23.593000+00:00,220,120,3,100,22,9582
2024-08-25T13:53:30.073000+00:00,182,120,3,62,22,9582
2024-08-25T13:53:41.554000+00:00,244,127,3,117,22,9582
2024-08-25T13:54:06.194000+00:00,275,114,3,161,22,9582
2024-08-25T13:54:17.193000+00:00,189,125,3,64,22,9582
2024-08-25T13:54:35.713000+00:00,261,220,5,41,22,9582
2024-08-25T13:54:39.314000+00:00,220,123,3,97,22,9582
2024-08-25T13:54:45.994000+00:00,181,119,3,62,22,9582
2024-08-25T13:54:57.434000+00:00,264,125,3,139,22,9582
2024-08-25T13:55:07.634000+00:00,222,180,4,42,22,9582
2024-08-25T13:55:22.474000+00:00,256,124,3,132,22,9582
2024-08-25T13:55:30.674000+00:00,230,189,4,41,22,9582
2024-08-25T13:55:33.634000+00:00,170,125,3,45,22,9582
2024-08-25T13:55:47.234000+00:00,282,240,6,42,22,9582
2024-08-25T13:55:53.434000+00:00,249,204,5,45,22,9582
2024-08-25T13:55:57.074000+00:00,211,117,3,94,22,9582
2024-08-25T13:56:04.114000+00:00,163,118,3,45,22,9582
2024-08-25T13:56:15.314000+00:00,265,121,3,144,22,9582
2024-08-25T13:56:40.074000+00:00,292,122,3,170,22,9582
2024-08-25T13:56:48.635000+00:00,233,185,4,48,22,9582
2024-08-25T13:56:51.314000+00:00,184,119,3,65,22,9582
2024-08-25T13:57:10.314000+00:00,250,207,5,43,22,9582
2024-08-25T13:57:13.834000+00:00,211,108,3,103,22,9582
2024-08-25T13:57:20.554000+00:00,179,112,3,67,22,9582
2024-08-25T13:57:32.034000+00:00,252,121,3,131,22,9582
2024-08-25T13:57:42.755000+00:00,218,174,4,44,22,9582
2024-08-25T13:57:56.715000+00:00,299,114,3,185,22,9582
2024-08-25T13:58:05.594000+00:00,235,181,4,54,22,9582
2024-08-25T13:58:08.315000+00:00,175,126,3,49,22,9582
2024-08-25T13:58:20.915000+00:00,292,237,6,55,22,9582
2024-08-25T13:58:27.475000+00:00,255,198,5,57,22,9582
2024-08-25T13:58:31.234000+00:00,208,107,3,101,22,9582
2024-08-25T13:58:37.994000+00:00,193,106,3,87,22,9582
2024-08-25T13:58:49.395000+00:00,269,120,3,149,22,9582
2024-08-25T13:58:59.994000+00:00,228,175,4,53,22,9582
2024-08-25T13:59:14.355000+00:00,301,114,3,187,22,9582
2024-08-25T13:59:23.035000+00:00,238,181,4,57,22,9582
2024-08-25T13:59:25.914000+00:00,177,136,3,41,22,9582
2024-08-25T13:59:48.115000+00:00,214,98,3,116,22,9582
2024-08-25T13:59:54.675000+00:00,181,115,3,66,22,9582
2024-08-25T14:00:06.355000+00:00,252,118,3,134,22,9582
2024-08-25T14:00:30.435000+00:00,303,105,3,198,22,9582
2024-08-25T14:00:39.595000+00:00,227,179,4,48,22,9582
2024-08-25T14:00:42.475000+00:00,178,121,3,57,22,9582
2024-08-25T14:00:55.435000+00:00,289,245,6,44,22,9582
2024-08-25T14:01:01.115000+00:00,261,214,5,47,22,9582
2024-08-25T14:01:04.755000+00:00,215,107,3,108,22,9582
2024-08-25T14:01:11.355000+00:00,173,121,3,52,22,9582
2024-08-25T14:01:23.035000+00:00,261,110,3,151,22,9582
2024-08-25T14:01:33.115000+00:00,236,181,4,55,22,9582
2024-08-25T14:01:47.075000+00:00,311,116,3,195,22,9582
2024-08-25T14:01:55.715000+00:00,230,179,4,51,22,9582
2024-08-25T14:01:59.116000+00:00,176,116,3,60,22,9582
2024-08-25T14:02:11.916000+00:00,289,246,6,43,22,9582
2024-08-25T14:02:17.676000+00:00,257,205,5,52,22,9582
2024-08-25T14:02:21.435000+00:00,210,141,3,69,22,9582
2024-08-25T14:02:40.515000+00:00,260,121,3,139,22,9582
2024-08-25T14:02:51.116000+00:00,219,165,4,54,22,9582
2024-08-25T14:03:05.436000+00:00,329,123,3,206,22,9582
2024-08-25T14:03:17.796000+00:00,173,114,3,59,22,9582
2024-08-25T14:03:30.516000+00:00,290,241,6,49,22,9582
2024-08-25T14:03:36.315000+00:00,257,206,5,51,22,9582
2024-08-25T14:03:40.315000+00:00,213,99,3,114,22,9582
2024-08-25T14:03:46.835000+00:00,177,113,3,64,22,9582
2024-08-25T14:03:58.116000+00:00,276,112,3,164,22,9582
2024-08-25T14:04:08.835000+00:00,225,179,4,46,22,9582
2024-08-25T14:04:22.716000+00:00,323,120,3,203,22,9582
2024-08-25T14:04:31.596000+00:00,233,186,4,47,22,9582
2024-08-25T14:04:34.315000+00:00,186,121,3,65,22,9582
2024-08-25T14:04:53.036000+00:00,256,212,5,44,22,9582
2024-08-25T14:04:56.556000+00:00,217,113,3,104,22,9582
2024-08-25T14:05:03.076000+00:00,181,112,3,69,22,9582
2024-08-25T14:05:14.595000+00:00,264,121,3,143,22,9582
2024-08-25T14:05:24.876000+00:00,228,187,4,41,22,9582
2024-08-25T14:05:38.756000+00:00,307,103,3,204,22,9582
2024-08-25T14:05:47.716000+00:00,235,189,4,46,22,9582
2024-08-25T14:06:12.756000+00:00,214,106,3,108,22,9582
2024-08-25T14:06:19.396000+00:00,174,104,3,70,22,9582
2024-08-25T14:06:30.756000+00:00,261,120,3,141,22,9582
2024-08-25T14:06:41.077000+00:00,230,181,4,49,22,9582
2024-08-25T14:06:55.036000+00:00,304,114,3,190,22,9582
2024-08-25T14:07:05.636000+00:00,212,171,4,41,22,9582
2024-08-25T14:07:08.596000+00:00,175,127,3,48,22,9582
2024-08-25T14:07:21.637000+00:00,288,245,6,43,22,9582
2024-08-25T14:07:30.796000+00:00,219,117,3,102,22,9582
2024-08-25T14:07:37.236000+00:00,181,121,3,60,22,9582
2024-08-25T14:07:48.876000+00:00,262,117,3,145,22,9582
2024-08-25T14:07:59.116000+00:00,236,175,4,61,22,9582
2024-08-25T14:08:13.397000+00:00,302,115,3,187,22,9582
2024-08-25T14:08:21.917000+00:00,232,186,4,46,22,9582
2024-08-25T14:08:24.916000+00:00,179,125,3,54,22,9582
2024-08-25T14:08:43.676000+00:00,257,215,5,42,22,9582
2024-08-25T14:08:47.317000+00:00,210,99,3,111,22,9582
2024-08-25T14:08:53.757000+00:00,184,107,3,77,22,9582
2024-08-25T14:09:05.276000+00:00,267,121,3,146,22,9582
2024-08-25T14:09:29.357000+00:00,310,108,3,202,22,9582
2024-08-25T14:09:41.277000+00:00,181,129,3,52,22,9582
2024-08-25T14:09:59.797000+00:00,261,213,5,48,22,9582
2024-08-25T14:10:03.476000+00:00,209,98,3,111,22,9582
2024-08-25T14:10:10.076000+00:00,182,103,3,79,22,9582
2024-08-25T14:10:21.477000+00:00,263,122,3,141,22,9582
2024-08-25T14:10:31.917000+00:00,231,177,4,54,22,9582
2024-08-25T14:10:45.597000+00:00,321,117,3,204,22,9582
2024-08-25T14:10:54.717000+00:00,238,186,4,52,22,9582
2024-08-25T14:10:57.717000+00:00,178,135,3,43,22,9582
2024-08-25T14:11:20.197000+00:00,205,104,3,101,22,9582
2024-08-25T14:11:26.437000+00:00,182,108,3,74,22,9582
2024-08-25T14:11:37.957000+00:00,260,121,3,139,22,9582
2024-08-25T14:12:02.477000+00:00,300,105,3,195,22,9582
2024-08-25T14:12:11.077000+00:00,237,196,4,41,22,9582
2024-08-25T14:12:13.917000+00:00,181,134,3,47,22,9582
2024-08-25T14:12:36.118000+00:00,211,97,3,114,22,9582
2024-08-25T14:12:42.678000+00:00,182,101,3,81,22,9582
2024-08-25T14:12:54.317000+00:00,267,121,3,146,22,9582
2024-08-25T14:13:04.637000+00:00,232,173,4,59,22,9582
2024-08-25T14:13:18.757000+00:00,309,115,3,194,22,9582
2024-08-25T14:13:30.558000+00:00,181,127,3,54,22,9582
2024-08-25T14:13:50.398000+00:00,253,210,5,43,22,9582
2024-08-25T14:13:53.877000+00:00,218,102,3,116,22,9582
2024-08-25T14:14:00.677000+00:00,176,120,3,56,22,9582
2024-08-25T14:14:12.357000+00:00,245,120,3,125,22,9582
2024-08-25T14:14:22.678000+00:00,223,178,4,45,22,9582
2024-08-25T14:14:36.518000+00:00,325,108,3,217,22,9582
2024-08-25T14:14:48.158000+00:00,185,142,3,43,22,9582
2024-08-25T14:15:10.438000+00:00,214,99,3,115,22,9582
2024-08-25T14:15:16.918000+00:00,184,112,3,72,22,9582
2024-08-25T14:15:28.438000+00:00,275,126,3,149,22,9582
2024-08-25T14:15:38.838000+00:00,231,182,4,49,22,9582
2024-08-25T14:15:52.718000+00:00,310,115,3,195,22,9582
2024-08-25T14:16:04.598000+00:00,181,131,3,50,22,9582
2024-08-25T14:16:23.198000+00:00,261,219,5,42,22,9582
2024-08-25T14:16:26.639000+00:00,218,100,3,118,22,9582
2024-08-25T14:16:33.598000+00:00,171,114,3,57,22,9582
2024-08-25T14:16:46.199000+00:00,221,106,3,115,22,9582
2024-08-25T14:16:56.478000+00:00,233,175,4,58,22,9582
2024-08-25T14:17:10.518000+00:00,330,151,3,179,22,9582
2024-08-25T14:17:22.958000+00:00,173,124,3,49,22,9582
2024-08-25T14:17:41.598000+00:00,260,214,5,46,22,9582
2024-08-25T14:17:45.119000+00:00,216,102,3,114,22,9582
2024-08-25T14:17:51.799000+00:00,183,113,3,70,22,9582
2024-08-25T14:18:03.278000+00:00,271,119,3,152,22,9582
2024-08-25T14:18:13.479000+00:00,230,169,4,61,22,9582
2024-08-25T14:18:27.479000+00:00,318,127,3,191,22,9582
2024-08-25T14:18:36.758000+00:00,228,187,4,41,22,9582
2024-08-25T14:18:39.599000+00:00,182,139,3,43,22,9582
2024-08-25T14:18:58.319000+00:00,258,209,5,49,22,9582
2024-08-25T14:19:02.198000+00:00,208,100,3,108,22,9582
2024-08-25T14:19:08.598000+00:00,183,107,3,76,22,9582
2024-08-25T14:19:19.919000+00:00,263,116,3,147,22,9582
2024-08-25T14:19:30.439000+00:00,235,175,4,60,22,9582
2024-08-25T14:19:44.319000+00:00,318,114,3,204,22,9582
2024-08-25T14:20:14.959000+00:00,256,205,5,51,22,9582
2024-08-25T14:20:18.919000+00:00,197,114,3,83,22,9582
2024-08-25T14:20:25.319000+00:00,182,108,3,74,22,9582
2024-08-25T14:20:36.679000+00:00,267,124,3,143,22,9582
2024-08-25T14:20:47.359000+00:00,223,177,4,46,22,9582
2024-08-25T14:21:01.239000+00:00,325,109,3,216,22,9582
2024-08-25T14:21:10.559000+00:00,225,182,4,43,22,9582
2024-08-25T14:21:13.359000+00:00,174,129,3,45,22,9582
2024-08-25T14:21:31.719000+00:00,259,217,5,42,22,9582
2024-08-25T14:21:35.520000+00:00,212,96,3,116,22,9582
2024-08-25T14:21:41.960000+00:00,185,108,3,77,22,9582
2024-08-25T14:21:53.679000+00:00,246,121,3,125,22,9582
2024-08-25T14:22:03.879000+00:00,231,179,4,52,22,9582
2024-08-25T14:22:17.879000+00:00,307,109,3,198,22,9582
2024-08-25T14:22:26.999000+00:00,226,180,4,46,22,9582
2024-08-25T14:22:29.880000+00:00,175,130,3,45,22,9582
2024-08-25T14:22:51.999000+00:00,211,106,3,105,22,9582
2024-08-25T14:22:58.879000+00:00,178,111,3,67,22,9582
2024-08-25T14:23:11.159000+00:00,238,116,3,122,22,9582
2024-08-25T14:23:21.760000+00:00,223,180,4,43,22,9582
2024-08-25T14:23:35.640000+00:00,321,120,3,201,22,9582
2024-08-25T14:23:44.839000+00:00,228,183,4,45,22,9582
2024-08-25T14:23:47.800000+00:00,174,131,3,43,22,9582
2024-08-25T14:24:06.960000+00:00,258,215,5,43,22,9582
2024-08-25T14:24:10.680000+00:00,213,109,3,104,22,9582
2024-08-25T14:24:17.240000+00:00,179,102,3,77,22,9582
2024-08-25T14:24:28.920000+00:00,259,147,3,112,22,9582
2024-08-25T14:24:53.280000+00:00,308,106,3,202,22,9582
2024-08-25T14:25:04.920000+00:00,179,132,3,47,22,9582
2024-08-25T14:25:23.520000+00:00,254,207,5,47,22,9582
2024-08-25T14:25:27+00:00,219,107,3,112,22,9582
2024-08-25T14:25:33.880000+00:00,167,111,3,56,22,9582
2024-08-25T14:25:45.160000+00:00,266,122,3,144,22,9582
2024-08-25T14:26:09.480000+00:00,313,107,3,206,22,9582
2024-08-25T14:26:18.441000+00:00,233,185,4,48,22,9582
2024-08-25T14:26:21.520000+00:00,175,134,3,41,22,9582
2024-08-25T14:26:40.080000+00:00,259,209,5,50,22,9582
2024-08-25T14:26:43.560000+00:00,220,107,3,113,22,9582
2024-08-25T14:26:50.560000+00:00,162,106,3,56,22,9582
2024-08-25T14:27:01.520000+00:00,258,126,3,132,22,9582
2024-08-25T14:27:12.041000+00:00,231,187,4,44,22,9582
2024-08-25T14:27:25.921000+00:00,318,109,3,209,22,9582
2024-08-25T14:27:34.920000+00:00,237,183,4,54,22,9582
2024-08-25T14:27:37.721000+00:00,185,130,3,55,22,9582
2024-08-25T14:27:56.360000+00:00,255,207,5,48,22,9582
2024-08-25T14:27:59.761000+00:00,213,107,3,106,22,9582
2024-08-25T14:28:06.921000+00:00,163,108,3,55,22,9582
2024-08-25T14:28:18.121000+00:00,281,137,3,144,22,9582
2024-08-25T14:28:28.360000+00:00,232,184,4,48,22,9582
2024-08-25T14:28:42.360000+00:00,317,108,3,209,22,9582
2024-08-25T14:29:16.441000+00:00,220,106,3,114,22,9582
2024-08-25T14:29:23.041000+00:00,178,103,3,75,22,9582
2024-08-25T14:29:34.800000+00:00,252,128,3,124,22,9582
2024-08-25T14:29:58.801000+00:00,316,110,3,206,22,9582
2024-08-25T14:30:10.481000+00:00,184,133,3,51,22,9582
2024-08-25T14:30:32.481000+00:00,213,103,3,110,22,9582
2024-08-25T14:30:50.761000+00:00,269,124,3,145,22,9582
2024-08-25T14:31:01.162000+00:00,219,175,4,44,22,9582
2024-08-25T14:31:15.162000+00:00,287,126,3,161,22,9582
2024-08-25T14:31:39.601000+00:00,290,246,6,44,22,9582
2024-08-25T14:31:48.642000+00:00,221,112,3,109,22,9582
2024-08-25T14:31:55.442000+00:00,177,97,3,80,22,9582
2024-08-25T14:32:06.842000+00:00,276,108,3,168,22,9582
2024-08-25T14:32:17.521000+00:00,233,183,4,50,22,9582
2024-08-25T14:32:31.321000+00:00,328,116,3,212,22,9582
2024-08-25T14:32:40.402000+00:00,217,170,4,47,22,9582
2024-08-25T14:32:43.721000+00:00,182,128,3,54,22,9582
2024-08-25T14:33:06.122000+00:00,222,108,3,114,22,9582
2024-08-25T14:33:12.722000+00:00,176,98,3,78,22,9582
2024-08-25T14:33:24.201000+00:00,266,128,3,138,22,9582
2024-08-25T14:33:34.802000+00:00,222,178,4,44,22,9582
2024-08-25T14:33:48.922000+00:00,288,121,3,167,22,9582
2024-08-25T14:34:00.282000+00:00,183,131,3,52,22,9582
2024-08-25T14:34:22.602000+00:00,218,100,3,118,22,9582
2024-08-25T14:34:29.042000+00:00,182,109,3,73,22,9582
2024-08-25T14:34:40.802000+00:00,265,117,3,148,22,9582
2024-08-25T14:35:03.522000+00:00,315,87,2,228,22,9582
2024-08-25T14:37:01.842000+00:00,131,64,1,67,22,9582
2024-08-25T12:21:51.175000+00:00,209,159,4,50,23,9582
2024-08-25T12:22:14.535000+00:00,248,202,6,46,23,9582
2024-08-25T12:22:18.255000+00:00,202,112,3,90,23,9582
2024-08-25T12:22:24.575000+00:00,183,120,3,63,23,9582
2024-08-25T12:22:36.095000+00:00,202,95,2,107,23,9582
2024-08-25T12:22:47.495000+00:00,215,150,4,65,23,9582
2024-08-25T12:23:11.936000+00:00,98,56,1,42,23,9582
2024-08-25T12:24:02.895000+00:00,218,171,4,47,23,9582
2024-08-25T12:24:05.936000+00:00,158,111,3,47,23,9582
2024-08-25T12:24:29.095000+00:00,219,118,3,101,23,9582
2024-08-25T12:24:34.975000+00:00,194,113,3,81,23,9582
2024-08-25T12:24:46.696000+00:00,252,121,3,131,23,9582
2024-08-25T12:26:03.736000+00:00,181,137,3,44,23,9582
2024-08-25T12:26:22.976000+00:00,254,212,6,42,23,9582
2024-08-25T12:26:26.376000+00:00,220,117,2,103,23,9582
2024-08-25T12:26:33.736000+00:00,160,113,3,47,23,9582
2024-08-25T12:26:45.456000+00:00,215,122,3,93,23,9582
2024-08-25T12:26:56.656000+00:00,172,123,3,49,23,9582
2024-08-25T13:00:57.343000+00:00,184,110,3,74,23,9582
2024-08-25T13:01:37.623000+00:00,209,107,3,102,23,9582
2024-08-25T13:01:44.303000+00:00,186,116,3,70,23,9582
2024-08-25T13:01:54.943000+00:00,245,118,3,127,23,9582
2024-08-25T13:02:12.463000+00:00,215,98,2,117,23,9582
2024-08-25T13:02:19.864000+00:00,137,89,2,48,23,9582
2024-08-25T13:03:19.704000+00:00,242,109,3,133,23,9582
2024-08-25T13:03:29.823000+00:00,219,147,3,72,23,9582
2024-08-25T13:03:54.664000+00:00,214,166,4,48,23,9582
2024-08-25T13:03:58.624000+00:00,200,108,3,92,23,9582
2024-08-25T13:04:05.544000+00:00,177,136,3,41,23,9582
2024-08-25T13:04:16.743000+00:00,246,99,2,147,23,9582
2024-08-25T13:04:28.024000+00:00,229,179,5,50,23,9582
2024-08-25T13:04:43.023000+00:00,300,109,3,191,23,9582
2024-08-25T13:04:52.384000+00:00,218,173,4,45,23,9582
2024-08-25T13:05:18.904000+00:00,197,108,3,89,23,9582
2024-08-25T13:05:25.464000+00:00,179,116,3,63,23,9582
2024-08-25T13:05:36.784000+00:00,258,94,2,164,23,9582
2024-08-25T13:05:47.424000+00:00,221,168,4,53,23,9582
2024-08-25T13:06:01.944000+00:00,319,115,3,204,23,9582
2024-08-25T13:06:11.104000+00:00,220,174,5,46,23,9582
2024-08-25T13:06:14.304000+00:00,170,118,3,52,23,9582
2024-08-25T13:06:26.784000+00:00,283,239,6,44,23,9582
2024-08-25T13:06:37.384000+00:00,210,104,3,106,23,9582
2024-08-25T13:06:44.464000+00:00,174,103,3,71,23,9582
2024-08-25T13:06:55.504000+00:00,270,121,3,149,23,9582
2024-08-25T13:07:05.624000+00:00,227,184,5,43,23,9582
2024-08-25T13:07:20.024000+00:00,312,100,3,212,23,9582
2024-08-25T13:07:55.505000+00:00,206,107,3,99,23,9582
2024-08-25T13:08:02.105000+00:00,182,112,3,70,23,9582
2024-08-25T13:08:13.704000+00:00,265,120,3,145,23,9582
2024-08-25T13:08:38.224000+00:00,276,108,3,168,23,9582
2024-08-25T13:08:49.625000+00:00,171,111,3,60,23,9582
2024-08-25T13:09:12.944000+00:00,209,110,3,99,23,9582
2024-08-25T13:09:19.384000+00:00,182,107,3,75,23,9582
2024-08-25T13:09:31.385000+00:00,249,122,3,127,23,9582
2024-08-25T13:09:55.265000+00:00,315,105,3,210,23,9582
2024-08-25T13:10:07.305000+00:00,176,135,4,41,23,9582
2024-08-25T13:10:29.985000+00:00,209,104,3,105,23,9582
2024-08-25T13:10:36.665000+00:00,176,106,3,70,23,9582
2024-08-25T13:10:48.345000+00:00,262,124,3,138,23,9582
2024-08-25T13:11:12.306000+00:00,330,102,3,228,23,9582
2024-08-25T13:11:47.465000+00:00,205,104,3,101,23,9582
2024-08-25T13:11:54.025000+00:00,177,107,3,70,23,9582
2024-08-25T13:12:05.706000+00:00,267,125,3,142,23,9582
2024-08-25T13:12:15.585000+00:00,231,178,5,53,23,9582
2024-08-25T13:12:30.225000+00:00,303,108,3,195,23,9582
2024-08-25T13:13:04.506000+00:00,203,105,3,98,23,9582
2024-08-25T13:13:10.986000+00:00,180,112,3,68,23,9582
2024-08-25T13:13:23.105000+00:00,236,126,3,110,23,9582
2024-08-25T13:13:32.946000+00:00,232,184,5,48,23,9582
2024-08-25T13:13:47.106000+00:00,323,118,3,205,23,9582
2024-08-25T13:13:59.066000+00:00,174,126,3,48,23,9582
2024-08-25T13:14:22.025000+00:00,206,106,3,100,23,9582
2024-08-25T13:14:28.825000+00:00,174,107,3,67,23,9582
2024-08-25T13:14:40.506000+00:00,272,123,3,149,23,9582
2024-08-25T13:15:05.586000+00:00,264,110,3,154,23,9582
2024-08-25T13:15:39.746000+00:00,200,104,3,96,23,9582
2024-08-25T13:15:46.186000+00:00,180,102,3,78,23,9582
2024-08-25T13:15:57.986000+00:00,271,123,3,148,23,9582
2024-08-25T13:16:22.306000+00:00,310,109,3,201,23,9582
2024-08-25T13:16:57.106000+00:00,203,98,3,105,23,9582
2024-08-25T13:17:03.946000+00:00,176,103,3,73,23,9582
2024-08-25T13:17:15.547000+00:00,248,121,3,127,23,9582
2024-08-25T13:17:25.586000+00:00,233,175,5,58,23,9582
2024-08-25T13:17:39.946000+00:00,304,106,3,198,23,9582
2024-08-25T13:18:14.467000+00:00,210,101,3,109,23,9582
2024-08-25T13:18:21.507000+00:00,176,103,3,73,23,9582
2024-08-25T13:18:33.147000+00:00,264,114,3,150,23,9582
2024-08-25T13:18:43.227000+00:00,229,181,4,48,23,9582
2024-08-25T13:18:53.467000+00:00,272,56,1,216,23,9582
2024-08-25T13:19:54.507000+00:00,211,121,3,90,23,9582
2024-08-25T13:20:00.387000+00:00,190,129,3,61,23,9582
2024-08-25T13:20:11.907000+00:00,250,133,3,117,23,9582
2024-08-25T13:20:21.627000+00:00,228,183,5,45,23,9582
2024-08-25T13:20:36.507000+00:00,304,119,3,185,23,9582
2024-08-25T13:21:10.347000+00:00,204,117,3,87,23,9582
2024-08-25T13:21:16.387000+00:00,185,117,3,68,23,9582
2024-08-25T13:21:28.387000+00:00,221,133,3,88,23,9582
2024-08-25T13:21:52.827000+00:00,288,122,3,166,23,9582
2024-08-25T13:22:03.988000+00:00,173,132,4,41,23,9582
2024-08-25T13:22:22.427000+00:00,252,205,5,47,23,9582
2024-08-25T13:22:26.227000+00:00,197,113,3,84,23,9582
2024-08-25T13:22:32.308000+00:00,186,115,3,71,23,9582
2024-08-25T13:22:43.908000+00:00,262,116,3,146,23,9582
2024-08-25T13:23:07.827000+00:00,321,114,3,207,23,9582
2024-08-25T13:23:19.268000+00:00,183,131,4,52,23,9582
2024-08-25T13:23:41.587000+00:00,215,107,3,108,23,9582
2024-08-25T13:23:47.947000+00:00,185,109,3,76,23,9582
2024-08-25T13:23:59.668000+00:00,240,127,3,113,23,9582
2024-08-25T13:24:09.548000+00:00,231,190,5,41,23,9582
2024-08-25T13:24:24.108000+00:00,301,111,3,190,23,9582
2024-08-25T13:24:57.948000+00:00,201,115,3,86,23,9582
2024-08-25T13:25:04.548000+00:00,174,113,3,61,23,9582
2024-08-25T13:25:16.268000+00:00,254,132,3,122,23,9582
2024-08-25T13:25:40.788000+00:00,301,113,3,188,23,9582
2024-08-25T13:25:52.708000+00:00,161,119,4,42,23,9582
2024-08-25T13:26:14.708000+00:00,212,113,3,99,23,9582
2024-08-25T13:26:21.108000+00:00,179,123,3,56,23,9582
2024-08-25T13:26:33.028000+00:00,254,127,3,127,23,9582
2024-08-25T13:26:57.508000+00:00,295,109,3,186,23,9582
2024-08-25T13:27:31.508000+00:00,209,114,3,95,23,9582
2024-08-25T13:27:37.988000+00:00,179,119,3,60,23,9582
2024-08-25T13:27:50.068000+00:00,243,121,3,122,23,9582
2024-08-25T13:28:15.109000+00:00,281,111,3,170,23,9582
2024-08-25T13:28:50.468000+00:00,200,129,3,71,23,9582
2024-08-25T13:28:56.788000+00:00,185,115,3,70,23,9582
2024-08-25T13:29:08.829000+00:00,261,129,3,132,23,9582
2024-08-25T13:29:33.789000+00:00,285,118,3,167,23,9582
2024-08-25T13:29:44.749000+00:00,182,130,4,52,23,9582
2024-08-25T13:30:07.429000+00:00,201,114,3,87,23,9582
2024-08-25T13:30:13.669000+00:00,180,120,3,60,23,9582
2024-08-25T13:30:25.469000+00:00,246,124,3,122,23,9582
2024-08-25T13:30:35.269000+00:00,225,180,5,45,23,9582
2024-08-25T13:30:50.149000+00:00,288,118,3,170,23,9582
2024-08-25T13:31:23.590000+00:00,206,115,3,91,23,9582
2024-08-25T13:31:30.030000+00:00,178,121,3,57,23,9582
2024-08-25T13:31:41.669000+00:00,255,128,3,127,23,9582
2024-08-25T13:32:06.309000+00:00,294,119,3,175,23,9582
2024-08-25T13:32:17.310000+00:00,182,140,4,42,23,9582
2024-08-25T13:32:39.709000+00:00,212,111,3,101,23,9582
2024-08-25T13:32:45.949000+00:00,183,115,3,68,23,9582
2024-08-25T13:32:57.709000+00:00,263,131,3,132,23,9582
2024-08-25T13:33:07.709000+00:00,232,191,5,41,23,9582
2024-08-25T13:33:22.430000+00:00,284,114,3,170,23,9582
2024-08-25T13:33:33.509000+00:00,184,139,4,45,23,9582
2024-08-25T13:33:55.950000+00:00,203,114,3,89,23,9582
2024-08-25T13:34:02.310000+00:00,184,118,3,66,23,9582
2024-08-25T13:34:14.070000+00:00,260,133,3,127,23,9582
2024-08-25T13:34:23.990000+00:00,233,192,5,41,23,9582
2024-08-25T13:34:38.789000+00:00,294,120,3,174,23,9582
2024-08-25T13:35:12.189000+00:00,213,113,3,100,23,9582
2024-08-25T13:35:18.790000+00:00,178,116,3,62,23,9582
2024-08-25T13:35:30.710000+00:00,257,127,3,130,23,9582
2024-08-25T13:35:55.270000+00:00,295,112,3,183,23,9582
2024-08-25T13:36:19.391000+00:00,286,244,6,42,23,9582
2024-08-25T13:36:28.870000+00:00,208,115,3,93,23,9582
2024-08-25T13:36:35.230000+00:00,177,121,3,56,23,9582
2024-08-25T13:36:47.190000+00:00,255,130,3,125,23,9582
2024-08-25T13:37:11.471000+00:00,307,119,3,188,23,9582
2024-08-25T13:37:45.311000+00:00,208,114,3,94,23,9582
2024-08-25T13:37:51.711000+00:00,181,109,3,72,23,9582
2024-08-25T13:38:03.670000+00:00,244,126,3,118,23,9582
2024-08-25T13:38:27.990000+00:00,303,123,3,180,23,9582
2024-08-25T13:38:36.630000+00:00,230,186,5,44,23,9582
2024-08-25T13:38:39.231000+00:00,179,134,4,45,23,9582
2024-08-25T13:39:02.030000+00:00,196,125,3,71,23,9582
2024-08-25T13:39:08.430000+00:00,179,105,3,74,23,9582
2024-08-25T13:39:20.031000+00:00,269,130,3,139,23,9582
2024-08-25T13:39:44.471000+00:00,294,110,3,184,23,9582
2024-08-25T13:40:09.351000+00:00,279,238,6,41,23,9582
2024-08-25T13:40:18.631000+00:00,213,107,3,106,23,9582
2024-08-25T13:40:25.431000+00:00,181,128,3,53,23,9582
2024-08-25T13:40:37.191000+00:00,274,127,3,147,23,9582
2024-08-25T13:41:01.712000+00:00,318,116,3,202,23,9582
2024-08-25T13:41:13.151000+00:00,179,135,4,44,23,9582
2024-08-25T13:41:26.151000+00:00,281,227,6,54,23,9582
2024-08-25T13:41:35.911000+00:00,206,100,3,106,23,9582
2024-08-25T13:41:42.591000+00:00,184,96,3,88,23,9582
2024-08-25T13:41:54.312000+00:00,273,111,3,162,23,9582
2024-08-25T13:42:18.911000+00:00,315,111,3,204,23,9582
2024-08-25T13:42:53.192000+00:00,199,109,3,90,23,9582
2024-08-25T13:42:59.872000+00:00,175,117,3,58,23,9582
2024-08-25T13:43:11.271000+00:00,276,120,3,156,23,9582
2024-08-25T13:43:35.592000+00:00,306,120,3,186,23,9582
2024-08-25T13:44:09.592000+00:00,219,100,3,119,23,9582
2024-08-25T13:44:16.392000+00:00,186,103,3,83,23,9582
2024-08-25T13:44:28.472000+00:00,221,110,3,111,23,9582
2024-08-25T13:44:52.632000+00:00,312,120,3,192,23,9582
2024-08-25T13:45:03.752000+00:00,182,140,4,42,23,9582
2024-08-25T13:45:26.392000+00:00,209,114,3,95,23,9582
2024-08-25T13:45:32.752000+00:00,177,111,3,66,23,9582
2024-08-25T13:45:44.792000+00:00,232,131,3,101,23,9582
2024-08-25T13:46:09.312000+00:00,285,112,3,173,23,9582
2024-08-25T13:46:42.712000+00:00,211,115,3,96,23,9582
2024-08-25T13:46:49.032000+00:00,179,117,3,62,23,9582
2024-08-25T13:47:01.112000+00:00,239,127,3,112,23,9582
2024-08-25T13:47:25.632000+00:00,296,114,3,182,23,9582
2024-08-25T13:47:36.793000+00:00,181,139,4,42,23,9582
2024-08-25T13:47:55.312000+00:00,253,211,6,42,23,9582
2024-08-25T13:47:59.112000+00:00,212,123,3,89,23,9582
2024-08-25T13:48:05.393000+00:00,183,130,3,53,23,9582
2024-08-25T13:48:17.593000+00:00,218,125,3,93,23,9582
2024-08-25T13:48:41.792000+00:00,303,111,3,192,23,9582
2024-08-25T13:49:15.153000+00:00,214,114,3,100,23,9582
2024-08-25T13:49:21.593000+00:00,185,109,3,76,23,9582
2024-08-25T13:49:33.672000+00:00,260,125,3,135,23,9582
2024-08-25T13:49:58.313000+00:00,302,113,3,189,23,9582
2024-08-25T13:50:28.033000+00:00,249,207,5,42,23,9582
2024-08-25T13:50:31.633000+00:00,210,111,3,99,23,9582
2024-08-25T13:50:38.233000+00:00,176,119,3,57,23,9582
2024-08-25T13:50:50.033000+00:00,255,123,3,132,23,9582
2024-08-25T13:51:14.833000+00:00,278,117,3,161,23,9582
2024-08-25T13:51:48.113000+00:00,216,109,3,107,23,9582
2024-08-25T13:51:54.593000+00:00,180,110,3,70,23,9582
2024-08-25T13:52:06.314000+00:00,281,124,3,157,23,9582
2024-08-25T13:52:16.673000+00:00,231,189,5,42,23,9582
2024-08-25T13:52:30.513000+00:00,330,115,3,215,23,9582
2024-08-25T13:52:39.714000+00:00,224,156,4,68,23,9582
2024-08-25T13:52:42.593000+00:00,160,111,2,49,23,9582
2024-08-25T13:52:55.953000+00:00,285,240,6,45,23,9582
2024-08-25T13:53:06.194000+00:00,211,103,3,108,23,9582
2024-08-25T13:53:13.074000+00:00,176,115,3,61,23,9582
2024-08-25T13:53:25.114000+00:00,235,112,3,123,23,9582
2024-08-25T13:53:50.953000+00:00,301,119,3,182,23,9582
2024-08-25T13:54:25.114000+00:00,213,110,3,103,23,9582
2024-08-25T13:54:31.834000+00:00,173,125,3,48,23,9582
2024-08-25T13:54:43.714000+00:00,278,128,3,150,23,9582
2024-08-25T13:54:53.874000+00:00,233,185,5,48,23,9582
2024-08-25T13:55:08.434000+00:00,305,110,3,195,23,9582
2024-08-25T13:55:20.394000+00:00,167,123,4,44,23,9582
2024-08-25T13:55:33.114000+00:00,287,242,7,45,23,9582
2024-08-25T13:55:43.114000+00:00,187,107,3,80,23,9582
2024-08-25T13:55:49.435000+00:00,178,115,3,63,23,9582
2024-08-25T13:56:01.674000+00:00,213,123,3,90,23,9582
2024-08-25T13:56:11.514000+00:00,232,186,5,46,23,9582
2024-08-25T13:56:25.514000+00:00,316,110,3,206,23,9582
2024-08-25T13:56:34.514000+00:00,235,186,5,49,23,9582
2024-08-25T13:56:59.634000+00:00,211,107,3,104,23,9582
2024-08-25T13:57:06.314000+00:00,181,116,3,65,23,9582
2024-08-25T13:57:18.154000+00:00,261,121,3,140,23,9582
2024-08-25T13:57:42.755000+00:00,299,110,3,189,23,9582
2024-08-25T13:57:51.634000+00:00,220,170,5,50,23,9582
2024-08-25T13:58:07.514000+00:00,288,238,6,50,23,9582
2024-08-25T13:58:17.315000+00:00,208,105,3,103,23,9582
2024-08-25T13:58:24.234000+00:00,169,113,3,56,23,9582
2024-08-25T13:58:35.955000+00:00,254,129,3,125,23,9582
2024-08-25T13:59:00.635000+00:00,277,113,3,164,23,9582
2024-08-25T13:59:33.995000+00:00,224,111,3,113,23,9582
2024-08-25T13:59:40.795000+00:00,180,109,3,71,23,9582
2024-08-25T13:59:52.594000+00:00,257,126,3,131,23,9582
2024-08-25T14:00:02.515000+00:00,237,189,5,48,23,9582
2024-08-25T14:00:17.035000+00:00,295,106,3,189,23,9582
2024-08-25T14:00:50.715000+00:00,203,114,3,89,23,9582
2024-08-25T14:00:56.915000+00:00,176,111,3,65,23,9582
2024-08-25T14:01:09.115000+00:00,260,134,3,126,23,9582
2024-08-25T14:01:33.515000+00:00,283,104,3,179,23,9582
2024-08-25T14:01:57.956000+00:00,286,209,6,77,23,9582
2024-08-25T14:02:07.555000+00:00,208,112,3,96,23,9582
2024-08-25T14:02:14.115000+00:00,184,112,3,72,23,9582
2024-08-25T14:02:26.235000+00:00,232,122,3,110,23,9582
2024-08-25T14:02:36.155000+00:00,230,182,5,48,23,9582
2024-08-25T14:02:50.716000+00:00,303,114,3,189,23,9582
2024-08-25T14:03:20.435000+00:00,254,197,5,57,23,9582
2024-08-25T14:03:23.115000+00:00,176,108,3,68,23,9582
2024-08-25T14:03:32.436000+00:00,169,111,3,58,23,9582
2024-08-25T14:03:43.716000+00:00,276,120,3,156,23,9582
2024-08-25T14:04:08.515000+00:00,302,110,3,192,23,9582
2024-08-25T14:04:19.636000+00:00,179,132,4,47,23,9582
2024-08-25T14:04:42.075000+00:00,199,109,3,90,23,9582
2024-08-25T14:04:48.435000+00:00,178,110,3,68,23,9582
2024-08-25T14:05:00.316000+00:00,261,124,3,137,23,9582
2024-08-25T14:05:25.076000+00:00,285,117,3,168,23,9582
2024-08-25T14:05:35.956000+00:00,185,136,4,49,23,9582
2024-08-25T14:05:58.676000+00:00,189,119,3,70,23,9582
2024-08-25T14:06:04.876000+00:00,179,111,3,68,23,9582
2024-08-25T14:06:16.876000+00:00,265,130,3,135,23,9582
2024-08-25T14:06:41.277000+00:00,306,116,2,190,23,9582
2024-08-25T14:07:14.797000+00:00,213,111,3,102,23,9582
2024-08-25T14:07:21.157000+00:00,179,111,3,68,23,9582
2024-08-25T14:07:33.196000+00:00,265,122,3,143,23,9582
2024-08-25T14:07:57.796000+00:00,302,115,3,187,23,9582
2024-08-25T14:08:30.956000+00:00,212,111,3,101,23,9582
2024-08-25T14:08:37.356000+00:00,185,106,3,79,23,9582
2024-08-25T14:08:49.237000+00:00,261,121,3,140,23,9582
2024-08-25T14:09:13.797000+00:00,296,117,3,179,23,9582
2024-08-25T14:09:24.596000+00:00,189,128,4,61,23,9582
2024-08-25T14:09:43.276000+00:00,258,210,5,48,23,9582
2024-08-25T14:09:46.957000+00:00,209,112,3,97,23,9582
2024-08-25T14:09:53.317000+00:00,179,110,3,69,23,9582
2024-08-25T14:10:05.197000+00:00,269,129,3,140,23,9582
2024-08-25T14:10:29.717000+00:00,305,108,3,197,23,9582
2024-08-25T14:10:40.877000+00:00,177,134,4,43,23,9582
2024-08-25T14:11:03.237000+00:00,201,113,3,88,23,9582
2024-08-25T14:11:09.717000+00:00,179,110,3,69,23,9582
2024-08-25T14:11:21.917000+00:00,235,132,3,103,23,9582
2024-08-25T14:11:31.517000+00:00,236,188,5,48,23,9582
2024-08-25T14:11:46.277000+00:00,302,113,3,189,23,9582
2024-08-25T14:11:54.597000+00:00,237,196,5,41,23,9582
2024-08-25T14:12:19.277000+00:00,215,110,3,105,23,9582
2024-08-25T14:12:25.717000+00:00,184,117,3,67,23,9582
2024-08-25T14:12:37.598000+00:00,267,128,3,139,23,9582
2024-08-25T14:12:47.597000+00:00,236,194,5,42,23,9582
2024-08-25T14:12:57.838000+00:00,248,57,1,191,23,9582
2024-08-25T14:13:32.357000+00:00,228,175,5,53,23,9582
2024-08-25T14:13:54.197000+00:00,252,206,5,46,23,9582
2024-08-25T14:13:57.998000+00:00,215,122,3,93,23,9582
2024-08-25T14:14:04.158000+00:00,188,124,3,64,23,9582
2024-08-25T14:14:15.638000+00:00,266,126,3,140,23,9582
2024-08-25T14:14:25.477000+00:00,228,187,5,41,23,9582
2024-08-25T14:14:40.037000+00:00,294,121,3,173,23,9582
2024-08-25T14:14:48.518000+00:00,238,191,5,47,23,9582
2024-08-25T14:15:13.357000+00:00,200,128,3,72,23,9582
2024-08-25T14:15:19.278000+00:00,185,121,3,64,23,9582
2024-08-25T14:15:30.398000+00:00,282,119,3,163,23,9582
2024-08-25T14:15:41.118000+00:00,200,117,3,83,23,9582
2024-08-25T14:16:06.478000+00:00,187,140,4,47,23,9582
2024-08-25T14:16:28.438000+00:00,208,119,3,89,23,9582
2024-08-25T14:16:34.798000+00:00,182,118,3,64,23,9582
2024-08-25T14:16:46.199000+00:00,255,103,3,152,23,9582
2024-08-25T14:16:56.718000+00:00,229,176,5,53,23,9582
2024-08-25T14:17:10.838000+00:00,324,116,3,208,23,9582
2024-08-25T14:17:40.599000+00:00,256,215,6,41,23,9582
2024-08-25T14:17:44.598000+00:00,199,112,3,87,23,9582
2024-08-25T14:17:50.758000+00:00,178,114,3,64,23,9582
2024-08-25T14:18:02.038000+00:00,246,111,3,135,23,9582
2024-08-25T14:18:27.119000+00:00,321,115,3,206,23,9582
2024-08-25T14:19:00.119000+00:00,216,113,3,103,23,9582
2024-08-25T14:19:06.439000+00:00,181,114,3,67,23,9582
2024-08-25T14:19:18.279000+00:00,237,125,3,112,23,9582
2024-08-25T14:19:41.799000+00:00,325,111,3,214,23,9582
2024-08-25T14:20:14.959000+00:00,212,115,3,97,23,9582
2024-08-25T14:20:21.239000+00:00,183,112,3,71,23,9582
2024-08-25T14:20:32.719000+00:00,275,133,3,142,23,9582
2024-08-25T14:20:42.679000+00:00,234,193,5,41,23,9582
2024-08-25T14:20:56.319000+00:00,321,113,3,208,23,9582
2024-08-25T14:21:05.319000+00:00,231,189,5,42,23,9582
2024-08-25T14:21:30.039000+00:00,208,108,3,100,23,9582
2024-08-25T14:21:36.440000+00:00,181,111,3,70,23,9582
2024-08-25T14:21:48.079000+00:00,239,124,3,115,23,9582
2024-08-25T14:22:11.559000+00:00,316,109,3,207,23,9582
2024-08-25T14:22:45.159000+00:00,203,113,3,90,23,9582
2024-08-25T14:22:51.359000+00:00,185,111,3,74,23,9582
2024-08-25T14:23:02.680000+00:00,283,128,3,155,23,9582
2024-08-25T14:23:26.599000+00:00,298,114,3,184,23,9582
2024-08-25T14:23:37.959000+00:00,179,137,4,42,23,9582
2024-08-25T14:23:59.960000+00:00,212,110,3,102,23,9582
2024-08-25T14:24:06.600000+00:00,174,110,3,64,23,9582
2024-08-25T14:24:17.800000+00:00,267,123,3,144,23,9582
2024-08-25T14:24:41.960000+00:00,288,115,3,173,23,9582
2024-08-25T14:25:15+00:00,212,112,3,100,23,9582
2024-08-25T14:25:21.440000+00:00,176,114,3,62,23,9582
2024-08-25T14:25:32.960000+00:00,252,122,3,130,23,9582
2024-08-25T14:25:56.440000+00:00,322,113,3,209,23,9582
2024-08-25T14:26:29.600000+00:00,213,111,3,102,23,9582
2024-08-25T14:26:36.080000+00:00,187,106,3,81,23,9582
2024-08-25T14:26:47.840000+00:00,246,129,3,117,23,9582
2024-08-25T14:27:12.041000+00:00,281,117,3,164,23,9582
2024-08-25T14:27:44.721000+00:00,218,120,3,98,23,9582
2024-08-25T14:27:51.281000+00:00,170,109,3,61,23,9582
2024-08-25T14:28:02.960000+00:00,233,131,3,102,23,9582
2024-08-25T14:28:27.081000+00:00,294,118,3,176,23,9582
2024-08-25T14:28:59.961000+00:00,202,117,3,85,23,9582
2024-08-25T14:29:06.081000+00:00,183,116,3,67,23,9582
2024-08-25T14:29:17.921000+00:00,245,127,3,118,23,9582
2024-08-25T14:29:41.640000+00:00,326,108,3,218,23,9582
2024-08-25T14:29:52.761000+00:00,181,133,4,48,23,9582
2024-08-25T14:30:14.922000+00:00,208,107,3,101,23,9582
2024-08-25T14:30:21.201000+00:00,186,122,3,64,23,9582
2024-08-25T14:30:32.761000+00:00,277,130,3,147,23,9582
2024-08-25T14:30:42.881000+00:00,236,195,5,41,23,9582
2024-08-25T14:30:56.921000+00:00,300,124,3,176,23,9582
2024-08-25T14:31:29.641000+00:00,212,119,3,93,23,9582
2024-08-25T14:31:35.842000+00:00,182,112,3,70,23,9582
2024-08-25T14:31:47.762000+00:00,257,133,3,124,23,9582
2024-08-25T14:32:12.201000+00:00,265,117,3,148,23,9582
2024-08-25T14:32:22.722000+00:00,194,143,4,51,23,9582
2024-08-25T14:32:44.561000+00:00,214,113,3,101,23,9582
2024-08-25T14:32:50.721000+00:00,184,115,3,69,23,9582
2024-08-25T14:33:02.762000+00:00,249,130,3,119,23,9582
2024-08-25T14:33:26.922000+00:00,283,122,3,161,23,9582
2024-08-25T14:33:37.521000+00:00,192,146,4,46,23,9582
2024-08-25T14:33:59.042000+00:00,221,115,3,106,23,9582
2024-08-25T14:34:05.362000+00:00,182,113,3,69,23,9582
2024-08-25T14:34:17.282000+00:00,243,129,3,114,23,9582
2024-08-25T14:34:39.802000+00:00,306,87,2,219,23,9582
2024-08-25T12:21:40.175000+00:00,180,135,4,45,24,9582
2024-08-25T12:22:06.415000+00:00,234,180,6,54,24,9582
2024-08-25T12:22:11.295000+00:00,164,118,3,46,24,9582
2024-08-25T12:22:17.615000+00:00,177,128,4,49,24,9582
2024-08-25T12:22:28.895000+00:00,253,118,3,135,24,9582
2024-08-25T12:22:39.655000+00:00,212,168,5,44,24,9582
2024-08-25T12:22:56.375000+00:00,132,71,2,61,24,9582
2024-08-25T12:24:09.655000+00:00,274,230,7,44,24,9582
2024-08-25T12:24:20.216000+00:00,203,122,4,81,24,9582
2024-08-25T12:24:26.576000+00:00,179,123,4,56,24,9582
2024-08-25T12:24:37.976000+00:00,245,117,4,128,24,9582
2024-08-25T12:24:47.855000+00:00,223,172,5,51,24,9582
2024-08-25T12:24:56.576000+00:00,165,93,3,72,24,9582
2024-08-25T12:25:06.736000+00:00,92,51,1,41,24,9582
2024-08-25T12:25:44.456000+00:00,221,169,4,52,24,9582
2024-08-25T12:26:07.056000+00:00,240,192,6,48,24,9582
2024-08-25T12:26:11.216000+00:00,171,120,4,51,24,9582
2024-08-25T12:26:30.136000+00:00,206,102,3,104,24,9582
2024-08-25T13:00:52.143000+00:00,154,109,3,45,24,9582
2024-08-25T13:01:03.743000+00:00,197,133,4,64,24,9582
2024-08-25T13:01:23.023000+00:00,246,190,6,56,24,9582
2024-08-25T13:01:30.143000+00:00,222,172,6,50,24,9582
2024-08-25T13:01:34.263000+00:00,193,116,3,77,24,9582
2024-08-25T13:01:41.303000+00:00,172,116,3,56,24,9582
2024-08-25T13:01:53.624000+00:00,221,112,3,109,24,9582
2024-08-25T13:02:09.663000+00:00,179,114,3,65,24,9582
2024-08-25T13:02:16.423000+00:00,165,79,2,86,24,9582
2024-08-25T13:03:19.704000+00:00,229,116,3,113,24,9582
2024-08-25T13:03:30.183000+00:00,216,143,4,73,24,9582
2024-08-25T13:03:48.064000+00:00,267,209,6,58,24,9582
2024-08-25T13:03:54.824000+00:00,241,179,5,62,24,9582
2024-08-25T13:03:59.344000+00:00,192,109,3,83,24,9582
2024-08-25T13:04:06.344000+00:00,181,111,3,70,24,9582
2024-08-25T13:04:17.543000+00:00,265,113,3,152,24,9582
2024-08-25T13:04:28.983000+00:00,217,165,4,52,24,9582
2024-08-25T13:04:43.943000+00:00,298,105,3,193,24,9582
2024-08-25T13:04:53.544000+00:00,234,172,5,62,24,9582
2024-08-25T13:04:56.303000+00:00,169,124,4,45,24,9582
2024-08-25T13:05:09.783000+00:00,284,238,6,46,24,9582
2024-08-25T13:05:19.464000+00:00,217,105,3,112,24,9582
2024-08-25T13:05:26.544000+00:00,177,111,3,66,24,9582
2024-08-25T13:05:38.264000+00:00,273,115,4,158,24,9582
2024-08-25T13:05:48.744000+00:00,231,165,5,66,24,9582
2024-08-25T13:06:03.064000+00:00,326,102,3,224,24,9582
2024-08-25T13:06:12.584000+00:00,222,161,5,61,24,9582
2024-08-25T13:06:34.944000+00:00,250,201,6,49,24,9582
2024-08-25T13:06:38.824000+00:00,213,107,3,106,24,9582
2024-08-25T13:06:45.624000+00:00,165,118,3,47,24,9582
2024-08-25T13:06:56.944000+00:00,265,117,3,148,24,9582
2024-08-25T13:07:07.064000+00:00,228,179,6,49,24,9582
2024-08-25T13:07:21.344000+00:00,321,117,3,204,24,9582
2024-08-25T13:07:30.624000+00:00,226,172,4,54,24,9582
2024-08-25T13:07:47.024000+00:00,282,241,7,41,24,9582
2024-08-25T13:07:53.184000+00:00,254,201,5,53,24,9582
2024-08-25T13:07:56.825000+00:00,209,107,3,102,24,9582
2024-08-25T13:08:03.425000+00:00,180,113,3,67,24,9582
2024-08-25T13:08:15.385000+00:00,255,117,3,138,24,9582
2024-08-25T13:08:25.384000+00:00,227,178,5,49,24,9582
2024-08-25T13:08:39.544000+00:00,322,109,3,213,24,9582
2024-08-25T13:09:10.945000+00:00,249,202,5,47,24,9582
2024-08-25T13:09:14.345000+00:00,211,115,3,96,24,9582
2024-08-25T13:09:21.305000+00:00,180,100,3,80,24,9582
2024-08-25T13:09:33.024000+00:00,256,118,3,138,24,9582
2024-08-25T13:09:43.345000+00:00,231,174,5,57,24,9582
2024-08-25T13:09:58.145000+00:00,296,112,3,184,24,9582
2024-08-25T13:10:32.664000+00:00,212,110,3,102,24,9582
2024-08-25T13:10:39.305000+00:00,179,106,3,73,24,9582
2024-08-25T13:10:51.145000+00:00,256,118,3,138,24,9582
2024-08-25T13:11:16.145000+00:00,291,110,3,181,24,9582
2024-08-25T13:11:41.145000+00:00,279,238,7,41,24,9582
2024-08-25T13:11:51.185000+00:00,196,108,3,88,24,9582
2024-08-25T13:11:57.945000+00:00,161,104,3,57,24,9582
2024-08-25T13:12:09.465000+00:00,250,121,3,129,24,9582
2024-08-25T13:12:34.025000+00:00,300,115,3,185,24,9582
2024-08-25T13:13:06.106000+00:00,246,199,6,47,24,9582
2024-08-25T13:13:09.665000+00:00,209,110,3,99,24,9582
2024-08-25T13:13:16.185000+00:00,183,107,3,76,24,9582
2024-08-25T13:13:27.705000+00:00,260,125,4,135,24,9582
2024-08-25T13:13:38.146000+00:00,232,178,5,54,24,9582
2024-08-25T13:13:52.866000+00:00,291,103,3,188,24,9582
2024-08-25T13:14:23.626000+00:00,255,212,6,43,24,9582
2024-08-25T13:14:27.386000+00:00,209,109,3,100,24,9582
2024-08-25T13:14:33.866000+00:00,181,99,3,82,24,9582
2024-08-25T13:14:45.746000+00:00,264,127,4,137,24,9582
2024-08-25T13:15:10.986000+00:00,290,103,3,187,24,9582
2024-08-25T13:15:45.546000+00:00,217,109,3,108,24,9582
2024-08-25T13:15:52.226000+00:00,179,103,3,76,24,9582
2024-08-25T13:16:04.346000+00:00,249,118,3,131,24,9582
2024-08-25T13:16:29.146000+00:00,297,120,4,177,24,9582
2024-08-25T13:17:03.946000+00:00,204,116,3,88,24,9582
2024-08-25T13:17:10.346000+00:00,176,118,3,58,24,9582
2024-08-25T13:17:22.547000+00:00,239,120,4,119,24,9582
2024-08-25T13:17:47.227000+00:00,286,113,3,173,24,9582
2024-08-25T13:17:56.107000+00:00,229,188,5,41,24,9582
2024-08-25T13:17:58.746000+00:00,179,133,4,46,24,9582
2024-08-25T13:18:17.826000+00:00,252,207,5,45,24,9582
2024-08-25T13:18:21.507000+00:00,215,101,3,114,24,9582
2024-08-25T13:18:28.147000+00:00,183,102,3,81,24,9582
2024-08-25T13:18:40.307000+00:00,251,119,3,132,24,9582
2024-08-25T13:18:50.386000+00:00,226,178,5,48,24,9582
2024-08-25T13:19:05.226000+00:00,298,106,3,192,24,9582
2024-08-25T13:19:39.627000+00:00,221,107,4,114,24,9582
2024-08-25T13:19:46.107000+00:00,182,107,3,75,24,9582
2024-08-25T13:19:57.986000+00:00,261,115,3,146,24,9582
2024-08-25T13:20:23.107000+00:00,285,111,3,174,24,9582
2024-08-25T13:20:57.668000+00:00,209,107,3,102,24,9582
2024-08-25T13:21:04.188000+00:00,176,100,3,76,24,9582
2024-08-25T13:21:16.227000+00:00,249,110,3,139,24,9582
2024-08-25T13:21:41.747000+00:00,279,111,3,168,24,9582
2024-08-25T13:21:52.987000+00:00,176,130,4,46,24,9582
2024-08-25T13:22:12.148000+00:00,254,211,6,43,24,9582
2024-08-25T13:22:15.907000+00:00,211,107,3,104,24,9582
2024-08-25T13:22:22.427000+00:00,182,127,3,55,24,9582
2024-08-25T13:22:34.547000+00:00,252,116,4,136,24,9582
2024-08-25T13:22:44.668000+00:00,231,187,5,44,24,9582
2024-08-25T13:23:00.067000+00:00,227,122,3,105,24,9582
2024-08-25T13:23:34.067000+00:00,211,110,3,101,24,9582
2024-08-25T13:23:40.547000+00:00,176,124,3,52,24,9582
2024-08-25T13:23:52.788000+00:00,231,132,3,99,24,9582
2024-08-25T13:24:17.788000+00:00,290,115,3,175,24,9582
2024-08-25T13:24:26.508000+00:00,231,184,6,47,24,9582
2024-08-25T13:24:29.148000+00:00,183,137,4,46,24,9582
2024-08-25T13:24:51.948000+00:00,214,106,3,108,24,9582
2024-08-25T13:24:58.748000+00:00,185,116,3,69,24,9582
2024-08-25T13:25:10.748000+00:00,252,129,4,123,24,9582
2024-08-25T13:25:36.028000+00:00,291,104,3,187,24,9582
2024-08-25T13:25:44.788000+00:00,231,181,5,50,24,9582
2024-08-25T13:26:06.548000+00:00,250,203,5,47,24,9582
2024-08-25T13:26:10.148000+00:00,213,104,3,109,24,9582
2024-08-25T13:26:16.828000+00:00,181,127,4,54,24,9582
2024-08-25T13:26:28.948000+00:00,260,122,3,138,24,9582
2024-08-25T13:26:48.628000+00:00,273,167,5,106,24,9582
2024-08-25T13:26:51.268000+00:00,148,60,1,88,24,9582
2024-08-25T13:27:26.149000+00:00,215,158,4,57,24,9582
2024-08-25T13:27:48.788000+00:00,247,195,6,52,24,9582
2024-08-25T13:27:52.549000+00:00,217,120,4,97,24,9582
2024-08-25T13:27:58.829000+00:00,191,118,4,73,24,9582
2024-08-25T13:28:10.348000+00:00,251,120,3,131,24,9582
2024-08-25T13:28:35.349000+00:00,290,119,4,171,24,9582
2024-08-25T13:28:43.988000+00:00,227,180,5,47,24,9582
2024-08-25T13:29:05.749000+00:00,253,208,6,45,24,9582
2024-08-25T13:29:09.228000+00:00,221,115,4,106,24,9582
2024-08-25T13:29:15.669000+00:00,188,112,4,76,24,9582
2024-08-25T13:29:27.429000+00:00,244,123,3,121,24,9582
2024-08-25T13:29:52.429000+00:00,269,116,3,153,24,9582
2024-08-25T13:30:26.069000+00:00,214,129,4,85,24,9582
2024-08-25T13:30:32.469000+00:00,175,110,4,65,24,9582
2024-08-25T13:30:44.029000+00:00,254,123,3,131,24,9582
2024-08-25T13:31:08.949000+00:00,284,116,4,168,24,9582
2024-08-25T13:31:17.469000+00:00,227,185,5,42,24,9582
2024-08-25T13:31:42.830000+00:00,218,114,4,104,24,9582
2024-08-25T13:31:49.150000+00:00,183,124,3,59,24,9582
2024-08-25T13:32:00.749000+00:00,249,122,3,127,24,9582
2024-08-25T13:32:25.669000+00:00,285,121,4,164,24,9582
2024-08-25T13:32:34.309000+00:00,226,170,5,56,24,9582
2024-08-25T13:32:56.230000+00:00,253,197,5,56,24,9582
2024-08-25T13:32:59.909000+00:00,212,118,4,94,24,9582
2024-08-25T13:33:06.669000+00:00,181,121,4,60,24,9582
2024-08-25T13:33:17.989000+00:00,269,121,3,148,24,9582
2024-08-25T13:33:42.830000+00:00,290,125,4,165,24,9582
2024-08-25T13:34:16.630000+00:00,220,113,4,107,24,9582
2024-08-25T13:34:23.030000+00:00,176,104,3,72,24,9582
2024-08-25T13:34:34.550000+00:00,256,136,4,120,24,9582
2024-08-25T13:34:59.389000+00:00,281,125,4,156,24,9582
2024-08-25T13:35:10.550000+00:00,183,135,4,48,24,9582
2024-08-25T13:35:33.270000+00:00,211,114,4,97,24,9582
2024-08-25T13:35:39.590000+00:00,186,122,4,64,24,9582
2024-08-25T13:35:51.190000+00:00,251,130,4,121,24,9582
2024-08-25T13:36:01.230000+00:00,226,183,5,43,24,9582
2024-08-25T13:36:16.150000+00:00,291,117,4,174,24,9582
2024-08-25T13:36:27.110000+00:00,184,138,4,46,24,9582
2024-08-25T13:36:50.070000+00:00,201,122,4,79,24,9582
2024-08-25T13:36:55.990000+00:00,178,126,4,52,24,9582
2024-08-25T13:37:07.910000+00:00,245,128,4,117,24,9582
2024-08-25T13:37:32.671000+00:00,273,120,4,153,24,9582
2024-08-25T13:38:07.830000+00:00,216,108,4,108,24,9582
2024-08-25T13:38:14.430000+00:00,182,122,3,60,24,9582
2024-08-25T13:38:25.791000+00:00,268,122,3,146,24,9582
2024-08-25T13:38:36.310000+00:00,223,182,5,41,24,9582
2024-08-25T13:38:50.511000+00:00,305,117,4,188,24,9582
2024-08-25T13:39:24.191000+00:00,220,119,4,101,24,9582
2024-08-25T13:39:30.951000+00:00,176,104,3,72,24,9582
2024-08-25T13:39:42.591000+00:00,229,125,4,104,24,9582
2024-08-25T13:40:07.551000+00:00,271,114,4,157,24,9582
2024-08-25T13:40:41.431000+00:00,206,121,4,85,24,9582
2024-08-25T13:40:47.911000+00:00,182,102,3,80,24,9582
2024-08-25T13:40:59.711000+00:00,240,129,4,111,24,9582
2024-08-25T13:41:24.471000+00:00,278,116,3,162,24,9582
2024-08-25T13:41:58.191000+00:00,218,105,4,113,24,9582
2024-08-25T13:42:04.711000+00:00,183,99,3,84,24,9582
2024-08-25T13:42:16.751000+00:00,234,123,3,111,24,9582
2024-08-25T13:42:41.432000+00:00,282,121,4,161,24,9582
2024-08-25T13:42:49.711000+00:00,229,167,5,62,24,9582
2024-08-25T13:42:52.631000+00:00,173,127,4,46,24,9582
2024-08-25T13:43:12.151000+00:00,243,196,6,47,24,9582
2024-08-25T13:43:16.272000+00:00,192,120,4,72,24,9582
2024-08-25T13:43:22.592000+00:00,178,124,4,54,24,9582
2024-08-25T13:43:34.232000+00:00,258,126,4,132,24,9582
2024-08-25T13:43:44.431000+00:00,230,179,5,51,24,9582
2024-08-25T13:43:59.312000+00:00,280,113,4,167,24,9582
2024-08-25T13:44:10.271000+00:00,181,135,4,46,24,9582
2024-08-25T13:44:33.192000+00:00,215,111,4,104,24,9582
2024-08-25T13:44:39.552000+00:00,182,121,3,61,24,9582
2024-08-25T13:44:51.712000+00:00,241,118,3,123,24,9582
2024-08-25T13:45:16.512000+00:00,277,123,4,154,24,9582
2024-08-25T13:45:25.232000+00:00,223,182,5,41,24,9582
2024-08-25T13:45:27.712000+00:00,177,136,4,41,24,9582
2024-08-25T13:45:50.592000+00:00,211,113,4,98,24,9582
2024-08-25T13:45:56.792000+00:00,184,103,3,81,24,9582
2024-08-25T13:46:08.832000+00:00,242,122,4,120,24,9582
2024-08-25T13:46:33.352000+00:00,281,128,4,153,24,9582
2024-08-25T13:46:44.793000+00:00,182,135,4,47,24,9582
2024-08-25T13:47:03.953000+00:00,252,206,6,46,24,9582
2024-08-25T13:47:07.872000+00:00,196,113,4,83,24,9582
2024-08-25T13:47:14.232000+00:00,181,123,3,58,24,9582
2024-08-25T13:47:25.832000+00:00,260,129,4,131,24,9582
2024-08-25T13:47:50.953000+00:00,276,133,4,143,24,9582
2024-08-25T13:47:59.552000+00:00,231,189,5,42,24,9582
2024-08-25T13:48:02.152000+00:00,185,137,4,48,24,9582
2024-08-25T13:48:21.352000+00:00,250,205,6,45,24,9582
2024-08-25T13:48:24.873000+00:00,216,112,4,104,24,9582
2024-08-25T13:48:31.633000+00:00,172,105,3,67,24,9582
2024-08-25T13:48:43.233000+00:00,242,124,3,118,24,9582
2024-08-25T13:49:08.273000+00:00,261,117,3,144,24,9582
2024-08-25T13:49:16.833000+00:00,230,189,6,41,24,9582
2024-08-25T13:49:39.353000+00:00,256,200,5,56,24,9582
2024-08-25T13:49:43.313000+00:00,211,111,4,100,24,9582
2024-08-25T13:49:49.913000+00:00,188,103,3,85,24,9582
2024-08-25T13:50:01.353000+00:00,274,119,3,155,24,9582
2024-08-25T13:50:11.633000+00:00,232,187,5,45,24,9582
2024-08-25T13:50:26.673000+00:00,248,116,4,132,24,9582
2024-08-25T13:50:56.793000+00:00,248,202,6,46,24,9582
2024-08-25T13:51:00.673000+00:00,214,107,4,107,24,9582
2024-08-25T13:51:07.393000+00:00,169,111,3,58,24,9582
2024-08-25T13:51:19.073000+00:00,230,122,3,108,24,9582
2024-08-25T13:51:44.073000+00:00,267,122,4,145,24,9582
2024-08-25T13:52:14.354000+00:00,250,204,6,46,24,9582
2024-08-25T13:52:17.953000+00:00,220,115,4,105,24,9582
2024-08-25T13:52:24.513000+00:00,177,104,3,73,24,9582
2024-08-25T13:52:36.673000+00:00,227,116,4,111,24,9582
2024-08-25T13:53:01.753000+00:00,279,126,4,153,24,9582
2024-08-25T13:53:37.193000+00:00,218,105,4,113,24,9582
2024-08-25T13:53:43.953000+00:00,186,109,3,77,24,9582
2024-08-25T13:53:55.713000+00:00,244,128,4,116,24,9582
2024-08-25T13:54:20.754000+00:00,279,120,4,159,24,9582
2024-08-25T13:54:29.393000+00:00,233,184,5,49,24,9582
2024-08-25T13:54:55.074000+00:00,201,116,4,85,24,9582
2024-08-25T13:55:01.314000+00:00,184,103,3,81,24,9582
2024-08-25T13:55:13.634000+00:00,238,132,4,106,24,9582
2024-08-25T13:55:38.474000+00:00,277,111,3,166,24,9582
2024-08-25T13:56:10.114000+00:00,249,207,5,42,24,9582
2024-08-25T13:56:13.834000+00:00,210,103,4,107,24,9582
2024-08-25T13:56:20.434000+00:00,180,114,3,66,24,9582
2024-08-25T13:56:32.434000+00:00,233,122,3,111,24,9582
2024-08-25T13:56:57.274000+00:00,287,121,4,166,24,9582
2024-08-25T13:57:06.474000+00:00,224,182,5,42,24,9582
2024-08-25T13:57:28.355000+00:00,257,209,6,48,24,9582
2024-08-25T13:57:32.234000+00:00,220,121,4,99,24,9582
2024-08-25T13:57:38.634000+00:00,183,105,4,78,24,9582
2024-08-25T13:57:50.634000+00:00,257,123,3,134,24,9582
2024-08-25T13:58:00.834000+00:00,232,182,5,50,24,9582
2024-08-25T13:58:15.755000+00:00,287,125,4,162,24,9582
2024-08-25T13:58:25.634000+00:00,207,165,5,42,24,9582
2024-08-25T13:58:45.914000+00:00,199,133,4,66,24,9582
2024-08-25T13:58:53.635000+00:00,207,110,4,97,24,9582
2024-08-25T13:58:59.994000+00:00,175,104,3,71,24,9582
2024-08-25T13:59:11.954000+00:00,252,124,4,128,24,9582
2024-08-25T13:59:37.035000+00:00,278,117,4,161,24,9582
2024-08-25T13:59:45.754000+00:00,231,177,5,54,24,9582
2024-08-25T14:00:11.155000+00:00,219,106,4,113,24,9582
2024-08-25T14:00:17.995000+00:00,173,100,3,73,24,9582
2024-08-25T14:00:29.675000+00:00,258,120,3,138,24,9582
2024-08-25T14:00:39.875000+00:00,231,188,6,43,24,9582
2024-08-25T14:00:55.635000+00:00,250,112,3,138,24,9582
2024-08-25T14:01:04.475000+00:00,235,181,5,54,24,9582
2024-08-25T14:01:20.475000+00:00,286,245,7,41,24,9582
2024-08-25T14:01:30.235000+00:00,216,105,4,111,24,9582
2024-08-25T14:01:36.635000+00:00,182,99,3,83,24,9582
2024-08-25T14:01:49.555000+00:00,173,117,3,56,24,9582
2024-08-25T14:02:14.115000+00:00,277,112,3,165,24,9582
2024-08-25T14:02:22.715000+00:00,229,180,5,49,24,9582
2024-08-25T14:02:48.355000+00:00,214,110,4,104,24,9582
2024-08-25T14:02:55.035000+00:00,177,103,3,74,24,9582
2024-08-25T14:03:06.835000+00:00,231,126,4,105,24,9582
2024-08-25T14:03:31.876000+00:00,278,122,4,156,24,9582
2024-08-25T14:04:05.956000+00:00,218,112,4,106,24,9582
2024-08-25T14:04:12.636000+00:00,173,100,3,73,24,9582
2024-08-25T14:04:24.676000+00:00,229,116,3,113,24,9582
2024-08-25T14:04:49.436000+00:00,281,117,4,164,24,9582
2024-08-25T14:04:57.996000+00:00,231,187,6,44,24,9582
2024-08-25T14:05:19.756000+00:00,249,208,6,41,24,9582
2024-08-25T14:05:23.436000+00:00,215,116,4,99,24,9582
2024-08-25T14:05:41.836000+00:00,240,139,4,101,24,9582
2024-08-25T14:06:06.756000+00:00,276,118,4,158,24,9582
2024-08-25T14:06:17.636000+00:00,187,140,4,47,24,9582
2024-08-25T14:06:41.077000+00:00,174,121,4,53,24,9582
2024-08-25T14:06:46.916000+00:00,184,105,3,79,24,9582
2024-08-25T14:06:59.316000+00:00,214,125,3,89,24,9582
2024-08-25T14:07:23.796000+00:00,275,129,4,146,24,9582
2024-08-25T14:07:57.796000+00:00,215,120,4,95,24,9582
2024-08-25T14:08:04.596000+00:00,162,121,4,41,24,9582
2024-08-25T14:08:16.156000+00:00,257,124,3,133,24,9582
2024-08-25T14:08:41.357000+00:00,271,123,4,148,24,9582
2024-08-25T14:08:52.557000+00:00,179,136,4,43,24,9582
2024-08-25T14:09:15.157000+00:00,219,113,4,106,24,9582
2024-08-25T14:09:21.597000+00:00,181,104,3,77,24,9582
2024-08-25T14:09:33.517000+00:00,241,121,3,120,24,9582
2024-08-25T14:09:53.157000+00:00,280,62,1,218,24,9582
2024-08-25T14:10:56.397000+00:00,185,111,3,74,24,9582
2024-08-25T14:11:05.157000+00:00,187,128,4,59,24,9582
2024-08-25T14:11:16.637000+00:00,255,124,4,131,24,9582
2024-08-25T14:11:26.797000+00:00,230,186,5,44,24,9582
2024-08-25T14:11:40.437000+00:00,319,116,4,203,24,9582
2024-08-25T14:11:49.757000+00:00,239,192,5,47,24,9582
2024-08-25T14:12:14.837000+00:00,225,118,4,107,24,9582
2024-08-25T14:12:21.237000+00:00,190,129,4,61,24,9582
2024-08-25T14:12:32.557000+00:00,260,125,4,135,24,9582
2024-08-25T14:12:57.078000+00:00,293,121,4,172,24,9582
2024-08-25T14:13:08.197000+00:00,187,141,4,46,24,9582
2024-08-25T14:13:27.037000+00:00,253,211,6,42,24,9582
2024-08-25T14:13:30.718000+00:00,222,116,4,106,24,9582
2024-08-25T14:13:37.038000+00:00,188,136,4,52,24,9582
2024-08-25T14:13:48.278000+00:00,257,127,4,130,24,9582
2024-08-25T14:13:58.158000+00:00,235,187,6,48,24,9582
2024-08-25T14:14:12.877000+00:00,285,113,4,172,24,9582
2024-08-25T14:14:23.838000+00:00,188,141,4,47,24,9582
2024-08-25T14:14:46.597000+00:00,217,112,4,105,24,9582
2024-08-25T14:14:52.637000+00:00,187,119,4,68,24,9582
2024-08-25T14:15:04.598000+00:00,212,127,4,85,24,9582
2024-08-25T14:15:28.638000+00:00,289,118,4,171,24,9582
2024-08-25T14:15:58.438000+00:00,254,208,6,46,24,9582
2024-08-25T14:16:02.358000+00:00,209,113,4,96,24,9582
2024-08-25T14:16:08.518000+00:00,190,109,4,81,24,9582
2024-08-25T14:16:20.238000+00:00,254,125,4,129,24,9582
2024-08-25T14:16:44.918000+00:00,279,122,4,157,24,9582
2024-08-25T14:17:18.558000+00:00,217,109,4,108,24,9582
2024-08-25T14:17:24.918000+00:00,181,118,4,63,24,9582
2024-08-25T14:17:36.638000+00:00,244,124,4,120,24,9582
2024-08-25T14:17:46.519000+00:00,227,186,5,41,24,9582
2024-08-25T14:18:01.158000+00:00,288,122,4,166,24,9582
2024-08-25T14:18:12.239000+00:00,182,136,4,46,24,9582
2024-08-25T14:18:35.358000+00:00,206,116,4,90,24,9582
2024-08-25T14:18:41.239000+00:00,180,126,4,54,24,9582
2024-08-25T14:18:52.959000+00:00,254,120,3,134,24,9582
2024-08-25T14:19:18.039000+00:00,257,116,4,141,24,9582
2024-08-25T14:19:51.559000+00:00,217,111,4,106,24,9582
2024-08-25T14:19:58.199000+00:00,170,110,4,60,24,9582
2024-08-25T14:20:09.558000+00:00,249,122,3,127,24,9582
2024-08-25T14:20:34.319000+00:00,266,120,4,146,24,9582
2024-08-25T14:21:08.119000+00:00,181,115,4,66,24,9582
2024-08-25T14:21:14.159000+00:00,181,127,4,54,24,9582
2024-08-25T14:21:27.119000+00:00,209,123,4,86,24,9582
2024-08-25T14:21:51.079000+00:00,298,121,4,177,24,9582
2024-08-25T14:22:02.760000+00:00,184,143,4,41,24,9582
2024-08-25T14:22:15.600000+00:00,289,245,7,44,24,9582
2024-08-25T14:22:25.439000+00:00,211,119,4,92,24,9582
2024-08-25T14:22:31.559000+00:00,185,113,4,72,24,9582
2024-08-25T14:22:43.160000+00:00,259,125,4,134,24,9582
2024-08-25T14:23:08.040000+00:00,290,123,4,167,24,9582
2024-08-25T14:23:41.720000+00:00,206,117,4,89,24,9582
2024-08-25T14:23:48+00:00,184,112,4,72,24,9582
2024-08-25T14:23:59.799000+00:00,244,115,3,129,24,9582
2024-08-25T14:24:24.360000+00:00,289,121,4,168,24,9582
2024-08-25T14:24:35.240000+00:00,187,139,4,48,24,9582
2024-08-25T14:24:57.760000+00:00,216,114,4,102,24,9582
2024-08-25T14:25:03.880000+00:00,181,108,4,73,24,9582
2024-08-25T14:25:15.760000+00:00,246,126,4,120,24,9582
2024-08-25T14:25:40.080000+00:00,287,121,4,166,24,9582
2024-08-25T14:25:51.480000+00:00,168,114,3,54,24,9582
2024-08-25T14:26:02.280000+00:00,238,123,4,115,24,9582
2024-08-25T14:26:16.680000+00:00,215,117,4,98,24,9582
2024-08-25T14:26:23.240000+00:00,178,119,4,59,24,9582
2024-08-25T14:26:34.760000+00:00,253,127,4,126,24,9582
2024-08-25T14:26:59.361000+00:00,295,114,4,181,24,9582
2024-08-25T14:27:10.440000+00:00,184,141,4,43,24,9582
2024-08-25T14:27:32.881000+00:00,216,114,4,102,24,9582
2024-08-25T14:27:39.121000+00:00,186,99,3,87,24,9582
2024-08-25T14:27:51.281000+00:00,232,127,3,105,24,9582
2024-08-25T14:28:15.440000+00:00,289,116,4,173,24,9582
2024-08-25T14:28:26.601000+00:00,192,140,4,52,24,9582
2024-08-25T14:28:48.960000+00:00,221,118,4,103,24,9582
2024-08-25T14:28:55.160000+00:00,183,105,4,78,24,9582
2024-08-25T14:29:07.081000+00:00,231,128,4,103,24,9582
2024-08-25T14:29:16.761000+00:00,231,185,5,46,24,9582
2024-08-25T14:29:31.481000+00:00,277,125,4,152,24,9582
2024-08-25T14:29:42.401000+00:00,181,140,4,41,24,9582
2024-08-25T14:30:04.681000+00:00,202,107,4,95,24,9582
2024-08-25T14:30:10.961000+00:00,185,109,4,76,24,9582
2024-08-25T14:30:22.881000+00:00,224,126,4,98,24,9582
2024-08-25T14:30:46.961000+00:00,291,121,4,170,24,9582
2024-08-25T14:30:55.801000+00:00,232,190,6,42,24,9582
2024-08-25T14:30:58.081000+00:00,182,139,4,43,24,9582
2024-08-25T14:31:09.521000+00:00,234,191,6,43,24,9582
2024-08-25T14:31:22.362000+00:00,223,121,4,102,24,9582
2024-08-25T14:31:28.602000+00:00,184,116,4,68,24,9582
2024-08-25T14:31:40.041000+00:00,278,136,4,142,24,9582
2024-08-25T14:32:04.881000+00:00,267,119,4,148,24,9582
2024-08-25T14:32:38.041000+00:00,229,111,4,118,24,9582
2024-08-25T14:32:44.561000+00:00,189,131,4,58,24,9582
2024-08-25T14:32:56.482000+00:00,230,127,3,103,24,9582
2024-08-25T14:33:06.122000+00:00,230,186,5,44,24,9582
2024-08-25T14:33:20.722000+00:00,282,123,4,159,24,9582
2024-08-25T14:33:31.681000+00:00,188,134,4,54,24,9582
2024-08-25T14:33:53.882000+00:00,211,111,4,100,24,9582
2024-08-25T14:34:00.282000+00:00,184,112,4,72,24,9582
2024-08-25T14:34:12.002000+00:00,256,121,4,135,24,9582
2024-08-25T14:34:35.122000+00:00,293,98,4,195,24,9582
2024-08-25T14:35:38.482000+00:00,120,77,4,43,24,9582
2024-08-25T12:20:14.535000+00:00,209,167,5,42,27,9582
2024-08-25T12:20:39.454000+00:00,238,186,5,52,27,9582
2024-08-25T12:20:43.455000+00:00,201,124,3,77,27,9582
2024-08-25T12:20:50.095000+00:00,179,126,4,53,27,9582
2024-08-25T12:21:02.135000+00:00,213,123,4,90,27,9582
2024-08-25T12:21:12.454000+00:00,219,171,5,48,27,9582
2024-08-25T12:21:21.495000+00:00,208,95,2,113,27,9582
2024-08-25T12:22:30.695000+00:00,200,117,3,83,27,9582
2024-08-25T12:22:36.735000+00:00,188,130,4,58,27,9582
2024-08-25T12:22:48.535000+00:00,244,120,3,124,27,9582
2024-08-25T12:22:58.736000+00:00,219,175,4,44,27,9582
2024-08-25T12:23:05.896000+00:00,190,63,1,127,27,9582
2024-08-25T12:24:07.575000+00:00,221,178,5,43,27,9582
2024-08-25T12:24:33.656000+00:00,217,118,3,99,27,9582
2024-08-25T12:24:39.976000+00:00,185,132,4,53,27,9582
2024-08-25T12:24:51.696000+00:00,241,128,3,113,27,9582
2024-08-25T12:25:01.495000+00:00,227,184,5,43,27,9582
2024-08-25T12:25:10.216000+00:00,152,80,2,72,27,9582
2024-08-25T12:26:04.176000+00:00,222,180,5,42,27,9582
2024-08-25T12:26:26.376000+00:00,245,197,5,48,27,9582
2024-08-25T12:26:30.136000+00:00,211,120,3,91,27,9582
2024-08-25T12:26:36.296000+00:00,185,140,4,45,27,9582
2024-08-25T12:26:47.696000+00:00,228,120,3,108,27,9582
2024-08-25T13:00:45.263000+00:00,216,148,5,68,27,9582
2024-08-25T13:00:48.583000+00:00,164,118,3,46,27,9582
2024-08-25T13:01:09.343000+00:00,227,176,5,51,27,9582
2024-08-25T13:01:14.223000+00:00,160,55,1,105,27,9582
2024-08-25T13:01:36.143000+00:00,229,54,1,175,27,9582
2024-08-25T13:02:00.903000+00:00,159,88,2,71,27,9582
2024-08-25T13:02:06.504000+00:00,174,100,2,74,27,9582
2024-08-25T13:02:09.663000+00:00,114,51,1,63,27,9582
2024-08-25T13:03:19.264000+00:00,236,103,3,133,27,9582
2024-08-25T13:03:29.223000+00:00,215,140,4,75,27,9582
2024-08-25T13:03:46.304000+00:00,272,218,6,54,27,9582
2024-08-25T13:03:52.904000+00:00,230,183,5,47,27,9582
2024-08-25T13:03:57.143000+00:00,207,111,3,96,27,9582
2024-08-25T13:04:04.023000+00:00,182,111,3,71,27,9582
2024-08-25T13:04:15.463000+00:00,236,91,3,145,27,9582
2024-08-25T13:04:25.904000+00:00,230,177,5,53,27,9582
2024-08-25T13:04:41.184000+00:00,298,131,4,167,27,9582
2024-08-25T13:04:50.023000+00:00,228,179,5,49,27,9582
2024-08-25T13:04:52.944000+00:00,168,125,4,43,27,9582
2024-08-25T13:05:06.144000+00:00,284,229,7,55,27,9582
2024-08-25T13:05:11.824000+00:00,257,197,6,60,27,9582
2024-08-25T13:05:17.144000+00:00,159,108,3,51,27,9582
2024-08-25T13:05:22.264000+00:00,187,116,4,71,27,9582
2024-08-25T13:05:33.744000+00:00,260,124,3,136,27,9582
2024-08-25T13:05:44.024000+00:00,227,183,5,44,27,9582
2024-08-25T13:05:58.304000+00:00,299,123,4,176,27,9582
2024-08-25T13:06:07.344000+00:00,227,180,5,47,27,9582
2024-08-25T13:06:23.184000+00:00,289,235,6,54,27,9582
2024-08-25T13:06:29.385000+00:00,250,194,6,56,27,9582
2024-08-25T13:06:33.224000+00:00,212,105,3,107,27,9582
2024-08-25T13:06:39.984000+00:00,177,113,4,64,27,9582
2024-08-25T13:06:51.024000+00:00,277,123,3,154,27,9582
2024-08-25T13:07:01.504000+00:00,230,179,5,51,27,9582
2024-08-25T13:07:15.705000+00:00,303,112,3,191,27,9582
2024-08-25T13:07:24.584000+00:00,231,188,5,43,27,9582
2024-08-25T13:07:27.304000+00:00,173,126,4,47,27,9582
2024-08-25T13:07:40.664000+00:00,273,230,6,43,27,9582
2024-08-25T13:07:46.464000+00:00,252,195,6,57,27,9582
2024-08-25T13:07:50.225000+00:00,206,106,3,100,27,9582
2024-08-25T13:08:08.265000+00:00,253,126,3,127,27,9582
2024-08-25T13:08:18.544000+00:00,229,177,4,52,27,9582
2024-08-25T13:08:32.784000+00:00,311,112,3,199,27,9582
2024-08-25T13:08:41.545000+00:00,231,183,5,48,27,9582
2024-08-25T13:08:44.464000+00:00,175,132,4,43,27,9582
2024-08-25T13:08:57.625000+00:00,274,232,6,42,27,9582
2024-08-25T13:09:03.825000+00:00,239,195,5,44,27,9582
2024-08-25T13:09:06.864000+00:00,213,114,3,99,27,9582
2024-08-25T13:09:13.624000+00:00,173,120,4,53,27,9582
2024-08-25T13:09:25.224000+00:00,268,119,3,149,27,9582
2024-08-25T13:09:49.345000+00:00,330,112,3,218,27,9582
2024-08-25T13:10:14.185000+00:00,290,243,6,47,27,9582
2024-08-25T13:10:19.905000+00:00,257,202,5,55,27,9582
2024-08-25T13:10:23.905000+00:00,218,118,3,100,27,9582
2024-08-25T13:10:30.305000+00:00,183,114,3,69,27,9582
2024-08-25T13:10:41.665000+00:00,282,127,3,155,27,9582
2024-08-25T13:11:06.185000+00:00,323,110,3,213,27,9582
2024-08-25T13:11:15.145000+00:00,231,180,4,51,27,9582
2024-08-25T13:11:17.905000+00:00,180,136,4,44,27,9582
2024-08-25T13:11:30.985000+00:00,289,243,6,46,27,9582
2024-08-25T13:11:36.865000+00:00,256,202,5,54,27,9582
2024-08-25T13:11:40.545000+00:00,211,106,3,105,27,9582
2024-08-25T13:11:47.465000+00:00,170,104,4,66,27,9582
2024-08-25T13:11:58.666000+00:00,284,117,3,167,27,9582
2024-08-25T13:12:09.105000+00:00,227,186,5,41,27,9582
2024-08-25T13:12:22.865000+00:00,332,103,3,229,27,9582
2024-08-25T13:12:32.306000+00:00,233,181,5,52,27,9582
2024-08-25T13:12:54.305000+00:00,244,200,5,44,27,9582
2024-08-25T13:12:57.906000+00:00,208,104,3,104,27,9582
2024-08-25T13:13:04.266000+00:00,176,107,4,69,27,9582
2024-08-25T13:13:16.185000+00:00,268,123,3,145,27,9582
2024-08-25T13:13:40.386000+00:00,327,111,3,216,27,9582
2024-08-25T13:13:49.625000+00:00,231,183,5,48,27,9582
2024-08-25T13:14:05.586000+00:00,284,237,6,47,27,9582
2024-08-25T13:14:14.985000+00:00,215,100,3,115,27,9582
2024-08-25T13:14:21.825000+00:00,182,110,4,72,27,9582
2024-08-25T13:14:33.466000+00:00,279,116,3,163,27,9582
2024-08-25T13:14:43.826000+00:00,231,182,5,49,27,9582
2024-08-25T13:14:57.706000+00:00,327,108,3,219,27,9582
2024-08-25T13:15:06.946000+00:00,234,177,5,57,27,9582
2024-08-25T13:15:23.146000+00:00,287,222,6,65,27,9582
2024-08-25T13:15:29.066000+00:00,257,182,5,75,27,9582
2024-08-25T13:15:32.946000+00:00,204,100,3,104,27,9582
2024-08-25T13:15:39.746000+00:00,174,105,4,69,27,9582
2024-08-25T13:15:51.266000+00:00,283,118,3,165,27,9582
2024-08-25T13:16:01.867000+00:00,226,180,5,46,27,9582
2024-08-25T13:16:16.146000+00:00,291,108,3,183,27,9582
2024-08-25T13:16:25.106000+00:00,232,176,5,56,27,9582
2024-08-25T13:16:28.187000+00:00,166,121,4,45,27,9582
2024-08-25T13:16:47.066000+00:00,248,192,5,56,27,9582
2024-08-25T13:16:50.786000+00:00,208,101,3,107,27,9582
2024-08-25T13:16:57.546000+00:00,169,108,4,61,27,9582
2024-08-25T13:17:09.027000+00:00,280,124,3,156,27,9582
2024-08-25T13:17:19.626000+00:00,218,174,5,44,27,9582
2024-08-25T13:17:33.787000+00:00,311,105,3,206,27,9582
2024-08-25T13:17:42.747000+00:00,238,181,5,57,27,9582
2024-08-25T13:17:58.586000+00:00,278,232,6,46,27,9582
2024-08-25T13:18:04.426000+00:00,251,192,5,59,27,9582
2024-08-25T13:18:08.267000+00:00,207,106,3,101,27,9582
2024-08-25T13:18:14.947000+00:00,178,121,4,57,27,9582
2024-08-25T13:18:26.747000+00:00,268,113,3,155,27,9582
2024-08-25T13:18:37.426000+00:00,219,178,5,41,27,9582
2024-08-25T13:18:51.426000+00:00,308,126,3,182,27,9582
2024-08-25T13:19:00.387000+00:00,234,176,5,58,27,9582
2024-08-25T13:19:16.707000+00:00,278,227,6,51,27,9582
2024-08-25T13:19:22.147000+00:00,256,193,5,63,27,9582
2024-08-25T13:19:26.107000+00:00,194,102,3,92,27,9582
2024-08-25T13:19:32.587000+00:00,179,103,4,76,27,9582
2024-08-25T13:19:44.386000+00:00,281,117,3,164,27,9582
2024-08-25T13:19:54.667000+00:00,231,171,4,60,27,9582
2024-08-25T13:20:09.067000+00:00,307,109,3,198,27,9582
2024-08-25T13:20:18.026000+00:00,233,170,5,63,27,9582
2024-08-25T13:20:20.787000+00:00,178,133,3,45,27,9582
2024-08-25T13:20:33.987000+00:00,285,224,6,61,27,9582
2024-08-25T13:20:43.747000+00:00,201,98,3,103,27,9582
2024-08-25T13:20:50.307000+00:00,177,129,4,48,27,9582
2024-08-25T13:21:02.147000+00:00,279,116,3,163,27,9582
2024-08-25T13:21:12.587000+00:00,232,186,5,46,27,9582
2024-08-25T13:21:22.067000+00:00,298,61,1,237,27,9582
2024-08-25T13:21:58.228000+00:00,232,175,5,57,27,9582
2024-08-25T13:22:14.267000+00:00,280,238,6,42,27,9582
2024-08-25T13:22:19.907000+00:00,251,193,5,58,27,9582
2024-08-25T13:22:23.628000+00:00,216,120,3,96,27,9582
2024-08-25T13:22:29.788000+00:00,192,115,4,77,27,9582
2024-08-25T13:22:41.427000+00:00,246,128,3,118,27,9582
2024-08-25T13:22:51.188000+00:00,235,185,5,50,27,9582
2024-08-25T13:23:05.948000+00:00,289,117,3,172,27,9582
2024-08-25T13:23:17.228000+00:00,183,140,3,43,27,9582
2024-08-25T13:23:36.068000+00:00,248,203,5,45,27,9582
2024-08-25T13:23:39.668000+00:00,213,116,3,97,27,9582
2024-08-25T13:23:45.668000+00:00,188,122,4,66,27,9582
2024-08-25T13:23:57.788000+00:00,222,127,3,95,27,9582
2024-08-25T13:24:07.347000+00:00,224,177,5,47,27,9582
2024-08-25T13:24:22.028000+00:00,275,118,3,157,27,9582
2024-08-25T13:24:45.788000+00:00,285,237,6,48,27,9582
2024-08-25T13:24:51.748000+00:00,252,198,5,54,27,9582
2024-08-25T13:24:55.548000+00:00,210,116,3,94,27,9582
2024-08-25T13:25:01.708000+00:00,182,129,4,53,27,9582
2024-08-25T13:25:13.508000+00:00,259,123,3,136,27,9582
2024-08-25T13:25:38.028000+00:00,304,119,3,185,27,9582
2024-08-25T13:25:46.508000+00:00,234,189,5,45,27,9582
2024-08-25T13:25:49.068000+00:00,188,135,4,53,27,9582
2024-08-25T13:26:02.308000+00:00,279,238,6,41,27,9582
2024-08-25T13:26:11.708000+00:00,200,119,3,81,27,9582
2024-08-25T13:26:17.668000+00:00,178,123,4,55,27,9582
2024-08-25T13:26:29.148000+00:00,278,124,3,154,27,9582
2024-08-25T13:26:39.588000+00:00,230,174,4,56,27,9582
2024-08-25T13:26:54.109000+00:00,312,119,3,193,27,9582
2024-08-25T13:27:05.108000+00:00,186,131,4,55,27,9582
2024-08-25T13:27:23.748000+00:00,251,209,6,42,27,9582
2024-08-25T13:27:27.229000+00:00,212,112,3,100,27,9582
2024-08-25T13:27:33.829000+00:00,180,122,4,58,27,9582
2024-08-25T13:27:45.629000+00:00,246,131,3,115,27,9582
2024-08-25T13:27:55.348000+00:00,228,185,5,43,27,9582
2024-08-25T13:28:09.948000+00:00,305,118,3,187,27,9582
2024-08-25T13:28:21.189000+00:00,183,133,4,50,27,9582
2024-08-25T13:28:34.069000+00:00,282,241,6,41,27,9582
2024-08-25T13:28:39.829000+00:00,252,202,5,50,27,9582
2024-08-25T13:28:43.388000+00:00,214,119,3,95,27,9582
2024-08-25T13:28:49.708000+00:00,182,123,4,59,27,9582
2024-08-25T13:29:01.229000+00:00,270,127,3,143,27,9582
2024-08-25T13:29:11.349000+00:00,225,179,4,46,27,9582
2024-08-25T13:29:25.829000+00:00,296,119,3,177,27,9582
2024-08-25T13:29:34.549000+00:00,234,183,5,51,27,9582
2024-08-25T13:29:37.188000+00:00,180,139,4,41,27,9582
2024-08-25T13:29:50.429000+00:00,277,234,6,43,27,9582
2024-08-25T13:29:56.069000+00:00,252,202,5,50,27,9582
2024-08-25T13:29:59.589000+00:00,213,108,3,105,27,9582
2024-08-25T13:30:05.909000+00:00,184,106,4,78,27,9582
2024-08-25T13:30:17.509000+00:00,264,112,3,152,27,9582
2024-08-25T13:30:27.789000+00:00,234,183,5,51,27,9582
2024-08-25T13:30:42.029000+00:00,308,112,3,196,27,9582
2024-08-25T13:30:53.469000+00:00,175,129,3,46,27,9582
2024-08-25T13:31:12.589000+00:00,249,203,5,46,27,9582
2024-08-25T13:31:16.390000+00:00,211,117,3,94,27,9582
2024-08-25T13:31:22.750000+00:00,176,119,4,57,27,9582
2024-08-25T13:31:34.509000+00:00,264,122,3,142,27,9582
2024-08-25T13:31:44.469000+00:00,229,177,4,52,27,9582
2024-08-25T13:31:59.269000+00:00,293,121,3,172,27,9582
2024-08-25T13:32:10.510000+00:00,187,138,4,49,27,9582
2024-08-25T13:32:33.269000+00:00,210,119,3,91,27,9582
2024-08-25T13:32:39.709000+00:00,172,126,4,46,27,9582
2024-08-25T13:32:51.509000+00:00,245,127,3,118,27,9582
2024-08-25T13:33:01.270000+00:00,230,184,5,46,27,9582
2024-08-25T13:33:16.070000+00:00,292,129,3,163,27,9582
2024-08-25T13:33:27.109000+00:00,185,138,4,47,27,9582
2024-08-25T13:33:46.069000+00:00,254,195,5,59,27,9582
2024-08-25T13:33:49.670000+00:00,215,111,3,104,27,9582
2024-08-25T13:33:56.230000+00:00,181,124,4,57,27,9582
2024-08-25T13:34:08.070000+00:00,268,124,3,144,27,9582
2024-08-25T13:34:18.110000+00:00,226,185,5,41,27,9582
2024-08-25T13:34:32.709000+00:00,272,115,3,157,27,9582
2024-08-25T13:34:40.990000+00:00,236,186,5,50,27,9582
2024-08-25T13:34:44.150000+00:00,177,124,4,53,27,9582
2024-08-25T13:34:56.670000+00:00,287,240,6,47,27,9582
2024-08-25T13:35:02.510000+00:00,250,194,5,56,27,9582
2024-08-25T13:35:05.989000+00:00,216,108,3,108,27,9582
2024-08-25T13:35:12.750000+00:00,178,120,4,58,27,9582
2024-08-25T13:35:23.750000+00:00,282,123,3,159,27,9582
2024-08-25T13:35:48.670000+00:00,322,119,3,203,27,9582
2024-08-25T13:35:57.470000+00:00,233,186,5,47,27,9582
2024-08-25T13:36:13.310000+00:00,286,238,6,48,27,9582
2024-08-25T13:36:19.151000+00:00,246,198,5,48,27,9582
2024-08-25T13:36:22.950000+00:00,212,112,3,100,27,9582
2024-08-25T13:36:29.310000+00:00,183,127,4,56,27,9582
2024-08-25T13:36:41.070000+00:00,268,126,3,142,27,9582
2024-08-25T13:37:05.511000+00:00,309,112,3,197,27,9582
2024-08-25T13:37:16.790000+00:00,188,142,4,46,27,9582
2024-08-25T13:37:29.790000+00:00,289,243,6,46,27,9582
2024-08-25T13:37:39.391000+00:00,213,113,3,100,27,9582
2024-08-25T13:37:45.591000+00:00,183,135,4,48,27,9582
2024-08-25T13:37:57.231000+00:00,272,123,3,149,27,9582
2024-08-25T13:38:07.190000+00:00,234,188,5,46,27,9582
2024-08-25T13:38:21.710000+00:00,301,123,3,178,27,9582
2024-08-25T13:38:30.551000+00:00,231,185,5,46,27,9582
2024-08-25T13:38:32.871000+00:00,187,145,4,42,27,9582
2024-08-25T13:38:46.031000+00:00,276,235,6,41,27,9582
2024-08-25T13:38:51.951000+00:00,239,192,5,47,27,9582
2024-08-25T13:38:55.870000+00:00,208,117,3,91,27,9582
2024-08-25T13:39:02.430000+00:00,179,137,4,42,27,9582
2024-08-25T13:39:14.151000+00:00,257,99,3,158,27,9582
2024-08-25T13:39:23.991000+00:00,234,184,5,50,27,9582
2024-08-25T13:39:38.511000+00:00,296,114,3,182,27,9582
2024-08-25T13:39:47.391000+00:00,236,181,5,55,27,9582
2024-08-25T13:39:50.471000+00:00,176,135,4,41,27,9582
2024-08-25T13:40:03.511000+00:00,283,232,6,51,27,9582
2024-08-25T13:40:09.351000+00:00,249,199,5,50,27,9582
2024-08-25T13:40:13.271000+00:00,211,113,3,98,27,9582
2024-08-25T13:40:19.831000+00:00,182,119,4,63,27,9582
2024-08-25T13:40:31.551000+00:00,272,119,3,153,27,9582
2024-08-25T13:40:41.591000+00:00,235,182,5,53,27,9582
2024-08-25T13:40:56.271000+00:00,306,118,3,188,27,9582
2024-08-25T13:41:04.871000+00:00,236,187,5,49,27,9582
2024-08-25T13:41:20.191000+00:00,292,229,6,63,27,9582
2024-08-25T13:41:26.311000+00:00,251,197,6,54,27,9582
2024-08-25T13:41:30.391000+00:00,210,110,3,100,27,9582
2024-08-25T13:41:36.751000+00:00,179,122,4,57,27,9582
2024-08-25T13:41:48.472000+00:00,259,123,3,136,27,9582
2024-08-25T13:41:58.391000+00:00,234,190,5,44,27,9582
2024-08-25T13:42:12.871000+00:00,304,119,3,185,27,9582
2024-08-25T13:42:21.632000+00:00,234,184,5,50,27,9582
2024-08-25T13:42:42.951000+00:00,255,201,5,54,27,9582
2024-08-25T13:42:46.591000+00:00,218,105,3,113,27,9582
2024-08-25T13:42:53.192000+00:00,180,118,4,62,27,9582
2024-08-25T13:43:04.791000+00:00,278,119,3,159,27,9582
2024-08-25T13:43:28.872000+00:00,323,118,3,205,27,9582
2024-08-25T13:43:40.672000+00:00,185,140,4,45,27,9582
2024-08-25T13:43:53.432000+00:00,284,237,6,47,27,9582
2024-08-25T13:44:03.112000+00:00,210,112,3,98,27,9582
2024-08-25T13:44:09.592000+00:00,184,132,4,52,27,9582
2024-08-25T13:44:21.712000+00:00,225,128,3,97,27,9582
2024-08-25T13:44:45.952000+00:00,304,116,3,188,27,9582
2024-08-25T13:44:54.592000+00:00,229,181,5,48,27,9582
2024-08-25T13:45:09.912000+00:00,284,231,6,53,27,9582
2024-08-25T13:45:16.152000+00:00,247,196,5,51,27,9582
2024-08-25T13:45:19.832000+00:00,214,112,3,102,27,9582
2024-08-25T13:45:26.072000+00:00,184,124,4,60,27,9582
2024-08-25T13:45:38.152000+00:00,242,130,3,112,27,9582
2024-08-25T13:45:47.992000+00:00,227,184,5,43,27,9582
2024-08-25T13:46:02.472000+00:00,303,118,3,185,27,9582
2024-08-25T13:46:11.113000+00:00,234,190,5,44,27,9582
2024-08-25T13:46:13.792000+00:00,185,142,4,43,27,9582
2024-08-25T13:46:26.512000+00:00,286,239,6,47,27,9582
2024-08-25T13:46:32.512000+00:00,248,197,5,51,27,9582
2024-08-25T13:46:36.192000+00:00,215,112,3,103,27,9582
2024-08-25T13:46:42.712000+00:00,178,133,4,45,27,9582
2024-08-25T13:46:54.632000+00:00,252,127,3,125,27,9582
2024-08-25T13:47:19.112000+00:00,299,114,3,185,27,9582
2024-08-25T13:47:27.792000+00:00,235,192,5,43,27,9582
2024-08-25T13:47:43.233000+00:00,287,245,6,42,27,9582
2024-08-25T13:47:49.072000+00:00,252,202,5,50,27,9582
2024-08-25T13:47:52.992000+00:00,206,115,3,91,27,9582
2024-08-25T13:47:59.112000+00:00,185,115,4,70,27,9582
2024-08-25T13:48:11.033000+00:00,260,127,3,133,27,9582
2024-08-25T13:48:35.313000+00:00,306,113,3,193,27,9582
2024-08-25T13:48:44.313000+00:00,225,183,5,42,27,9582
2024-08-25T13:48:46.712000+00:00,187,139,4,48,27,9582
2024-08-25T13:48:59.672000+00:00,287,242,6,45,27,9582
2024-08-25T13:49:05.633000+00:00,249,201,5,48,27,9582
2024-08-25T13:49:09.153000+00:00,216,117,3,99,27,9582
2024-08-25T13:49:15.753000+00:00,181,114,4,67,27,9582
2024-08-25T13:49:27.592000+00:00,259,127,3,132,27,9582
2024-08-25T13:49:52.033000+00:00,306,110,3,196,27,9582
2024-08-25T13:50:03.073000+00:00,195,135,4,60,27,9582
2024-08-25T13:50:15.873000+00:00,290,239,6,51,27,9582
2024-08-25T13:50:25.793000+00:00,214,109,3,105,27,9582
2024-08-25T13:50:32.113000+00:00,176,116,4,60,27,9582
2024-08-25T13:50:43.953000+00:00,257,130,3,127,27,9582
2024-08-25T13:50:53.554000+00:00,236,187,5,49,27,9582
2024-08-25T13:51:08.233000+00:00,289,113,3,176,27,9582
2024-08-25T13:51:16.753000+00:00,229,180,5,49,27,9582
2024-08-25T13:51:32.473000+00:00,279,234,6,45,27,9582
2024-08-25T13:51:38.113000+00:00,250,205,5,45,27,9582
2024-08-25T13:51:41.913000+00:00,201,113,3,88,27,9582
2024-08-25T13:51:48.393000+00:00,182,118,4,64,27,9582
2024-08-25T13:52:00.114000+00:00,269,129,3,140,27,9582
2024-08-25T13:52:10.073000+00:00,231,179,5,52,27,9582
2024-08-25T13:52:24.913000+00:00,307,113,3,194,27,9582
2024-08-25T13:52:35.993000+00:00,184,143,4,41,27,9582
2024-08-25T13:52:48.913000+00:00,288,237,6,51,27,9582
2024-08-25T13:52:54.674000+00:00,253,205,5,48,27,9582
2024-08-25T13:52:58.313000+00:00,218,124,3,94,27,9582
2024-08-25T13:53:04.753000+00:00,184,125,4,59,27,9582
2024-08-25T13:53:16.793000+00:00,268,130,3,138,27,9582
2024-08-25T13:53:26.634000+00:00,234,192,5,42,27,9582
2024-08-25T13:53:41.314000+00:00,288,112,3,176,27,9582
2024-08-25T13:53:49.673000+00:00,233,179,5,54,27,9582
2024-08-25T13:53:52.394000+00:00,186,140,4,46,27,9582
2024-08-25T13:54:05.274000+00:00,286,241,6,45,27,9582
2024-08-25T13:54:14.754000+00:00,216,109,3,107,27,9582
2024-08-25T13:54:21.074000+00:00,180,124,4,56,27,9582
2024-08-25T13:54:33.114000+00:00,244,129,3,115,27,9582
2024-08-25T13:54:57.674000+00:00,268,121,3,147,27,9582
2024-08-25T13:55:27.354000+00:00,252,206,5,46,27,9582
2024-08-25T13:55:30.914000+00:00,218,111,3,107,27,9582
2024-08-25T13:55:37.434000+00:00,182,118,4,64,27,9582
2024-08-25T13:55:49.194000+00:00,266,123,3,143,27,9582
2024-08-25T13:55:59.274000+00:00,231,188,5,43,27,9582
2024-08-25T13:56:14.074000+00:00,282,114,3,168,27,9582
2024-08-25T13:56:22.755000+00:00,227,186,5,41,27,9582
2024-08-25T13:56:25.154000+00:00,189,147,4,42,27,9582
2024-08-25T13:56:38.154000+00:00,282,238,6,44,27,9582
2024-08-25T13:56:47.394000+00:00,214,113,3,101,27,9582
2024-08-25T13:56:53.914000+00:00,185,119,4,66,27,9582
2024-08-25T13:57:05.754000+00:00,267,122,3,145,27,9582
2024-08-25T13:57:15.715000+00:00,232,191,5,41,27,9582
2024-08-25T13:57:30.355000+00:00,302,115,3,187,27,9582
2024-08-25T13:57:38.874000+00:00,235,190,5,45,27,9582
2024-08-25T13:58:00.074000+00:00,247,204,6,43,27,9582
2024-08-25T13:58:03.675000+00:00,218,114,4,104,27,9582
2024-08-25T13:58:10.035000+00:00,183,121,4,62,27,9582
2024-08-25T13:58:22.155000+00:00,218,122,3,96,27,9582
2024-08-25T13:58:46.194000+00:00,302,117,3,185,27,9582
2024-08-25T13:59:10.235000+00:00,285,242,6,43,27,9582
2024-08-25T13:59:19.594000+00:00,210,117,3,93,27,9582
2024-08-25T13:59:25.914000+00:00,181,118,4,63,27,9582
2024-08-25T13:59:37.875000+00:00,261,122,3,139,27,9582
2024-08-25T14:00:02.755000+00:00,273,108,3,165,27,9582
2024-08-25T14:00:10.915000+00:00,235,194,5,41,27,9582
2024-08-25T14:00:13.595000+00:00,187,146,4,41,27,9582
2024-08-25T14:00:31.915000+00:00,255,209,6,46,27,9582
2024-08-25T14:00:35.515000+00:00,220,139,4,81,27,9582
2024-08-25T14:00:41.955000+00:00,182,115,4,67,27,9582
2024-08-25T14:00:53.875000+00:00,265,122,3,143,27,9582
2024-08-25T14:01:03.795000+00:00,232,188,5,44,27,9582
2024-08-25T14:01:18.275000+00:00,305,114,3,191,27,9582
2024-08-25T14:01:29.475000+00:00,191,149,4,42,27,9582
2024-08-25T14:01:51.596000+00:00,220,110,3,110,27,9582
2024-08-25T14:01:58.196000+00:00,179,120,4,59,27,9582
2024-08-25T14:02:10.115000+00:00,240,122,3,118,27,9582
2024-08-25T14:02:34.555000+00:00,270,114,3,156,27,9582
2024-08-25T14:02:42.835000+00:00,238,195,5,43,27,9582
2024-08-25T14:03:07.595000+00:00,220,110,3,110,27,9582
2024-08-25T14:03:13.955000+00:00,178,116,4,62,27,9582
2024-08-25T14:03:25.756000+00:00,263,124,3,139,27,9582
2024-08-25T14:03:35.595000+00:00,236,195,5,41,27,9582
2024-08-25T14:03:50.196000+00:00,302,121,3,181,27,9582
2024-08-25T14:04:01.115000+00:00,190,141,4,49,27,9582
2024-08-25T14:04:23.276000+00:00,216,117,3,99,27,9582
2024-08-25T14:04:29.996000+00:00,183,118,4,65,27,9582
2024-08-25T14:04:41.475000+00:00,268,125,3,143,27,9582
2024-08-25T14:05:06.116000+00:00,287,119,3,168,27,9582
2024-08-25T14:05:17.076000+00:00,189,145,4,44,27,9582
2024-08-25T14:05:35.476000+00:00,257,209,6,48,27,9582
2024-08-25T14:05:39.196000+00:00,217,107,3,110,27,9582
2024-08-25T14:05:45.956000+00:00,176,125,4,51,27,9582
2024-08-25T14:05:57.716000+00:00,268,123,3,145,27,9582
2024-08-25T14:06:22.356000+00:00,282,118,3,164,27,9582
2024-08-25T14:06:33.196000+00:00,191,140,4,51,27,9582
2024-08-25T14:06:51.716000+00:00,253,211,6,42,27,9582
2024-08-25T14:06:55.396000+00:00,213,108,3,105,27,9582
2024-08-25T14:07:01.996000+00:00,170,121,4,49,27,9582
2024-08-25T14:07:13.517000+00:00,265,130,4,135,27,9582
2024-08-25T14:07:23.556000+00:00,229,185,5,44,27,9582
2024-08-25T14:07:38.036000+00:00,281,106,3,175,27,9582
2024-08-25T14:07:48.876000+00:00,193,148,4,45,27,9582
2024-08-25T14:08:07.397000+00:00,257,216,6,41,27,9582
2024-08-25T14:08:10.916000+00:00,220,121,3,99,27,9582
2024-08-25T14:08:17.276000+00:00,182,126,4,56,27,9582
2024-08-25T14:08:29.236000+00:00,269,122,3,147,27,9582
2024-08-25T14:08:53.757000+00:00,284,108,3,176,27,9582
2024-08-25T14:09:04.716000+00:00,184,143,4,41,27,9582
2024-08-25T14:09:17.396000+00:00,288,235,6,53,27,9582
2024-08-25T14:09:23.276000+00:00,247,206,6,41,27,9582
2024-08-25T14:09:26.917000+00:00,206,107,3,99,27,9582
2024-08-25T14:09:33.197000+00:00,180,123,4,57,27,9582
2024-08-25T14:09:44.997000+00:00,270,122,3,148,27,9582
2024-08-25T14:10:09.517000+00:00,293,108,3,185,27,9582
2024-08-25T14:10:18.037000+00:00,232,190,5,42,27,9582
2024-08-25T14:10:20.437000+00:00,192,146,4,46,27,9582
2024-08-25T14:10:42.477000+00:00,221,105,3,116,27,9582
2024-08-25T14:10:49.117000+00:00,178,126,4,52,27,9582
2024-08-25T14:11:00.837000+00:00,270,125,3,145,27,9582
2024-08-25T14:11:10.717000+00:00,235,185,5,50,27,9582
2024-08-25T14:11:25.157000+00:00,306,114,3,192,27,9582
2024-08-25T14:11:33.637000+00:00,237,187,5,50,27,9582
2024-08-25T14:11:36.197000+00:00,188,139,4,49,27,9582
2024-08-25T14:11:48.957000+00:00,290,240,7,50,27,9582
2024-08-25T14:11:54.837000+00:00,249,205,6,44,27,9582
2024-08-25T14:11:58.397000+00:00,217,113,3,104,27,9582
2024-08-25T14:12:04.717000+00:00,184,115,4,69,27,9582
2024-08-25T14:12:16.638000+00:00,256,126,3,130,27,9582
2024-08-25T14:12:26.677000+00:00,233,182,5,51,27,9582
2024-08-25T14:12:41.277000+00:00,306,111,3,195,27,9582
2024-08-25T14:12:49.958000+00:00,236,190,5,46,27,9582
2024-08-25T14:12:52.677000+00:00,182,131,4,51,27,9582
2024-08-25T14:13:05.637000+00:00,284,243,6,41,27,9582
2024-08-25T14:13:14.837000+00:00,221,115,3,106,27,9582
2024-08-25T14:13:21.477000+00:00,185,120,4,65,27,9582
2024-08-25T14:13:33.277000+00:00,267,129,3,138,27,9582
2024-08-25T14:13:57.798000+00:00,305,120,3,185,27,9582
2024-08-25T14:14:08.958000+00:00,189,146,4,43,27,9582
2024-08-25T14:14:27.597000+00:00,250,209,6,41,27,9582
2024-08-25T14:14:31.038000+00:00,218,131,3,87,27,9582
2024-08-25T14:14:37.478000+00:00,180,122,4,58,27,9582
2024-08-25T14:14:49.838000+00:00,233,122,3,111,27,9582
2024-08-25T14:15:14.238000+00:00,309,114,3,195,27,9582
2024-08-25T14:15:22.838000+00:00,230,189,5,41,27,9582
2024-08-25T14:15:43.918000+00:00,255,208,6,47,27,9582
2024-08-25T14:15:47.438000+00:00,220,113,3,107,27,9582
2024-08-25T14:15:54.038000+00:00,181,118,4,63,27,9582
2024-08-25T14:16:06.078000+00:00,266,132,3,134,27,9582
2024-08-25T14:16:30.718000+00:00,308,112,3,196,27,9582
2024-08-25T14:16:41.678000+00:00,191,149,4,42,27,9582
2024-08-25T14:17:03.438000+00:00,222,110,3,112,27,9582
2024-08-25T14:17:10.198000+00:00,184,120,4,64,27,9582
2024-08-25T14:17:22.198000+00:00,270,125,3,145,27,9582
2024-08-25T14:17:46.519000+00:00,305,109,3,196,27,9582
2024-08-25T14:17:55.398000+00:00,241,193,5,48,27,9582
2024-08-25T14:18:10.598000+00:00,293,249,6,44,27,9582
2024-08-25T14:18:16.238000+00:00,261,211,6,50,27,9582
2024-08-25T14:18:19.879000+00:00,220,109,3,111,27,9582
2024-08-25T14:18:26.279000+00:00,181,126,4,55,27,9582
2024-08-25T14:18:37.999000+00:00,273,124,3,149,27,9582
2024-08-25T14:18:47.879000+00:00,236,186,5,50,27,9582
2024-08-25T14:19:02.198000+00:00,311,121,3,190,27,9582
2024-08-25T14:19:10.679000+00:00,229,171,5,58,27,9582
2024-08-25T14:19:13.959000+00:00,177,131,4,46,27,9582
2024-08-25T14:19:33.959000+00:00,253,212,6,41,27,9582
2024-08-25T14:19:37.959000+00:00,200,108,3,92,27,9582
2024-08-25T14:19:44.319000+00:00,179,112,4,67,27,9582
2024-08-25T14:19:56.238000+00:00,247,126,3,121,27,9582
2024-08-25T14:20:06.199000+00:00,235,194,5,41,27,9582
2024-08-25T14:20:20.759000+00:00,308,110,3,198,27,9582
2024-08-25T14:20:29.639000+00:00,230,189,5,41,27,9582
2024-08-25T14:20:32.079000+00:00,189,135,4,54,27,9582
2024-08-25T14:20:50.719000+00:00,256,202,6,54,27,9582
2024-08-25T14:20:54.439000+00:00,204,107,3,97,27,9582
2024-08-25T14:21:00.959000+00:00,182,112,4,70,27,9582
2024-08-25T14:21:13.039000+00:00,235,125,3,110,27,9582
2024-08-25T14:21:37.199000+00:00,309,111,3,198,27,9582
2024-08-25T14:21:45.999000+00:00,236,189,5,47,27,9582
2024-08-25T14:21:48.400000+00:00,191,145,4,46,27,9582
2024-08-25T14:22:01.479000+00:00,286,240,6,46,27,9582
2024-08-25T14:22:06.919000+00:00,254,201,6,53,27,9582
2024-08-25T14:22:10.679000+00:00,218,116,3,102,27,9582
2024-08-25T14:22:17.239000+00:00,183,112,4,71,27,9582
2024-08-25T14:22:29.160000+00:00,266,127,3,139,27,9582
2024-08-25T14:22:39.279000+00:00,229,186,5,43,27,9582
2024-08-25T14:22:53.599000+00:00,313,104,3,209,27,9582
2024-08-25T14:23:02.480000+00:00,226,178,5,48,27,9582
2024-08-25T14:23:05.239000+00:00,175,132,4,43,27,9582
2024-08-25T14:23:18.239000+00:00,288,236,6,52,27,9582
2024-08-25T14:23:27.680000+00:00,217,110,3,107,27,9582
2024-08-25T14:23:46.399000+00:00,264,119,3,145,27,9582
2024-08-25T14:23:56.440000+00:00,234,189,5,45,27,9582
2024-08-25T14:24:10.880000+00:00,305,114,3,191,27,9582
2024-08-25T14:24:19.760000+00:00,237,196,5,41,27,9582
2024-08-25T14:24:35.240000+00:00,285,244,6,41,27,9582
2024-08-25T14:24:40.720000+00:00,255,213,6,42,27,9582
2024-08-25T14:24:44.480000+00:00,208,109,3,99,27,9582
2024-08-25T14:24:50.800000+00:00,180,107,4,73,27,9582
2024-08-25T14:25:02.680000+00:00,271,126,3,145,27,9582
2024-08-25T14:25:12.920000+00:00,228,187,5,41,27,9582
2024-08-25T14:25:27.400000+00:00,295,104,3,191,27,9582
2024-08-25T14:25:35.800000+00:00,237,190,5,47,27,9582
2024-08-25T14:25:56.800000+00:00,256,211,6,45,27,9582
2024-08-25T14:26:00.640000+00:00,206,106,3,100,27,9582
2024-08-25T14:26:06.960000+00:00,182,128,4,54,27,9582
2024-08-25T14:26:18.921000+00:00,268,130,3,138,27,9582
2024-08-25T14:26:43.560000+00:00,299,114,3,185,27,9582
2024-08-25T14:26:52.201000+00:00,238,194,5,44,27,9582
2024-08-25T14:27:13.041000+00:00,257,209,6,48,27,9582
2024-08-25T14:27:16.600000+00:00,219,112,3,107,27,9582
2024-08-25T14:27:23.080000+00:00,182,119,4,63,27,9582
2024-08-25T14:27:35.200000+00:00,244,131,3,113,27,9582
2024-08-25T14:27:45.041000+00:00,235,193,5,42,27,9582
2024-08-25T14:27:59.761000+00:00,306,110,3,196,27,9582
2024-08-25T14:28:08.120000+00:00,239,193,5,46,27,9582
2024-08-25T14:28:29.320000+00:00,251,205,6,46,27,9582
2024-08-25T14:28:32.761000+00:00,219,108,3,111,27,9582
2024-08-25T14:28:39.521000+00:00,171,128,4,43,27,9582
2024-08-25T14:28:51.161000+00:00,259,125,3,134,27,9582
2024-08-25T14:29:01.001000+00:00,236,190,5,46,27,9582
2024-08-25T14:29:15.560000+00:00,310,112,3,198,27,9582
2024-08-25T14:29:24.201000+00:00,238,187,5,51,27,9582
2024-08-25T14:29:26.681000+00:00,189,143,4,46,27,9582
2024-08-25T14:29:48.721000+00:00,210,99,3,111,27,9582
2024-08-25T14:29:55.201000+00:00,179,116,4,63,27,9582
2024-08-25T14:30:07.121000+00:00,271,123,3,148,27,9582
2024-08-25T14:30:31.721000+00:00,295,107,3,188,27,9582
2024-08-25T14:30:42.561000+00:00,191,139,4,52,27,9582
2024-08-25T14:30:55.601000+00:00,283,232,6,51,27,9582
2024-08-25T14:31:01.002000+00:00,257,206,6,51,27,9582
2024-08-25T14:31:04.361000+00:00,220,102,3,118,27,9582
2024-08-25T14:31:11.161000+00:00,180,114,4,66,27,9582
2024-08-25T14:31:23.041000+00:00,267,156,5,111,27,9582
2024-08-25T14:31:32.961000+00:00,235,194,5,41,27,9582
2024-08-25T14:31:47.602000+00:00,307,114,3,193,27,9582
2024-08-25T14:32:16.761000+00:00,257,214,6,43,27,9582
2024-08-25T14:32:20.522000+00:00,212,110,3,102,27,9582
2024-08-25T14:32:27.042000+00:00,171,111,4,60,27,9582
2024-08-25T14:32:38.881000+00:00,263,128,3,135,27,9582
2024-08-25T14:32:48.842000+00:00,235,191,5,44,27,9582
2024-08-25T14:33:03.362000+00:00,307,109,3,198,27,9582
2024-08-25T14:33:12.121000+00:00,230,189,5,41,27,9582
2024-08-25T14:33:14.482000+00:00,192,144,4,48,27,9582
2024-08-25T14:33:27.162000+00:00,290,235,6,55,27,9582
2024-08-25T14:33:32.922000+00:00,255,203,6,52,27,9582
2024-08-25T14:33:36.402000+00:00,214,105,3,109,27,9582
2024-08-25T14:33:43.042000+00:00,183,127,4,56,27,9582
2024-08-25T14:33:54.882000+00:00,272,132,3,140,27,9582
2024-08-25T14:34:04.881000+00:00,234,177,5,57,27,9582
2024-08-25T14:34:17.801000+00:00,294,104,2,190,27,9582
2024-08-25T12:20:34.095000+00:00,188,143,4,45,31,9582
2024-08-25T12:20:51.735000+00:00,275,220,6,55,31,9582
2024-08-25T12:20:57.735000+00:00,236,189,5,47,31,9582
2024-08-25T12:21:01.615000+00:00,207,125,3,82,31,9582
2024-08-25T12:21:08.215000+00:00,175,117,3,58,31,9582
2024-08-25T12:21:19.415000+00:00,263,121,3,142,31,9582
2024-08-25T12:22:25.376000+00:00,219,170,5,49,31,9582
2024-08-25T12:22:28.175000+00:00,170,114,3,56,31,9582
2024-08-25T12:22:42.415000+00:00,273,227,6,46,31,9582
2024-08-25T12:22:47.935000+00:00,246,188,5,58,31,9582
2024-08-25T12:22:51.776000+00:00,213,112,3,101,31,9582
2024-08-25T12:22:57.856000+00:00,190,121,3,69,31,9582
2024-08-25T12:23:09.415000+00:00,261,125,3,136,31,9582
2024-08-25T12:24:23.416000+00:00,220,176,5,44,31,9582
2024-08-25T12:24:26.296000+00:00,175,128,3,47,31,9582
2024-08-25T12:24:39.976000+00:00,269,220,6,49,31,9582
2024-08-25T12:24:45.816000+00:00,241,188,5,53,31,9582
2024-08-25T12:24:49.455000+00:00,213,123,3,90,31,9582
2024-08-25T12:24:55.815000+00:00,188,117,3,71,31,9582
2024-08-25T12:25:07.376000+00:00,258,125,3,133,31,9582
2024-08-25T12:25:39.016000+00:00,110,59,1,51,31,9582
2024-08-25T12:26:44.616000+00:00,251,190,5,61,31,9582
2024-08-25T12:26:48.336000+00:00,217,132,3,85,31,9582
2024-08-25T12:26:54.536000+00:00,191,139,4,52,31,9582
2024-08-25T12:27:06.216000+00:00,251,119,3,132,31,9582
2024-08-25T13:01:21.983000+00:00,228,184,5,44,31,9582
2024-08-25T13:01:26.063000+00:00,196,122,3,74,31,9582
2024-08-25T13:01:32.463000+00:00,174,129,3,45,31,9582
2024-08-25T13:01:43.503000+00:00,221,108,3,113,31,9582
2024-08-25T13:01:46.423000+00:00,124,54,1,70,31,9582
2024-08-25T13:02:09.943000+00:00,177,92,2,85,31,9582
2024-08-25T13:03:19.704000+00:00,242,128,3,114,31,9582
2024-08-25T13:03:29.823000+00:00,216,143,4,73,31,9582
2024-08-25T13:03:45.384000+00:00,284,222,6,62,31,9582
2024-08-25T13:03:54.184000+00:00,227,165,5,62,31,9582
2024-08-25T13:03:58.624000+00:00,199,112,3,87,31,9582
2024-08-25T13:04:05.104000+00:00,184,119,3,65,31,9582
2024-08-25T13:04:16.463000+00:00,278,91,2,187,31,9582
2024-08-25T13:04:27.584000+00:00,224,157,4,67,31,9582
2024-08-25T13:04:42.823000+00:00,302,118,3,184,31,9582
2024-08-25T13:04:51.864000+00:00,221,162,5,59,31,9582
2024-08-25T13:05:08.544000+00:00,282,210,6,72,31,9582
2024-08-25T13:05:14.624000+00:00,250,180,5,70,31,9582
2024-08-25T13:05:18.304000+00:00,217,116,3,101,31,9582
2024-08-25T13:05:24.704000+00:00,185,124,3,61,31,9582
2024-08-25T13:05:35.544000+00:00,286,74,2,212,31,9582
2024-08-25T13:05:47.024000+00:00,229,165,5,64,31,9582
2024-08-25T13:06:01.704000+00:00,313,111,3,202,31,9582
2024-08-25T13:06:10.864000+00:00,222,162,4,60,31,9582
2024-08-25T13:06:13.904000+00:00,169,127,3,42,31,9582
2024-08-25T13:06:27.424000+00:00,288,214,6,74,31,9582
2024-08-25T13:06:33.224000+00:00,252,203,5,49,31,9582
2024-08-25T13:06:37.064000+00:00,212,105,3,107,31,9582
2024-08-25T13:06:43.704000+00:00,177,108,3,69,31,9582
2024-08-25T13:06:54.784000+00:00,265,120,3,145,31,9582
2024-08-25T13:07:05.464000+00:00,213,167,4,46,31,9582
2024-08-25T13:07:19.264000+00:00,327,104,3,223,31,9582
2024-08-25T13:07:28.745000+00:00,227,167,4,60,31,9582
2024-08-25T13:07:45.144000+00:00,283,221,6,62,31,9582
2024-08-25T13:07:50.784000+00:00,256,191,5,65,31,9582
2024-08-25T13:07:54.584000+00:00,219,120,3,99,31,9582
2024-08-25T13:08:01.104000+00:00,184,122,3,62,31,9582
2024-08-25T13:08:12.184000+00:00,281,115,3,166,31,9582
2024-08-25T13:08:22.945000+00:00,223,174,5,49,31,9582
2024-08-25T13:08:37.105000+00:00,322,110,3,212,31,9582
2024-08-25T13:09:02.545000+00:00,277,217,6,60,31,9582
2024-08-25T13:09:12.184000+00:00,199,111,3,88,31,9582
2024-08-25T13:09:18.624000+00:00,182,114,3,68,31,9582
2024-08-25T13:09:30.025000+00:00,275,123,3,152,31,9582
2024-08-25T13:09:40.345000+00:00,228,171,5,57,31,9582
2024-08-25T13:09:54.465000+00:00,318,119,3,199,31,9582
2024-08-25T13:10:06.505000+00:00,178,133,3,45,31,9582
2024-08-25T13:10:19.705000+00:00,282,229,6,53,31,9582
2024-08-25T13:10:25.504000+00:00,238,190,5,48,31,9582
2024-08-25T13:10:28.905000+00:00,213,116,3,97,31,9582
2024-08-25T13:10:35.745000+00:00,174,130,3,44,31,9582
2024-08-25T13:10:47.105000+00:00,276,121,3,155,31,9582
2024-08-25T13:11:12.306000+00:00,304,112,3,192,31,9582
2024-08-25T13:11:37.225000+00:00,281,231,6,50,31,9582
2024-08-25T13:11:42.945000+00:00,238,192,5,46,31,9582
2024-08-25T13:11:46.545000+00:00,212,107,3,105,31,9582
2024-08-25T13:11:53.025000+00:00,183,112,3,71,31,9582
2024-08-25T13:12:04.665000+00:00,259,116,3,143,31,9582
2024-08-25T13:12:14.825000+00:00,230,177,5,53,31,9582
2024-08-25T13:12:28.945000+00:00,318,114,3,204,31,9582
2024-08-25T13:12:54.305000+00:00,283,225,6,58,31,9582
2024-08-25T13:12:59.946000+00:00,247,188,5,59,31,9582
2024-08-25T13:13:03.825000+00:00,219,110,3,109,31,9582
2024-08-25T13:13:10.225000+00:00,183,118,3,65,31,9582
2024-08-25T13:13:21.985000+00:00,265,113,3,152,31,9582
2024-08-25T13:13:32.306000+00:00,229,185,5,44,31,9582
2024-08-25T13:13:47.106000+00:00,308,112,3,196,31,9582
2024-08-25T13:13:56.025000+00:00,222,180,5,42,31,9582
2024-08-25T13:14:12.026000+00:00,278,230,6,48,31,9582
2024-08-25T13:14:17.586000+00:00,245,195,5,50,31,9582
2024-08-25T13:14:21.385000+00:00,213,118,3,95,31,9582
2024-08-25T13:14:27.746000+00:00,176,101,3,75,31,9582
2024-08-25T13:14:39.426000+00:00,268,125,3,143,31,9582
2024-08-25T13:15:04.026000+00:00,325,109,3,216,31,9582
2024-08-25T13:15:13.386000+00:00,223,177,5,46,31,9582
2024-08-25T13:15:29.426000+00:00,284,218,6,66,31,9582
2024-08-25T13:15:34.906000+00:00,252,195,5,57,31,9582
2024-08-25T13:15:38.866000+00:00,206,119,3,87,31,9582
2024-08-25T13:15:45.546000+00:00,172,123,3,49,31,9582
2024-08-25T13:15:57.266000+00:00,265,124,3,141,31,9582
2024-08-25T13:16:07.586000+00:00,224,172,5,52,31,9582
2024-08-25T13:16:22.027000+00:00,307,120,3,187,31,9582
2024-08-25T13:16:47.226000+00:00,279,228,6,51,31,9582
2024-08-25T13:16:52.746000+00:00,244,202,5,42,31,9582
2024-08-25T13:16:56.506000+00:00,218,114,3,104,31,9582
2024-08-25T13:17:03.106000+00:00,176,114,3,62,31,9582
2024-08-25T13:17:14.347000+00:00,278,117,3,161,31,9582
2024-08-25T13:17:25.106000+00:00,230,176,5,54,31,9582
2024-08-25T13:17:39.146000+00:00,323,118,3,205,31,9582
2024-08-25T13:17:48.387000+00:00,228,182,5,46,31,9582
2024-08-25T13:17:51.066000+00:00,176,129,3,47,31,9582
2024-08-25T13:18:04.426000+00:00,282,225,6,57,31,9582
2024-08-25T13:18:10.026000+00:00,255,190,5,65,31,9582
2024-08-25T13:18:13.947000+00:00,211,114,3,97,31,9582
2024-08-25T13:18:20.467000+00:00,177,130,4,47,31,9582
2024-08-25T13:18:32.026000+00:00,278,119,3,159,31,9582
2024-08-25T13:18:42.627000+00:00,229,178,5,51,31,9582
2024-08-25T13:18:56.787000+00:00,316,109,3,207,31,9582
2024-08-25T13:19:09.027000+00:00,171,130,3,41,31,9582
2024-08-25T13:19:22.147000+00:00,283,225,6,58,31,9582
2024-08-25T13:19:27.827000+00:00,255,191,5,64,31,9582
2024-08-25T13:19:31.586000+00:00,215,100,3,115,31,9582
2024-08-25T13:19:38.626000+00:00,172,104,3,68,31,9582
2024-08-25T13:19:50.067000+00:00,263,121,3,142,31,9582
2024-08-25T13:20:00.667000+00:00,220,165,5,55,31,9582
2024-08-25T13:20:14.747000+00:00,319,109,3,210,31,9582
2024-08-25T13:20:24.027000+00:00,229,176,5,53,31,9582
2024-08-25T13:20:40.147000+00:00,276,221,6,55,31,9582
2024-08-25T13:20:45.907000+00:00,247,195,5,52,31,9582
2024-08-25T13:20:49.507000+00:00,210,114,3,96,31,9582
2024-08-25T13:20:56.587000+00:00,161,100,3,61,31,9582
2024-08-25T13:21:07.867000+00:00,258,119,3,139,31,9582
2024-08-25T13:21:18.308000+00:00,228,179,5,49,31,9582
2024-08-25T13:21:32.307000+00:00,323,108,3,215,31,9582
2024-08-25T13:21:41.747000+00:00,224,168,5,56,31,9582
2024-08-25T13:21:44.628000+00:00,167,118,3,49,31,9582
2024-08-25T13:21:58.068000+00:00,271,213,6,58,31,9582
2024-08-25T13:22:03.988000+00:00,244,179,5,65,31,9582
2024-08-25T13:22:07.907000+00:00,204,110,3,94,31,9582
2024-08-25T13:22:14.907000+00:00,171,99,3,72,31,9582
2024-08-25T13:22:26.507000+00:00,268,117,3,151,31,9582
2024-08-25T13:22:37.028000+00:00,230,164,5,66,31,9582
2024-08-25T13:22:51.588000+00:00,311,106,3,205,31,9582
2024-08-25T13:23:00.347000+00:00,228,181,5,47,31,9582
2024-08-25T13:23:16.708000+00:00,276,230,6,46,31,9582
2024-08-25T13:23:22.227000+00:00,251,198,5,53,31,9582
2024-08-25T13:23:25.748000+00:00,213,117,3,96,31,9582
2024-08-25T13:23:32.588000+00:00,183,108,3,75,31,9582
2024-08-25T13:23:44.268000+00:00,258,123,3,135,31,9582
2024-08-25T13:23:54.547000+00:00,225,171,5,54,31,9582
2024-08-25T13:24:09.548000+00:00,278,109,3,169,31,9582
2024-08-25T13:24:21.307000+00:00,168,126,3,42,31,9582
2024-08-25T13:24:34.587000+00:00,270,221,6,49,31,9582
2024-08-25T13:24:40.227000+00:00,239,192,5,47,31,9582
2024-08-25T13:24:43.948000+00:00,201,122,3,79,31,9582
2024-08-25T13:24:50.308000+00:00,177,103,3,74,31,9582
2024-08-25T13:25:02.468000+00:00,237,121,3,116,31,9582
2024-08-25T13:25:27.748000+00:00,258,117,3,141,31,9582
2024-08-25T13:25:38.948000+00:00,168,126,3,42,31,9582
2024-08-25T13:26:01.588000+00:00,205,104,3,101,31,9582
2024-08-25T13:26:20.109000+00:00,258,122,3,136,31,9582
2024-08-25T13:26:30.108000+00:00,231,178,5,53,31,9582
2024-08-25T13:26:45.028000+00:00,303,113,3,190,31,9582
2024-08-25T13:27:09.828000+00:00,280,235,6,45,31,9582
2024-08-25T13:27:15.428000+00:00,254,195,5,59,31,9582
2024-08-25T13:27:19.149000+00:00,201,120,3,81,31,9582
2024-08-25T13:27:25.628000+00:00,183,106,3,77,31,9582
2024-08-25T13:27:37.668000+00:00,256,122,3,134,31,9582
2024-08-25T13:28:02.788000+00:00,287,115,3,172,31,9582
2024-08-25T13:28:27.549000+00:00,273,231,6,42,31,9582
2024-08-25T13:28:36.748000+00:00,207,120,3,87,31,9582
2024-08-25T13:28:43.388000+00:00,180,107,3,73,31,9582
2024-08-25T13:28:55.469000+00:00,233,120,3,113,31,9582
2024-08-25T13:29:05.469000+00:00,223,171,5,52,31,9582
2024-08-25T13:29:20.149000+00:00,299,121,3,178,31,9582
2024-08-25T13:29:31.909000+00:00,179,128,3,51,31,9582
2024-08-25T13:29:50.629000+00:00,256,190,5,66,31,9582
2024-08-25T13:29:54.309000+00:00,219,121,3,98,31,9582
2024-08-25T13:30:00.829000+00:00,182,104,3,78,31,9582
2024-08-25T13:30:12.989000+00:00,234,128,3,106,31,9582
2024-08-25T13:30:22.789000+00:00,230,176,5,54,31,9582
2024-08-25T13:30:37.749000+00:00,275,106,3,169,31,9582
2024-08-25T13:30:46.709000+00:00,232,168,5,64,31,9582
2024-08-25T13:30:49.950000+00:00,168,127,3,41,31,9582
2024-08-25T13:31:03.070000+00:00,280,225,6,55,31,9582
2024-08-25T13:31:08.949000+00:00,240,182,5,58,31,9582
2024-08-25T13:31:12.869000+00:00,202,119,3,83,31,9582
2024-08-25T13:31:19.389000+00:00,176,119,3,57,31,9582
2024-08-25T13:31:31.149000+00:00,266,121,3,145,31,9582
2024-08-25T13:31:41.509000+00:00,229,175,5,54,31,9582
2024-08-25T13:31:55.830000+00:00,319,114,3,205,31,9582
2024-08-25T13:32:05.029000+00:00,225,176,5,49,31,9582
2024-08-25T13:32:21.069000+00:00,280,229,6,51,31,9582
2024-08-25T13:32:26.709000+00:00,251,192,5,59,31,9582
2024-08-25T13:32:30.670000+00:00,198,105,3,93,31,9582
2024-08-25T13:32:37.230000+00:00,178,107,3,71,31,9582
2024-08-25T13:32:49.070000+00:00,257,128,3,129,31,9582
2024-08-25T13:32:59.109000+00:00,231,170,5,61,31,9582
2024-08-25T13:33:13.989000+00:00,300,108,3,192,31,9582
2024-08-25T13:33:44.550000+00:00,234,190,5,44,31,9582
2024-08-25T13:33:48.390000+00:00,189,123,3,66,31,9582
2024-08-25T13:34:06.629000+00:00,264,139,4,125,31,9582
2024-08-25T13:34:16.630000+00:00,232,178,5,54,31,9582
2024-08-25T13:34:31.430000+00:00,303,120,3,183,31,9582
2024-08-25T13:34:40.230000+00:00,233,186,5,47,31,9582
2024-08-25T13:35:01.710000+00:00,252,192,5,60,31,9582
2024-08-25T13:35:05.310000+00:00,211,114,3,97,31,9582
2024-08-25T13:35:12.189000+00:00,176,106,3,70,31,9582
2024-08-25T13:35:24.070000+00:00,251,118,3,133,31,9582
2024-08-25T13:35:34.230000+00:00,223,172,5,51,31,9582
2024-08-25T13:35:48.670000+00:00,286,105,3,181,31,9582
2024-08-25T13:36:14.150000+00:00,273,221,6,52,31,9582
2024-08-25T13:36:19.870000+00:00,256,185,5,71,31,9582
2024-08-25T13:36:23.710000+00:00,212,110,3,102,31,9582
2024-08-25T13:36:30.510000+00:00,173,118,3,55,31,9582
2024-08-25T13:36:42.190000+00:00,253,119,3,134,31,9582
2024-08-25T13:36:52.511000+00:00,223,173,5,50,31,9582
2024-08-25T13:37:06.950000+00:00,294,116,3,178,31,9582
2024-08-25T13:37:15.990000+00:00,227,173,5,54,31,9582
2024-08-25T13:37:32.151000+00:00,275,227,6,48,31,9582
2024-08-25T13:37:37.831000+00:00,253,188,5,65,31,9582
2024-08-25T13:37:41.670000+00:00,215,116,3,99,31,9582
2024-08-25T13:37:48.350000+00:00,176,121,3,55,31,9582
2024-08-25T13:38:00.111000+00:00,266,120,3,146,31,9582
2024-08-25T13:38:10.631000+00:00,221,173,5,48,31,9582
2024-08-25T13:38:25.471000+00:00,274,118,3,156,31,9582
2024-08-25T13:38:34.270000+00:00,218,169,5,49,31,9582
2024-08-25T13:38:50.151000+00:00,277,228,6,49,31,9582
2024-08-25T13:38:55.870000+00:00,240,192,5,48,31,9582
2024-08-25T13:38:59.311000+00:00,212,123,3,89,31,9582
2024-08-25T13:39:06.151000+00:00,177,112,3,65,31,9582
2024-08-25T13:39:18.031000+00:00,263,123,3,140,31,9582
2024-08-25T13:39:28.110000+00:00,228,172,5,56,31,9582
2024-08-25T13:39:43.191000+00:00,295,119,3,176,31,9582
2024-08-25T13:39:51.711000+00:00,232,182,5,50,31,9582
2024-08-25T13:39:54.431000+00:00,178,120,3,58,31,9582
2024-08-25T13:40:07.911000+00:00,272,227,6,45,31,9582
2024-08-25T13:40:13.271000+00:00,251,192,5,59,31,9582
2024-08-25T13:40:17.311000+00:00,205,115,3,90,31,9582
2024-08-25T13:40:23.831000+00:00,185,109,3,76,31,9582
2024-08-25T13:40:35.831000+00:00,264,124,3,140,31,9582
2024-08-25T13:40:45.991000+00:00,233,177,5,56,31,9582
2024-08-25T13:41:00.991000+00:00,289,116,3,173,31,9582
2024-08-25T13:41:09.551000+00:00,232,188,5,44,31,9582
2024-08-25T13:41:12.071000+00:00,179,138,3,41,31,9582
2024-08-25T13:41:25.391000+00:00,282,230,6,52,31,9582
2024-08-25T13:41:31.031000+00:00,253,187,5,66,31,9582
2024-08-25T13:41:34.832000+00:00,212,118,3,94,31,9582
2024-08-25T13:41:41.792000+00:00,165,102,3,63,31,9582
2024-08-25T13:41:53.511000+00:00,250,121,3,129,31,9582
2024-08-25T13:42:03.591000+00:00,224,176,5,48,31,9582
2024-08-25T13:42:13.551000+00:00,272,72,1,200,31,9582
2024-08-25T13:42:49.511000+00:00,217,166,5,51,31,9582
2024-08-25T13:43:05.991000+00:00,286,237,6,49,31,9582
2024-08-25T13:43:15.552000+00:00,206,130,4,76,31,9582
2024-08-25T13:43:21.712000+00:00,192,138,4,54,31,9582
2024-08-25T13:43:33.192000+00:00,227,125,3,102,31,9582
2024-08-25T13:43:42.672000+00:00,227,174,5,53,31,9582
2024-08-25T13:43:57.431000+00:00,298,117,3,181,31,9582
2024-08-25T13:44:06.272000+00:00,221,180,5,41,31,9582
2024-08-25T13:44:08.832000+00:00,179,134,3,45,31,9582
2024-08-25T13:44:28.032000+00:00,239,191,5,48,31,9582
2024-08-25T13:44:31.912000+00:00,193,119,3,74,31,9582
2024-08-25T13:44:37.711000+00:00,191,120,3,71,31,9582
2024-08-25T13:44:49.432000+00:00,235,120,3,115,31,9582
2024-08-25T13:44:58.832000+00:00,231,178,5,53,31,9582
2024-08-25T13:45:13.712000+00:00,301,117,3,184,31,9582
2024-08-25T13:45:22.112000+00:00,228,185,5,43,31,9582
2024-08-25T13:45:24.872000+00:00,186,122,3,64,31,9582
2024-08-25T13:45:38.152000+00:00,269,225,6,44,31,9582
2024-08-25T13:45:43.992000+00:00,241,196,5,45,31,9582
2024-08-25T13:45:47.712000+00:00,210,130,3,80,31,9582
2024-08-25T13:45:54.032000+00:00,181,122,3,59,31,9582
2024-08-25T13:46:05.352000+00:00,256,122,3,134,31,9582
2024-08-25T13:46:15.432000+00:00,218,176,5,42,31,9582
2024-08-25T13:46:29.872000+00:00,295,116,3,179,31,9582
2024-08-25T13:46:54.632000+00:00,271,229,6,42,31,9582
2024-08-25T13:47:03.953000+00:00,184,117,3,67,31,9582
2024-08-25T13:47:10.313000+00:00,172,112,3,60,31,9582
2024-08-25T13:47:21.632000+00:00,248,126,3,122,31,9582
2024-08-25T13:47:31.353000+00:00,225,173,5,52,31,9582
2024-08-25T13:47:46.272000+00:00,288,121,3,167,31,9582
2024-08-25T13:47:54.432000+00:00,231,183,5,48,31,9582
2024-08-25T13:48:15.913000+00:00,252,206,5,46,31,9582
2024-08-25T13:48:19.312000+00:00,221,116,3,105,31,9582
2024-08-25T13:48:25.952000+00:00,176,115,3,61,31,9582
2024-08-25T13:48:37.153000+00:00,260,128,3,132,31,9582
2024-08-25T13:48:47.032000+00:00,230,183,5,47,31,9582
2024-08-25T13:49:01.713000+00:00,299,124,3,175,31,9582
2024-08-25T13:49:10.113000+00:00,232,183,5,49,31,9582
2024-08-25T13:49:25.953000+00:00,276,233,6,43,31,9582
2024-08-25T13:49:31.633000+00:00,249,205,5,44,31,9582
2024-08-25T13:49:34.913000+00:00,225,112,3,113,31,9582
2024-08-25T13:49:41.273000+00:00,187,120,3,67,31,9582
2024-08-25T13:49:52.793000+00:00,267,131,3,136,31,9582
2024-08-25T13:50:17.353000+00:00,293,120,3,173,31,9582
2024-08-25T13:50:25.793000+00:00,229,183,5,46,31,9582
2024-08-25T13:50:46.914000+00:00,255,200,5,55,31,9582
2024-08-25T13:50:50.513000+00:00,219,119,3,100,31,9582
2024-08-25T13:50:56.793000+00:00,189,119,3,70,31,9582
2024-08-25T13:51:08.233000+00:00,265,128,3,137,31,9582
2024-08-25T13:51:18.113000+00:00,234,184,5,50,31,9582
2024-08-25T13:51:32.753000+00:00,300,108,3,192,31,9582
2024-08-25T13:51:57.033000+00:00,281,232,6,49,31,9582
2024-08-25T13:52:05.914000+00:00,223,121,3,102,31,9582
2024-08-25T13:52:12.314000+00:00,186,110,3,76,31,9582
2024-08-25T13:52:24.113000+00:00,262,130,3,132,31,9582
2024-08-25T13:52:34.194000+00:00,225,184,5,41,31,9582
2024-08-25T13:52:48.913000+00:00,291,126,3,165,31,9582
2024-08-25T13:52:57.153000+00:00,235,192,5,43,31,9582
2024-08-25T13:52:59.714000+00:00,186,138,3,48,31,9582
2024-08-25T13:53:18.434000+00:00,247,194,5,53,31,9582
2024-08-25T13:53:22.353000+00:00,178,122,3,56,31,9582
2024-08-25T13:53:28.274000+00:00,185,131,3,54,31,9582
2024-08-25T13:53:39.714000+00:00,269,122,3,147,31,9582
2024-08-25T13:53:49.873000+00:00,232,177,5,55,31,9582
2024-08-25T13:54:04.314000+00:00,302,113,3,189,31,9582
2024-08-25T13:54:13.074000+00:00,227,183,5,44,31,9582
2024-08-25T13:54:28.674000+00:00,286,233,6,53,31,9582
2024-08-25T13:54:34.314000+00:00,246,202,5,44,31,9582
2024-08-25T13:54:37.754000+00:00,218,105,3,113,31,9582
2024-08-25T13:54:55.554000+00:00,282,125,3,157,31,9582
2024-08-25T13:55:20.034000+00:00,312,119,3,193,31,9582
2024-08-25T13:55:29.074000+00:00,228,186,5,42,31,9582
2024-08-25T13:55:44.954000+00:00,276,226,6,50,31,9582
2024-08-25T13:55:50.434000+00:00,256,187,5,69,31,9582
2024-08-25T13:55:54.314000+00:00,215,112,3,103,31,9582
2024-08-25T13:56:01.274000+00:00,193,106,3,87,31,9582
2024-08-25T13:56:12.634000+00:00,275,114,3,161,31,9582
2024-08-25T13:56:23.314000+00:00,215,173,5,42,31,9582
2024-08-25T13:56:37.114000+00:00,309,104,3,205,31,9582
2024-08-25T13:57:03.075000+00:00,282,224,6,58,31,9582
2024-08-25T13:57:08.755000+00:00,228,187,5,41,31,9582
2024-08-25T13:57:12.794000+00:00,208,102,3,106,31,9582
2024-08-25T13:57:19.234000+00:00,180,112,3,68,31,9582
2024-08-25T13:57:30.794000+00:00,257,111,3,146,31,9582
2024-08-25T13:57:41.635000+00:00,217,168,5,49,31,9582
2024-08-25T13:57:55.555000+00:00,310,115,3,195,31,9582
2024-08-25T13:58:07.274000+00:00,181,140,3,41,31,9582
2024-08-25T13:58:25.914000+00:00,254,200,5,54,31,9582
2024-08-25T13:58:29.675000+00:00,215,113,3,102,31,9582
2024-08-25T13:58:35.955000+00:00,179,134,3,45,31,9582
2024-08-25T13:58:47.515000+00:00,264,123,3,141,31,9582
2024-08-25T13:59:12.354000+00:00,273,118,3,155,31,9582
2024-08-25T13:59:20.555000+00:00,237,185,5,52,31,9582
2024-08-25T13:59:23.395000+00:00,168,127,3,41,31,9582
2024-08-25T13:59:41.715000+00:00,254,200,5,54,31,9582
2024-08-25T13:59:45.754000+00:00,186,126,3,60,31,9582
2024-08-25T13:59:51.555000+00:00,185,109,3,76,31,9582
2024-08-25T14:00:03.395000+00:00,261,124,3,137,31,9582
2024-08-25T14:00:13.315000+00:00,229,174,5,55,31,9582
2024-08-25T14:00:27.915000+00:00,301,125,3,176,31,9582
2024-08-25T14:00:39.075000+00:00,180,124,3,56,31,9582
2024-08-25T14:00:57.795000+00:00,256,200,5,56,31,9582
2024-08-25T14:01:01.475000+00:00,224,114,3,110,31,9582
2024-08-25T14:01:07.755000+00:00,181,108,3,73,31,9582
2024-08-25T14:01:19.435000+00:00,249,126,3,123,31,9582
2024-08-25T14:01:29.275000+00:00,226,181,5,45,31,9582
2024-08-25T14:01:44.195000+00:00,255,115,3,140,31,9582
2024-08-25T14:01:55.155000+00:00,176,126,3,50,31,9582
2024-08-25T14:02:17.235000+00:00,223,115,3,108,31,9582
2024-08-25T14:02:23.515000+00:00,189,107,3,82,31,9582
2024-08-25T14:02:35.275000+00:00,263,124,3,139,31,9582
2024-08-25T14:03:00.115000+00:00,297,125,3,172,31,9582
2024-08-25T14:03:08.515000+00:00,227,181,5,46,31,9582
2024-08-25T14:03:11.036000+00:00,183,129,3,54,31,9582
2024-08-25T14:03:33.196000+00:00,225,126,3,99,31,9582
2024-08-25T14:03:39.476000+00:00,185,121,3,64,31,9582
2024-08-25T14:03:51.076000+00:00,262,126,3,136,31,9582
2024-08-25T14:04:01.115000+00:00,224,180,5,44,31,9582
2024-08-25T14:04:15.835000+00:00,299,119,3,180,31,9582
2024-08-25T14:04:24.316000+00:00,233,183,5,50,31,9582
2024-08-25T14:04:26.756000+00:00,184,141,3,43,31,9582
2024-08-25T14:04:45.556000+00:00,254,197,5,57,31,9582
2024-08-25T14:04:49.116000+00:00,212,121,3,91,31,9582
2024-08-25T14:04:55.636000+00:00,175,112,3,63,31,9582
2024-08-25T14:05:07.316000+00:00,257,123,3,134,31,9582
2024-08-25T14:05:31.836000+00:00,295,120,3,175,31,9582
2024-08-25T14:06:05.196000+00:00,217,126,3,91,31,9582
2024-08-25T14:06:11.316000+00:00,183,133,3,50,31,9582
2024-08-25T14:06:23.196000+00:00,260,124,3,136,31,9582
2024-08-25T14:06:33.196000+00:00,232,184,5,48,31,9582
2024-08-25T14:06:48.197000+00:00,288,122,3,166,31,9582
2024-08-25T14:06:58.996000+00:00,188,129,3,59,31,9582
2024-08-25T14:07:17.556000+00:00,248,202,5,46,31,9582
2024-08-25T14:07:21.157000+00:00,215,124,3,91,31,9582
2024-08-25T14:07:27.437000+00:00,183,112,3,71,31,9582
2024-08-25T14:07:38.956000+00:00,256,125,3,131,31,9582
2024-08-25T14:08:03.316000+00:00,300,121,3,179,31,9582
2024-08-25T14:08:36.956000+00:00,210,109,3,101,31,9582
2024-08-25T14:08:43.196000+00:00,177,108,3,69,31,9582
2024-08-25T14:08:54.637000+00:00,263,116,3,147,31,9582
2024-08-25T14:09:21.077000+00:00,299,119,3,180,31,9582
2024-08-25T14:09:29.836000+00:00,228,179,5,49,31,9582
2024-08-25T14:09:50.756000+00:00,255,197,5,58,31,9582
2024-08-25T14:09:54.717000+00:00,205,128,3,77,31,9582
2024-08-25T14:10:00.917000+00:00,178,111,3,67,31,9582
2024-08-25T14:10:12.597000+00:00,252,126,3,126,31,9582
2024-08-25T14:10:22.477000+00:00,230,187,5,43,31,9582
2024-08-25T14:10:37.116000+00:00,302,121,3,181,31,9582
2024-08-25T14:10:45.837000+00:00,230,181,5,49,31,9582
2024-08-25T14:11:07.037000+00:00,252,205,5,47,31,9582
2024-08-25T14:11:10.517000+00:00,215,114,3,101,31,9582
2024-08-25T14:11:16.837000+00:00,182,122,3,60,31,9582
2024-08-25T14:11:28.397000+00:00,264,124,3,140,31,9582
2024-08-25T14:11:38.517000+00:00,225,180,5,45,31,9582
2024-08-25T14:11:53.117000+00:00,295,119,3,176,31,9582
2024-08-25T14:12:01.637000+00:00,235,192,5,43,31,9582
2024-08-25T14:12:04.277000+00:00,176,130,3,46,31,9582
2024-08-25T14:12:17.318000+00:00,281,238,6,43,31,9582
2024-08-25T14:12:26.437000+00:00,205,120,3,85,31,9582
2024-08-25T14:12:32.557000+00:00,179,130,3,49,31,9582
2024-08-25T14:12:44.158000+00:00,260,122,3,138,31,9582
2024-08-25T14:12:54.317000+00:00,231,177,5,54,31,9582
2024-08-25T14:13:08.958000+00:00,293,121,3,172,31,9582
2024-08-25T14:13:17.318000+00:00,236,184,5,52,31,9582
2024-08-25T14:13:33.037000+00:00,282,239,6,43,31,9582
2024-08-25T14:13:38.637000+00:00,254,202,5,52,31,9582
2024-08-25T14:13:42.358000+00:00,210,126,3,84,31,9582
2024-08-25T14:13:48.478000+00:00,182,136,4,46,31,9582
2024-08-25T14:14:00.237000+00:00,263,126,3,137,31,9582
2024-08-25T14:14:10.198000+00:00,223,180,5,43,31,9582
2024-08-25T14:14:24.678000+00:00,300,121,3,179,31,9582
2024-08-25T14:14:54.358000+00:00,255,206,5,49,31,9582
2024-08-25T14:14:58.038000+00:00,219,134,4,85,31,9582
2024-08-25T14:15:04.598000+00:00,170,108,3,62,31,9582
2024-08-25T14:15:16.318000+00:00,232,127,3,105,31,9582
2024-08-25T14:15:40.558000+00:00,299,126,3,173,31,9582
2024-08-25T14:15:49.198000+00:00,233,191,5,42,31,9582
2024-08-25T14:15:51.638000+00:00,180,130,3,50,31,9582
2024-08-25T14:16:13.119000+00:00,245,199,5,46,31,9582
2024-08-25T14:16:16.598000+00:00,210,106,3,104,31,9582
2024-08-25T14:16:23.518000+00:00,174,125,3,49,31,9582
2024-08-25T14:16:35.158000+00:00,250,116,3,134,31,9582
2024-08-25T14:16:45.278000+00:00,229,173,5,56,31,9582
2024-08-25T14:17:00.199000+00:00,286,122,3,164,31,9582
2024-08-25T14:17:08.758000+00:00,230,183,5,47,31,9582
2024-08-25T14:17:29.918000+00:00,251,199,5,52,31,9582
2024-08-25T14:17:33.359000+00:00,220,115,3,105,31,9582
2024-08-25T14:17:51.559000+00:00,255,125,3,130,31,9582
2024-08-25T14:18:16.038000+00:00,309,115,3,194,31,9582
2024-08-25T14:18:24.679000+00:00,229,179,5,50,31,9582
2024-08-25T14:18:27.119000+00:00,184,136,3,48,31,9582
2024-08-25T14:18:45.759000+00:00,248,197,5,51,31,9582
2024-08-25T14:18:49.278000+00:00,199,125,3,74,31,9582
2024-08-25T14:18:55.558000+00:00,179,120,3,59,31,9582
2024-08-25T14:19:07.159000+00:00,249,117,3,132,31,9582
2024-08-25T14:19:17.359000+00:00,218,176,5,42,31,9582
2024-08-25T14:19:32.239000+00:00,272,121,3,151,31,9582
2024-08-25T14:20:01.719000+00:00,241,199,5,42,31,9582
2024-08-25T14:20:04.919000+00:00,223,109,3,114,31,9582
2024-08-25T14:20:11.399000+00:00,184,113,3,71,31,9582
2024-08-25T14:20:23.239000+00:00,254,125,3,129,31,9582
2024-08-25T14:20:33.119000+00:00,229,182,5,47,31,9582
2024-08-25T14:20:47.519000+00:00,300,131,4,169,31,9582
2024-08-25T14:20:58.839000+00:00,175,125,3,50,31,9582
2024-08-25T14:21:17.399000+00:00,239,185,5,54,31,9582
2024-08-25T14:21:39.959000+00:00,272,123,3,149,31,9582
2024-08-25T14:21:50.599000+00:00,234,176,5,58,31,9582
2024-08-25T14:22:04.679000+00:00,309,118,3,191,31,9582
2024-08-25T14:22:13.439000+00:00,236,184,5,52,31,9582
2024-08-25T14:22:34.640000+00:00,256,200,5,56,31,9582
2024-08-25T14:22:38.559000+00:00,191,114,3,77,31,9582
2024-08-25T14:22:44.679000+00:00,176,110,3,66,31,9582
2024-08-25T14:22:56.360000+00:00,255,124,3,131,31,9582
2024-08-25T14:23:06.199000+00:00,234,172,5,62,31,9582
2024-08-25T14:23:21+00:00,307,119,3,188,31,9582
2024-08-25T14:23:32.039000+00:00,187,126,3,61,31,9582
2024-08-25T14:23:45.359000+00:00,280,238,6,42,31,9582
2024-08-25T14:23:50.560000+00:00,255,202,5,53,31,9582
2024-08-25T14:23:54+00:00,222,128,3,94,31,9582
2024-08-25T14:24:00.680000+00:00,169,107,3,62,31,9582
2024-08-25T14:24:12.159000+00:00,254,124,3,130,31,9582
2024-08-25T14:24:22+00:00,229,177,5,52,31,9582
2024-08-25T14:24:36.800000+00:00,293,120,3,173,31,9582
2024-08-25T14:24:47.920000+00:00,182,141,3,41,31,9582
2024-08-25T14:25:06.280000+00:00,245,197,5,48,31,9582
2024-08-25T14:25:09.640000+00:00,222,105,3,117,31,9582
2024-08-25T14:25:16.040000+00:00,185,114,3,71,31,9582
2024-08-25T14:25:27.800000+00:00,263,119,3,144,31,9582
2024-08-25T14:25:52.401000+00:00,301,124,3,177,31,9582
2024-08-25T14:26:00.920000+00:00,234,187,5,47,31,9582
2024-08-25T14:26:03.280000+00:00,188,140,3,48,31,9582
2024-08-25T14:26:21.840000+00:00,258,205,5,53,31,9582
2024-08-25T14:26:25.641000+00:00,222,109,3,113,31,9582
2024-08-25T14:26:31.881000+00:00,183,115,3,68,31,9582
2024-08-25T14:26:43.560000+00:00,251,124,3,127,31,9582
2024-08-25T14:26:53.480000+00:00,230,179,5,51,31,9582
2024-08-25T14:27:08.320000+00:00,279,116,3,163,31,9582
2024-08-25T14:27:16.600000+00:00,234,187,5,47,31,9582
2024-08-25T14:27:19.121000+00:00,191,130,3,61,31,9582
2024-08-25T14:27:37.721000+00:00,252,204,5,48,31,9582
2024-08-25T14:27:41.160000+00:00,214,108,3,106,31,9582
2024-08-25T14:27:47.480000+00:00,184,114,3,70,31,9582
2024-08-25T14:27:59.241000+00:00,262,124,3,138,31,9582
2024-08-25T14:28:09.120000+00:00,233,189,5,44,31,9582
2024-08-25T14:28:23.921000+00:00,294,121,3,173,31,9582
2024-08-25T14:28:34.960000+00:00,184,129,3,55,31,9582
2024-08-25T14:28:48.120000+00:00,280,239,6,41,31,9582
2024-08-25T14:28:53.241000+00:00,259,195,5,64,31,9582
2024-08-25T14:28:56.841000+00:00,218,116,3,102,31,9582
2024-08-25T14:29:02.440000+00:00,134,85,2,49,31,9582
2024-08-25T14:29:16.441000+00:00,248,121,3,127,31,9582
2024-08-25T14:29:27.081000+00:00,219,176,5,43,31,9582
2024-08-25T14:29:41.201000+00:00,289,117,3,172,31,9582
2024-08-25T14:29:49.721000+00:00,233,186,5,47,31,9582
2024-08-25T14:30:14.281000+00:00,205,118,3,87,31,9582
2024-08-25T14:30:21.001000+00:00,161,116,3,45,31,9582
2024-08-25T14:30:32.481000+00:00,260,125,3,135,31,9582
2024-08-25T14:30:42.361000+00:00,227,182,5,45,31,9582
2024-08-25T14:30:56.641000+00:00,305,111,3,194,31,9582
2024-08-25T14:31:05.321000+00:00,238,173,5,65,31,9582
2024-08-25T14:31:21.282000+00:00,286,242,6,44,31,9582
2024-08-25T14:31:27.001000+00:00,252,189,5,63,31,9582
2024-08-25T14:31:30.721000+00:00,217,108,3,109,31,9582
2024-08-25T14:31:37.041000+00:00,185,122,3,63,31,9582
2024-08-25T14:31:48.922000+00:00,268,123,3,145,31,9582
2024-08-25T14:31:59.321000+00:00,227,177,5,50,31,9582
2024-08-25T14:32:14.442000+00:00,259,118,3,141,31,9582
2024-08-25T14:32:22.722000+00:00,229,187,5,42,31,9582
2024-08-25T14:32:47.082000+00:00,219,108,3,111,31,9582
2024-08-25T14:32:53.562000+00:00,179,112,3,67,31,9582
2024-08-25T14:33:06.522000+00:00,227,118,3,109,31,9582
2024-08-25T14:33:16.841000+00:00,229,179,5,50,31,9582
2024-08-25T14:33:31.081000+00:00,295,111,3,184,31,9582
2024-08-25T14:34:01.202000+00:00,245,203,5,42,31,9582
2024-08-25T14:34:04.561000+00:00,220,107,3,113,31,9582
2024-08-25T14:34:10.921000+00:00,182,107,3,75,31,9582
2024-08-25T14:34:22.602000+00:00,265,126,3,139,31,9582
2024-08-25T14:34:32.722000+00:00,227,180,5,47,31,9582
2024-08-25T14:34:46.482000+00:00,249,97,3,152,31,9582
2024-08-25T12:21:27.975000+00:00,220,174,5,46,44,9582
2024-08-25T12:21:53.495000+00:00,215,114,4,101,44,9582
2024-08-25T12:22:00.255000+00:00,172,131,4,41,44,9582
2024-08-25T12:22:11.295000+00:00,248,123,4,125,44,9582
2024-08-25T12:22:42.415000+00:00,140,53,1,87,44,9582
2024-08-25T12:24:04.496000+00:00,215,122,4,93,44,9582
2024-08-25T12:24:10.576000+00:00,192,124,4,68,44,9582
2024-08-25T12:24:21.975000+00:00,247,132,4,115,44,9582
2024-08-25T12:24:55.575000+00:00,190,56,1,134,44,9582
2024-08-25T12:25:27.615000+00:00,183,142,3,41,44,9582
2024-08-25T12:25:49.816000+00:00,226,125,4,101,44,9582
2024-08-25T12:25:56.016000+00:00,188,130,4,58,44,9582
2024-08-25T12:26:07.856000+00:00,217,130,4,87,44,9582
2024-08-25T12:26:20.696000+00:00,204,88,2,116,44,9582
2024-08-25T12:26:35.896000+00:00,213,55,1,158,44,9582
2024-08-25T12:27:49.416000+00:00,230,185,5,45,44,9582
2024-08-25T12:28:13.857000+00:00,225,121,4,104,44,9582
2024-08-25T12:28:20.177000+00:00,184,127,3,57,44,9582
2024-08-25T12:28:32.176000+00:00,222,131,4,91,44,9582
2024-08-25T12:28:45.296000+00:00,197,132,5,65,44,9582
2024-08-25T13:00:46.742000+00:00,169,106,3,63,44,9582
2024-08-25T13:00:56.023000+00:00,222,155,5,67,44,9582
2024-08-25T13:01:19.583000+00:00,234,188,6,46,44,9582
2024-08-25T13:01:23.023000+00:00,207,110,3,97,44,9582
2024-08-25T13:01:29.663000+00:00,189,130,4,59,44,9582
2024-08-25T13:01:43.503000+00:00,168,112,4,56,44,9582
2024-08-25T13:02:08.623000+00:00,173,128,5,45,44,9582
2024-08-25T13:03:19.424000+00:00,233,100,3,133,44,9582
2024-08-25T13:03:29.223000+00:00,216,138,4,78,44,9582
2024-08-25T13:03:46.784000+00:00,270,210,6,60,44,9582
2024-08-25T13:03:53.344000+00:00,240,181,5,59,44,9582
2024-08-25T13:03:57.423000+00:00,210,86,2,124,44,9582
2024-08-25T13:04:04.303000+00:00,192,114,3,78,44,9582
2024-08-25T13:04:15.623000+00:00,277,83,2,194,44,9582
2024-08-25T13:04:26.464000+00:00,208,155,4,53,44,9582
2024-08-25T13:04:41.944000+00:00,296,113,3,183,44,9582
2024-08-25T13:04:50.543000+00:00,230,166,5,64,44,9582
2024-08-25T13:05:13.024000+00:00,250,197,6,53,44,9582
2024-08-25T13:05:17.144000+00:00,191,105,4,86,44,9582
2024-08-25T13:05:23.223000+00:00,188,111,3,77,44,9582
2024-08-25T13:05:34.424000+00:00,286,92,2,194,44,9582
2024-08-25T13:05:59.384000+00:00,294,115,3,179,44,9582
2024-08-25T13:06:34.024000+00:00,216,112,4,104,44,9582
2024-08-25T13:06:40.504000+00:00,185,115,4,70,44,9582
2024-08-25T13:06:51.704000+00:00,258,124,4,134,44,9582
2024-08-25T13:07:15.545000+00:00,308,120,4,188,44,9582
2024-08-25T13:07:40.944000+00:00,285,230,6,55,44,9582
2024-08-25T13:07:47.024000+00:00,241,200,6,41,44,9582
2024-08-25T13:07:50.784000+00:00,210,110,4,100,44,9582
2024-08-25T13:07:57.584000+00:00,178,120,4,58,44,9582
2024-08-25T13:08:08.265000+00:00,255,112,3,143,44,9582
2024-08-25T13:08:32.784000+00:00,313,106,3,207,44,9582
2024-08-25T13:08:44.744000+00:00,170,126,3,44,44,9582
2024-08-25T13:08:57.625000+00:00,284,232,7,52,44,9582
2024-08-25T13:09:03.825000+00:00,249,205,6,44,44,9582
2024-08-25T13:09:07.585000+00:00,200,101,3,99,44,9582
2024-08-25T13:09:14.345000+00:00,173,117,3,56,44,9582
2024-08-25T13:09:25.224000+00:00,277,127,4,150,44,9582
2024-08-25T13:09:49.345000+00:00,306,113,4,193,44,9582
2024-08-25T13:10:20.545000+00:00,250,196,6,54,44,9582
2024-08-25T13:10:24.425000+00:00,204,108,4,96,44,9582
2024-08-25T13:10:30.825000+00:00,185,110,3,75,44,9582
2024-08-25T13:10:41.665000+00:00,268,121,3,147,44,9582
2024-08-25T13:10:52.585000+00:00,228,182,5,46,44,9582
2024-08-25T13:11:05.825000+00:00,325,129,4,196,44,9582
2024-08-25T13:11:15.825000+00:00,234,191,5,43,44,9582
2024-08-25T13:11:37.225000+00:00,251,210,6,41,44,9582
2024-08-25T13:11:40.985000+00:00,200,111,3,89,44,9582
2024-08-25T13:11:47.785000+00:00,171,103,2,68,44,9582
2024-08-25T13:11:58.666000+00:00,268,120,4,148,44,9582
2024-08-25T13:12:09.465000+00:00,223,179,5,44,44,9582
2024-08-25T13:12:23.185000+00:00,302,106,4,196,44,9582
2024-08-25T13:12:48.305000+00:00,287,225,6,62,44,9582
2024-08-25T13:12:54.745000+00:00,234,191,6,43,44,9582
2024-08-25T13:12:58.426000+00:00,209,107,4,102,44,9582
2024-08-25T13:13:05.066000+00:00,180,108,4,72,44,9582
2024-08-25T13:13:16.185000+00:00,276,115,3,161,44,9582
2024-08-25T13:13:26.906000+00:00,232,180,4,52,44,9582
2024-08-25T13:13:40.386000+00:00,297,114,4,183,44,9582
2024-08-25T13:13:50.106000+00:00,234,183,5,51,44,9582
2024-08-25T13:14:05.786000+00:00,283,234,7,49,44,9582
2024-08-25T13:14:11.786000+00:00,251,195,6,56,44,9582
2024-08-25T13:14:15.785000+00:00,203,106,4,97,44,9582
2024-08-25T13:14:22.625000+00:00,172,112,3,60,44,9582
2024-08-25T13:14:33.466000+00:00,269,122,3,147,44,9582
2024-08-25T13:14:44.186000+00:00,232,179,4,53,44,9582
2024-08-25T13:14:58.106000+00:00,339,105,3,234,44,9582
2024-08-25T13:15:07.146000+00:00,231,184,5,47,44,9582
2024-08-25T13:15:22.866000+00:00,278,228,7,50,44,9582
2024-08-25T13:15:32.626000+00:00,190,105,3,85,44,9582
2024-08-25T13:15:39.106000+00:00,178,107,3,71,44,9582
2024-08-25T13:15:50.346000+00:00,261,128,4,133,44,9582
2024-08-25T13:16:14.706000+00:00,309,112,4,197,44,9582
2024-08-25T13:16:24.266000+00:00,230,180,5,50,44,9582
2024-08-25T13:16:27.066000+00:00,173,123,4,50,44,9582
2024-08-25T13:16:39.906000+00:00,285,237,7,48,44,9582
2024-08-25T13:16:46.106000+00:00,244,189,5,55,44,9582
2024-08-25T13:16:49.866000+00:00,204,111,3,93,44,9582
2024-08-25T13:16:56.506000+00:00,176,121,4,55,44,9582
2024-08-25T13:17:07.907000+00:00,279,117,3,162,44,9582
2024-08-25T13:17:18.826000+00:00,232,177,5,55,44,9582
2024-08-25T13:17:31.946000+00:00,321,110,4,211,44,9582
2024-08-25T13:17:57.866000+00:00,293,233,6,60,44,9582
2024-08-25T13:18:07.667000+00:00,188,99,3,89,44,9582
2024-08-25T13:18:14.307000+00:00,182,105,3,77,44,9582
2024-08-25T13:18:25.426000+00:00,277,118,4,159,44,9582
2024-08-25T13:18:36.307000+00:00,235,184,5,51,44,9582
2024-08-25T13:18:50.386000+00:00,306,108,3,198,44,9582
2024-08-25T13:19:15.387000+00:00,292,243,7,49,44,9582
2024-08-25T13:19:21.107000+00:00,257,204,5,53,44,9582
2024-08-25T13:19:24.706000+00:00,194,93,3,101,44,9582
2024-08-25T13:19:31.906000+00:00,175,113,3,62,44,9582
2024-08-25T13:19:43.227000+00:00,281,114,3,167,44,9582
2024-08-25T13:19:53.907000+00:00,236,190,5,46,44,9582
2024-08-25T13:20:07.947000+00:00,295,120,4,175,44,9582
2024-08-25T13:20:38.227000+00:00,256,212,6,44,44,9582
2024-08-25T13:20:41.667000+00:00,212,106,3,106,44,9582
2024-08-25T13:20:48.347000+00:00,176,112,3,64,44,9582
2024-08-25T13:21:00.187000+00:00,258,130,4,128,44,9582
2024-08-25T13:21:10.347000+00:00,227,182,5,45,44,9582
2024-08-25T13:21:24.788000+00:00,297,118,3,179,44,9582
2024-08-25T13:21:33.907000+00:00,235,190,5,45,44,9582
2024-08-25T13:21:36.147000+00:00,175,126,3,49,44,9582
2024-08-25T13:21:49.467000+00:00,282,238,7,44,44,9582
2024-08-25T13:21:58.428000+00:00,209,98,3,111,44,9582
2024-08-25T13:22:05.188000+00:00,177,105,3,72,44,9582
2024-08-25T13:22:17.148000+00:00,212,124,3,88,44,9582
2024-08-25T13:22:41.427000+00:00,295,111,3,184,44,9582
2024-08-25T13:23:15.107000+00:00,193,109,3,84,44,9582
2024-08-25T13:23:21.427000+00:00,177,114,3,63,44,9582
2024-08-25T13:23:33.467000+00:00,258,122,4,136,44,9582
2024-08-25T13:23:58.148000+00:00,290,111,3,179,44,9582
2024-08-25T13:24:28.468000+00:00,249,203,6,46,44,9582
2024-08-25T13:24:31.948000+00:00,213,108,4,105,44,9582
2024-08-25T13:24:38.428000+00:00,182,113,3,69,44,9582
2024-08-25T13:24:50.308000+00:00,258,125,4,133,44,9582
2024-08-25T13:25:00.627000+00:00,233,183,5,50,44,9582
2024-08-25T13:25:15.028000+00:00,297,113,3,184,44,9582
2024-08-25T13:25:45.028000+00:00,249,205,5,44,44,9582
2024-08-25T13:25:48.428000+00:00,216,102,3,114,44,9582
2024-08-25T13:25:55.268000+00:00,178,115,3,63,44,9582
2024-08-25T13:26:07.029000+00:00,264,121,4,143,44,9582
2024-08-25T13:26:31.748000+00:00,275,113,3,162,44,9582
2024-08-25T13:26:55.948000+00:00,286,244,7,42,44,9582
2024-08-25T13:27:05.108000+00:00,210,105,4,105,44,9582
2024-08-25T13:27:11.868000+00:00,179,111,3,68,44,9582
2024-08-25T13:27:23.748000+00:00,256,122,4,134,44,9582
2024-08-25T13:27:48.349000+00:00,289,110,3,179,44,9582
2024-08-25T13:27:57.308000+00:00,231,189,5,42,44,9582
2024-08-25T13:28:21.829000+00:00,212,104,4,108,44,9582
2024-08-25T13:28:28.908000+00:00,179,117,4,62,44,9582
2024-08-25T13:28:40.509000+00:00,276,128,4,148,44,9582
2024-08-25T13:28:50.868000+00:00,227,184,5,43,44,9582
2024-08-25T13:29:04.629000+00:00,329,109,3,220,44,9582
2024-08-25T13:29:13.709000+00:00,233,177,5,56,44,9582
2024-08-25T13:29:16.508000+00:00,174,132,3,42,44,9582
2024-08-25T13:29:29.428000+00:00,291,240,7,51,44,9582
2024-08-25T13:29:35.389000+00:00,248,198,6,50,44,9582
2024-08-25T13:29:38.909000+00:00,209,97,3,112,44,9582
2024-08-25T13:29:46.229000+00:00,176,118,3,58,44,9582
2024-08-25T13:29:57.709000+00:00,274,122,4,152,44,9582
2024-08-25T13:30:08.029000+00:00,234,182,5,52,44,9582
2024-08-25T13:30:21.909000+00:00,330,117,3,213,44,9582
2024-08-25T13:30:33.349000+00:00,173,124,3,49,44,9582
2024-08-25T13:30:46.709000+00:00,283,228,6,55,44,9582
2024-08-25T13:30:52.669000+00:00,247,198,6,49,44,9582
2024-08-25T13:30:56.749000+00:00,186,100,3,86,44,9582
2024-08-25T13:31:03.549000+00:00,169,116,3,53,44,9582
2024-08-25T13:31:15.229000+00:00,275,124,3,151,44,9582
2024-08-25T13:31:25.669000+00:00,232,186,5,46,44,9582
2024-08-25T13:31:39.989000+00:00,289,108,4,181,44,9582
2024-08-25T13:32:10.510000+00:00,255,204,6,51,44,9582
2024-08-25T13:32:14.109000+00:00,204,110,4,94,44,9582
2024-08-25T13:32:20.749000+00:00,175,113,3,62,44,9582
2024-08-25T13:32:32.709000+00:00,273,125,4,148,44,9582
2024-08-25T13:32:53.149000+00:00,273,57,1,216,44,9582
2024-08-25T13:33:28.390000+00:00,230,181,5,49,44,9582
2024-08-25T13:33:44.190000+00:00,292,251,7,41,44,9582
2024-08-25T13:33:49.870000+00:00,263,218,6,45,44,9582
2024-08-25T13:33:53.109000+00:00,230,112,4,118,44,9582
2024-08-25T13:33:59.269000+00:00,197,126,4,71,44,9582
2024-08-25T13:34:10.550000+00:00,244,117,3,127,44,9582
2024-08-25T13:34:20.630000+00:00,240,177,4,63,44,9582
2024-08-25T13:34:34.790000+00:00,314,112,4,202,44,9582
2024-08-25T13:34:43.630000+00:00,238,188,5,50,44,9582
2024-08-25T13:34:46.229000+00:00,180,131,3,49,44,9582
2024-08-25T13:35:08.670000+00:00,209,118,4,91,44,9582
2024-08-25T13:35:15.230000+00:00,186,118,4,68,44,9582
2024-08-25T13:35:26.150000+00:00,266,125,4,141,44,9582
2024-08-25T13:35:36.230000+00:00,240,188,5,52,44,9582
2024-08-25T13:35:50.550000+00:00,299,117,4,182,44,9582
2024-08-25T13:35:59.310000+00:00,237,190,5,47,44,9582
2024-08-25T13:36:14.630000+00:00,292,226,7,66,44,9582
2024-08-25T13:36:20.830000+00:00,249,205,6,44,44,9582
2024-08-25T13:36:24.590000+00:00,206,115,4,91,44,9582
2024-08-25T13:36:31.190000+00:00,179,110,3,69,44,9582
2024-08-25T13:36:42.190000+00:00,269,123,4,146,44,9582
2024-08-25T13:36:52.711000+00:00,233,182,4,51,44,9582
2024-08-25T13:37:06.950000+00:00,304,108,3,196,44,9582
2024-08-25T13:37:31.151000+00:00,290,243,8,47,44,9582
2024-08-25T13:37:37.350000+00:00,243,197,6,46,44,9582
2024-08-25T13:37:40.910000+00:00,211,117,4,94,44,9582
2024-08-25T13:37:47.230000+00:00,182,119,4,63,44,9582
2024-08-25T13:37:58.671000+00:00,251,127,4,124,44,9582
2024-08-25T13:38:08.710000+00:00,224,183,5,41,44,9582
2024-08-25T13:38:22.830000+00:00,289,115,4,174,44,9582
2024-08-25T13:38:34.270000+00:00,182,134,3,48,44,9582
2024-08-25T13:38:52.831000+00:00,254,206,6,48,44,9582
2024-08-25T13:38:56.511000+00:00,206,111,3,95,44,9582
2024-08-25T13:39:03.351000+00:00,176,110,3,66,44,9582
2024-08-25T13:39:14.470000+00:00,266,144,4,122,44,9582
2024-08-25T13:39:24.551000+00:00,235,182,5,53,44,9582
2024-08-25T13:39:38.511000+00:00,329,111,3,218,44,9582
2024-08-25T13:39:47.671000+00:00,230,187,5,43,44,9582
2024-08-25T13:40:12.031000+00:00,220,109,4,111,44,9582
2024-08-25T13:40:18.631000+00:00,185,113,3,72,44,9582
2024-08-25T13:40:29.591000+00:00,275,126,4,149,44,9582
2024-08-25T13:40:39.871000+00:00,230,177,4,53,44,9582
2024-08-25T13:40:53.871000+00:00,321,113,3,208,44,9582
2024-08-25T13:41:27.351000+00:00,213,116,4,97,44,9582
2024-08-25T13:41:33.991000+00:00,175,123,4,52,44,9582
2024-08-25T13:41:45.311000+00:00,269,127,4,142,44,9582
2024-08-25T13:42:09.871000+00:00,285,119,4,166,44,9582
2024-08-25T13:42:39.511000+00:00,257,216,6,41,44,9582
2024-08-25T13:42:42.951000+00:00,207,118,4,89,44,9582
2024-08-25T13:42:49.232000+00:00,186,116,4,70,44,9582
2024-08-25T13:43:00.912000+00:00,254,121,4,133,44,9582
2024-08-25T13:43:24.951000+00:00,293,115,4,178,44,9582
2024-08-25T13:43:58.351000+00:00,211,121,4,90,44,9582
2024-08-25T13:44:04.751000+00:00,181,128,4,53,44,9582
2024-08-25T13:44:16.112000+00:00,268,132,4,136,44,9582
2024-08-25T13:44:40.352000+00:00,288,111,3,177,44,9582
2024-08-25T13:45:13.512000+00:00,203,123,4,80,44,9582
2024-08-25T13:45:19.832000+00:00,187,119,4,68,44,9582
2024-08-25T13:45:55.592000+00:00,279,123,4,156,44,9582
2024-08-25T13:46:28.392000+00:00,217,113,4,104,44,9582
2024-08-25T13:46:35.032000+00:00,180,121,4,59,44,9582
2024-08-25T13:46:46.192000+00:00,269,128,4,141,44,9582
2024-08-25T13:46:56.072000+00:00,235,193,5,42,44,9582
2024-08-25T13:47:10.753000+00:00,268,115,3,153,44,9582
2024-08-25T13:47:43.233000+00:00,219,114,4,105,44,9582
2024-08-25T13:47:49.633000+00:00,187,124,4,63,44,9582
2024-08-25T13:48:01.632000+00:00,213,133,4,80,44,9582
2024-08-25T13:48:25.353000+00:00,289,124,4,165,44,9582
2024-08-25T13:48:54.832000+00:00,257,208,6,49,44,9582
2024-08-25T13:48:58.353000+00:00,219,114,4,105,44,9582
2024-08-25T13:49:04.793000+00:00,182,123,4,59,44,9582
2024-08-25T13:49:16.273000+00:00,258,139,4,119,44,9582
2024-08-25T13:49:40.432000+00:00,296,117,4,179,44,9582
2024-08-25T13:50:13.313000+00:00,219,122,4,97,44,9582
2024-08-25T13:50:30.953000+00:00,269,131,4,138,44,9582
2024-08-25T13:50:55.713000+00:00,267,129,4,138,44,9582
2024-08-25T13:51:28.113000+00:00,223,123,4,100,44,9582
2024-08-25T13:51:34.353000+00:00,184,117,3,67,44,9582
2024-08-25T13:51:46.034000+00:00,270,126,4,144,44,9582
2024-08-25T13:52:10.473000+00:00,256,119,4,137,44,9582
2024-08-25T13:52:39.514000+00:00,262,221,6,41,44,9582
2024-08-25T13:52:42.993000+00:00,220,129,4,91,44,9582
2024-08-25T13:52:49.393000+00:00,181,133,4,48,44,9582
2024-08-25T13:53:00.914000+00:00,260,132,4,128,44,9582
2024-08-25T13:53:25.594000+00:00,276,120,4,156,44,9582
2024-08-25T13:53:58.154000+00:00,208,119,4,89,44,9582
2024-08-25T13:54:04.474000+00:00,185,121,4,64,44,9582
2024-08-25T13:54:15.993000+00:00,257,125,4,132,44,9582
2024-08-25T13:54:40.434000+00:00,286,126,4,160,44,9582
2024-08-25T13:55:09.473000+00:00,255,211,6,44,44,9582
2024-08-25T13:55:13.194000+00:00,184,115,4,69,44,9582
2024-08-25T13:55:19.034000+00:00,186,115,3,71,44,9582
2024-08-25T13:55:30.914000+00:00,258,131,4,127,44,9582
2024-08-25T13:55:55.114000+00:00,301,124,4,177,44,9582
2024-08-25T13:56:05.994000+00:00,194,149,3,45,44,9582
2024-08-25T13:56:27.874000+00:00,215,127,4,88,44,9582
2024-08-25T13:56:33.954000+00:00,188,114,3,74,44,9582
2024-08-25T13:56:45.794000+00:00,255,127,4,128,44,9582
2024-08-25T13:57:10.035000+00:00,286,119,3,167,44,9582
2024-08-25T13:57:42.755000+00:00,197,117,4,80,44,9582
2024-08-25T13:57:48.675000+00:00,182,117,3,65,44,9582
2024-08-25T13:58:00.314000+00:00,258,135,4,123,44,9582
2024-08-25T13:58:10.035000+00:00,236,192,5,44,44,9582
2024-08-25T13:58:24.674000+00:00,277,121,4,156,44,9582
2024-08-25T13:58:57.555000+00:00,204,113,4,91,44,9582
2024-08-25T13:59:03.875000+00:00,172,125,4,47,44,9582
2024-08-25T13:59:15.155000+00:00,257,125,4,132,44,9582
2024-08-25T13:59:39.314000+00:00,292,118,3,174,44,9582
2024-08-25T14:00:12.715000+00:00,216,120,4,96,44,9582
2024-08-25T14:00:19.074000+00:00,181,119,4,62,44,9582
2024-08-25T14:00:30.875000+00:00,253,125,4,128,44,9582
2024-08-25T14:00:40.955000+00:00,228,176,5,52,44,9582
2024-08-25T14:00:54.835000+00:00,309,117,4,192,44,9582
2024-08-25T14:01:28.315000+00:00,223,119,4,104,44,9582
2024-08-25T14:01:34.795000+00:00,185,117,4,68,44,9582
2024-08-25T14:01:46.355000+00:00,256,129,4,127,44,9582
2024-08-25T14:01:56.435000+00:00,240,190,5,50,44,9582
2024-08-25T14:02:10.635000+00:00,299,118,4,181,44,9582
2024-08-25T14:02:21.995000+00:00,181,138,3,43,44,9582
2024-08-25T14:02:43.836000+00:00,221,116,5,105,44,9582
2024-08-25T14:02:50.275000+00:00,187,124,4,63,44,9582
2024-08-25T14:03:01.875000+00:00,266,124,4,142,44,9582
2024-08-25T14:03:12.196000+00:00,234,183,5,51,44,9582
2024-08-25T14:03:26.436000+00:00,301,113,4,188,44,9582
2024-08-25T14:03:56.196000+00:00,252,198,6,54,44,9582
2024-08-25T14:03:59.476000+00:00,219,114,4,105,44,9582
2024-08-25T14:04:05.956000+00:00,178,117,4,61,44,9582
2024-08-25T14:04:17.556000+00:00,259,126,4,133,44,9582
2024-08-25T14:04:37.316000+00:00,293,56,2,237,44,9582
2024-08-25T14:05:14.835000+00:00,178,128,4,50,44,9582
2024-08-25T14:05:37.316000+00:00,221,121,5,100,44,9582
2024-08-25T14:05:54.515000+00:00,245,130,4,115,44,9582
2024-08-25T14:06:18.516000+00:00,299,115,4,184,44,9582
2024-08-25T14:06:51.396000+00:00,224,122,4,102,44,9582
2024-08-25T14:06:57.396000+00:00,193,132,5,61,44,9582
2024-08-25T14:07:08.596000+00:00,249,133,4,116,44,9582
2024-08-25T14:07:32.436000+00:00,288,121,4,167,44,9582
2024-08-25T14:08:05.756000+00:00,198,121,4,77,44,9582
2024-08-25T14:08:11.596000+00:00,184,121,4,63,44,9582
2024-08-25T14:08:22.556000+00:00,258,136,4,122,44,9582
2024-08-25T14:08:46.597000+00:00,281,129,4,152,44,9582
2024-08-25T14:09:19.317000+00:00,221,126,4,95,44,9582
2024-08-25T14:09:25.437000+00:00,185,131,5,54,44,9582
2024-08-25T14:09:36.436000+00:00,252,130,4,122,44,9582
2024-08-25T14:10:00.597000+00:00,286,118,4,168,44,9582
2024-08-25T14:10:33.597000+00:00,215,128,4,87,44,9582
2024-08-25T14:10:39.717000+00:00,181,128,4,53,44,9582
2024-08-25T14:10:50.917000+00:00,249,132,4,117,44,9582
2024-08-25T14:11:14.957000+00:00,273,126,4,147,44,9582
2024-08-25T14:11:47.557000+00:00,220,123,4,97,44,9582
2024-08-25T14:11:53.877000+00:00,182,120,4,62,44,9582
2024-08-25T14:12:05.157000+00:00,268,132,4,136,44,9582
2024-08-25T14:12:29.278000+00:00,287,118,3,169,44,9582
2024-08-25T14:13:02.077000+00:00,217,123,4,94,44,9582
2024-08-25T14:13:08.197000+00:00,186,123,4,63,44,9582
2024-08-25T14:13:19.757000+00:00,240,132,4,108,44,9582
2024-08-25T14:13:43.518000+00:00,297,120,4,177,44,9582
2024-08-25T14:14:16.438000+00:00,219,125,5,94,44,9582
2024-08-25T14:14:22.678000+00:00,183,118,4,65,44,9582
2024-08-25T14:14:34.077000+00:00,250,131,4,119,44,9582
2024-08-25T14:14:57.878000+00:00,293,121,4,172,44,9582
2024-08-25T14:15:30.758000+00:00,221,120,4,101,44,9582
2024-08-25T14:15:37.278000+00:00,176,127,4,49,44,9582
2024-08-25T14:15:48.278000+00:00,267,124,4,143,44,9582
2024-08-25T14:16:12.198000+00:00,312,114,4,198,44,9582
2024-08-25T14:16:23.718000+00:00,193,148,4,45,44,9582
2024-08-25T14:16:45.278000+00:00,211,116,4,95,44,9582
2024-08-25T14:16:51.518000+00:00,189,129,4,60,44,9582
2024-08-25T14:17:03.198000+00:00,246,129,4,117,44,9582
2024-08-25T14:17:26.959000+00:00,284,115,3,169,44,9582
2024-08-25T14:17:59.399000+00:00,224,126,4,98,44,9582
2024-08-25T14:18:05.639000+00:00,189,134,4,55,44,9582
2024-08-25T14:18:17.078000+00:00,254,131,4,123,44,9582
2024-08-25T14:18:40.839000+00:00,292,134,4,158,44,9582
2024-08-25T14:19:13.319000+00:00,226,121,4,105,44,9582
2024-08-25T14:19:19.519000+00:00,189,125,4,64,44,9582
2024-08-25T14:19:31.159000+00:00,246,128,4,118,44,9582
2024-08-25T14:19:55.039000+00:00,289,115,4,174,44,9582
2024-08-25T14:20:27.519000+00:00,222,123,4,99,44,9582
2024-08-25T14:20:33.639000+00:00,188,128,4,60,44,9582
2024-08-25T14:20:45.119000+00:00,256,127,4,129,44,9582
2024-08-25T14:21:09+00:00,287,119,4,168,44,9582
2024-08-25T14:21:41.079000+00:00,223,128,4,95,44,9582
2024-08-25T14:21:47.679000+00:00,176,122,4,54,44,9582
2024-08-25T14:21:58.839000+00:00,272,127,4,145,44,9582
2024-08-25T14:22:22.720000+00:00,310,116,3,194,44,9582
2024-08-25T14:22:55.160000+00:00,198,126,4,72,44,9582
2024-08-25T14:23:01.520000+00:00,178,126,4,52,44,9582
2024-08-25T14:23:12.839000+00:00,284,127,4,157,44,9582
2024-08-25T14:23:23.120000+00:00,235,192,5,43,44,9582
2024-08-25T14:23:37.040000+00:00,314,124,3,190,44,9582
2024-08-25T14:23:48+00:00,187,140,3,47,44,9582
2024-08-25T14:24:09.920000+00:00,220,104,3,116,44,9582
2024-08-25T14:24:16.720000+00:00,174,110,3,64,44,9582
2024-08-25T14:24:28+00:00,283,128,4,155,44,9582
2024-08-25T14:24:52.039000+00:00,311,115,3,196,44,9582
2024-08-25T14:25:20.800000+00:00,263,206,6,57,44,9582
2024-08-25T14:25:24.040000+00:00,225,111,4,114,44,9582
2024-08-25T14:25:30.480000+00:00,186,121,4,65,44,9582
2024-08-25T14:25:42.080000+00:00,264,130,4,134,44,9582
2024-08-25T14:26:05.761000+00:00,315,122,3,193,44,9582
2024-08-25T14:26:38.281000+00:00,199,119,4,80,44,9582
2024-08-25T14:26:44.721000+00:00,182,118,4,64,44,9582
2024-08-25T14:26:56.160000+00:00,272,140,4,132,44,9582
2024-08-25T14:27:20.560000+00:00,263,114,3,149,44,9582
2024-08-25T14:27:30.961000+00:00,192,129,3,63,44,9582
2024-08-25T14:27:52.801000+00:00,195,113,4,82,44,9582
2024-08-25T14:27:59.001000+00:00,183,127,4,56,44,9582
2024-08-25T14:28:10.841000+00:00,267,121,4,146,44,9582
2024-08-25T14:28:34.640000+00:00,312,117,3,195,44,9582
2024-08-25T14:28:45.601000+00:00,192,149,3,43,44,9582
2024-08-25T14:29:07.081000+00:00,229,115,4,114,44,9582
2024-08-25T14:29:13.321000+00:00,184,121,3,63,44,9582
2024-08-25T14:29:25.001000+00:00,271,128,4,143,44,9582
2024-08-25T14:29:48.881000+00:00,306,114,3,192,44,9582
2024-08-25T14:29:59.801000+00:00,195,144,3,51,44,9582
2024-08-25T14:30:21.642000+00:00,209,111,4,98,44,9582
2024-08-25T14:30:28.042000+00:00,180,120,4,60,44,9582
2024-08-25T14:30:39.561000+00:00,257,123,4,134,44,9582
2024-08-25T14:31:03.201000+00:00,302,118,4,184,44,9582
2024-08-25T14:31:37.041000+00:00,226,122,4,104,44,9582
2024-08-25T14:31:43.321000+00:00,184,130,4,54,44,9582
2024-08-25T14:31:55.042000+00:00,240,131,4,109,44,9582
2024-08-25T14:32:19.321000+00:00,286,118,4,168,44,9582
2024-08-25T14:32:27.962000+00:00,240,197,5,43,44,9582
2024-08-25T14:32:30.241000+00:00,189,137,3,52,44,9582
2024-08-25T14:32:52.161000+00:00,221,115,4,106,44,9582
2024-08-25T14:32:58.321000+00:00,184,121,4,63,44,9582
2024-08-25T14:33:09.962000+00:00,250,128,4,122,44,9582
2024-08-25T14:33:19.722000+00:00,232,187,5,45,44,9582
2024-08-25T14:33:34.042000+00:00,293,118,4,175,44,9582
2024-08-25T14:34:07.282000+00:00,215,117,4,98,44,9582
2024-08-25T14:34:13.442000+00:00,183,119,4,64,44,9582
2024-08-25T14:34:24.922000+00:00,266,115,4,151,44,9582
2024-08-25T14:34:48.762000+00:00,223,93,3,130,44,9582
2024-08-25T12:21:36.495000+00:00,210,125,3,85,55,9582
2024-08-25T12:21:42.775000+00:00,182,136,3,46,55,9582
2024-08-25T12:21:53.855000+00:00,253,125,3,128,55,9582
2024-08-25T12:22:11.655000+00:00,214,163,6,51,55,9582
2024-08-25T12:22:16.775000+00:00,172,60,1,112,55,9582
2024-08-25T12:23:01.175000+00:00,219,173,4,46,55,9582
2024-08-25T12:23:26.456000+00:00,221,125,3,96,55,9582
2024-08-25T12:23:33.016000+00:00,182,129,3,53,55,9582
2024-08-25T12:23:44.136000+00:00,252,122,3,130,55,9582
2024-08-25T12:24:04.096000+00:00,197,56,1,141,55,9582
2024-08-25T12:24:49.776000+00:00,180,130,3,50,55,9582
2024-08-25T12:25:12.256000+00:00,220,124,3,96,55,9582
2024-08-25T12:25:18.496000+00:00,179,135,3,44,55,9582
2024-08-25T12:25:29.536000+00:00,260,133,3,127,55,9582
2024-08-25T12:25:39.416000+00:00,229,186,5,43,55,9582
2024-08-25T12:25:51.096000+00:00,150,52,1,98,55,9582
2024-08-25T12:26:58.216000+00:00,219,128,3,91,55,9582
2024-08-25T12:27:15.896000+00:00,252,131,3,121,55,9582
2024-08-25T12:27:25.536000+00:00,229,184,5,45,55,9582
2024-08-25T12:27:30.456000+00:00,187,109,3,78,55,9582
2024-08-25T13:00:31.023000+00:00,162,106,2,56,55,9582
2024-08-25T13:01:09.343000+00:00,210,55,1,155,55,9582
2024-08-25T13:01:32.463000+00:00,241,52,1,189,55,9582
2024-08-25T13:01:54.743000+00:00,208,140,3,68,55,9582
2024-08-25T13:02:04.823000+00:00,141,53,1,88,55,9582
2024-08-25T13:03:19.024000+00:00,222,104,2,118,55,9582
2024-08-25T13:03:28.903000+00:00,224,144,4,80,55,9582
2024-08-25T13:03:46.144000+00:00,270,207,6,63,55,9582
2024-08-25T13:03:52.584000+00:00,247,188,5,59,55,9582
2024-08-25T13:03:56.663000+00:00,208,106,3,102,55,9582
2024-08-25T13:04:03.343000+00:00,188,126,3,62,55,9582
2024-08-25T13:04:14.464000+00:00,259,106,3,153,55,9582
2024-08-25T13:04:25.144000+00:00,229,163,4,66,55,9582
2024-08-25T13:04:39.944000+00:00,308,105,3,203,55,9582
2024-08-25T13:04:49.183000+00:00,214,170,4,44,55,9582
2024-08-25T13:05:05.064000+00:00,283,223,6,60,55,9582
2024-08-25T13:05:11.424000+00:00,250,199,5,51,55,9582
2024-08-25T13:05:15.104000+00:00,213,115,3,98,55,9582
2024-08-25T13:05:21.544000+00:00,182,128,3,54,55,9582
2024-08-25T13:05:32.624000+00:00,277,118,3,159,55,9582
2024-08-25T13:05:42.943000+00:00,230,184,5,46,55,9582
2024-08-25T13:05:57.024000+00:00,320,109,3,211,55,9582
2024-08-25T13:06:06.544000+00:00,224,170,4,54,55,9582
2024-08-25T13:06:22.224000+00:00,282,235,6,47,55,9582
2024-08-25T13:06:32.144000+00:00,216,110,3,106,55,9582
2024-08-25T13:06:38.824000+00:00,168,124,3,44,55,9582
2024-08-25T13:06:49.865000+00:00,264,122,3,142,55,9582
2024-08-25T13:07:00.024000+00:00,228,176,5,52,55,9582
2024-08-25T13:07:13.984000+00:00,308,96,3,212,55,9582
2024-08-25T13:07:23.305000+00:00,229,180,5,49,55,9582
2024-08-25T13:07:38.784000+00:00,289,246,6,43,55,9582
2024-08-25T13:07:45.144000+00:00,255,212,5,43,55,9582
2024-08-25T13:07:48.745000+00:00,214,117,3,97,55,9582
2024-08-25T13:07:55.345000+00:00,184,103,3,81,55,9582
2024-08-25T13:08:06.504000+00:00,274,116,3,158,55,9582
2024-08-25T13:08:16.665000+00:00,233,179,5,54,55,9582
2024-08-25T13:08:30.585000+00:00,325,99,3,226,55,9582
2024-08-25T13:08:39.944000+00:00,232,173,5,59,55,9582
2024-08-25T13:08:55.305000+00:00,287,233,6,54,55,9582
2024-08-25T13:09:01.705000+00:00,256,205,5,51,55,9582
2024-08-25T13:09:05.504000+00:00,197,106,3,91,55,9582
2024-08-25T13:09:12.184000+00:00,178,104,3,74,55,9582
2024-08-25T13:09:23.385000+00:00,268,116,3,152,55,9582
2024-08-25T13:09:47.625000+00:00,328,114,3,214,55,9582
2024-08-25T13:09:56.905000+00:00,232,176,5,56,55,9582
2024-08-25T13:09:59.544000+00:00,175,133,3,42,55,9582
2024-08-25T13:10:12.544000+00:00,291,225,6,66,55,9582
2024-08-25T13:10:22.465000+00:00,212,106,3,106,55,9582
2024-08-25T13:10:28.905000+00:00,178,118,3,60,55,9582
2024-08-25T13:10:40.345000+00:00,272,126,3,146,55,9582
2024-08-25T13:10:50.465000+00:00,226,179,5,47,55,9582
2024-08-25T13:11:04.505000+00:00,289,97,3,192,55,9582
2024-08-25T13:11:13.785000+00:00,219,170,5,49,55,9582
2024-08-25T13:11:29.785000+00:00,269,226,6,43,55,9582
2024-08-25T13:11:35.705000+00:00,247,205,5,42,55,9582
2024-08-25T13:11:39.266000+00:00,209,104,3,105,55,9582
2024-08-25T13:11:45.546000+00:00,182,126,3,56,55,9582
2024-08-25T13:11:57.145000+00:00,280,117,3,163,55,9582
2024-08-25T13:12:07.425000+00:00,232,176,5,56,55,9582
2024-08-25T13:12:21.305000+00:00,327,102,3,225,55,9582
2024-08-25T13:12:30.225000+00:00,221,172,5,49,55,9582
2024-08-25T13:12:51.826000+00:00,257,206,5,51,55,9582
2024-08-25T13:12:55.505000+00:00,200,105,3,95,55,9582
2024-08-25T13:13:01.785000+00:00,177,116,3,61,55,9582
2024-08-25T13:13:13.186000+00:00,279,122,3,157,55,9582
2024-08-25T13:13:23.265000+00:00,234,172,5,62,55,9582
2024-08-25T13:13:37.386000+00:00,306,98,3,208,55,9582
2024-08-25T13:13:46.266000+00:00,233,171,5,62,55,9582
2024-08-25T13:14:12.026000+00:00,211,103,3,108,55,9582
2024-08-25T13:14:18.546000+00:00,180,103,3,77,55,9582
2024-08-25T13:14:30.066000+00:00,281,121,3,160,55,9582
2024-08-25T13:14:40.506000+00:00,226,181,5,45,55,9582
2024-08-25T13:14:54.186000+00:00,328,99,3,229,55,9582
2024-08-25T13:15:03.306000+00:00,226,176,4,50,55,9582
2024-08-25T13:15:06.426000+00:00,171,113,3,58,55,9582
2024-08-25T13:15:19.066000+00:00,286,238,6,48,55,9582
2024-08-25T13:15:25.346000+00:00,251,206,5,45,55,9582
2024-08-25T13:15:29.266000+00:00,208,103,3,105,55,9582
2024-08-25T13:15:35.346000+00:00,179,110,3,69,55,9582
2024-08-25T13:15:47.106000+00:00,260,112,3,148,55,9582
2024-08-25T13:15:57.266000+00:00,234,170,5,64,55,9582
2024-08-25T13:16:11.266000+00:00,314,98,3,216,55,9582
2024-08-25T13:16:20.226000+00:00,232,145,4,87,55,9582
2024-08-25T13:16:36.666000+00:00,282,234,6,48,55,9582
2024-08-25T13:16:46.426000+00:00,207,116,3,91,55,9582
2024-08-25T13:16:52.746000+00:00,178,113,3,65,55,9582
2024-08-25T13:17:05.146000+00:00,206,130,3,76,55,9582
2024-08-25T13:17:14.747000+00:00,230,185,5,45,55,9582
2024-08-25T13:17:29.187000+00:00,300,111,3,189,55,9582
2024-08-25T13:18:03.027000+00:00,219,121,3,98,55,9582
2024-08-25T13:18:09.627000+00:00,178,121,3,57,55,9582
2024-08-25T13:18:21.507000+00:00,255,123,3,132,55,9582
2024-08-25T13:18:31.346000+00:00,231,185,5,46,55,9582
2024-08-25T13:18:45.786000+00:00,303,106,3,197,55,9582
2024-08-25T13:18:54.867000+00:00,229,186,5,43,55,9582
2024-08-25T13:18:57.266000+00:00,183,128,3,55,55,9582
2024-08-25T13:19:16.187000+00:00,250,205,5,45,55,9582
2024-08-25T13:19:19.547000+00:00,219,115,3,104,55,9582
2024-08-25T13:19:26.547000+00:00,166,121,3,45,55,9582
2024-08-25T13:19:37.786000+00:00,264,123,3,141,55,9582
2024-08-25T13:20:02.147000+00:00,306,108,3,198,55,9582
2024-08-25T13:20:32.827000+00:00,253,206,5,47,55,9582
2024-08-25T13:20:36.507000+00:00,210,113,3,97,55,9582
2024-08-25T13:20:42.747000+00:00,183,114,3,69,55,9582
2024-08-25T13:20:55.227000+00:00,194,124,3,70,55,9582
2024-08-25T13:21:04.588000+00:00,232,184,5,48,55,9582
2024-08-25T13:21:19.147000+00:00,295,110,3,185,55,9582
2024-08-25T13:21:52.987000+00:00,204,118,3,86,55,9582
2024-08-25T13:21:59.707000+00:00,164,110,3,54,55,9582
2024-08-25T13:22:11.228000+00:00,250,125,3,125,55,9582
2024-08-25T13:22:35.307000+00:00,307,105,3,202,55,9582
2024-08-25T13:23:05.748000+00:00,252,209,5,43,55,9582
2024-08-25T13:23:09.308000+00:00,216,125,3,91,55,9582
2024-08-25T13:23:15.788000+00:00,176,125,3,51,55,9582
2024-08-25T13:23:27.667000+00:00,266,122,3,144,55,9582
2024-08-25T13:23:51.908000+00:00,296,106,3,190,55,9582
2024-08-25T13:24:22.028000+00:00,255,207,5,48,55,9582
2024-08-25T13:24:25.628000+00:00,215,121,3,94,55,9582
2024-08-25T13:24:31.948000+00:00,182,108,3,74,55,9582
2024-08-25T13:24:43.948000+00:00,264,121,3,143,55,9582
2024-08-25T13:24:53.787000+00:00,234,188,5,46,55,9582
2024-08-25T13:25:08.628000+00:00,288,109,3,179,55,9582
2024-08-25T13:25:17.068000+00:00,235,187,5,48,55,9582
2024-08-25T13:25:19.548000+00:00,181,138,3,43,55,9582
2024-08-25T13:25:32.388000+00:00,286,233,6,53,55,9582
2024-08-25T13:25:38.268000+00:00,256,206,5,50,55,9582
2024-08-25T13:25:41.908000+00:00,221,111,3,110,55,9582
2024-08-25T13:25:48.428000+00:00,174,119,3,55,55,9582
2024-08-25T13:26:00.309000+00:00,240,126,3,114,55,9582
2024-08-25T13:26:09.948000+00:00,232,178,5,54,55,9582
2024-08-25T13:26:24.508000+00:00,293,111,3,182,55,9582
2024-08-25T13:26:33.269000+00:00,233,191,5,42,55,9582
2024-08-25T13:26:54.708000+00:00,247,204,5,43,55,9582
2024-08-25T13:26:58.188000+00:00,211,109,3,102,55,9582
2024-08-25T13:27:04.548000+00:00,184,109,3,75,55,9582
2024-08-25T13:27:16.708000+00:00,254,122,3,132,55,9582
2024-08-25T13:27:26.469000+00:00,230,184,5,46,55,9582
2024-08-25T13:27:41.069000+00:00,309,111,3,198,55,9582
2024-08-25T13:27:52.389000+00:00,185,133,3,52,55,9582
2024-08-25T13:28:11.388000+00:00,252,206,5,46,55,9582
2024-08-25T13:28:14.869000+00:00,216,111,3,105,55,9582
2024-08-25T13:28:21.549000+00:00,175,116,3,59,55,9582
2024-08-25T13:28:33.549000+00:00,243,117,3,126,55,9582
2024-08-25T13:28:57.708000+00:00,300,106,3,194,55,9582
2024-08-25T13:29:08.989000+00:00,186,131,3,55,55,9582
2024-08-25T13:29:21.709000+00:00,289,235,6,54,55,9582
2024-08-25T13:29:27.829000+00:00,254,195,5,59,55,9582
2024-08-25T13:29:31.309000+00:00,211,113,3,98,55,9582
2024-08-25T13:29:49.588000+00:00,267,132,4,135,55,9582
2024-08-25T13:30:13.949000+00:00,306,106,3,200,55,9582
2024-08-25T13:30:22.789000+00:00,234,182,5,52,55,9582
2024-08-25T13:30:38.069000+00:00,291,248,6,43,55,9582
2024-08-25T13:30:44.269000+00:00,255,206,5,49,55,9582
2024-08-25T13:30:47.829000+00:00,210,118,3,92,55,9582
2024-08-25T13:30:54.309000+00:00,180,115,3,65,55,9582
2024-08-25T13:31:06.309000+00:00,245,123,4,122,55,9582
2024-08-25T13:31:16.070000+00:00,234,183,5,51,55,9582
2024-08-25T13:31:30.589000+00:00,298,109,3,189,55,9582
2024-08-25T13:32:00.749000+00:00,259,208,5,51,55,9582
2024-08-25T13:32:04.389000+00:00,215,111,3,104,55,9582
2024-08-25T13:32:10.989000+00:00,178,107,3,71,55,9582
2024-08-25T13:32:22.670000+00:00,272,126,3,146,55,9582
2024-08-25T13:32:32.709000+00:00,233,183,5,50,55,9582
2024-08-25T13:32:47.229000+00:00,308,112,3,196,55,9582
2024-08-25T13:32:58.629000+00:00,188,127,3,61,55,9582
2024-08-25T13:33:11.749000+00:00,276,233,6,43,55,9582
2024-08-25T13:33:17.470000+00:00,256,197,5,59,55,9582
2024-08-25T13:33:21.350000+00:00,194,111,3,83,55,9582
2024-08-25T13:33:27.830000+00:00,171,113,3,58,55,9582
2024-08-25T13:33:39.749000+00:00,241,124,3,117,55,9582
2024-08-25T13:33:49.390000+00:00,236,180,5,56,55,9582
2024-08-25T13:34:03.910000+00:00,302,104,3,198,55,9582
2024-08-25T13:34:12.749000+00:00,236,186,5,50,55,9582
2024-08-25T13:34:28.110000+00:00,289,241,6,48,55,9582
2024-08-25T13:34:34.150000+00:00,253,208,5,45,55,9582
2024-08-25T13:34:37.830000+00:00,212,107,3,105,55,9582
2024-08-25T13:34:44.150000+00:00,183,109,3,74,55,9582
2024-08-25T13:34:56.150000+00:00,267,124,3,143,55,9582
2024-08-25T13:35:05.989000+00:00,230,187,5,43,55,9582
2024-08-25T13:35:20.390000+00:00,310,112,3,198,55,9582
2024-08-25T13:35:44.710000+00:00,285,232,6,53,55,9582
2024-08-25T13:35:53.870000+00:00,219,127,3,92,55,9582
2024-08-25T13:36:00.630000+00:00,182,107,3,75,55,9582
2024-08-25T13:36:12.511000+00:00,262,127,4,135,55,9582
2024-08-25T13:36:22.310000+00:00,234,184,5,50,55,9582
2024-08-25T13:36:36.870000+00:00,302,110,3,192,55,9582
2024-08-25T13:36:45.791000+00:00,228,187,5,41,55,9582
2024-08-25T13:37:06.950000+00:00,254,202,5,52,55,9582
2024-08-25T13:37:10.590000+00:00,211,120,3,91,55,9582
2024-08-25T13:37:17.030000+00:00,180,115,3,65,55,9582
2024-08-25T13:37:29.070000+00:00,268,121,3,147,55,9582
2024-08-25T13:37:39.071000+00:00,225,181,5,44,55,9582
2024-08-25T13:37:53.351000+00:00,307,110,3,197,55,9582
2024-08-25T13:38:17.551000+00:00,288,239,6,49,55,9582
2024-08-25T13:38:23.310000+00:00,256,203,5,53,55,9582
2024-08-25T13:38:27.071000+00:00,211,107,3,104,55,9582
2024-08-25T13:38:33.471000+00:00,183,119,3,64,55,9582
2024-08-25T13:38:45.591000+00:00,245,123,3,122,55,9582
2024-08-25T13:38:55.270000+00:00,235,194,5,41,55,9582
2024-08-25T13:39:09.991000+00:00,281,108,3,173,55,9582
2024-08-25T13:39:18.591000+00:00,234,183,5,51,55,9582
2024-08-25T13:39:20.950000+00:00,185,142,3,43,55,9582
2024-08-25T13:39:39.591000+00:00,258,201,5,57,55,9582
2024-08-25T13:39:43.511000+00:00,203,109,3,94,55,9582
2024-08-25T13:39:49.871000+00:00,183,102,3,81,55,9582
2024-08-25T13:40:01.910000+00:00,270,123,3,147,55,9582
2024-08-25T13:40:11.871000+00:00,235,186,5,49,55,9582
2024-08-25T13:40:26.431000+00:00,302,117,3,185,55,9582
2024-08-25T13:40:56.271000+00:00,254,199,5,55,55,9582
2024-08-25T13:40:59.871000+00:00,221,109,3,112,55,9582
2024-08-25T13:41:06.351000+00:00,179,133,3,46,55,9582
2024-08-25T13:41:18.391000+00:00,266,127,3,139,55,9582
2024-08-25T13:41:37.871000+00:00,288,56,1,232,55,9582
2024-08-25T13:42:12.871000+00:00,226,164,4,62,55,9582
2024-08-25T13:42:29.351000+00:00,285,234,6,51,55,9582
2024-08-25T13:42:38.951000+00:00,217,127,3,90,55,9582
2024-08-25T13:42:44.951000+00:00,186,118,3,68,55,9582
2024-08-25T13:42:56.351000+00:00,267,121,3,146,55,9582
2024-08-25T13:43:05.991000+00:00,227,164,5,63,55,9582
2024-08-25T13:43:20.552000+00:00,327,109,3,218,55,9582
2024-08-25T13:43:29.791000+00:00,226,176,5,50,55,9582
2024-08-25T13:43:55.032000+00:00,217,125,3,92,55,9582
2024-08-25T13:44:00.952000+00:00,186,145,4,41,55,9582
2024-08-25T13:44:12.352000+00:00,268,121,3,147,55,9582
2024-08-25T13:44:36.592000+00:00,308,110,3,198,55,9582
2024-08-25T13:44:45.192000+00:00,234,187,5,47,55,9582
2024-08-25T13:45:00.872000+00:00,289,240,6,49,55,9582
2024-08-25T13:45:06.872000+00:00,257,211,5,46,55,9582
2024-08-25T13:45:10.472000+00:00,220,122,3,98,55,9582
2024-08-25T13:45:16.512000+00:00,184,131,3,53,55,9582
2024-08-25T13:45:27.912000+00:00,270,131,3,139,55,9582
2024-08-25T13:45:52.192000+00:00,275,114,3,161,55,9582
2024-08-25T13:46:03.072000+00:00,193,144,3,49,55,9582
2024-08-25T13:46:25.312000+00:00,219,128,3,91,55,9582
2024-08-25T13:46:31.712000+00:00,176,127,3,49,55,9582
2024-08-25T13:46:42.952000+00:00,271,129,3,142,55,9582
2024-08-25T13:47:07.072000+00:00,300,118,3,182,55,9582
2024-08-25T13:47:30.433000+00:00,289,247,6,42,55,9582
2024-08-25T13:47:36.553000+00:00,256,212,5,44,55,9582
2024-08-25T13:47:40.352000+00:00,211,119,3,92,55,9582
2024-08-25T13:47:46.272000+00:00,189,129,3,60,55,9582
2024-08-25T13:47:57.953000+00:00,256,129,3,127,55,9582
2024-08-25T13:48:21.552000+00:00,309,122,3,187,55,9582
2024-08-25T13:48:32.752000+00:00,189,140,3,49,55,9582
2024-08-25T13:48:54.832000+00:00,222,126,3,96,55,9582
2024-08-25T13:49:01.032000+00:00,186,117,3,69,55,9582
2024-08-25T13:49:12.593000+00:00,268,129,3,139,55,9582
2024-08-25T13:49:36.593000+00:00,281,113,3,168,55,9582
2024-08-25T13:49:47.633000+00:00,189,141,3,48,55,9582
2024-08-25T13:50:09.513000+00:00,224,118,3,106,55,9582
2024-08-25T13:50:15.673000+00:00,186,118,3,68,55,9582
2024-08-25T13:50:27.313000+00:00,266,128,3,138,55,9582
2024-08-25T13:50:36.953000+00:00,238,191,5,47,55,9582
2024-08-25T13:50:51.513000+00:00,257,115,3,142,55,9582
2024-08-25T13:51:02.033000+00:00,195,137,3,58,55,9582
2024-08-25T13:51:24.153000+00:00,218,128,3,90,55,9582
2024-08-25T13:51:30.393000+00:00,184,109,3,75,55,9582
2024-08-25T13:51:41.913000+00:00,274,124,3,150,55,9582
2024-08-25T13:52:05.754000+00:00,309,108,3,201,55,9582
2024-08-25T13:52:16.993000+00:00,185,142,3,43,55,9582
2024-08-25T13:52:35.593000+00:00,256,213,5,43,55,9582
2024-08-25T13:52:39.354000+00:00,211,116,3,95,55,9582
2024-08-25T13:52:45.674000+00:00,171,115,3,56,55,9582
2024-08-25T13:52:56.913000+00:00,264,129,3,135,55,9582
2024-08-25T13:53:20.954000+00:00,297,113,3,184,55,9582
2024-08-25T13:53:50.113000+00:00,262,214,5,48,55,9582
2024-08-25T13:53:53.594000+00:00,218,114,3,104,55,9582
2024-08-25T13:53:59.754000+00:00,190,107,3,83,55,9582
2024-08-25T13:54:11.234000+00:00,276,127,3,149,55,9582
2024-08-25T13:54:21.074000+00:00,232,180,5,52,55,9582
2024-08-25T13:54:34.634000+00:00,325,99,3,226,55,9582
2024-08-25T13:55:07.994000+00:00,207,111,3,96,55,9582
2024-08-25T13:55:14.234000+00:00,183,100,3,83,55,9582
2024-08-25T13:55:25.794000+00:00,267,122,3,145,55,9582
2024-08-25T13:55:35.634000+00:00,234,190,5,44,55,9582
2024-08-25T13:55:49.194000+00:00,327,106,3,221,55,9582
2024-08-25T13:56:22.755000+00:00,224,108,3,116,55,9582
2024-08-25T13:56:29.155000+00:00,189,104,3,85,55,9582
2024-08-25T13:56:40.874000+00:00,275,132,4,143,55,9582
2024-08-25T13:57:04.474000+00:00,317,107,3,210,55,9582
2024-08-25T13:57:13.314000+00:00,235,194,5,41,55,9582
2024-08-25T13:57:15.715000+00:00,190,137,3,53,55,9582
2024-08-25T13:57:37.714000+00:00,216,109,3,107,55,9582
2024-08-25T13:57:44.194000+00:00,177,115,3,62,55,9582
2024-08-25T13:57:55.555000+00:00,280,121,3,159,55,9582
2024-08-25T13:58:05.394000+00:00,233,191,5,42,55,9582
2024-08-25T13:58:19.034000+00:00,321,94,3,227,55,9582
2024-08-25T13:58:28.115000+00:00,224,181,5,43,55,9582
2024-08-25T13:58:30.555000+00:00,182,133,3,49,55,9582
2024-08-25T13:58:43.355000+00:00,290,238,6,52,55,9582
2024-08-25T13:58:52.514000+00:00,222,107,3,115,55,9582
2024-08-25T13:58:58.954000+00:00,185,114,3,71,55,9582
2024-08-25T13:59:10.475000+00:00,278,121,3,157,55,9582
2024-08-25T13:59:20.355000+00:00,238,188,5,50,55,9582
2024-08-25T13:59:33.755000+00:00,334,105,3,229,55,9582
2024-08-25T13:59:43.195000+00:00,222,172,5,50,55,9582
2024-08-25T13:59:45.754000+00:00,183,126,3,57,55,9582
2024-08-25T13:59:58.554000+00:00,289,246,6,43,55,9582
2024-08-25T14:00:04.355000+00:00,259,216,5,43,55,9582
2024-08-25T14:00:07.875000+00:00,213,112,3,101,55,9582
2024-08-25T14:00:14.235000+00:00,178,97,3,81,55,9582
2024-08-25T14:00:25.354000+00:00,286,123,3,163,55,9582
2024-08-25T14:00:35.515000+00:00,234,190,5,44,55,9582
2024-08-25T14:00:48.875000+00:00,330,111,3,219,55,9582
2024-08-25T14:00:57.795000+00:00,238,186,5,52,55,9582
2024-08-25T14:01:00.515000+00:00,179,128,3,51,55,9582
2024-08-25T14:01:13.475000+00:00,289,244,6,45,55,9582
2024-08-25T14:01:19.155000+00:00,259,211,5,48,55,9582
2024-08-25T14:01:22.675000+00:00,224,107,3,117,55,9582
2024-08-25T14:01:28.955000+00:00,185,98,3,87,55,9582
2024-08-25T14:01:40.355000+00:00,286,121,3,165,55,9582
2024-08-25T14:01:50.675000+00:00,232,187,5,45,55,9582
2024-08-25T14:02:04.275000+00:00,336,103,3,233,55,9582
2024-08-25T14:02:37.396000+00:00,221,119,3,102,55,9582
2024-08-25T14:02:43.836000+00:00,181,103,3,78,55,9582
2024-08-25T14:02:55.555000+00:00,264,150,6,114,55,9582
2024-08-25T14:03:19.596000+00:00,294,105,3,189,55,9582
2024-08-25T14:03:43.556000+00:00,284,243,6,41,55,9582
2024-08-25T14:03:52.796000+00:00,220,100,3,120,55,9582
2024-08-25T14:03:59.276000+00:00,183,104,3,79,55,9582
2024-08-25T14:04:10.916000+00:00,261,125,4,136,55,9582
2024-08-25T14:04:20.755000+00:00,235,187,5,48,55,9582
2024-08-25T14:04:35.275000+00:00,298,109,3,189,55,9582
2024-08-25T14:04:46.076000+00:00,191,146,4,45,55,9582
2024-08-25T14:05:07.955000+00:00,221,115,3,106,55,9582
2024-08-25T14:05:14.355000+00:00,185,109,3,76,55,9582
2024-08-25T14:05:26.036000+00:00,266,128,3,138,55,9582
2024-08-25T14:05:35.796000+00:00,236,192,5,44,55,9582
2024-08-25T14:05:50.396000+00:00,275,112,3,163,55,9582
2024-08-25T14:05:58.676000+00:00,236,194,5,42,55,9582
2024-08-25T14:06:23.196000+00:00,216,117,3,99,55,9582
2024-08-25T14:06:29.596000+00:00,173,126,3,47,55,9582
2024-08-25T14:06:41.077000+00:00,270,127,3,143,55,9582
2024-08-25T14:07:05.156000+00:00,292,113,3,179,55,9582
2024-08-25T14:07:13.517000+00:00,236,194,5,42,55,9582
2024-08-25T14:07:16.036000+00:00,194,137,3,57,55,9582
2024-08-25T14:07:38.036000+00:00,227,111,3,116,55,9582
2024-08-25T14:07:44.316000+00:00,177,109,3,68,55,9582
2024-08-25T14:07:56.036000+00:00,260,124,3,136,55,9582
2024-08-25T14:08:20.157000+00:00,292,110,3,182,55,9582
2024-08-25T14:08:52.717000+00:00,222,114,3,108,55,9582
2024-08-25T14:08:59.157000+00:00,186,139,3,47,55,9582
2024-08-25T14:09:11.036000+00:00,256,129,4,127,55,9582
2024-08-25T14:09:34.757000+00:00,310,111,3,199,55,9582
2024-08-25T14:09:45.877000+00:00,190,139,4,51,55,9582
2024-08-25T14:10:07.557000+00:00,224,115,3,109,55,9582
2024-08-25T14:10:13.957000+00:00,184,142,3,42,55,9582
2024-08-25T14:10:25.837000+00:00,255,130,3,125,55,9582
2024-08-25T14:10:35.557000+00:00,236,186,5,50,55,9582
2024-08-25T14:10:49.557000+00:00,310,107,3,203,55,9582
2024-08-25T14:11:00.637000+00:00,186,142,4,44,55,9582
2024-08-25T14:11:22.597000+00:00,218,103,3,115,55,9582
2024-08-25T14:11:29.037000+00:00,186,139,3,47,55,9582
2024-08-25T14:11:40.597000+00:00,282,114,3,168,55,9582
2024-08-25T14:12:04.517000+00:00,323,105,3,218,55,9582
2024-08-25T14:12:37.877000+00:00,223,100,3,123,55,9582
2024-08-25T14:12:44.438000+00:00,179,131,3,48,55,9582
2024-08-25T14:12:56.078000+00:00,278,128,3,150,55,9582
2024-08-25T14:13:20.077000+00:00,309,112,3,197,55,9582
2024-08-25T14:13:28.598000+00:00,238,187,5,51,55,9582
2024-08-25T14:13:44.198000+00:00,289,246,6,43,55,9582
2024-08-25T14:13:53.517000+00:00,208,114,3,94,55,9582
2024-08-25T14:13:59.477000+00:00,187,108,3,79,55,9582
2024-08-25T14:14:11.158000+00:00,280,122,3,158,55,9582
2024-08-25T14:14:35.358000+00:00,306,109,3,197,55,9582
2024-08-25T14:15:08.158000+00:00,222,121,3,101,55,9582
2024-08-25T14:15:14.398000+00:00,181,112,3,69,55,9582
2024-08-25T14:15:25.958000+00:00,267,130,4,137,55,9582
2024-08-25T14:15:50.118000+00:00,295,114,3,181,55,9582
2024-08-25T14:16:19.238000+00:00,254,204,5,50,55,9582
2024-08-25T14:16:22.598000+00:00,214,109,3,105,55,9582
2024-08-25T14:16:28.838000+00:00,188,124,3,64,55,9582
2024-08-25T14:16:40.878000+00:00,261,136,3,125,55,9582
2024-08-25T14:16:50.318000+00:00,238,194,5,44,55,9582
2024-08-25T14:17:04.518000+00:00,304,110,3,194,55,9582
2024-08-25T14:17:13.159000+00:00,238,191,5,47,55,9582
2024-08-25T14:17:37.238000+00:00,225,109,3,116,55,9582
2024-08-25T14:17:55.238000+00:00,269,133,3,136,55,9582
2024-08-25T14:18:19.359000+00:00,261,113,3,148,55,9582
2024-08-25T14:18:29.918000+00:00,193,142,4,51,55,9582
2024-08-25T14:18:48.358000+00:00,262,196,5,66,55,9582
2024-08-25T14:18:51.919000+00:00,212,104,3,108,55,9582
2024-08-25T14:18:58.319000+00:00,183,113,3,70,55,9582
2024-08-25T14:19:09.998000+00:00,256,120,3,136,55,9582
2024-08-25T14:19:33.759000+00:00,309,101,3,208,55,9582
2024-08-25T14:19:44.759000+00:00,194,153,4,41,55,9582
2024-08-25T14:20:06.839000+00:00,213,108,3,105,55,9582
2024-08-25T14:20:13.199000+00:00,182,131,3,51,55,9582
2024-08-25T14:20:24.959000+00:00,270,124,3,146,55,9582
2024-08-25T14:20:49.280000+00:00,283,107,3,176,55,9582
2024-08-25T14:21:00.039000+00:00,194,137,3,57,55,9582
2024-08-25T14:21:18.439000+00:00,263,204,5,59,55,9582
2024-08-25T14:21:21.919000+00:00,209,102,3,107,55,9582
2024-08-25T14:21:28.559000+00:00,186,113,3,73,55,9582
2024-08-25T14:21:40.439000+00:00,255,128,3,127,55,9582
2024-08-25T14:21:50.079000+00:00,240,192,5,48,55,9582
2024-08-25T14:22:04.319000+00:00,308,112,3,196,55,9582
2024-08-25T14:22:15.080000+00:00,197,156,4,41,55,9582
2024-08-25T14:22:36.760000+00:00,224,130,3,94,55,9582
2024-08-25T14:22:43.520000+00:00,169,114,3,55,55,9582
2024-08-25T14:22:55.160000+00:00,257,130,3,127,55,9582
2024-08-25T14:23:04.759000+00:00,237,194,5,43,55,9582
2024-08-25T14:23:18.879000+00:00,309,118,3,191,55,9582
2024-08-25T14:23:51.759000+00:00,211,114,3,97,55,9582
2024-08-25T14:23:57.880000+00:00,187,110,3,77,55,9582
2024-08-25T14:24:09.760000+00:00,270,128,4,142,55,9582
2024-08-25T14:24:33.560000+00:00,306,116,3,190,55,9582
2024-08-25T14:24:44.480000+00:00,195,142,4,53,55,9582
2024-08-25T14:25:02.680000+00:00,261,218,5,43,55,9582
2024-08-25T14:25:06.280000+00:00,215,111,3,104,55,9582
2024-08-25T14:25:12.440000+00:00,182,120,3,62,55,9582
2024-08-25T14:25:24.280000+00:00,270,132,3,138,55,9582
2024-08-25T14:25:48.360000+00:00,304,113,3,191,55,9582
2024-08-25T14:26:11.801000+00:00,289,248,6,41,55,9582
2024-08-25T14:26:17.480000+00:00,256,212,5,44,55,9582
2024-08-25T14:26:20.800000+00:00,223,113,3,110,55,9582
2024-08-25T14:26:27.280000+00:00,179,126,3,53,55,9582
2024-08-25T14:26:39.201000+00:00,262,124,3,138,55,9582
2024-08-25T14:26:49+00:00,234,192,5,42,55,9582
2024-08-25T14:27:03.080000+00:00,307,113,3,194,55,9582
2024-08-25T14:27:11.601000+00:00,238,195,5,43,55,9582
2024-08-25T14:27:26.561000+00:00,293,229,6,64,55,9582
2024-08-25T14:27:32.481000+00:00,258,212,5,46,55,9582
2024-08-25T14:27:36+00:00,204,110,3,94,55,9582
2024-08-25T14:27:42.120000+00:00,186,109,3,77,55,9582
2024-08-25T14:27:54.040000+00:00,271,126,3,145,55,9582
2024-08-25T14:28:18.121000+00:00,308,113,3,195,55,9582
2024-08-25T14:28:29.160000+00:00,190,142,4,48,55,9582
2024-08-25T14:28:41.960000+00:00,286,245,6,41,55,9582
2024-08-25T14:28:47.521000+00:00,261,213,5,48,55,9582
2024-08-25T14:28:50.761000+00:00,226,111,3,115,55,9582
2024-08-25T14:28:57.361000+00:00,182,118,3,64,55,9582
2024-08-25T14:29:09.241000+00:00,266,126,3,140,55,9582
2024-08-25T14:29:19.041000+00:00,237,186,5,51,55,9582
2024-08-25T14:29:33.081000+00:00,311,100,3,211,55,9582
2024-08-25T14:29:44.161000+00:00,191,143,4,48,55,9582
2024-08-25T14:29:56.841000+00:00,293,247,6,46,55,9582
2024-08-25T14:30:02.641000+00:00,259,211,5,48,55,9582
2024-08-25T14:30:06.121000+00:00,209,108,3,101,55,9582
2024-08-25T14:30:12.361000+00:00,190,110,3,80,55,9582
2024-08-25T14:30:24.321000+00:00,273,125,3,148,55,9582
2024-08-25T14:30:34.081000+00:00,241,180,5,61,55,9582
2024-08-25T14:30:48.362000+00:00,294,101,3,193,55,9582
2024-08-25T14:30:56.921000+00:00,240,194,5,46,55,9582
2024-08-25T14:31:17.961000+00:00,259,212,5,47,55,9582
2024-08-25T14:31:21.282000+00:00,223,111,3,112,55,9582
2024-08-25T14:31:27.682000+00:00,187,136,3,51,55,9582
2024-08-25T14:31:39.441000+00:00,270,126,3,144,55,9582
2024-08-25T14:32:03.481000+00:00,303,105,3,198,55,9582
2024-08-25T14:32:14.442000+00:00,193,143,4,50,55,9582
2024-08-25T14:32:36.082000+00:00,222,119,3,103,55,9582
2024-08-25T14:32:42.282000+00:00,188,120,3,68,55,9582
2024-08-25T14:32:54.242000+00:00,247,130,3,117,55,9582
2024-08-25T14:33:03.881000+00:00,232,191,5,41,55,9582
2024-08-25T14:33:17.881000+00:00,306,114,3,192,55,9582
2024-08-25T14:33:47.122000+00:00,261,215,5,46,55,9582
2024-08-25T14:33:50.561000+00:00,220,112,3,108,55,9582
2024-08-25T14:33:56.842000+00:00,185,114,3,71,55,9582
2024-08-25T14:34:08.762000+00:00,249,131,5,118,55,9582
2024-08-25T14:34:31.402000+00:00,281,94,2,187,55,9582
2024-08-25T12:21:21.095000+00:00,208,151,4,57,63,9582
2024-08-25T12:21:38.215000+00:00,272,231,6,41,63,9582
2024-08-25T12:21:48.615000+00:00,209,130,3,79,63,9582
2024-08-25T12:21:54.975000+00:00,191,128,4,63,63,9582
2024-08-25T12:22:06.415000+00:00,256,116,4,140,63,9582
2024-08-25T12:22:36.735000+00:00,153,86,2,67,63,9582
2024-08-25T12:23:33.216000+00:00,223,182,4,41,63,9582
2024-08-25T12:23:55.815000+00:00,249,202,6,47,63,9582
2024-08-25T12:23:59.976000+00:00,207,111,3,96,63,9582
2024-08-25T12:24:06.176000+00:00,191,125,4,66,63,9582
2024-08-25T12:24:17.536000+00:00,258,120,3,138,63,9582
2024-08-25T12:24:50.736000+00:00,118,54,1,64,63,9582
2024-08-25T12:26:23.576000+00:00,227,185,4,42,63,9582
2024-08-25T12:26:26.136000+00:00,170,129,3,41,63,9582
2024-08-25T12:26:39.376000+00:00,283,242,6,41,63,9582
2024-08-25T12:26:45.456000+00:00,254,198,6,56,63,9582
2024-08-25T12:26:49.496000+00:00,192,120,3,72,63,9582
2024-08-25T12:26:55.456000+00:00,193,142,4,51,63,9582
2024-08-25T12:27:06.816000+00:00,259,124,3,135,63,9582
2024-08-25T12:27:45.296000+00:00,123,58,1,65,63,9582
2024-08-25T12:28:39.576000+00:00,207,122,5,85,63,9582
2024-08-25T12:28:45.536000+00:00,189,143,4,46,63,9582
2024-08-25T12:28:57.376000+00:00,230,121,3,109,63,9582
2024-08-25T12:29:20.057000+00:00,124,59,1,65,63,9582
2024-08-25T13:00:25.343000+00:00,192,148,4,44,63,9582
2024-08-25T13:00:49.223000+00:00,200,116,3,84,63,9582
2024-08-25T13:00:55.863000+00:00,200,96,2,104,63,9582
2024-08-25T13:01:02.703000+00:00,140,88,2,52,63,9582
2024-08-25T13:01:17.143000+00:00,225,72,2,153,63,9582
2024-08-25T13:03:18.624000+00:00,219,109,3,110,63,9582
2024-08-25T13:03:27.944000+00:00,222,173,4,49,63,9582
2024-08-25T13:03:54.184000+00:00,220,122,4,98,63,9582
2024-08-25T13:04:00.864000+00:00,176,126,4,50,63,9582
2024-08-25T13:04:11.704000+00:00,272,125,3,147,63,9582
2024-08-25T13:04:36.623000+00:00,272,120,3,152,63,9582
2024-08-25T13:04:45.344000+00:00,225,181,5,44,63,9582
2024-08-25T13:05:11.144000+00:00,214,118,3,96,63,9582
2024-08-25T13:05:17.144000+00:00,189,123,4,66,63,9582
2024-08-25T13:05:28.144000+00:00,275,125,3,150,63,9582
2024-08-25T13:05:52.824000+00:00,304,113,3,191,63,9582
2024-08-25T13:06:01.704000+00:00,233,187,5,46,63,9582
2024-08-25T13:06:23.584000+00:00,245,202,5,43,63,9582
2024-08-25T13:06:27.424000+00:00,220,109,3,111,63,9582
2024-08-25T13:06:33.664000+00:00,183,121,3,62,63,9582
2024-08-25T13:06:44.984000+00:00,264,127,3,137,63,9582
2024-08-25T13:07:09.545000+00:00,289,107,3,182,63,9582
2024-08-25T13:07:18.184000+00:00,234,180,4,54,63,9582
2024-08-25T13:07:33.784000+00:00,289,242,6,47,63,9582
2024-08-25T13:07:43.745000+00:00,219,121,3,98,63,9582
2024-08-25T13:07:50.225000+00:00,182,112,3,70,63,9582
2024-08-25T13:08:01.585000+00:00,270,126,3,144,63,9582
2024-08-25T13:08:25.944000+00:00,302,111,3,191,63,9582
2024-08-25T13:08:50.345000+00:00,286,236,6,50,63,9582
2024-08-25T13:09:00.424000+00:00,214,116,4,98,63,9582
2024-08-25T13:09:06.544000+00:00,183,118,4,65,63,9582
2024-08-25T13:09:18.184000+00:00,256,126,3,130,63,9582
2024-08-25T13:09:28.105000+00:00,233,192,5,41,63,9582
2024-08-25T13:09:42.665000+00:00,283,114,3,169,63,9582
2024-08-25T13:09:51.425000+00:00,233,188,5,45,63,9582
2024-08-25T13:10:06.825000+00:00,286,231,6,55,63,9582
2024-08-25T13:10:16.985000+00:00,204,120,4,84,63,9582
2024-08-25T13:10:23.105000+00:00,185,134,4,51,63,9582
2024-08-25T13:10:34.705000+00:00,248,133,3,115,63,9582
2024-08-25T13:10:59.065000+00:00,299,111,3,188,63,9582
2024-08-25T13:11:33.145000+00:00,212,114,4,98,63,9582
2024-08-25T13:11:39.585000+00:00,182,118,3,64,63,9582
2024-08-25T13:11:51.185000+00:00,261,124,3,137,63,9582
2024-08-25T13:12:01.145000+00:00,234,193,5,41,63,9582
2024-08-25T13:12:15.585000+00:00,299,109,3,190,63,9582
2024-08-25T13:12:24.225000+00:00,235,194,5,41,63,9582
2024-08-25T13:12:39.866000+00:00,279,225,6,54,63,9582
2024-08-25T13:12:45.786000+00:00,253,191,5,62,63,9582
2024-08-25T13:12:49.705000+00:00,215,115,4,100,63,9582
2024-08-25T13:12:56.345000+00:00,177,116,4,61,63,9582
2024-08-25T13:13:07.785000+00:00,251,122,3,129,63,9582
2024-08-25T13:13:32.306000+00:00,291,112,3,179,63,9582
2024-08-25T13:13:56.465000+00:00,284,226,6,58,63,9582
2024-08-25T13:14:06.266000+00:00,219,127,4,92,63,9582
2024-08-25T13:14:12.826000+00:00,180,128,4,52,63,9582
2024-08-25T13:14:24.466000+00:00,249,129,3,120,63,9582
2024-08-25T13:14:48.945000+00:00,302,110,3,192,63,9582
2024-08-25T13:14:57.706000+00:00,232,183,4,49,63,9582
2024-08-25T13:15:13.386000+00:00,276,233,6,43,63,9582
2024-08-25T13:15:23.146000+00:00,213,115,4,98,63,9582
2024-08-25T13:15:29.426000+00:00,187,116,3,71,63,9582
2024-08-25T13:15:41.186000+00:00,269,125,3,144,63,9582
2024-08-25T13:16:05.546000+00:00,307,115,3,192,63,9582
2024-08-25T13:16:14.426000+00:00,236,189,4,47,63,9582
2024-08-25T13:16:29.826000+00:00,286,238,6,48,63,9582
2024-08-25T13:16:35.786000+00:00,255,208,6,47,63,9582
2024-08-25T13:16:39.586000+00:00,213,113,4,100,63,9582
2024-08-25T13:16:46.106000+00:00,180,119,4,61,63,9582
2024-08-25T13:16:57.546000+00:00,272,123,3,149,63,9582
2024-08-25T13:17:22.147000+00:00,289,112,3,177,63,9582
2024-08-25T13:17:51.986000+00:00,253,199,5,54,63,9582
2024-08-25T13:17:56.107000+00:00,191,111,4,80,63,9582
2024-08-25T13:18:02.707000+00:00,165,117,4,48,63,9582
2024-08-25T13:18:14.307000+00:00,218,121,3,97,63,9582
2024-08-25T13:18:38.426000+00:00,298,116,3,182,63,9582
2024-08-25T13:19:02.427000+00:00,287,232,6,55,63,9582
2024-08-25T13:19:08.747000+00:00,247,205,6,42,63,9582
2024-08-25T13:19:12.667000+00:00,192,118,4,74,63,9582
2024-08-25T13:19:18.906000+00:00,179,120,4,59,63,9582
2024-08-25T13:19:30.667000+00:00,243,122,3,121,63,9582
2024-08-25T13:19:55.107000+00:00,291,114,3,177,63,9582
2024-08-25T13:20:29.227000+00:00,180,124,4,56,63,9582
2024-08-25T13:20:35.347000+00:00,181,119,4,62,63,9582
2024-08-25T13:20:47.027000+00:00,257,119,3,138,63,9582
2024-08-25T13:21:11.428000+00:00,288,119,4,169,63,9582
2024-08-25T13:21:45.108000+00:00,211,121,4,90,63,9582
2024-08-25T13:21:51.668000+00:00,174,131,4,43,63,9582
2024-08-25T13:22:03.187000+00:00,261,126,3,135,63,9582
2024-08-25T13:22:27.867000+00:00,280,118,4,162,63,9582
2024-08-25T13:22:57.628000+00:00,256,214,6,42,63,9582
2024-08-25T13:23:01.467000+00:00,211,121,4,90,63,9582
2024-08-25T13:23:07.827000+00:00,182,128,4,54,63,9582
2024-08-25T13:23:19.428000+00:00,262,126,3,136,63,9582
2024-08-25T13:23:44.068000+00:00,293,113,4,180,63,9582
2024-08-25T13:24:17.468000+00:00,210,116,4,94,63,9582
2024-08-25T13:24:23.948000+00:00,182,108,3,74,63,9582
2024-08-25T13:24:35.788000+00:00,250,122,3,128,63,9582
2024-08-25T13:25:00.068000+00:00,297,116,4,181,63,9582
2024-08-25T13:25:08.828000+00:00,234,192,5,42,63,9582
2024-08-25T13:25:34.348000+00:00,188,114,4,74,63,9582
2024-08-25T13:25:40.629000+00:00,184,114,4,70,63,9582
2024-08-25T13:25:52.708000+00:00,214,121,3,93,63,9582
2024-08-25T13:26:02.308000+00:00,233,190,4,43,63,9582
2024-08-25T13:26:16.828000+00:00,295,118,3,177,63,9582
2024-08-25T13:26:50.588000+00:00,208,108,4,100,63,9582
2024-08-25T13:26:57.028000+00:00,182,110,3,72,63,9582
2024-08-25T13:27:08.828000+00:00,263,128,3,135,63,9582
2024-08-25T13:27:33.589000+00:00,270,115,4,155,63,9582
2024-08-25T13:27:44.468000+00:00,178,133,4,45,63,9582
2024-08-25T13:28:03.348000+00:00,256,200,6,56,63,9582
2024-08-25T13:28:07.149000+00:00,220,109,3,111,63,9582
2024-08-25T13:28:13.829000+00:00,174,118,3,56,63,9582
2024-08-25T13:28:25.389000+00:00,259,125,3,134,63,9582
2024-08-25T13:28:50.308000+00:00,260,119,4,141,63,9582
2024-08-25T13:29:13.989000+00:00,287,238,7,49,63,9582
2024-08-25T13:29:19.949000+00:00,253,210,6,43,63,9582
2024-08-25T13:29:23.988000+00:00,198,117,4,81,63,9582
2024-08-25T13:29:30.348000+00:00,182,122,3,60,63,9582
2024-08-25T13:29:42.149000+00:00,258,129,3,129,63,9582
2024-08-25T13:29:52.149000+00:00,237,182,5,55,63,9582
2024-08-25T13:30:06.749000+00:00,293,121,3,172,63,9582
2024-08-25T13:30:17.709000+00:00,183,136,4,47,63,9582
2024-08-25T13:30:40.149000+00:00,220,115,4,105,63,9582
2024-08-25T13:30:47.149000+00:00,169,115,4,54,63,9582
2024-08-25T13:30:58.749000+00:00,265,124,3,141,63,9582
2024-08-25T13:31:23.230000+00:00,310,114,4,196,63,9582
2024-08-25T13:31:32.069000+00:00,238,196,5,42,63,9582
2024-08-25T13:31:47.429000+00:00,286,245,7,41,63,9582
2024-08-25T13:31:56.990000+00:00,217,114,4,103,63,9582
2024-08-25T13:32:03.750000+00:00,177,117,3,60,63,9582
2024-08-25T13:32:15.670000+00:00,238,121,3,117,63,9582
2024-08-25T13:32:25.429000+00:00,237,193,5,44,63,9582
2024-08-25T13:32:40.309000+00:00,302,115,4,187,63,9582
2024-08-25T13:33:14.269000+00:00,189,114,4,75,63,9582
2024-08-25T13:33:20.749000+00:00,180,116,3,64,63,9582
2024-08-25T13:33:32.389000+00:00,261,124,3,137,63,9582
2024-08-25T13:33:42.430000+00:00,235,190,5,45,63,9582
2024-08-25T13:33:57.110000+00:00,296,119,4,177,63,9582
2024-08-25T13:34:30.230000+00:00,218,119,4,99,63,9582
2024-08-25T13:34:37.070000+00:00,175,117,3,58,63,9582
2024-08-25T13:34:48.830000+00:00,265,123,3,142,63,9582
2024-08-25T13:35:09.110000+00:00,255,58,1,197,63,9582
2024-08-25T13:35:44.510000+00:00,226,171,5,55,63,9582
2024-08-25T13:36:10.430000+00:00,184,112,4,72,63,9582
2024-08-25T13:36:16.590000+00:00,183,118,4,65,63,9582
2024-08-25T13:36:27.670000+00:00,274,127,3,147,63,9582
2024-08-25T13:36:37.590000+00:00,235,193,5,42,63,9582
2024-08-25T13:36:52.151000+00:00,310,117,3,193,63,9582
2024-08-25T13:37:25.271000+00:00,226,114,4,112,63,9582
2024-08-25T13:37:31.551000+00:00,192,130,4,62,63,9582
2024-08-25T13:37:42.710000+00:00,242,124,3,118,63,9582
2024-08-25T13:38:06.791000+00:00,276,116,4,160,63,9582
2024-08-25T13:38:40.111000+00:00,216,116,4,100,63,9582
2024-08-25T13:38:46.631000+00:00,180,123,4,57,63,9582
2024-08-25T13:38:58.031000+00:00,253,119,3,134,63,9582
2024-08-25T13:39:07.990000+00:00,230,181,5,49,63,9582
2024-08-25T13:39:22.110000+00:00,307,115,3,192,63,9582
2024-08-25T13:39:30.951000+00:00,237,184,5,53,63,9582
2024-08-25T13:39:52.991000+00:00,244,202,5,42,63,9582
2024-08-25T13:39:56.831000+00:00,195,106,4,89,63,9582
2024-08-25T13:40:03.191000+00:00,175,122,4,53,63,9582
2024-08-25T13:40:14.910000+00:00,265,112,3,153,63,9582
2024-08-25T13:40:25.271000+00:00,234,192,5,42,63,9582
2024-08-25T13:40:39.631000+00:00,309,113,3,196,63,9582
2024-08-25T13:41:13.391000+00:00,218,121,4,97,63,9582
2024-08-25T13:41:19.671000+00:00,185,128,4,57,63,9582
2024-08-25T13:41:31.031000+00:00,272,121,3,151,63,9582
2024-08-25T13:41:55.592000+00:00,295,129,4,166,63,9582
2024-08-25T13:42:29.032000+00:00,217,127,4,90,63,9582
2024-08-25T13:42:35.432000+00:00,184,118,4,66,63,9582
2024-08-25T13:42:46.832000+00:00,270,125,3,145,63,9582
2024-08-25T13:43:11.271000+00:00,302,125,4,177,63,9582
2024-08-25T13:43:40.872000+00:00,255,209,6,46,63,9582
2024-08-25T13:43:44.671000+00:00,206,122,4,84,63,9582
2024-08-25T13:43:50.871000+00:00,186,120,4,66,63,9582
2024-08-25T13:44:03.112000+00:00,192,128,3,64,63,9582
2024-08-25T13:44:12.352000+00:00,234,193,5,41,63,9582
2024-08-25T13:44:26.832000+00:00,309,128,4,181,63,9582
2024-08-25T13:44:56.592000+00:00,255,207,6,48,63,9582
2024-08-25T13:45:00.552000+00:00,209,115,4,94,63,9582
2024-08-25T13:45:06.872000+00:00,177,132,4,45,63,9582
2024-08-25T13:45:18.392000+00:00,244,131,3,113,63,9582
2024-08-25T13:45:42.432000+00:00,310,119,3,191,63,9582
2024-08-25T13:46:11.952000+00:00,260,217,6,43,63,9582
2024-08-25T13:46:15.432000+00:00,227,139,4,88,63,9582
2024-08-25T13:46:21.912000+00:00,185,121,3,64,63,9582
2024-08-25T13:46:33.352000+00:00,271,129,3,142,63,9582
2024-08-25T13:46:57.553000+00:00,309,123,4,186,63,9582
2024-08-25T13:47:26.952000+00:00,261,212,6,49,63,9582
2024-08-25T13:47:30.633000+00:00,214,119,4,95,63,9582
2024-08-25T13:47:48.232000+00:00,273,121,3,152,63,9582
2024-08-25T13:48:12.552000+00:00,308,118,4,190,63,9582
2024-08-25T13:48:45.233000+00:00,221,128,4,93,63,9582
2024-08-25T13:48:51.993000+00:00,179,130,3,49,63,9582
2024-08-25T13:49:03.553000+00:00,266,124,3,142,63,9582
2024-08-25T13:49:27.592000+00:00,299,122,4,177,63,9582
2024-08-25T13:50:00.913000+00:00,197,116,4,81,63,9582
2024-08-25T13:50:07.112000+00:00,186,117,4,69,63,9582
2024-08-25T13:50:18.633000+00:00,268,126,3,142,63,9582
2024-08-25T13:50:43.113000+00:00,261,118,4,143,63,9582
2024-08-25T13:51:12.393000+00:00,257,216,6,41,63,9582
2024-08-25T13:51:16.073000+00:00,213,109,4,104,63,9582
2024-08-25T13:51:22.673000+00:00,174,116,3,58,63,9582
2024-08-25T13:51:34.353000+00:00,244,121,3,123,63,9582
2024-08-25T13:51:58.593000+00:00,269,123,4,146,63,9582
2024-08-25T13:52:31.553000+00:00,212,116,4,96,63,9582
2024-08-25T13:52:37.873000+00:00,182,116,4,66,63,9582
2024-08-25T13:52:49.593000+00:00,244,132,3,112,63,9582
2024-08-25T13:53:13.514000+00:00,311,107,3,204,63,9582
2024-08-25T13:53:38.034000+00:00,287,244,8,43,63,9582
2024-08-25T13:53:43.953000+00:00,251,207,6,44,63,9582
2024-08-25T13:53:47.674000+00:00,210,109,4,101,63,9582
2024-08-25T13:53:54.194000+00:00,181,131,4,50,63,9582
2024-08-25T13:54:05.274000+00:00,281,123,3,158,63,9582
2024-08-25T13:54:30.193000+00:00,271,120,4,151,63,9582
2024-08-25T13:54:59.594000+00:00,255,209,6,46,63,9582
2024-08-25T13:55:03.434000+00:00,209,116,4,93,63,9582
2024-08-25T13:55:09.914000+00:00,172,118,4,54,63,9582
2024-08-25T13:55:21.234000+00:00,265,125,3,140,63,9582
2024-08-25T13:55:45.754000+00:00,275,123,4,152,63,9582
2024-08-25T13:55:54.154000+00:00,236,195,5,41,63,9582
2024-08-25T13:56:18.594000+00:00,222,115,4,107,63,9582
2024-08-25T13:56:25.154000+00:00,186,124,4,62,63,9582
2024-08-25T13:56:36.874000+00:00,240,122,3,118,63,9582
2024-08-25T13:57:01.034000+00:00,299,125,4,174,63,9582
2024-08-25T13:57:33.994000+00:00,222,109,4,113,63,9582
2024-08-25T13:57:40.474000+00:00,182,131,4,51,63,9582
2024-08-25T13:57:52.314000+00:00,247,121,3,126,63,9582
2024-08-25T13:58:16.755000+00:00,290,122,4,168,63,9582
2024-08-25T13:58:25.394000+00:00,233,190,5,43,63,9582
2024-08-25T13:58:49.755000+00:00,225,112,4,113,63,9582
2024-08-25T13:58:56.235000+00:00,183,125,4,58,63,9582
2024-08-25T13:59:07.835000+00:00,264,131,3,133,63,9582
2024-08-25T13:59:31.954000+00:00,307,123,4,184,63,9582
2024-08-25T14:00:01.195000+00:00,256,215,6,41,63,9582
2024-08-25T14:00:04.675000+00:00,221,114,4,107,63,9582
2024-08-25T14:00:11.155000+00:00,184,115,4,69,63,9582
2024-08-25T14:00:22.915000+00:00,248,131,4,117,63,9582
2024-08-25T14:00:46.835000+00:00,304,122,4,182,63,9582
2024-08-25T14:01:19.435000+00:00,222,113,4,109,63,9582
2024-08-25T14:01:25.995000+00:00,183,123,4,60,63,9582
2024-08-25T14:01:37.595000+00:00,264,123,3,141,63,9582
2024-08-25T14:02:01.675000+00:00,306,129,4,177,63,9582
2024-08-25T14:02:34.555000+00:00,215,110,4,105,63,9582
2024-08-25T14:02:40.955000+00:00,186,115,3,71,63,9582
2024-08-25T14:02:52.516000+00:00,270,132,3,138,63,9582
2024-08-25T14:03:16.635000+00:00,310,121,4,189,63,9582
2024-08-25T14:03:49.596000+00:00,223,117,4,106,63,9582
2024-08-25T14:03:56.196000+00:00,181,122,3,59,63,9582
2024-08-25T14:04:07.835000+00:00,269,122,3,147,63,9582
2024-08-25T14:04:32.076000+00:00,298,119,4,179,63,9582
2024-08-25T14:05:04.916000+00:00,219,111,4,108,63,9582
2024-08-25T14:05:11.556000+00:00,179,118,3,61,63,9582
2024-08-25T14:05:23.156000+00:00,262,118,3,144,63,9582
2024-08-25T14:05:47.236000+00:00,304,120,4,184,63,9582
2024-08-25T14:06:20.236000+00:00,209,113,4,96,63,9582
2024-08-25T14:06:26.596000+00:00,181,111,4,70,63,9582
2024-08-25T14:06:38.396000+00:00,238,125,3,113,63,9582
2024-08-25T14:07:02.436000+00:00,291,124,4,167,63,9582
2024-08-25T14:07:35.077000+00:00,222,113,4,109,63,9582
2024-08-25T14:07:41.717000+00:00,185,104,4,81,63,9582
2024-08-25T14:07:53.437000+00:00,272,133,3,139,63,9582
2024-08-25T14:08:17.556000+00:00,310,132,4,178,63,9582
2024-08-25T14:08:25.997000+00:00,237,194,5,43,63,9582
2024-08-25T14:08:50.756000+00:00,212,111,4,101,63,9582
2024-08-25T14:08:57.236000+00:00,173,121,4,52,63,9582
2024-08-25T14:09:08.717000+00:00,276,124,3,152,63,9582
2024-08-25T14:09:32.917000+00:00,312,116,4,196,63,9582
2024-08-25T14:10:05.757000+00:00,222,111,4,111,63,9582
2024-08-25T14:10:12.597000+00:00,179,125,4,54,63,9582
2024-08-25T14:10:24.317000+00:00,241,129,3,112,63,9582
2024-08-25T14:10:48.557000+00:00,281,116,4,165,63,9582
2024-08-25T14:11:21.557000+00:00,219,123,4,96,63,9582
2024-08-25T14:11:28.397000+00:00,173,125,4,48,63,9582
2024-08-25T14:11:40.077000+00:00,248,123,3,125,63,9582
2024-08-25T14:11:59.917000+00:00,286,62,1,224,63,9582
2024-08-25T14:12:59.517000+00:00,227,117,4,110,63,9582
2024-08-25T14:13:05.637000+00:00,189,141,4,48,63,9582
2024-08-25T14:13:16.758000+00:00,273,130,3,143,63,9582
2024-08-25T14:13:40.637000+00:00,314,124,4,190,63,9582
2024-08-25T14:14:13.397000+00:00,223,129,4,94,63,9582
2024-08-25T14:14:19.517000+00:00,192,123,4,69,63,9582
2024-08-25T14:14:30.838000+00:00,257,126,3,131,63,9582
2024-08-25T14:14:54.798000+00:00,281,125,4,156,63,9582
2024-08-25T14:15:27.278000+00:00,217,119,4,98,63,9582
2024-08-25T14:15:44.638000+00:00,271,137,3,134,63,9582
2024-08-25T14:16:08.718000+00:00,291,128,4,163,63,9582
2024-08-25T14:16:41.238000+00:00,223,118,4,105,63,9582
2024-08-25T14:16:47.238000+00:00,188,136,4,52,63,9582
2024-08-25T14:16:58.838000+00:00,269,129,3,140,63,9582
2024-08-25T14:17:22.758000+00:00,309,124,4,185,63,9582
2024-08-25T14:17:55.398000+00:00,224,110,4,114,63,9582
2024-08-25T14:18:01.758000+00:00,184,127,4,57,63,9582
2024-08-25T14:18:13.039000+00:00,271,134,3,137,63,9582
2024-08-25T14:18:36.758000+00:00,303,128,4,175,63,9582
2024-08-25T14:19:09.198000+00:00,223,115,4,108,63,9582
2024-08-25T14:19:15.838000+00:00,184,137,4,47,63,9582
2024-08-25T14:19:27.039000+00:00,272,132,3,140,63,9582
2024-08-25T14:19:51.159000+00:00,287,125,4,162,63,9582
2024-08-25T14:20:23.639000+00:00,225,120,4,105,63,9582
2024-08-25T14:20:29.999000+00:00,180,121,4,59,63,9582
2024-08-25T14:20:41.359000+00:00,276,125,3,151,63,9582
2024-08-25T14:21:05.039000+00:00,317,128,4,189,63,9582
2024-08-25T14:21:37.999000+00:00,217,120,4,97,63,9582
2024-08-25T14:21:44.199000+00:00,186,135,4,51,63,9582
2024-08-25T14:21:55.720000+00:00,273,120,3,153,63,9582
2024-08-25T14:22:19.959000+00:00,293,114,4,179,63,9582
2024-08-25T14:22:53.039000+00:00,216,111,4,105,63,9582
2024-08-25T14:22:59.559000+00:00,181,117,4,64,63,9582
2024-08-25T14:23:10.879000+00:00,281,122,3,159,63,9582
2024-08-25T14:23:34.760000+00:00,326,115,3,211,63,9582
2024-08-25T14:24:08.040000+00:00,225,133,4,92,63,9582
2024-08-25T14:24:14.440000+00:00,178,134,4,44,63,9582
2024-08-25T14:24:25.999000+00:00,271,143,5,128,63,9582
2024-08-25T14:24:50.440000+00:00,272,121,4,151,63,9582
2024-08-25T14:25:22.560000+00:00,229,122,4,107,63,9582
2024-08-25T14:25:28.960000+00:00,182,131,4,51,63,9582
2024-08-25T14:25:40.760000+00:00,260,129,3,131,63,9582
2024-08-25T14:26:04.520000+00:00,296,123,4,173,63,9582
2024-08-25T14:26:37+00:00,216,112,4,104,63,9582
2024-08-25T14:26:43.560000+00:00,182,131,3,51,63,9582
2024-08-25T14:26:55.120000+00:00,242,134,3,108,63,9582
2024-08-25T14:27:18.761000+00:00,310,119,4,191,63,9582
2024-08-25T14:27:51.281000+00:00,202,116,4,86,63,9582
2024-08-25T14:27:57.441000+00:00,188,116,4,72,63,9582
2024-08-25T14:28:09.480000+00:00,224,132,3,92,63,9582
2024-08-25T14:28:33.361000+00:00,271,117,4,154,63,9582
2024-08-25T14:29:05.681000+00:00,219,125,4,94,63,9582
2024-08-25T14:29:11.841000+00:00,186,137,4,49,63,9582
2024-08-25T14:29:23.601000+00:00,263,127,3,136,63,9582
2024-08-25T14:29:47.281000+00:00,300,121,4,179,63,9582
2024-08-25T14:30:20.001000+00:00,204,113,4,91,63,9582
2024-08-25T14:30:26.081000+00:00,179,126,4,53,63,9582
2024-08-25T14:30:38.121000+00:00,216,141,3,75,63,9582
2024-08-25T14:31:01.842000+00:00,253,124,4,129,63,9582
2024-08-25T14:31:33.681000+00:00,219,114,4,105,63,9582
2024-08-25T14:31:40.041000+00:00,182,140,4,42,63,9582
2024-08-25T14:31:51.801000+00:00,250,126,3,124,63,9582
2024-08-25T14:32:15.682000+00:00,306,120,4,186,63,9582
2024-08-25T14:32:48.282000+00:00,213,117,4,96,63,9582
2024-08-25T14:32:54.562000+00:00,183,132,4,51,63,9582
2024-08-25T14:33:06.282000+00:00,264,126,3,138,63,9582
2024-08-25T14:33:30.721000+00:00,277,120,4,157,63,9582
2024-08-25T14:34:02.962000+00:00,226,119,4,107,63,9582
2024-08-25T14:34:09.202000+00:00,182,117,4,65,63,9582
2024-08-25T14:34:20.842000+00:00,274,126,4,148,63,9582
2024-08-25T14:34:43.082000+00:00,288,87,4,201,63,9582
2024-08-25T12:21:43.615000+00:00,205,143,4,62,77,9582
2024-08-25T12:22:08.495000+00:00,232,185,5,47,77,9582
2024-08-25T12:22:12.536000+00:00,196,112,3,84,77,9582
2024-08-25T12:22:18.616000+00:00,188,117,4,71,77,9582
2024-08-25T12:22:30.695000+00:00,212,113,3,99,77,9582
2024-08-25T12:22:41.135000+00:00,211,162,5,49,77,9582
2024-08-25T12:22:44.856000+00:00,189,135,4,54,77,9582
2024-08-25T12:24:23.015000+00:00,217,117,3,100,77,9582
2024-08-25T12:24:29.095000+00:00,191,125,3,66,77,9582
2024-08-25T12:24:40.775000+00:00,237,118,3,119,77,9582
2024-08-25T12:24:58.656000+00:00,165,83,2,82,77,9582
2024-08-25T12:25:52.336000+00:00,181,134,4,47,77,9582
2024-08-25T12:26:15.656000+00:00,206,125,3,81,77,9582
2024-08-25T12:26:21.816000+00:00,189,123,4,66,77,9582
2024-08-25T12:26:33.736000+00:00,201,120,3,81,77,9582
2024-08-25T13:00:50.783000+00:00,171,97,2,74,77,9582
2024-08-25T13:01:00.703000+00:00,209,162,5,47,77,9582
2024-08-25T13:01:18.223000+00:00,250,191,6,59,77,9582
2024-08-25T13:01:28.903000+00:00,216,113,3,103,77,9582
2024-08-25T13:01:35.383000+00:00,193,117,4,76,77,9582
2024-08-25T13:01:47.623000+00:00,199,52,1,147,77,9582
2024-08-25T13:02:17.303000+00:00,101,53,1,48,77,9582
2024-08-25T13:03:19.264000+00:00,240,117,3,123,77,9582
2024-08-25T13:03:29.823000+00:00,224,161,5,63,77,9582
2024-08-25T13:03:46.984000+00:00,274,183,5,91,77,9582
2024-08-25T13:03:53.344000+00:00,246,181,5,65,77,9582
2024-08-25T13:03:57.623000+00:00,212,102,3,110,77,9582
2024-08-25T13:04:04.543000+00:00,188,127,4,61,77,9582
2024-08-25T13:04:15.463000+00:00,255,85,3,170,77,9582
2024-08-25T13:04:26.944000+00:00,217,158,5,59,77,9582
2024-08-25T13:04:41.664000+00:00,310,108,3,202,77,9582
2024-08-25T13:04:51.224000+00:00,222,156,5,66,77,9582
2024-08-25T13:04:53.784000+00:00,164,109,3,55,77,9582
2024-08-25T13:05:07.704000+00:00,270,223,6,47,77,9582
2024-08-25T13:05:13.424000+00:00,254,195,5,59,77,9582
2024-08-25T13:05:17.144000+00:00,219,99,3,120,77,9582
2024-08-25T13:05:23.944000+00:00,189,107,3,82,77,9582
2024-08-25T13:05:34.984000+00:00,281,96,3,185,77,9582
2024-08-25T13:05:45.824000+00:00,222,165,5,57,77,9582
2024-08-25T13:05:59.784000+00:00,316,123,3,193,77,9582
2024-08-25T13:06:09.264000+00:00,223,157,4,66,77,9582
2024-08-25T13:06:12.744000+00:00,169,115,3,54,77,9582
2024-08-25T13:06:26.264000+00:00,272,231,6,41,77,9582
2024-08-25T13:06:32.144000+00:00,247,204,6,43,77,9582
2024-08-25T13:06:36.105000+00:00,186,98,3,88,77,9582
2024-08-25T13:06:42.465000+00:00,186,107,3,79,77,9582
2024-08-25T13:06:53.584000+00:00,275,114,3,161,77,9582
2024-08-25T13:07:03.904000+00:00,228,163,5,65,77,9582
2024-08-25T13:07:18.704000+00:00,306,110,3,196,77,9582
2024-08-25T13:07:27.984000+00:00,220,169,5,51,77,9582
2024-08-25T13:07:30.624000+00:00,175,128,3,47,77,9582
2024-08-25T13:07:43.984000+00:00,274,227,6,47,77,9582
2024-08-25T13:07:49.825000+00:00,239,187,5,52,77,9582
2024-08-25T13:07:53.504000+00:00,202,100,3,102,77,9582
2024-08-25T13:07:59.864000+00:00,186,107,3,79,77,9582
2024-08-25T13:08:11.664000+00:00,236,118,3,118,77,9582
2024-08-25T13:08:21.465000+00:00,226,181,5,45,77,9582
2024-08-25T13:08:36.425000+00:00,265,113,3,152,77,9582
2024-08-25T13:08:47.865000+00:00,170,127,4,43,77,9582
2024-08-25T13:09:07.024000+00:00,241,193,5,48,77,9582
2024-08-25T13:09:10.425000+00:00,207,105,3,102,77,9582
2024-08-25T13:09:17.025000+00:00,185,115,3,70,77,9582
2024-08-25T13:09:28.905000+00:00,243,115,3,128,77,9582
2024-08-25T13:09:53.345000+00:00,307,110,3,197,77,9582
2024-08-25T13:10:18.465000+00:00,284,239,7,45,77,9582
2024-08-25T13:10:27.465000+00:00,221,109,3,112,77,9582
2024-08-25T13:10:34.025000+00:00,188,113,4,75,77,9582
2024-08-25T13:10:45.905000+00:00,257,114,3,143,77,9582
2024-08-25T13:10:55.905000+00:00,230,181,5,49,77,9582
2024-08-25T13:11:10.465000+00:00,296,114,3,182,77,9582
2024-08-25T13:11:19.465000+00:00,223,173,5,50,77,9582
2024-08-25T13:11:21.905000+00:00,180,127,4,53,77,9582
2024-08-25T13:11:44.705000+00:00,212,105,3,107,77,9582
2024-08-25T13:11:51.505000+00:00,179,123,3,56,77,9582
2024-08-25T13:12:03.185000+00:00,262,120,3,142,77,9582
2024-08-25T13:12:28.025000+00:00,285,107,3,178,77,9582
2024-08-25T13:12:36.745000+00:00,227,182,5,45,77,9582
2024-08-25T13:12:39.186000+00:00,183,135,4,48,77,9582
2024-08-25T13:12:52.506000+00:00,279,236,6,43,77,9582
2024-08-25T13:13:01.785000+00:00,216,105,3,111,77,9582
2024-08-25T13:13:08.425000+00:00,188,102,4,86,77,9582
2024-08-25T13:13:20.186000+00:00,266,115,3,151,77,9582
2024-08-25T13:13:30.346000+00:00,230,175,5,55,77,9582
2024-08-25T13:13:45.106000+00:00,291,109,3,182,77,9582
2024-08-25T13:13:53.866000+00:00,226,181,4,45,77,9582
2024-08-25T13:13:56.465000+00:00,181,132,3,49,77,9582
2024-08-25T13:14:19.706000+00:00,199,107,3,92,77,9582
2024-08-25T13:14:26.186000+00:00,182,108,3,74,77,9582
2024-08-25T13:14:38.186000+00:00,228,119,3,109,77,9582
2024-08-25T13:14:48.185000+00:00,225,176,5,49,77,9582
2024-08-25T13:15:02.786000+00:00,290,108,3,182,77,9582
2024-08-25T13:15:11.946000+00:00,212,168,5,44,77,9582
2024-08-25T13:15:14.426000+00:00,178,130,4,48,77,9582
2024-08-25T13:15:33.666000+00:00,236,195,5,41,77,9582
2024-08-25T13:15:36.986000+00:00,213,100,3,113,77,9582
2024-08-25T13:15:43.906000+00:00,170,103,3,67,77,9582
2024-08-25T13:15:55.426000+00:00,263,117,3,146,77,9582
2024-08-25T13:16:20.466000+00:00,289,108,3,181,77,9582
2024-08-25T13:16:29.426000+00:00,224,181,5,43,77,9582
2024-08-25T13:16:31.906000+00:00,177,130,4,47,77,9582
2024-08-25T13:16:45.226000+00:00,277,235,6,42,77,9582
2024-08-25T13:16:50.946000+00:00,245,201,6,44,77,9582
2024-08-25T13:16:54.667000+00:00,210,101,3,109,77,9582
2024-08-25T13:17:01.707000+00:00,167,109,3,58,77,9582
2024-08-25T13:17:13.226000+00:00,257,113,3,144,77,9582
2024-08-25T13:17:37.946000+00:00,286,103,3,183,77,9582
2024-08-25T13:17:46.947000+00:00,222,177,5,45,77,9582
2024-08-25T13:18:08.587000+00:00,248,200,6,48,77,9582
2024-08-25T13:18:12.266000+00:00,212,108,3,104,77,9582
2024-08-25T13:18:18.986000+00:00,176,105,4,71,77,9582
2024-08-25T13:18:30.826000+00:00,248,117,3,131,77,9582
2024-08-25T13:18:55.627000+00:00,301,104,3,197,77,9582
2024-08-25T13:19:04.706000+00:00,226,180,5,46,77,9582
2024-08-25T13:19:26.707000+00:00,245,192,5,53,77,9582
2024-08-25T13:19:30.027000+00:00,215,101,3,114,77,9582
2024-08-25T13:19:37.187000+00:00,169,93,3,76,77,9582
2024-08-25T13:19:48.707000+00:00,260,114,3,146,77,9582
2024-08-25T13:20:13.827000+00:00,285,109,3,176,77,9582
2024-08-25T13:20:22.627000+00:00,230,178,5,52,77,9582
2024-08-25T13:20:25.347000+00:00,182,140,4,42,77,9582
2024-08-25T13:20:44.468000+00:00,248,178,5,70,77,9582
2024-08-25T13:20:48.027000+00:00,211,105,3,106,77,9582
2024-08-25T13:20:55.227000+00:00,167,100,4,67,77,9582
2024-08-25T13:21:06.987000+00:00,248,113,3,135,77,9582
2024-08-25T13:21:31.708000+00:00,302,98,3,204,77,9582
2024-08-25T13:21:40.987000+00:00,200,155,5,45,77,9582
2024-08-25T13:21:44.468000+00:00,162,116,3,46,77,9582
2024-08-25T13:21:58.068000+00:00,263,218,6,45,77,9582
2024-08-25T13:22:07.467000+00:00,214,101,3,113,77,9582
2024-08-25T13:22:14.267000+00:00,181,108,4,73,77,9582
2024-08-25T13:22:26.227000+00:00,263,111,3,152,77,9582
2024-08-25T13:22:46.627000+00:00,281,58,1,223,77,9582
2024-08-25T13:23:22.388000+00:00,225,166,5,59,77,9582
2024-08-25T13:23:25.308000+00:00,171,120,4,51,77,9582
2024-08-25T13:23:44.628000+00:00,250,198,6,52,77,9582
2024-08-25T13:23:48.307000+00:00,212,123,4,89,77,9582
2024-08-25T13:23:54.547000+00:00,180,121,4,59,77,9582
2024-08-25T13:24:05.828000+00:00,258,125,3,133,77,9582
2024-08-25T13:24:30.708000+00:00,294,117,3,177,77,9582
2024-08-25T13:24:39.228000+00:00,232,187,5,45,77,9582
2024-08-25T13:25:00.627000+00:00,251,204,6,47,77,9582
2024-08-25T13:25:04.308000+00:00,214,126,3,88,77,9582
2024-08-25T13:25:10.468000+00:00,190,116,4,74,77,9582
2024-08-25T13:25:22.148000+00:00,234,118,3,116,77,9582
2024-08-25T13:25:46.868000+00:00,276,115,3,161,77,9582
2024-08-25T13:25:57.988000+00:00,185,132,4,53,77,9582
2024-08-25T13:26:20.549000+00:00,216,113,4,103,77,9582
2024-08-25T13:26:26.909000+00:00,191,111,4,80,77,9582
2024-08-25T13:26:38.228000+00:00,261,126,3,135,77,9582
2024-08-25T13:27:03.228000+00:00,286,111,3,175,77,9582
2024-08-25T13:27:11.708000+00:00,231,189,6,42,77,9582
2024-08-25T13:27:36.988000+00:00,209,112,3,97,77,9582
2024-08-25T13:27:43.228000+00:00,189,120,4,69,77,9582
2024-08-25T13:27:55.029000+00:00,252,117,3,135,77,9582
2024-08-25T13:28:19.669000+00:00,295,106,3,189,77,9582
2024-08-25T13:28:53.629000+00:00,211,113,4,98,77,9582
2024-08-25T13:28:59.709000+00:00,188,107,4,81,77,9582
2024-08-25T13:29:11.589000+00:00,260,122,4,138,77,9582
2024-08-25T13:29:36.668000+00:00,279,108,3,171,77,9582
2024-08-25T13:29:45.189000+00:00,230,186,5,44,77,9582
2024-08-25T13:29:47.709000+00:00,181,136,4,45,77,9582
2024-08-25T13:30:06.749000+00:00,248,207,6,41,77,9582
2024-08-25T13:30:10.269000+00:00,217,110,4,107,77,9582
2024-08-25T13:30:28.549000+00:00,243,120,3,123,77,9582
2024-08-25T13:30:38.549000+00:00,225,184,5,41,77,9582
2024-08-25T13:30:53.469000+00:00,282,122,4,160,77,9582
2024-08-25T13:31:02.109000+00:00,230,173,5,57,77,9582
2024-08-25T13:31:04.429000+00:00,181,137,4,44,77,9582
2024-08-25T13:31:27.349000+00:00,210,112,4,98,77,9582
2024-08-25T13:31:33.549000+00:00,190,112,4,78,77,9582
2024-08-25T13:31:45.469000+00:00,252,118,3,134,77,9582
2024-08-25T13:32:10.270000+00:00,280,121,3,159,77,9582
2024-08-25T13:32:18.749000+00:00,230,170,5,60,77,9582
2024-08-25T13:32:21.629000+00:00,176,134,4,42,77,9582
2024-08-25T13:32:43.990000+00:00,218,112,3,106,77,9582
2024-08-25T13:32:50.510000+00:00,182,110,4,72,77,9582
2024-08-25T13:33:02.110000+00:00,260,116,3,144,77,9582
2024-08-25T13:33:26.869000+00:00,286,111,3,175,77,9582
2024-08-25T13:33:38.189000+00:00,181,139,4,42,77,9582
2024-08-25T13:33:57.110000+00:00,248,206,5,42,77,9582
2024-08-25T13:34:00.550000+00:00,209,120,3,89,77,9582
2024-08-25T13:34:06.990000+00:00,189,115,4,74,77,9582
2024-08-25T13:34:18.749000+00:00,241,117,3,124,77,9582
2024-08-25T13:34:43.630000+00:00,274,119,3,155,77,9582
2024-08-25T13:34:52.309000+00:00,229,183,5,46,77,9582
2024-08-25T13:34:54.670000+00:00,185,144,4,41,77,9582
2024-08-25T13:35:17.270000+00:00,214,106,3,108,77,9582
2024-08-25T13:35:23.750000+00:00,183,108,4,75,77,9582
2024-08-25T13:35:35.310000+00:00,254,124,3,130,77,9582
2024-08-25T13:36:00.470000+00:00,272,109,3,163,77,9582
2024-08-25T13:36:11.470000+00:00,183,140,4,43,77,9582
2024-08-25T13:36:34.310000+00:00,212,110,3,102,77,9582
2024-08-25T13:36:40.630000+00:00,189,103,3,86,77,9582
2024-08-25T13:37:17.230000+00:00,282,107,3,175,77,9582
2024-08-25T13:37:41.670000+00:00,279,226,6,53,77,9582
2024-08-25T13:37:47.390000+00:00,248,196,5,52,77,9582
2024-08-25T13:37:51.071000+00:00,212,113,4,99,77,9582
2024-08-25T13:37:57.591000+00:00,181,106,4,75,77,9582
2024-08-25T13:38:09.350000+00:00,233,121,3,112,77,9582
2024-08-25T13:38:33.950000+00:00,284,113,3,171,77,9582
2024-08-25T13:38:45.311000+00:00,182,138,4,44,77,9582
2024-08-25T13:39:07.990000+00:00,211,105,3,106,77,9582
2024-08-25T13:39:14.750000+00:00,172,124,4,48,77,9582
2024-08-25T13:39:26.111000+00:00,253,116,3,137,77,9582
2024-08-25T13:39:51.191000+00:00,284,110,3,174,77,9582
2024-08-25T13:39:59.831000+00:00,232,178,5,54,77,9582
2024-08-25T13:40:15.711000+00:00,279,213,6,66,77,9582
2024-08-25T13:40:21.510000+00:00,247,197,6,50,77,9582
2024-08-25T13:40:25.111000+00:00,216,113,3,103,77,9582
2024-08-25T13:40:31.351000+00:00,190,102,4,88,77,9582
2024-08-25T13:40:43.591000+00:00,252,124,3,128,77,9582
2024-08-25T13:41:08.551000+00:00,287,118,3,169,77,9582
2024-08-25T13:41:19.671000+00:00,178,132,4,46,77,9582
2024-08-25T13:41:38.511000+00:00,249,201,6,48,77,9582
2024-08-25T13:41:42.311000+00:00,215,118,3,97,77,9582
2024-08-25T13:41:48.672000+00:00,186,115,4,71,77,9582
2024-08-25T13:42:00.511000+00:00,254,127,3,127,77,9582
2024-08-25T13:42:25.671000+00:00,260,121,3,139,77,9582
2024-08-25T13:42:34.312000+00:00,224,174,5,50,77,9582
2024-08-25T13:42:55.912000+00:00,250,207,6,43,77,9582
2024-08-25T13:42:59.872000+00:00,194,112,3,82,77,9582
2024-08-25T13:43:05.991000+00:00,189,104,4,85,77,9582
2024-08-25T13:43:17.911000+00:00,250,117,3,133,77,9582
2024-08-25T13:43:42.672000+00:00,280,110,3,170,77,9582
2024-08-25T13:43:51.471000+00:00,225,179,5,46,77,9582
2024-08-25T13:44:07.272000+00:00,277,232,6,45,77,9582
2024-08-25T13:44:13.072000+00:00,242,185,5,57,77,9582
2024-08-25T13:44:16.832000+00:00,213,113,3,100,77,9582
2024-08-25T13:44:23.032000+00:00,188,110,4,78,77,9582
2024-08-25T13:44:34.712000+00:00,255,97,3,158,77,9582
2024-08-25T13:44:59.752000+00:00,318,103,3,215,77,9582
2024-08-25T13:45:09.152000+00:00,235,152,5,83,77,9582
2024-08-25T13:45:25.632000+00:00,280,229,6,51,77,9582
2024-08-25T13:45:35.352000+00:00,210,108,3,102,77,9582
2024-08-25T13:45:42.112000+00:00,176,105,4,71,77,9582
2024-08-25T13:45:53.632000+00:00,262,119,3,143,77,9582
2024-08-25T13:46:18.912000+00:00,291,112,3,179,77,9582
2024-08-25T13:46:27.592000+00:00,223,169,5,54,77,9582
2024-08-25T13:46:52.912000+00:00,211,102,3,109,77,9582
2024-08-25T13:46:59.512000+00:00,186,111,4,75,77,9582
2024-08-25T13:47:11.393000+00:00,244,114,3,130,77,9582
2024-08-25T13:47:35.952000+00:00,293,106,3,187,77,9582
2024-08-25T13:47:44.913000+00:00,228,179,5,49,77,9582
2024-08-25T13:47:47.432000+00:00,182,137,4,45,77,9582
2024-08-25T13:48:06.432000+00:00,249,194,5,55,77,9582
2024-08-25T13:48:09.993000+00:00,216,105,3,111,77,9582
2024-08-25T13:48:16.513000+00:00,188,114,4,74,77,9582
2024-08-25T13:48:28.152000+00:00,264,122,3,142,77,9582
2024-08-25T13:48:52.553000+00:00,298,113,3,185,77,9582
2024-08-25T13:49:01.713000+00:00,228,170,5,58,77,9582
2024-08-25T13:49:27.592000+00:00,209,102,3,107,77,9582
2024-08-25T13:49:33.832000+00:00,185,106,4,79,77,9582
2024-08-25T13:49:45.833000+00:00,254,116,3,138,77,9582
2024-08-25T13:50:10.633000+00:00,289,108,3,181,77,9582
2024-08-25T13:50:19.273000+00:00,229,187,5,42,77,9582
2024-08-25T13:50:41.033000+00:00,247,198,5,49,77,9582
2024-08-25T13:50:44.713000+00:00,212,107,3,105,77,9582
2024-08-25T13:50:51.153000+00:00,185,109,4,76,77,9582
2024-08-25T13:51:03.113000+00:00,243,117,3,126,77,9582
2024-08-25T13:51:27.833000+00:00,289,106,3,183,77,9582
2024-08-25T13:51:36.593000+00:00,227,183,5,44,77,9582
2024-08-25T13:51:58.113000+00:00,252,203,6,49,77,9582
2024-08-25T13:52:01.633000+00:00,218,109,3,109,77,9582
2024-08-25T13:52:08.033000+00:00,187,99,4,88,77,9582
2024-08-25T13:52:20.394000+00:00,258,127,3,131,77,9582
2024-08-25T13:52:45.674000+00:00,275,114,3,161,77,9582
2024-08-25T13:52:54.274000+00:00,228,178,5,50,77,9582
2024-08-25T13:52:56.673000+00:00,176,129,4,47,77,9582
2024-08-25T13:53:10.073000+00:00,279,236,6,43,77,9582
2024-08-25T13:53:19.714000+00:00,207,109,3,98,77,9582
2024-08-25T13:53:26.034000+00:00,185,111,3,74,77,9582
2024-08-25T13:53:38.034000+00:00,238,125,3,113,77,9582
2024-08-25T13:53:47.914000+00:00,229,185,5,44,77,9582
2024-08-25T13:54:02.673000+00:00,289,105,2,184,77,9582
2024-08-25T13:54:11.514000+00:00,226,182,5,44,77,9582
2024-08-25T13:54:36.513000+00:00,219,110,4,109,77,9582
2024-08-25T13:54:43.073000+00:00,186,111,4,75,77,9582
2024-08-25T13:54:55.074000+00:00,237,126,3,111,77,9582
2024-08-25T13:55:05.114000+00:00,228,183,5,45,77,9582
2024-08-25T13:55:20.034000+00:00,280,103,3,177,77,9582
2024-08-25T13:55:30.914000+00:00,178,132,4,46,77,9582
2024-08-25T13:55:53.954000+00:00,206,103,3,103,77,9582
2024-08-25T13:56:00.594000+00:00,188,94,3,94,77,9582
2024-08-25T13:56:12.394000+00:00,245,117,3,128,77,9582
2024-08-25T13:56:22.595000+00:00,223,181,5,42,77,9582
2024-08-25T13:56:37.514000+00:00,269,114,3,155,77,9582
2024-08-25T13:56:46.034000+00:00,227,179,5,48,77,9582
2024-08-25T13:56:59.834000+00:00,281,180,5,101,77,9582
2024-08-25T13:57:08.755000+00:00,240,186,5,54,77,9582
2024-08-25T13:57:12.434000+00:00,214,102,3,112,77,9582
2024-08-25T13:57:19.234000+00:00,171,101,3,70,77,9582
2024-08-25T13:57:30.794000+00:00,260,110,3,150,77,9582
2024-08-25T13:57:55.915000+00:00,288,109,3,179,77,9582
2024-08-25T13:58:04.874000+00:00,229,157,5,72,77,9582
2024-08-25T13:58:21.115000+00:00,281,237,6,44,77,9582
2024-08-25T13:58:26.874000+00:00,247,182,5,65,77,9582
2024-08-25T13:58:30.395000+00:00,216,102,3,114,77,9582
2024-08-25T13:58:37.075000+00:00,187,106,3,81,77,9582
2024-08-25T13:58:49.035000+00:00,246,119,3,127,77,9582
2024-08-25T13:59:08.715000+00:00,286,62,1,224,77,9582
2024-08-25T13:59:44.355000+00:00,214,165,6,49,77,9582
2024-08-25T14:00:06.835000+00:00,239,195,6,44,77,9582
2024-08-25T14:00:10.515000+00:00,216,117,4,99,77,9582
2024-08-25T14:00:16.515000+00:00,195,113,4,82,77,9582
2024-08-25T14:00:27.915000+00:00,256,121,3,135,77,9582
2024-08-25T14:00:37.755000+00:00,231,182,5,49,77,9582
2024-08-25T14:00:52.635000+00:00,300,122,3,178,77,9582
2024-08-25T14:01:01.115000+00:00,233,189,5,44,77,9582
2024-08-25T14:01:22.475000+00:00,253,202,6,51,77,9582
2024-08-25T14:01:26.315000+00:00,212,116,3,96,77,9582
2024-08-25T14:01:32.396000+00:00,194,111,4,83,77,9582
2024-08-25T14:01:44.195000+00:00,237,119,3,118,77,9582
2024-08-25T14:01:53.835000+00:00,234,188,5,46,77,9582
2024-08-25T14:02:08.835000+00:00,291,117,3,174,77,9582
2024-08-25T14:02:16.955000+00:00,231,174,5,57,77,9582
2024-08-25T14:02:38.516000+00:00,249,204,6,45,77,9582
2024-08-25T14:02:42.275000+00:00,217,115,3,102,77,9582
2024-08-25T14:02:48.355000+00:00,193,111,4,82,77,9582
2024-08-25T14:03:00.115000+00:00,244,126,3,118,77,9582
2024-08-25T14:03:24.916000+00:00,282,123,3,159,77,9582
2024-08-25T14:03:33.196000+00:00,232,186,5,46,77,9582
2024-08-25T14:03:54.955000+00:00,248,203,6,45,77,9582
2024-08-25T14:03:58.876000+00:00,199,115,3,84,77,9582
2024-08-25T14:04:05.076000+00:00,190,109,3,81,77,9582
2024-08-25T14:04:18.116000+00:00,164,113,3,51,77,9582
2024-08-25T14:04:28.155000+00:00,227,183,5,44,77,9582
2024-08-25T14:04:42.916000+00:00,314,113,3,201,77,9582
2024-08-25T14:04:51.156000+00:00,236,181,5,55,77,9582
2024-08-25T14:05:07.116000+00:00,285,236,6,49,77,9582
2024-08-25T14:05:12.756000+00:00,252,198,5,54,77,9582
2024-08-25T14:05:16.596000+00:00,218,127,4,91,77,9582
2024-08-25T14:05:22.756000+00:00,189,104,4,85,77,9582
2024-08-25T14:05:34.316000+00:00,258,117,3,141,77,9582
2024-08-25T14:05:44.316000+00:00,235,190,6,45,77,9582
2024-08-25T14:05:59.436000+00:00,277,111,3,166,77,9582
2024-08-25T14:06:07.757000+00:00,229,179,5,50,77,9582
2024-08-25T14:06:10.556000+00:00,176,130,4,46,77,9582
2024-08-25T14:06:29.316000+00:00,249,201,6,48,77,9582
2024-08-25T14:06:33.196000+00:00,210,120,3,90,77,9582
2024-08-25T14:06:39.356000+00:00,189,104,3,85,77,9582
2024-08-25T14:06:51.116000+00:00,253,122,3,131,77,9582
2024-08-25T14:07:15.836000+00:00,288,119,3,169,77,9582
2024-08-25T14:07:24.356000+00:00,230,180,5,50,77,9582
2024-08-25T14:07:40.317000+00:00,277,234,6,43,77,9582
2024-08-25T14:07:46.036000+00:00,247,205,6,42,77,9582
2024-08-25T14:07:49.716000+00:00,217,118,4,99,77,9582
2024-08-25T14:07:55.796000+00:00,191,112,4,79,77,9582
2024-08-25T14:08:07.677000+00:00,239,123,3,116,77,9582
2024-08-25T14:08:32.356000+00:00,274,114,3,160,77,9582
2024-08-25T14:08:40.637000+00:00,233,189,5,44,77,9582
2024-08-25T14:09:05.957000+00:00,208,115,3,93,77,9582
2024-08-25T14:09:12.157000+00:00,192,106,3,86,77,9582
2024-08-25T14:09:24.076000+00:00,243,125,3,118,77,9582
2024-08-25T14:09:48.797000+00:00,271,113,3,158,77,9582
2024-08-25T14:09:57.236000+00:00,229,188,5,41,77,9582
2024-08-25T14:10:13.037000+00:00,277,227,6,50,77,9582
2024-08-25T14:10:18.717000+00:00,248,203,6,45,77,9582
2024-08-25T14:10:22.477000+00:00,210,124,3,86,77,9582
2024-08-25T14:10:40.237000+00:00,253,121,3,132,77,9582
2024-08-25T14:11:05.157000+00:00,277,120,3,157,77,9582
2024-08-25T14:11:16.077000+00:00,186,141,4,45,77,9582
2024-08-25T14:11:38.517000+00:00,219,108,3,111,77,9582
2024-08-25T14:11:44.997000+00:00,189,112,3,77,77,9582
2024-08-25T14:11:57.637000+00:00,168,118,3,50,77,9582
2024-08-25T14:12:21.477000+00:00,283,111,3,172,77,9582
2024-08-25T14:12:30.078000+00:00,224,177,5,47,77,9582
2024-08-25T14:12:32.557000+00:00,185,134,4,51,77,9582
2024-08-25T14:12:51.357000+00:00,249,205,5,44,77,9582
2024-08-25T14:12:54.717000+00:00,225,119,3,106,77,9582
2024-08-25T14:13:01.157000+00:00,190,121,4,69,77,9582
2024-08-25T14:13:12.677000+00:00,258,124,3,134,77,9582
2024-08-25T14:13:37.798000+00:00,261,116,3,145,77,9582
2024-08-25T14:13:45.997000+00:00,227,184,5,43,77,9582
2024-08-25T14:13:48.478000+00:00,180,137,4,43,77,9582
2024-08-25T14:14:10.838000+00:00,219,116,3,103,77,9582
2024-08-25T14:14:17.238000+00:00,189,127,4,62,77,9582
2024-08-25T14:14:29.158000+00:00,242,125,3,117,77,9582
2024-08-25T14:14:39.077000+00:00,231,186,5,45,77,9582
2024-08-25T14:14:53.837000+00:00,284,121,3,163,77,9582
2024-08-25T14:15:06.557000+00:00,169,124,3,45,77,9582
2024-08-25T14:15:29.198000+00:00,211,109,3,102,77,9582
2024-08-25T14:15:35.558000+00:00,188,112,4,76,77,9582
2024-08-25T14:15:47.158000+00:00,241,128,3,113,77,9582
2024-08-25T14:15:56.758000+00:00,234,187,5,47,77,9582
2024-08-25T14:16:11.878000+00:00,267,115,3,152,77,9582
2024-08-25T14:16:18.278000+00:00,188,145,4,43,77,9582
2024-08-25T14:16:24.518000+00:00,167,126,3,41,77,9582
2024-08-25T14:16:43.638000+00:00,249,204,6,45,77,9582
2024-08-25T14:16:47.078000+00:00,221,113,3,108,77,9582
2024-08-25T14:16:53.718000+00:00,178,123,4,55,77,9582
2024-08-25T14:17:04.958000+00:00,267,118,3,149,77,9582
2024-08-25T14:17:15.158000+00:00,232,187,5,45,77,9582
2024-08-25T14:17:30.158000+00:00,283,119,3,164,77,9582
2024-08-25T14:17:38.639000+00:00,238,181,5,57,77,9582
2024-08-25T14:17:41.238000+00:00,179,138,4,41,77,9582
2024-08-25T14:17:54.199000+00:00,286,235,6,51,77,9582
2024-08-25T14:18:03.638000+00:00,221,112,3,109,77,9582
2024-08-25T14:18:09.998000+00:00,185,121,4,64,77,9582
2024-08-25T14:18:21.638000+00:00,263,119,3,144,77,9582
2024-08-25T14:18:46.319000+00:00,289,119,3,170,77,9582
2024-08-25T14:18:57.278000+00:00,178,133,4,45,77,9582
2024-08-25T14:19:16.318000+00:00,244,199,5,45,77,9582
2024-08-25T14:19:19.919000+00:00,215,114,3,101,77,9582
2024-08-25T14:19:26.279000+00:00,186,136,4,50,77,9582
2024-08-25T14:19:37.959000+00:00,254,122,3,132,77,9582
2024-08-25T14:20:02.358000+00:00,285,110,3,175,77,9582
2024-08-25T14:20:11.079000+00:00,227,181,5,46,77,9582
2024-08-25T14:20:36.279000+00:00,206,113,3,93,77,9582
2024-08-25T14:20:42.679000+00:00,179,103,4,76,77,9582
2024-08-25T14:20:54.039000+00:00,262,122,3,140,77,9582
2024-08-25T14:21:19.599000+00:00,226,116,3,110,77,9582
2024-08-25T14:21:52.479000+00:00,220,112,3,108,77,9582
2024-08-25T14:21:58.839000+00:00,193,108,4,85,77,9582
2024-08-25T14:22:10.679000+00:00,240,140,4,100,77,9582
2024-08-25T14:22:35.480000+00:00,267,111,3,156,77,9582
2024-08-25T14:22:43.880000+00:00,234,181,5,53,77,9582
2024-08-25T14:22:46.439000+00:00,182,132,4,50,77,9582
2024-08-25T14:22:59.879000+00:00,278,235,6,43,77,9582
2024-08-25T14:23:09.160000+00:00,214,122,3,92,77,9582
2024-08-25T14:23:15.640000+00:00,186,103,3,83,77,9582
2024-08-25T14:23:27.680000+00:00,210,133,4,77,77,9582
2024-08-25T14:23:52.079000+00:00,291,114,3,177,77,9582
2024-08-25T14:24:00.360000+00:00,233,181,5,52,77,9582
2024-08-25T14:24:21.760000+00:00,252,205,5,47,77,9582
2024-08-25T14:24:25.519000+00:00,220,112,3,108,77,9582
2024-08-25T14:24:31.959000+00:00,172,119,3,53,77,9582
2024-08-25T14:24:43.680000+00:00,252,121,3,131,77,9582
2024-08-25T14:25:08.440000+00:00,288,118,3,170,77,9582
2024-08-25T14:25:16.840000+00:00,233,191,5,42,77,9582
2024-08-25T14:25:38.320000+00:00,249,195,5,54,77,9582
2024-08-25T14:25:42.080000+00:00,207,116,4,91,77,9582
2024-08-25T14:25:48.360000+00:00,175,120,4,55,77,9582
2024-08-25T14:26:00+00:00,257,123,3,134,77,9582
2024-08-25T14:26:24.841000+00:00,285,118,3,167,77,9582
2024-08-25T14:26:58.401000+00:00,220,116,3,104,77,9582
2024-08-25T14:27:04.841000+00:00,178,123,3,55,77,9582
2024-08-25T14:27:16.360000+00:00,253,125,3,128,77,9582
2024-08-25T14:27:41+00:00,294,105,3,189,77,9582
2024-08-25T14:27:49.400000+00:00,236,183,5,53,77,9582
2024-08-25T14:28:05.041000+00:00,284,242,7,42,77,9582
2024-08-25T14:28:14.320000+00:00,222,109,3,113,77,9582
2024-08-25T14:28:20.760000+00:00,184,115,4,69,77,9582
2024-08-25T14:28:32.761000+00:00,239,120,3,119,77,9582
2024-08-25T14:28:57.521000+00:00,283,120,3,163,77,9582
2024-08-25T14:29:05.881000+00:00,233,183,5,50,77,9582
2024-08-25T14:29:08.600000+00:00,188,143,4,45,77,9582
2024-08-25T14:29:27.521000+00:00,246,198,6,48,77,9582
2024-08-25T14:29:31.121000+00:00,219,111,3,108,77,9582
2024-08-25T14:29:37.641000+00:00,183,114,4,69,77,9582
2024-08-25T14:29:49.361000+00:00,239,126,3,113,77,9582
2024-08-25T14:29:59.121000+00:00,232,186,5,46,77,9582
2024-08-25T14:30:22.241000+00:00,232,183,5,49,77,9582
2024-08-25T14:30:25.001000+00:00,183,131,4,52,77,9582
2024-08-25T14:30:47.481000+00:00,219,109,4,110,77,9582
2024-08-25T14:30:54.001000+00:00,177,100,4,77,77,9582
2024-08-25T14:31:05.321000+00:00,259,122,3,137,77,9582
2024-08-25T14:31:30.401000+00:00,285,110,3,175,77,9582
2024-08-25T14:31:38.801000+00:00,235,180,5,55,77,9582
2024-08-25T14:31:54.322000+00:00,288,245,6,43,77,9582
2024-08-25T14:32:00.122000+00:00,254,175,5,79,77,9582
2024-08-25T14:32:03.041000+00:00,176,100,3,76,77,9582
2024-08-25T14:32:11.361000+00:00,182,118,4,64,77,9582
2024-08-25T14:32:22.482000+00:00,285,110,3,175,77,9582
2024-08-25T14:32:32.841000+00:00,239,171,5,68,77,9582
2024-08-25T14:32:47.082000+00:00,327,115,3,212,77,9582
2024-08-25T14:32:55.562000+00:00,240,172,5,68,77,9582
2024-08-25T14:32:58.761000+00:00,173,116,4,57,77,9582
2024-08-25T14:33:17.201000+00:00,259,209,6,50,77,9582
2024-08-25T14:33:20.722000+00:00,224,111,3,113,77,9582
2024-08-25T14:33:27.162000+00:00,184,107,3,77,77,9582
2024-08-25T14:33:38.962000+00:00,254,119,3,135,77,9582
2024-08-25T14:34:02.202000+00:00,281,86,2,195,77,9582
2024-08-25T14:35:00.722000+00:00,115,67,2,48,77,9582
2024-08-25T14:35:10.522000+00:00,135,92,3,43,77,9582
2024-08-25T14:35:28.322000+00:00,128,72,1,56,77,9582
2024-08-25T12:21:14.415000+00:00,211,126,3,85,81,9582
2024-08-25T12:21:20.935000+00:00,189,128,3,61,81,9582
2024-08-25T12:21:32.336000+00:00,237,132,3,105,81,9582
2024-08-25T12:21:42.495000+00:00,210,162,4,48,81,9582
2024-08-25T12:22:03.295000+00:00,101,60,1,41,81,9582
2024-08-25T12:22:58.456000+00:00,204,127,3,77,81,9582
2024-08-25T12:23:04.576000+00:00,189,130,3,59,81,9582
2024-08-25T12:23:16.015000+00:00,245,129,3,116,81,9582
2024-08-25T12:24:53.096000+00:00,218,127,3,91,81,9582
2024-08-25T12:25:11.376000+00:00,241,130,3,111,81,9582
2024-08-25T12:25:21.175000+00:00,208,155,4,53,81,9582
2024-08-25T13:00:10.263000+00:00,157,85,2,72,81,9582
2024-08-25T13:00:45.903000+00:00,203,95,2,108,81,9582
2024-08-25T13:00:55.863000+00:00,181,118,3,63,81,9582
2024-08-25T13:01:16.223000+00:00,231,110,3,121,81,9582
2024-08-25T13:01:45.223000+00:00,151,56,1,95,81,9582
2024-08-25T13:03:19.024000+00:00,214,111,2,103,81,9582
2024-08-25T13:03:27.744000+00:00,225,106,2,119,81,9582
2024-08-25T13:03:44.783000+00:00,279,235,5,44,81,9582
2024-08-25T13:03:50.903000+00:00,249,203,5,46,81,9582
2024-08-25T13:03:54.664000+00:00,215,123,3,92,81,9582
2024-08-25T13:04:01.104000+00:00,191,137,3,54,81,9582
2024-08-25T13:04:12.344000+00:00,244,122,3,122,81,9582
2024-08-25T13:04:22.543000+00:00,226,177,4,49,81,9582
2024-08-25T13:04:37.383000+00:00,286,126,3,160,81,9582
2024-08-25T13:04:46.304000+00:00,226,178,4,48,81,9582
2024-08-25T13:05:01.584000+00:00,287,225,5,62,81,9582
2024-08-25T13:05:11.824000+00:00,195,126,3,69,81,9582
2024-08-25T13:05:17.944000+00:00,191,122,3,69,81,9582
2024-08-25T13:05:28.984000+00:00,274,123,3,151,81,9582
2024-08-25T13:05:53.504000+00:00,300,124,3,176,81,9582
2024-08-25T13:06:02.304000+00:00,237,185,4,52,81,9582
2024-08-25T13:06:17.824000+00:00,285,236,6,49,81,9582
2024-08-25T13:06:23.584000+00:00,252,206,5,46,81,9582
2024-08-25T13:06:27.664000+00:00,202,120,3,82,81,9582
2024-08-25T13:06:34.024000+00:00,180,133,3,47,81,9582
2024-08-25T13:06:45.304000+00:00,276,124,3,152,81,9582
2024-08-25T13:06:55.504000+00:00,233,192,4,41,81,9582
2024-08-25T13:07:09.945000+00:00,271,121,3,150,81,9582
2024-08-25T13:07:18.504000+00:00,236,180,4,56,81,9582
2024-08-25T13:07:34.104000+00:00,288,238,6,50,81,9582
2024-08-25T13:07:40.104000+00:00,252,207,5,45,81,9582
2024-08-25T13:07:43.984000+00:00,212,118,3,94,81,9582
2024-08-25T13:07:50.425000+00:00,188,125,3,63,81,9582
2024-08-25T13:08:02.105000+00:00,276,123,3,153,81,9582
2024-08-25T13:08:26.184000+00:00,315,128,3,187,81,9582
2024-08-25T13:08:35.465000+00:00,221,177,4,44,81,9582
2024-08-25T13:09:00.825000+00:00,206,118,3,88,81,9582
2024-08-25T13:09:07.585000+00:00,182,130,3,52,81,9582
2024-08-25T13:09:18.784000+00:00,269,126,3,143,81,9582
2024-08-25T13:09:28.905000+00:00,230,188,4,42,81,9582
2024-08-25T13:09:43.065000+00:00,316,115,3,201,81,9582
2024-08-25T13:10:17.265000+00:00,209,120,3,89,81,9582
2024-08-25T13:10:24.185000+00:00,173,123,3,50,81,9582
2024-08-25T13:10:35.225000+00:00,274,127,3,147,81,9582
2024-08-25T13:10:59.425000+00:00,315,121,3,194,81,9582
2024-08-25T13:11:08.545000+00:00,226,184,4,42,81,9582
2024-08-25T13:11:34.305000+00:00,191,123,3,68,81,9582
2024-08-25T13:11:40.545000+00:00,179,138,3,41,81,9582
2024-08-25T13:11:51.906000+00:00,280,122,3,158,81,9582
2024-08-25T13:12:16.905000+00:00,298,119,3,179,81,9582
2024-08-25T13:12:40.985000+00:00,282,236,6,46,81,9582
2024-08-25T13:12:50.745000+00:00,211,119,3,92,81,9582
2024-08-25T13:12:57.345000+00:00,183,122,3,61,81,9582
2024-08-25T13:13:09.065000+00:00,253,125,3,128,81,9582
2024-08-25T13:13:33.426000+00:00,300,118,3,182,81,9582
2024-08-25T13:13:57.626000+00:00,276,229,6,47,81,9582
2024-08-25T13:14:07.585000+00:00,215,124,3,91,81,9582
2024-08-25T13:14:14.106000+00:00,178,121,3,57,81,9582
2024-08-25T13:14:25.786000+00:00,261,121,3,140,81,9582
2024-08-25T13:14:35.905000+00:00,233,190,4,43,81,9582
2024-08-25T13:14:50.186000+00:00,311,117,3,194,81,9582
2024-08-25T13:15:24.186000+00:00,207,117,3,90,81,9582
2024-08-25T13:15:30.546000+00:00,183,123,3,60,81,9582
2024-08-25T13:15:42.226000+00:00,256,132,3,124,81,9582
2024-08-25T13:15:52.506000+00:00,226,183,4,43,81,9582
2024-08-25T13:16:06.786000+00:00,301,122,3,179,81,9582
2024-08-25T13:16:40.706000+00:00,217,119,3,98,81,9582
2024-08-25T13:16:47.066000+00:00,182,122,3,60,81,9582
2024-08-25T13:16:58.666000+00:00,265,127,3,138,81,9582
2024-08-25T13:17:23.546000+00:00,273,125,3,148,81,9582
2024-08-25T13:17:32.106000+00:00,230,188,4,42,81,9582
2024-08-25T13:17:57.106000+00:00,214,130,3,84,81,9582
2024-08-25T13:18:15.387000+00:00,263,124,3,139,81,9582
2024-08-25T13:18:39.907000+00:00,289,125,3,164,81,9582
2024-08-25T13:18:51.186000+00:00,184,135,3,49,81,9582
2024-08-25T13:19:04.026000+00:00,274,233,6,41,81,9582
2024-08-25T13:19:13.827000+00:00,192,120,3,72,81,9582
2024-08-25T13:19:20.107000+00:00,180,130,3,50,81,9582
2024-08-25T13:19:31.906000+00:00,255,130,3,125,81,9582
2024-08-25T13:19:56.427000+00:00,279,121,3,158,81,9582
2024-08-25T13:20:05.147000+00:00,226,185,4,41,81,9582
2024-08-25T13:20:30.027000+00:00,212,123,3,89,81,9582
2024-08-25T13:20:36.507000+00:00,183,124,3,59,81,9582
2024-08-25T13:20:48.347000+00:00,247,127,3,120,81,9582
2024-08-25T13:21:12.907000+00:00,297,120,3,177,81,9582
2024-08-25T13:21:21.427000+00:00,231,188,4,43,81,9582
2024-08-25T13:21:36.587000+00:00,286,245,6,41,81,9582
2024-08-25T13:21:46.227000+00:00,214,120,3,94,81,9582
2024-08-25T13:21:52.827000+00:00,180,131,3,49,81,9582
2024-08-25T13:22:04.628000+00:00,255,121,3,134,81,9582
2024-08-25T13:22:29.307000+00:00,292,121,3,171,81,9582
2024-08-25T13:22:40.747000+00:00,181,136,3,45,81,9582
2024-08-25T13:22:53.187000+00:00,284,242,6,42,81,9582
2024-08-25T13:23:02.908000+00:00,208,118,3,90,81,9582
2024-08-25T13:23:09.107000+00:00,182,128,3,54,81,9582
2024-08-25T13:23:21.027000+00:00,250,130,3,120,81,9582
2024-08-25T13:23:45.668000+00:00,288,118,3,170,81,9582
2024-08-25T13:23:56.908000+00:00,180,135,3,45,81,9582
2024-08-25T13:24:09.548000+00:00,288,239,6,49,81,9582
2024-08-25T13:24:19.188000+00:00,216,110,3,106,81,9582
2024-08-25T13:24:25.948000+00:00,173,127,3,46,81,9582
2024-08-25T13:24:37.588000+00:00,252,125,3,127,81,9582
2024-08-25T13:25:01.948000+00:00,293,119,3,174,81,9582
2024-08-25T13:25:13.308000+00:00,181,134,3,47,81,9582
2024-08-25T13:25:31.908000+00:00,251,209,5,42,81,9582
2024-08-25T13:25:35.348000+00:00,216,119,3,97,81,9582
2024-08-25T13:25:42.148000+00:00,175,116,3,59,81,9582
2024-08-25T13:25:53.949000+00:00,241,123,3,118,81,9582
2024-08-25T13:26:03.988000+00:00,223,179,4,44,81,9582
2024-08-25T13:26:18.508000+00:00,300,121,3,179,81,9582
2024-08-25T13:26:29.668000+00:00,183,141,3,42,81,9582
2024-08-25T13:26:42.148000+00:00,287,245,6,42,81,9582
2024-08-25T13:26:51.828000+00:00,199,114,3,85,81,9582
2024-08-25T13:26:58.388000+00:00,184,115,3,69,81,9582
2024-08-25T13:27:10.268000+00:00,266,124,3,142,81,9582
2024-08-25T13:27:35.188000+00:00,270,125,3,145,81,9582
2024-08-25T13:28:08.509000+00:00,206,115,3,91,81,9582
2024-08-25T13:28:15.109000+00:00,175,115,3,60,81,9582
2024-08-25T13:28:26.669000+00:00,265,123,3,142,81,9582
2024-08-25T13:28:51.269000+00:00,295,126,3,169,81,9582
2024-08-25T13:28:59.949000+00:00,233,192,4,41,81,9582
2024-08-25T13:29:24.749000+00:00,208,123,3,85,81,9582
2024-08-25T13:29:31.469000+00:00,180,118,3,62,81,9582
2024-08-25T13:29:43.188000+00:00,266,127,3,139,81,9582
2024-08-25T13:29:53.229000+00:00,227,181,4,46,81,9582
2024-08-25T13:30:07.709000+00:00,306,101,3,205,81,9582
2024-08-25T13:30:19.269000+00:00,183,133,3,50,81,9582
2024-08-25T13:30:31.709000+00:00,290,244,6,46,81,9582
2024-08-25T13:30:41.309000+00:00,216,126,3,90,81,9582
2024-08-25T13:30:48.149000+00:00,176,121,3,55,81,9582
2024-08-25T13:30:59.949000+00:00,262,124,3,138,81,9582
2024-08-25T13:31:24.749000+00:00,278,110,3,168,81,9582
2024-08-25T13:31:36.070000+00:00,178,136,3,42,81,9582
2024-08-25T13:31:58.469000+00:00,216,119,3,97,81,9582
2024-08-25T13:32:16.910000+00:00,264,122,3,142,81,9582
2024-08-25T13:32:41.550000+00:00,306,110,3,196,81,9582
2024-08-25T13:32:52.909000+00:00,184,130,3,54,81,9582
2024-08-25T13:33:15.110000+00:00,219,120,3,99,81,9582
2024-08-25T13:33:22.030000+00:00,174,120,3,54,81,9582
2024-08-25T13:33:33.829000+00:00,254,122,3,132,81,9582
2024-08-25T13:33:58.309000+00:00,294,113,3,181,81,9582
2024-08-25T13:34:09.550000+00:00,184,137,3,47,81,9582
2024-08-25T13:34:28.110000+00:00,250,205,5,45,81,9582
2024-08-25T13:34:31.710000+00:00,214,112,3,102,81,9582
2024-08-25T13:34:38.350000+00:00,179,117,3,62,81,9582
2024-08-25T13:34:50.310000+00:00,249,133,3,116,81,9582
2024-08-25T13:35:00.110000+00:00,235,188,4,47,81,9582
2024-08-25T13:35:14.590000+00:00,300,120,3,180,81,9582
2024-08-25T13:35:25.789000+00:00,187,144,3,43,81,9582
2024-08-25T13:35:47.950000+00:00,212,113,3,99,81,9582
2024-08-25T13:35:54.430000+00:00,176,113,3,63,81,9582
2024-08-25T13:36:06.110000+00:00,267,130,3,137,81,9582
2024-08-25T13:36:30.710000+00:00,301,130,3,171,81,9582
2024-08-25T13:36:42.190000+00:00,179,138,3,41,81,9582
2024-08-25T13:37:04.631000+00:00,173,117,3,56,81,9582
2024-08-25T13:37:10.430000+00:00,183,116,3,67,81,9582
2024-08-25T13:37:22.190000+00:00,270,124,3,146,81,9582
2024-08-25T13:37:46.830000+00:00,267,125,3,142,81,9582
2024-08-25T13:37:57.831000+00:00,187,141,3,46,81,9582
2024-08-25T13:38:20.031000+00:00,200,122,3,78,81,9582
2024-08-25T13:38:26.351000+00:00,179,120,3,59,81,9582
2024-08-25T13:38:38.151000+00:00,260,129,3,131,81,9582
2024-08-25T13:39:02.710000+00:00,285,132,3,153,81,9582
2024-08-25T13:39:11.191000+00:00,234,193,4,41,81,9582
2024-08-25T13:39:13.911000+00:00,183,133,3,50,81,9582
2024-08-25T13:39:35.710000+00:00,213,112,3,101,81,9582
2024-08-25T13:39:42.390000+00:00,174,133,3,41,81,9582
2024-08-25T13:39:54.191000+00:00,261,167,7,94,81,9582
2024-08-25T13:40:18.631000+00:00,294,119,3,175,81,9582
2024-08-25T13:40:29.951000+00:00,183,138,3,45,81,9582
2024-08-25T13:40:51.751000+00:00,217,120,3,97,81,9582
2024-08-25T13:40:58.311000+00:00,182,115,3,67,81,9582
2024-08-25T13:41:10.191000+00:00,265,124,3,141,81,9582
2024-08-25T13:41:20.191000+00:00,231,189,5,42,81,9582
2024-08-25T13:41:34.832000+00:00,288,127,3,161,81,9582
2024-08-25T13:41:45.911000+00:00,189,138,3,51,81,9582
2024-08-25T13:41:58.591000+00:00,288,246,6,42,81,9582
2024-08-25T13:42:07.912000+00:00,214,115,3,99,81,9582
2024-08-25T13:42:14.832000+00:00,174,115,3,59,81,9582
2024-08-25T13:42:26.711000+00:00,264,125,3,139,81,9582
2024-08-25T13:42:51.391000+00:00,295,120,3,175,81,9582
2024-08-25T13:43:02.552000+00:00,189,139,3,50,81,9582
2024-08-25T13:43:24.671000+00:00,206,116,3,90,81,9582
2024-08-25T13:43:31.111000+00:00,181,128,3,53,81,9582
2024-08-25T13:43:43.192000+00:00,260,126,3,134,81,9582
2024-08-25T13:44:07.712000+00:00,289,115,3,174,81,9582
2024-08-25T13:44:40.552000+00:00,221,106,3,115,81,9582
2024-08-25T13:44:47.112000+00:00,183,120,3,63,81,9582
2024-08-25T13:44:59.112000+00:00,258,124,3,134,81,9582
2024-08-25T13:45:19.072000+00:00,278,69,1,209,81,9582
2024-08-25T13:45:45.752000+00:00,126,85,2,41,81,9582
2024-08-25T13:45:54.512000+00:00,220,131,3,89,81,9582
2024-08-25T13:46:19.832000+00:00,211,122,3,89,81,9582
2024-08-25T13:46:25.952000+00:00,188,123,3,65,81,9582
2024-08-25T13:46:37.193000+00:00,267,127,3,140,81,9582
2024-08-25T13:46:46.992000+00:00,238,193,5,45,81,9582
2024-08-25T13:47:01.392000+00:00,298,136,3,162,81,9582
2024-08-25T13:47:12.712000+00:00,183,138,3,45,81,9582
2024-08-25T13:47:25.073000+00:00,283,241,6,42,81,9582
2024-08-25T13:47:34.912000+00:00,215,124,3,91,81,9582
2024-08-25T13:47:41.152000+00:00,180,135,3,45,81,9582
2024-08-25T13:47:52.192000+00:00,267,125,3,142,81,9582
2024-08-25T13:48:02.152000+00:00,232,191,5,41,81,9582
2024-08-25T13:48:16.513000+00:00,293,132,3,161,81,9582
2024-08-25T13:48:27.312000+00:00,194,151,3,43,81,9582
2024-08-25T13:48:48.993000+00:00,225,127,3,98,81,9582
2024-08-25T13:48:55.193000+00:00,191,126,3,65,81,9582
2024-08-25T13:49:06.952000+00:00,237,128,3,109,81,9582
2024-08-25T13:49:30.593000+00:00,301,124,3,177,81,9582
2024-08-25T13:49:41.673000+00:00,190,139,3,51,81,9582
2024-08-25T13:49:54.152000+00:00,277,236,6,41,81,9582
2024-08-25T13:50:03.473000+00:00,215,129,3,86,81,9582
2024-08-25T13:50:09.713000+00:00,188,125,3,63,81,9582
2024-08-25T13:50:45.193000+00:00,282,130,3,152,81,9582
2024-08-25T13:50:55.913000+00:00,191,145,3,46,81,9582
2024-08-25T13:51:08.233000+00:00,278,231,6,47,81,9582
2024-08-25T13:51:17.713000+00:00,222,117,3,105,81,9582
2024-08-25T13:51:24.153000+00:00,180,136,3,44,81,9582
2024-08-25T13:51:35.553000+00:00,250,126,3,124,81,9582
2024-08-25T13:51:59.594000+00:00,294,120,3,174,81,9582
2024-08-25T13:52:10.273000+00:00,191,135,3,56,81,9582
2024-08-25T13:52:23.033000+00:00,276,235,6,41,81,9582
2024-08-25T13:52:28.633000+00:00,253,208,5,45,81,9582
2024-08-25T13:52:32.274000+00:00,202,116,3,86,81,9582
2024-08-25T13:52:38.513000+00:00,186,123,3,63,81,9582
2024-08-25T13:52:49.793000+00:00,283,120,3,163,81,9582
2024-08-25T13:52:59.954000+00:00,219,178,5,41,81,9582
2024-08-25T13:53:13.674000+00:00,327,119,3,208,81,9582
2024-08-25T13:53:25.114000+00:00,182,136,3,46,81,9582
2024-08-25T13:53:37.193000+00:00,281,231,6,50,81,9582
2024-08-25T13:53:47.194000+00:00,216,125,3,91,81,9582
2024-08-25T13:53:53.594000+00:00,181,133,3,48,81,9582
2024-08-25T13:54:04.834000+00:00,248,134,3,114,81,9582
2024-08-25T13:54:28.674000+00:00,302,127,3,175,81,9582
2024-08-25T13:54:37.154000+00:00,229,136,3,93,81,9582
2024-08-25T13:54:52.034000+00:00,275,231,6,44,81,9582
2024-08-25T13:55:01.314000+00:00,222,117,3,105,81,9582
2024-08-25T13:55:07.634000+00:00,184,137,3,47,81,9582
2024-08-25T13:55:19.394000+00:00,237,136,3,101,81,9582
2024-08-25T13:55:43.474000+00:00,256,127,3,129,81,9582
2024-08-25T13:56:06.434000+00:00,282,239,6,43,81,9582
2024-08-25T13:56:15.795000+00:00,220,122,3,98,81,9582
2024-08-25T13:56:22.355000+00:00,184,121,3,63,81,9582
2024-08-25T13:56:33.594000+00:00,261,129,3,132,81,9582
2024-08-25T13:56:43.554000+00:00,234,190,4,44,81,9582
2024-08-25T13:56:57.634000+00:00,287,111,3,176,81,9582
2024-08-25T13:57:08.435000+00:00,191,148,3,43,81,9582
2024-08-25T13:57:30.355000+00:00,217,122,3,95,81,9582
2024-08-25T13:57:36.635000+00:00,188,124,3,64,81,9582
2024-08-25T13:57:48.675000+00:00,207,130,3,77,81,9582
2024-08-25T13:58:12.114000+00:00,302,122,3,180,81,9582
2024-08-25T13:58:23.155000+00:00,183,142,3,41,81,9582
2024-08-25T13:58:44.954000+00:00,211,120,3,91,81,9582
2024-08-25T13:58:51.075000+00:00,185,126,3,59,81,9582
2024-08-25T13:59:02.875000+00:00,253,133,3,120,81,9582
2024-08-25T13:59:27.115000+00:00,261,115,3,146,81,9582
2024-08-25T13:59:37.595000+00:00,188,137,3,51,81,9582
2024-08-25T13:59:59.555000+00:00,213,114,3,99,81,9582
2024-08-25T14:00:05.834000+00:00,181,126,3,55,81,9582
2024-08-25T14:00:17.275000+00:00,264,130,3,134,81,9582
2024-08-25T14:00:27.115000+00:00,237,193,5,44,81,9582
2024-08-25T14:00:40.955000+00:00,318,119,3,199,81,9582
2024-08-25T14:00:52.155000+00:00,185,136,3,49,81,9582
2024-08-25T14:01:04.755000+00:00,280,231,6,49,81,9582
2024-08-25T14:01:10.555000+00:00,248,205,5,43,81,9582
2024-08-25T14:01:14.075000+00:00,218,110,3,108,81,9582
2024-08-25T14:01:20.635000+00:00,182,118,3,64,81,9582
2024-08-25T14:01:31.836000+00:00,284,130,3,154,81,9582
2024-08-25T14:01:41.875000+00:00,240,195,5,45,81,9582
2024-08-25T14:01:55.715000+00:00,317,112,3,205,81,9582
2024-08-25T14:02:07.195000+00:00,179,132,3,47,81,9582
2024-08-25T14:02:29.115000+00:00,209,120,3,89,81,9582
2024-08-25T14:02:35.755000+00:00,176,116,3,60,81,9582
2024-08-25T14:02:47.075000+00:00,281,132,3,149,81,9582
2024-08-25T14:03:11.036000+00:00,285,105,3,180,81,9582
2024-08-25T14:03:22.515000+00:00,176,132,3,44,81,9582
2024-08-25T14:03:44.276000+00:00,217,110,3,107,81,9582
2024-08-25T14:03:50.836000+00:00,180,115,3,65,81,9582
2024-08-25T14:04:02.155000+00:00,270,121,3,149,81,9582
2024-08-25T14:04:12.316000+00:00,238,195,5,43,81,9582
2024-08-25T14:04:25.996000+00:00,328,121,3,207,81,9582
2024-08-25T14:04:59.796000+00:00,209,117,3,92,81,9582
2024-08-25T14:05:06.116000+00:00,184,113,3,71,81,9582
2024-08-25T14:05:17.716000+00:00,275,118,3,157,81,9582
2024-08-25T14:05:41.436000+00:00,326,110,3,216,81,9582
2024-08-25T14:05:50.396000+00:00,228,186,4,42,81,9582
2024-08-25T14:05:52.876000+00:00,181,138,3,43,81,9582
2024-08-25T14:06:14.956000+00:00,202,111,3,91,81,9582
2024-08-25T14:06:32.716000+00:00,285,124,3,161,81,9582
2024-08-25T14:06:56.796000+00:00,321,116,3,205,81,9582
2024-08-25T14:07:20.637000+00:00,287,246,6,41,81,9582
2024-08-25T14:07:29.916000+00:00,223,115,3,108,81,9582
2024-08-25T14:07:47.957000+00:00,279,122,3,157,81,9582
2024-08-25T14:07:58.156000+00:00,236,190,5,46,81,9582
2024-08-25T14:08:11.956000+00:00,317,115,3,202,81,9582
2024-08-25T14:08:45.116000+00:00,224,121,3,103,81,9582
2024-08-25T14:08:51.516000+00:00,183,127,3,56,81,9582
2024-08-25T14:09:03.196000+00:00,265,123,3,142,81,9582
2024-08-25T14:09:13.077000+00:00,240,190,5,50,81,9582
2024-08-25T14:09:27.517000+00:00,301,109,3,192,81,9582
2024-08-25T14:10:00.317000+00:00,224,134,3,90,81,9582
2024-08-25T14:10:18.437000+00:00,258,120,3,138,81,9582
2024-08-25T14:10:28.437000+00:00,236,195,5,41,81,9582
2024-08-25T14:10:42.477000+00:00,309,116,3,193,81,9582
2024-08-25T14:10:53.877000+00:00,189,140,3,49,81,9582
2024-08-25T14:11:15.637000+00:00,214,115,3,99,81,9582
2024-08-25T14:11:21.917000+00:00,181,131,3,50,81,9582
2024-08-25T14:11:33.637000+00:00,251,130,3,121,81,9582
2024-08-25T14:11:43.438000+00:00,238,195,5,43,81,9582
2024-08-25T14:11:57.637000+00:00,296,124,3,172,81,9582
2024-08-25T14:12:08.837000+00:00,183,139,3,44,81,9582
2024-08-25T14:12:30.438000+00:00,218,111,3,107,81,9582
2024-08-25T14:12:37.158000+00:00,172,128,3,44,81,9582
2024-08-25T14:12:48.597000+00:00,269,121,3,148,81,9582
2024-08-25T14:12:58.677000+00:00,236,189,5,47,81,9582
2024-08-25T14:13:13.117000+00:00,297,114,3,183,81,9582
2024-08-25T14:13:21.717000+00:00,236,194,5,42,81,9582
2024-08-25T14:13:24.278000+00:00,190,135,3,55,81,9582
2024-08-25T14:13:45.997000+00:00,214,113,3,101,81,9582
2024-08-25T14:13:52.317000+00:00,182,123,3,59,81,9582
2024-08-25T14:14:03.878000+00:00,266,131,3,135,81,9582
2024-08-25T14:14:14.037000+00:00,229,186,5,43,81,9582
2024-08-25T14:14:28.038000+00:00,301,125,3,176,81,9582
2024-08-25T14:14:39.397000+00:00,185,135,3,50,81,9582
2024-08-25T14:15:00.918000+00:00,221,113,3,108,81,9582
2024-08-25T14:15:07.438000+00:00,182,123,3,59,81,9582
2024-08-25T14:15:18.958000+00:00,269,127,3,142,81,9582
2024-08-25T14:15:28.918000+00:00,240,196,5,44,81,9582
2024-08-25T14:15:43.198000+00:00,304,121,3,183,81,9582
2024-08-25T14:16:16.198000+00:00,201,111,3,90,81,9582
2024-08-25T14:16:22.598000+00:00,174,132,3,42,81,9582
2024-08-25T14:16:33.918000+00:00,273,127,3,146,81,9582
2024-08-25T14:16:58.438000+00:00,283,122,3,161,81,9582
2024-08-25T14:17:09.318000+00:00,186,141,3,45,81,9582
2024-08-25T14:17:31.118000+00:00,225,99,3,126,81,9582
2024-08-25T14:17:49.198000+00:00,265,133,3,132,81,9582
2024-08-25T14:17:59.079000+00:00,238,195,5,43,81,9582
2024-08-25T14:18:13.239000+00:00,303,119,3,184,81,9582
2024-08-25T14:18:24.398000+00:00,190,142,3,48,81,9582
2024-08-25T14:18:46.039000+00:00,218,116,3,102,81,9582
2024-08-25T14:18:52.559000+00:00,186,125,3,61,81,9582
2024-08-25T14:19:04.319000+00:00,258,120,3,138,81,9582
2024-08-25T14:19:28.279000+00:00,301,105,3,196,81,9582
2024-08-25T14:19:39.319000+00:00,193,134,3,59,81,9582
2024-08-25T14:20:00.799000+00:00,224,116,3,108,81,9582
2024-08-25T14:20:07.439000+00:00,181,128,3,53,81,9582
2024-08-25T14:20:19.119000+00:00,272,130,3,142,81,9582
2024-08-25T14:20:43.319000+00:00,297,119,3,178,81,9582
2024-08-25T14:20:54.439000+00:00,190,143,3,47,81,9582
2024-08-25T14:21:12.399000+00:00,261,207,5,54,81,9582
2024-08-25T14:21:16.080000+00:00,210,112,3,98,81,9582
2024-08-25T14:21:22.200000+00:00,187,125,3,62,81,9582
2024-08-25T14:21:33.879000+00:00,263,125,3,138,81,9582
2024-08-25T14:21:57.999000+00:00,313,123,3,190,81,9582
2024-08-25T14:22:09.040000+00:00,195,154,3,41,81,9582
2024-08-25T14:22:30.759000+00:00,211,117,3,94,81,9582
2024-08-25T14:22:37.080000+00:00,184,115,3,69,81,9582
2024-08-25T14:22:48.920000+00:00,265,131,3,134,81,9582
2024-08-25T14:23:13.119000+00:00,295,119,3,176,81,9582
2024-08-25T14:23:24.359000+00:00,181,131,3,50,81,9582
2024-08-25T14:23:36.800000+00:00,288,244,6,44,81,9582
2024-08-25T14:23:45.599000+00:00,220,123,3,97,81,9582
2024-08-25T14:23:52.079000+00:00,184,118,3,66,81,9582
2024-08-25T14:24:03.800000+00:00,263,124,3,139,81,9582
2024-08-25T14:24:28+00:00,307,123,3,184,81,9582
2024-08-25T14:24:39.039000+00:00,185,135,3,50,81,9582
2024-08-25T14:24:51.400000+00:00,293,246,6,47,81,9582
2024-08-25T14:25:00.680000+00:00,216,114,3,102,81,9582
2024-08-25T14:25:07.160000+00:00,183,123,3,60,81,9582
2024-08-25T14:25:18.680000+00:00,267,123,3,144,81,9582
2024-08-25T14:25:43.040000+00:00,304,120,3,184,81,9582
2024-08-25T14:25:54.040000+00:00,194,141,3,53,81,9582
2024-08-25T14:26:06.640000+00:00,290,249,6,41,81,9582
2024-08-25T14:26:15.560000+00:00,223,114,3,109,81,9582
2024-08-25T14:26:22.120000+00:00,182,124,3,58,81,9582
2024-08-25T14:26:33.920000+00:00,251,130,3,121,81,9582
2024-08-25T14:26:58.001000+00:00,276,112,3,164,81,9582
2024-08-25T14:27:08.760000+00:00,194,145,3,49,81,9582
2024-08-25T14:27:30.400000+00:00,215,110,3,105,81,9582
2024-08-25T14:27:36.800000+00:00,185,113,3,72,81,9582
2024-08-25T14:27:48.640000+00:00,254,133,3,121,81,9582
2024-08-25T14:28:12.601000+00:00,312,120,3,192,81,9582
2024-08-25T14:28:23.681000+00:00,189,136,3,53,81,9582
2024-08-25T14:28:45.161000+00:00,221,115,3,106,81,9582
2024-08-25T14:28:51.521000+00:00,185,119,3,66,81,9582
2024-08-25T14:29:03.321000+00:00,271,132,3,139,81,9582
2024-08-25T14:29:13.321000+00:00,241,196,5,45,81,9582
2024-08-25T14:29:27.521000+00:00,298,121,3,177,81,9582
2024-08-25T14:29:38.641000+00:00,183,142,3,41,81,9582
2024-08-25T14:30:00.001000+00:00,222,113,3,109,81,9582
2024-08-25T14:30:06.921000+00:00,170,126,3,44,81,9582
2024-08-25T14:30:18.361000+00:00,262,127,3,135,81,9582
2024-08-25T14:30:42.561000+00:00,303,117,3,186,81,9582
2024-08-25T14:30:53.641000+00:00,186,141,3,45,81,9582
2024-08-25T14:31:11.601000+00:00,258,214,5,44,81,9582
2024-08-25T14:31:15.162000+00:00,223,113,3,110,81,9582
2024-08-25T14:31:21.682000+00:00,183,120,3,63,81,9582
2024-08-25T14:31:33.201000+00:00,269,134,3,135,81,9582
2024-08-25T14:31:43.321000+00:00,239,198,5,41,81,9582
2024-08-25T14:31:57.841000+00:00,256,117,3,139,81,9582
2024-08-25T14:32:08.642000+00:00,188,142,3,46,81,9582
2024-08-25T14:32:26.522000+00:00,263,222,5,41,81,9582
2024-08-25T14:32:30.041000+00:00,223,114,3,109,81,9582
2024-08-25T14:32:36.721000+00:00,181,115,3,66,81,9582
2024-08-25T14:32:48.282000+00:00,270,131,3,139,81,9582
2024-08-25T14:32:58.321000+00:00,240,198,5,42,81,9582
2024-08-25T14:33:12.321000+00:00,306,118,3,188,81,9582
2024-08-25T14:33:23.641000+00:00,188,133,3,55,81,9582
2024-08-25T14:33:41.642000+00:00,261,212,5,49,81,9582
2024-08-25T14:33:45.041000+00:00,222,110,3,112,81,9582
2024-08-25T14:33:51.761000+00:00,176,118,3,58,81,9582
2024-08-25T14:34:03.402000+00:00,268,131,3,137,81,9582
2024-08-25T14:34:26.722000+00:00,264,100,2,164,81,9582
