Track,Global_Corner_ID,driver_number,Entry_Speed,Apex_Speed,Exit_Speed,Speed_Delta,Braking_Pct_Before_Apex,Trail_Braking_Pct,Throttle_App_Pct_After_Apex,Coasting_Pct,Braking_Time_Pct,Average_Throttle,Min_Gear,Corner_Distance_m,Average_Speed
Monza,101,1,137,87,87,50,1.0,1.0,0.0,0.0,0.8333333333333334,0.0,2,531.8908421309983,105.16666666666667
Monza,101,2,127,85,85,42,0.56704116906986,0.56704116906986,1.0,0.43295883093014,0.6666666666666666,0.0,2,508.2416765217275,98.83333333333333
Monza,101,4,168,87,87,81,0.8815165501846403,0.8815165501846403,1.0,0.1184834498153597,0.8,0.0,2,777.6256475286692,119.2
Monza,101,10,170,88,88,82,1.0,1.0,1.0,0.0,1.0,0.0,2,590.235492501368,119.0
Monza,101,11,172,87,87,85,1.0,1.0,0.0,0.0,1.0,0.0,2,618.7875950859911,119.57142857142857
Monza,101,14,136,80,80,56,0.8074747522659738,0.8074747522659738,1.0,0.19252524773402616,0.8,0.2,2,521.2012871059662,103.6
Monza,101,16,254,83,83,171,0.9112025797951757,0.9112025797951757,1.0,0.08879742020482427,0.8,0.0,2,895.4202199132935,144.6
Monza,101,18,118,81,81,37,0.7982004811107923,0.7982004811107923,1.0,0.20179951888920755,0.6666666666666666,0.16666666666666666,2,471.0967816620671,96.33333333333333
Monza,101,20,139,86,86,53,1.0,1.0,1.0,0.0,1.0,0.0,2,472.1802936874317,106.57142857142857
Monza,101,22,154,81,81,73,0.9159411005500027,0.9159411005500027,1.0,0.08405889944999721,0.8333333333333334,0.0,2,592.6757922634955,115.16666666666667
Monza,101,23,142,90,90,52,1.0,1.0,1.0,0.0,1.0,0.0,2,677.2015200314485,113.16666666666667
Monza,101,24,142,87,87,55,1.0,1.0,1.0,0.0,1.0,0.0,2,522.009039748517,112.66666666666667
Monza,101,27,130,82,82,48,0.7232622713810372,0.7232622713810372,1.0,0.27673772861896284,0.5714285714285714,0.8571428571428571,2,469.8402705328841,98.28571428571429
Monza,101,31,133,86,86,47,1.0,1.0,0.0,0.0,1.0,0.0,2,505.13835533008137,106.5
Monza,101,40,142,88,88,54,1.0,1.0,1.0,0.0,1.0,0.0,2,858.9558833619487,111.83333333333333
Monza,101,44,171,88,88,83,0.6668339681896489,0.6668339681896489,1.0,0.3331660318103511,0.6666666666666666,0.0,3,517.324460246626,119.66666666666667
Monza,101,55,133,87,87,46,1.0,1.0,0.0,0.0,1.0,0.0,2,523.5925738967541,106.0
Monza,101,63,147,90,90,57,0.8295244389763591,0.8295244389763591,1.0,0.17047556102364084,0.8571428571428571,0.0,3,531.572300038401,109.85714285714286
Monza,101,77,137,81,81,56,1.0,1.0,0.0,0.0,1.0,2.857142857142857,2,493.5224777750981,101.71428571428571
Monza,101,81,183,83,83,100,0.7813954932571278,0.7813954932571278,1.0,0.2186045067428722,0.6666666666666666,0.0,2,845.7030343618345,118.0
Monza,102,1,86,74,87,12,0.0,0.0,1.0,0.47956383908044703,0.0,14.666666666666666,2,376.71509978594077,79.5
Monza,102,2,81,69,80,12,0.2861338612868627,0.2861338612868627,1.0,0.36458647535847793,0.125,9.875,2,374.5968930754418,73.75
Monza,102,4,82,71,92,11,0.0,0.0,1.0,0.468474527366974,0.0,22.0,2,506.5164507957666,77.875
Monza,102,10,77,70,77,7,0.0,0.0,1.0,0.492180167120743,0.0,18.666666666666668,2,405.4716355681134,74.16666666666667
Monza,102,11,80,66,75,14,0.1488496337488046,0.1488496337488046,1.0,0.38235178781008583,0.14285714285714285,12.571428571428571,2,408.5662216577143,72.85714285714286
Monza,102,14,84,70,89,14,0.5380195627693388,0.5380195627693388,1.0,0.11971934065560735,0.14285714285714285,22.285714285714285,2,484.8982693765025,77.28571428571429
Monza,102,16,84,74,84,10,0.48588642683149624,0.48588642683149624,1.0,0.19184725466107735,0.3333333333333333,21.166666666666668,2,353.988424308564,78.5
Monza,102,18,79,69,85,10,0.0,0.0,1.0,0.33772805473005624,0.0,18.571428571428573,2,369.5622460540688,75.57142857142857
Monza,102,20,80,71,80,9,0.0,0.0,1.0,0.5072061926915862,0.0,14.666666666666666,2,392.2095851088831,75.16666666666667
Monza,102,22,81,70,82,11,0.0,0.0,1.0,0.43777171622637395,0.0,18.666666666666668,2,420.75259300874285,76.5
Monza,102,23,82,73,79,9,0.2896043869047747,0.2896043869047747,1.0,0.4287885696540695,0.14285714285714285,7.142857142857143,2,341.18809382150573,76.28571428571429
Monza,102,24,80,66,77,14,0.6054465270949184,0.6054465270949184,1.0,0.23683802021966627,0.2857142857142857,12.0,2,373.70001207153297,72.0
Monza,102,27,82,74,89,8,0.0,0.0,1.0,0.4845681049695559,0.0,19.375,2,449.04873125857534,79.625
Monza,102,31,76,64,69,12,0.3748529564706107,0.3748529564706107,1.0,0.31562359025508513,0.2857142857142857,9.0,2,305.563102524096,68.57142857142857
Monza,102,40,81,70,78,11,0.0,0.0,1.0,0.513150328620061,0.0,18.166666666666668,2,342.22238609591557,75.16666666666667
Monza,102,44,82,68,81,14,0.43245865484915524,0.43245865484915524,1.0,0.24582033717064902,0.16666666666666666,18.333333333333332,3,351.1945361642541,74.16666666666667
Monza,102,55,78,70,111,8,0.5466730171015739,0.5466730171015739,1.0,0.0,0.2,37.0,2,540.9914988263124,81.8
Monza,102,63,83,68,84,15,0.562688982041863,0.562688982041863,1.0,0.24311599151704114,0.2857142857142857,18.571428571428573,3,430.05582491840806,75.28571428571429
Monza,102,77,80,72,84,8,0.0,0.0,1.0,0.4551930120151336,0.0,16.428571428571427,2,420.8652484234119,76.28571428571429
Monza,102,81,83,71,80,12,0.0,0.0,1.0,0.5324830186303484,0.0,17.0,2,332.00871074039725,76.85714285714286
Monza,103,1,153,109,109,44,0.6486078694327462,0.6486078694327462,1.0,0.3513921305672538,0.6666666666666666,1.0,3,463.0279244757493,130.33333333333334
Monza,103,2,138,104,104,34,0.7137886637149398,0.7137886637149398,1.0,0.2862113362850602,0.6666666666666666,0.8333333333333334,3,423.07732581580024,118.83333333333333
Monza,103,4,165,114,114,51,0.7012534229298442,0.7012534229298442,1.0,0.2987465770701558,0.8,1.0,3,571.9117077390495,134.2
Monza,103,10,139,113,113,26,0.5551725073097038,0.5551725073097038,1.0,0.4448274926902962,0.5,0.0,3,552.76637785148,125.5
Monza,103,11,161,107,107,54,0.6245056280641809,0.6245056280641809,1.0,0.26482203507244967,0.5714285714285714,4.571428571428571,3,671.6253206829555,126.85714285714286
Monza,103,14,146,104,104,42,0.7920438442990598,0.7920438442990598,1.0,0.20795615570094012,0.8,1.4,3,499.9435595284508,121.2
Monza,103,16,162,113,113,49,1.0,1.0,1.0,0.0,1.0,0.8,4,498.8928129771639,132.0
Monza,103,18,149,108,108,41,0.7844373140296609,0.7844373140296609,0.0,0.21556268597033912,0.7142857142857143,2.7142857142857144,3,510.81928781903173,123.28571428571429
Monza,103,20,153,113,113,40,0.7020158115401169,0.7020158115401169,1.0,0.2979841884598831,0.8333333333333334,0.5,3,565.145004339178,128.83333333333334
Monza,103,22,159,107,107,52,0.6678741117955073,0.6678741117955073,1.0,0.16589813764383002,0.6666666666666666,3.1666666666666665,3,540.6566056728755,127.66666666666667
Monza,103,23,160,107,107,53,0.7314364240552935,0.7314364240552935,1.0,0.16344436647762456,0.5,1.8333333333333333,3,538.3052031122855,123.83333333333333
Monza,103,24,142,105,105,37,0.6310247770908697,0.6310247770908697,1.0,0.25592492400200295,0.6,5.0,3,584.4137280071382,117.2
Monza,103,27,136,108,110,28,0.42450761551446503,0.42450761551446503,1.0,0.24395135631430362,0.3333333333333333,6.5,4,499.89722957068426,117.16666666666667
Monza,103,31,135,109,109,26,0.3112272798712224,0.3112272798712224,1.0,0.6887727201287775,0.4,0.4,3,358.485944721863,120.0
Monza,103,40,163,109,109,54,0.6709113097627648,0.6709113097627648,1.0,0.32908869023723514,0.6666666666666666,0.0,3,652.4696294278222,130.5
Monza,103,44,216,113,113,103,0.2699196271730169,0.2699196271730169,1.0,0.5021572069046923,0.4,3.4,3,624.8834711613313,145.4
Monza,103,55,142,115,115,27,0.7824832147184062,0.7824832147184062,1.0,0.21751678528159374,0.8,1.0,4,481.1645158370404,127.2
Monza,103,63,160,113,113,47,0.8431145044028701,0.8431145044028701,1.0,0.15688549559712991,0.8,0.0,3,524.071513758739,137.6
Monza,103,77,144,105,105,39,0.7553809857064934,0.6344396801696676,1.0,0.0,0.7142857142857143,8.857142857142858,3,540.558382634774,117.85714285714286
Monza,103,81,167,115,115,52,0.7526139252717797,0.7526139252717797,1.0,0.24738607472822013,0.6666666666666666,1.0,3,592.9241204405903,132.0
Monza,104,1,133,133,146,0,0.0,0.0,1.0,0.0,0.0,70.33333333333333,4,233.75429349632338,138.33333333333334
Monza,104,2,121,121,137,0,0.0,0.0,1.0,0.0,0.0,58.666666666666664,3,350.8229826214945,129.33333333333334
Monza,104,4,124,124,136,0,0.0,0.0,1.0,0.0,0.0,53.0,3,333.01055384464746,129.5
Monza,104,10,118,118,137,0,0.0,0.0,1.0,0.0,0.0,53.25,3,389.35074509996434,123.5
Monza,104,11,125,125,143,0,0.0,0.0,1.0,0.0,0.0,58.6,3,340.81502324553287,131.4
Monza,104,14,121,121,157,0,0.0,0.0,0.7109743596126226,0.0,0.0,79.66666666666667,3,703.6879953894111,140.66666666666666
Monza,104,16,126,126,176,0,0.0,0.0,1.0,0.0,0.0,81.0,4,596.5560901886229,145.33333333333334
Monza,104,18,121,121,135,0,1.0,0.0,1.0,0.0,0.25,49.5,3,411.4142458368884,127.5
Monza,104,20,123,120,133,3,0.0,0.0,1.0,0.0,0.0,44.75,3,421.33156744531993,124.75
Monza,104,22,121,121,141,0,0.0,0.0,1.0,0.0,0.0,74.33333333333333,3,239.73386804185978,129.66666666666666
Monza,104,23,133,133,139,0,0.0,0.0,1.0,0.0,0.0,41.333333333333336,3,216.44005704628393,135.33333333333334
Monza,104,24,118,118,146,0,0.0,0.0,1.0,0.0,0.0,69.5,4,477.25684527568114,128.75
Monza,104,27,131,131,162,0,0.0,0.0,0.4901249568472609,0.0,0.0,87.33333333333333,4,510.4151736400987,145.66666666666666
Monza,104,31,116,116,141,0,0.0,0.0,1.0,0.0,0.0,61.6,3,398.5926619874896,125.8
Monza,104,40,123,123,136,0,0.0,0.0,1.0,0.0,0.0,58.0,3,365.4335116136991,128.0
Monza,104,44,130,130,142,0,0.0,0.0,1.0,0.0,0.0,55.8,4,416.4661620817183,134.8
Monza,104,55,132,132,156,0,0.0,0.0,1.0,0.0,0.0,69.0,4,495.7721572601805,140.25
Monza,104,63,122,122,155,0,0.0,0.0,1.0,0.0,0.0,66.25,3,539.4786291043894,133.5
Monza,104,77,125,125,135,0,0.0,0.0,1.0,0.0,0.0,58.5,4,415.9729651410886,129.75
Monza,104,81,121,121,143,0,0.0,0.0,1.0,0.0,0.0,55.0,3,442.2687092275946,129.6
Monza,105,1,261,199,219,62,0.7680261401330899,0.4930790218956542,0.4299578383171831,0.0,0.4,57.9,5,1962.686416955357,219.8
Monza,105,2,260,192,212,68,0.7931146854921877,0.7931146854921877,0.7436943887900845,0.07756732371904784,0.35714285714285715,33.07142857142857,5,2117.94456777506,210.35714285714286
Monza,105,4,244,198,214,46,0.12648989051575824,0.12648989051575824,0.856795860359326,0.4408902119244874,0.25,40.5,5,1414.1505384235827,213.83333333333334
Monza,105,10,233,185,219,48,0.5368910924608619,0.5368910924608619,0.7588785253734205,0.054312533585945635,0.3076923076923077,43.23076923076923,5,1907.0378818894692,202.3846153846154
Monza,105,11,261,197,217,64,0.5966514818595918,0.5301828604061932,0.5482388184122001,0.0,0.36363636363636365,42.81818181818182,5,2056.6070169252416,216.45454545454547
Monza,105,14,233,188,219,45,0.80446834988121,0.80446834988121,0.6158009132838084,0.0,0.38461538461538464,45.46153846153846,5,1835.4137475402586,204.92307692307693
Monza,105,16,265,195,223,70,0.4690123177984456,0.0,0.5423413509945578,0.15277967893423225,0.25,48.5,5,1975.5657714147699,218.25
Monza,105,18,234,178,213,56,0.7766496939552877,0.7766496939552877,0.5340738420456358,0.06026614584360165,0.38461538461538464,36.38461538461539,5,2100.0552778419624,199.76923076923077
Monza,105,20,254,187,207,67,0.8225288884394636,0.7013134786353047,0.7003509229934385,0.0,0.5,54.583333333333336,5,1606.2726939758743,209.91666666666666
Monza,105,22,241,193,220,48,0.5968981298630838,0.5968981298630838,0.5162879426670507,0.08791909213882239,0.2727272727272727,52.45454545454545,5,1811.947047442287,211.63636363636363
Monza,105,23,263,196,208,67,0.41446402604118887,0.3375583056149135,1.0,0.1205404933192879,0.3076923076923077,35.15384615384615,5,1683.5909037853116,214.69230769230768
Monza,105,24,239,182,217,57,0.7863839855086745,0.7863839855086745,0.6539365229880048,0.0,0.5,45.0,5,1871.333157866344,206.0
Monza,105,27,239,195,212,44,0.6088094982370783,0.6088094982370783,1.0,0.09009063369898662,0.3,44.4,5,1752.4189536280874,208.4
Monza,105,31,238,184,204,54,0.8829825283915728,0.8829825283915728,0.6460125225258316,0.0,0.46153846153846156,39.53846153846154,5,1753.9197067782793,202.23076923076923
Monza,105,40,256,186,224,70,0.7483386486269511,0.7483386486269511,0.7527848192823705,0.04951183381296952,0.38461538461538464,42.53846153846154,5,1980.97285292272,211.0
Monza,105,44,261,197,216,64,0.37261977031022797,0.0,0.861469455340548,0.0,0.3076923076923077,50.69230769230769,5,1818.1512826242183,215.6153846153846
Monza,105,55,257,196,222,61,0.8635776625603394,0.679268226045503,0.7651810005515485,0.0,0.5,46.25,5,1735.1130740624592,215.25
Monza,105,63,257,199,221,58,0.698631463605216,0.0,0.5567413241912728,0.0,0.25,70.0,5,2172.1457711180433,214.33333333333334
Monza,105,77,236,187,218,49,0.403621368349871,0.403621368349871,0.5525589280439142,0.11415930891247963,0.2727272727272727,44.18181818181818,5,2015.5851282174517,204.1818181818182
Monza,105,81,261,204,224,57,0.625928064567637,0.42113505277003027,0.7223912850125588,0.07817039385838362,0.25,44.333333333333336,5,1833.670684158095,219.58333333333334
Monza,106,1,241,184,206,57,0.7916509514178985,0.5140938282388275,0.6469509892951527,0.0,0.4444444444444444,44.44444444444444,5,1254.4741430392435,201.88888888888889
Monza,106,2,219,173,192,46,0.6252839359348812,0.6252839359348812,1.0,0.09757723885319591,0.375,34.25,5,1202.5487058126387,187.125
Monza,106,4,210,184,198,26,0.5305770842926402,0.5305770842926402,0.6945782735681132,0.10811022426052888,0.25,33.625,5,1166.6511753733316,194.625
Monza,106,10,209,175,193,34,0.16079551088083485,0.16079551088083485,1.0,0.39598935923565265,0.2222222222222222,33.22222222222222,4,1070.078305706517,186.77777777777777
Monza,106,11,239,183,200,56,0.41201939447053637,0.12601890963806936,0.5090653405114134,0.0,0.375,42.125,5,1105.2863105228207,199.25
Monza,106,14,216,180,206,36,0.5096068251456822,0.5096068251456822,0.804344052025741,0.06365083519858274,0.42857142857142855,40.42857142857143,5,1431.1416090603343,194.14285714285714
Monza,106,16,239,184,192,55,0.6114430521509757,0.6114430521509757,1.0,0.0,0.5,34.375,5,1280.3038133964797,200.5
Monza,106,18,237,171,178,66,0.3968834410389024,0.30464694412277543,1.0,0.3577315036473346,0.25,29.25,4,1187.8119745608394,187.5
Monza,106,20,241,180,185,61,0.7189902977310493,0.7189902977310493,1.0,0.0,0.5,26.75,5,1230.8797507120603,197.75
Monza,106,22,234,180,191,54,0.6090379968031857,0.6090379968031857,0.6939661380819417,0.1905252998568135,0.375,33.5,5,1226.5646598559856,195.875
Monza,106,23,242,183,206,59,0.7326625930052572,0.7326625930052572,1.0,0.15179526253892087,0.3333333333333333,34.55555555555556,5,1803.058227462,200.22222222222223
Monza,106,24,216,169,186,47,0.639274995817453,0.639274995817453,1.0,0.0,0.375,46.25,5,1165.7491557461447,183.0
Monza,106,27,207,173,197,34,0.6010457035834846,0.6010457035834846,0.7140328361434629,0.1584082448829027,0.3333333333333333,40.22222222222222,5,1223.332564206358,185.77777777777777
Monza,106,31,209,172,186,37,0.83132309214742,0.83132309214742,1.0,0.0,0.625,30.0,5,942.0229092872589,189.375
Monza,106,40,205,177,184,28,0.6071537378548252,0.6071537378548252,0.7700162779128953,0.1587018864044976,0.3333333333333333,37.333333333333336,5,1074.9832884000402,185.33333333333334
Monza,106,44,264,181,195,83,0.7194451680255072,0.46963607729721335,1.0,0.050958207920676124,0.375,35.625,5,1413.603750860716,202.25
Monza,106,55,238,179,195,59,0.6003139365181467,0.6003139365181467,0.6957207447412563,0.1252987713706139,0.375,42.0,5,1209.0244133327224,198.375
Monza,106,63,222,189,199,33,0.44343856767862316,0.44343856767862316,1.0,0.23393438874667843,0.42857142857142855,34.714285714285715,5,929.106444779789,200.71428571428572
Monza,106,77,218,174,184,44,0.5201046222514111,0.5201046222514111,1.0,0.10797211402247417,0.375,37.5,5,1091.7753837976559,187.75
Monza,106,81,238,189,196,49,0.4344060624497191,0.4344060624497191,1.0,0.2237892701023125,0.2222222222222222,32.22222222222222,5,1172.7397366022442,202.33333333333334
Monza,107,1,262,193,194,69,0.5232104907921842,0.5232104907921842,1.0,0.18229465763284153,0.5,17.666666666666668,5,1028.858045575615,219.5
Monza,107,2,241,177,178,64,0.5069016122479697,0.5069016122479697,1.0,0.13091007294512588,0.5,12.333333333333334,5,638.9735367271226,194.16666666666666
Monza,107,4,235,192,194,43,0.8687226747341436,0.8687226747341436,1.0,0.0,0.6,14.8,5,988.539950346253,206.4
Monza,107,10,232,185,185,47,0.4587749534155041,0.4587749534155041,1.0,0.37875407177828524,0.5,9.0,5,1151.0406403629631,203.0
Monza,107,11,263,190,190,73,0.6775527397810146,0.5206099072400966,1.0,0.158867091823263,0.6666666666666666,12.833333333333334,5,1033.4219135988171,219.16666666666666
Monza,107,14,215,184,186,31,0.5033737658960776,0.5033737658960776,1.0,0.0,0.5,21.666666666666668,5,844.3717114270951,197.16666666666666
Monza,107,16,229,195,195,34,0.8581333511233866,0.8581333511233866,1.0,0.0,0.6,19.0,5,719.5768547276516,207.8
Monza,107,18,244,170,170,74,0.4369840044365343,0.0,1.0,0.40055591922076417,0.5,8.5,5,726.8798106203296,192.66666666666666
Monza,107,20,238,187,187,51,0.6043536961671592,0.6043536961671592,1.0,0.1592984033189597,0.6,2.4,5,626.023982374083,207.4
Monza,107,22,236,188,188,48,0.45713940402843833,0.45713940402843833,0.0,0.5428605959715617,0.3333333333333333,8.166666666666666,5,817.1088535368982,204.5
Monza,107,23,249,186,186,63,0.4667742428932632,0.4667742428932632,0.0,0.0,0.5,6.166666666666667,5,908.8853977220572,212.16666666666666
Monza,107,24,249,185,185,64,0.5991033317156248,0.5991033317156248,1.0,0.0,0.6,13.6,5,1036.8847892074434,208.8
Monza,107,27,307,184,187,123,0.3727883716616427,0.3727883716616427,1.0,0.0,0.5,29.166666666666668,5,1355.343557110732,226.83333333333334
Monza,107,31,235,179,181,56,0.5798639743558092,0.5798639743558092,1.0,0.16610468167165993,0.5,16.666666666666668,5,1050.106677726978,197.83333333333334
Monza,107,40,246,186,186,60,0.7129351816004829,0.7129351816004829,1.0,0.11012343294715725,0.5,8.5,5,1086.237771572035,209.5
Monza,107,44,247,193,193,54,0.8611859155546531,0.8611859155546531,1.0,0.0,0.8,8.8,5,718.40419673575,217.2
Monza,107,55,243,196,196,47,0.8412814400938727,0.8412814400938727,1.0,0.0,0.6666666666666666,22.166666666666668,5,1035.3293326135451,213.16666666666666
Monza,107,63,285,197,197,88,0.8157035500866706,0.8157035500866706,1.0,0.0,0.8,10.0,5,1035.2936450139093,229.2
Monza,107,77,285,177,177,108,0.7114126794439437,0.3949794910447192,1.0,0.11522012362531323,0.5,13.5,5,1335.1341903494372,207.66666666666666
Monza,107,81,242,198,198,44,0.6044682007695197,0.6044682007695197,1.0,0.29903927865212093,0.5,3.8333333333333335,5,700.5908304543083,214.5
Monza,108,1,223,223,235,0,0.0,0.0,0.41230079489151783,0.0,0.0,100.0,6,668.7987595237314,230.0
Monza,108,2,198,198,218,0,0.0,0.0,1.0,0.0,0.0,84.5,5,678.2250790670846,209.0
Monza,108,4,217,217,227,0,0.0,0.0,0.0,0.0,0.0,97.0,5,354.536132762759,223.0
Monza,108,10,197,197,216,0,0.0,0.0,0.8213822289569397,0.0,0.0,89.6,5,671.0086977622942,205.0
Monza,108,11,213,213,232,0,0.0,0.0,0.2175921693377217,0.0,0.0,100.0,5,954.9109027383213,222.0
Monza,108,14,214,214,229,0,0.0,0.0,0.0,0.0,0.0,99.75,5,426.2790418726981,222.5
Monza,108,16,220,220,231,0,0.0,0.0,0.6193583238570856,0.0,0.0,93.0,5,691.74662011338,225.25
Monza,108,18,201,201,214,0,0.0,0.0,0.0,0.0,0.0,86.25,5,562.1437614223406,208.0
Monza,108,20,202,202,218,0,0.0,0.0,1.0,0.0,0.0,84.66666666666667,5,634.9468875077772,210.0
Monza,108,22,205,205,219,0,0.0,0.0,0.6533150524492347,0.0,0.0,94.25,5,695.4966749061576,211.25
Monza,108,23,206,206,227,0,0.0,0.0,0.1608425299399539,0.0,0.0,95.4,5,703.8972005601909,217.2
Monza,108,24,201,201,213,0,0.0,0.0,1.0,0.0,0.0,78.33333333333333,5,701.5203155918864,206.0
Monza,108,27,209,209,228,0,0.0,0.0,0.0,0.0,0.0,99.25,5,539.556097082961,217.75
Monza,108,31,201,201,215,0,0.0,0.0,0.31880862325389353,0.0,0.25,88.25,5,680.1385599464213,208.5
Monza,108,40,213,213,220,0,0.0,0.0,0.37973561888727625,0.0,0.0,93.66666666666667,5,429.8594976046743,217.0
Monza,108,55,219,219,228,0,1.0,0.0,1.0,0.0,0.25,93.25,5,430.30888265203464,224.0
Monza,108,77,200,200,220,0,0.0,0.0,0.6072393646170355,0.0,0.0,93.75,5,882.0716078073541,209.75
Monza,109,2,239,239,254,0,0.0,0.0,0.28877607979119607,0.0,0.0,100.0,6,629.0843968538759,246.75
Monza,109,4,255,255,261,0,0.0,0.0,0.3246633913242925,0.0,0.0,99.0,6,477.01994782340483,258.0
Monza,109,10,241,241,253,0,0.0,0.0,0.0,0.0,0.0,100.0,6,582.773975143506,247.5
Monza,109,11,249,249,259,0,0.0,0.0,0.24176371770059832,0.0,0.0,100.0,6,884.755780080461,254.25
Monza,109,14,250,250,264,0,0.0,0.0,0.13315868705700998,0.0,0.0,100.0,7,1108.5343244523956,259.0
Monza,109,16,254,254,258,0,0.0,0.0,0.26187112420980707,0.0,0.0,99.0,6,466.5973750315136,255.33333333333334
Monza,109,18,240,240,253,0,0.0,0.0,0.0,0.0,0.0,99.33333333333333,6,451.92713866005755,244.33333333333334
Monza,109,20,247,247,252,0,0.0,0.0,0.2834900417911093,0.0,0.0,99.0,6,528.9074249235232,248.66666666666666
Monza,109,22,243,243,248,0,0.0,0.0,0.41069201304781355,0.0,0.0,94.75,6,545.8663764367313,245.25
Monza,109,23,250,250,260,0,0.0,0.0,0.21244297782559915,0.0,0.0,100.0,6,637.205640272742,254.5
Monza,109,24,240,240,249,0,0.0,0.0,0.18952917323529167,0.0,0.0,100.0,6,615.8744498630688,245.33333333333334
Monza,109,27,247,247,258,0,0.0,0.0,0.2995422060118126,0.0,0.0,100.0,6,671.2315506856469,252.5
Monza,109,31,241,241,246,0,0.0,0.0,0.28471775027680846,0.0,0.0,100.0,6,369.12062855341617,243.33333333333334
Monza,109,40,252,252,257,0,0.0,0.0,0.3696614303920331,0.0,0.0,100.0,6,636.5508788570492,255.33333333333334
Monza,109,44,252,252,260,0,0.0,0.0,0.0,0.0,0.0,100.0,6,446.63801122152864,257.0
Monza,109,55,253,253,256,0,0.0,0.0,0.3328114135744416,0.0,0.0,99.66666666666667,6,447.5497229036385,254.0
Monza,109,77,248,248,256,0,0.0,0.0,0.5367726840008606,0.0,0.0,100.0,6,679.938850447969,252.66666666666666
Monza,109,81,251,251,260,0,0.0,0.0,0.43608963005936663,0.0,0.0,99.0,6,927.351126315452,256.0
Monza,110,1,322,215,280,107,0.7757755200508988,0.5256546553715596,0.1571194786149106,0.0,0.21052631578947367,74.47368421052632,6,4320.253400924574,250.94736842105263
Monza,110,2,285,199,268,86,0.7464194996589809,0.7464194996589809,0.34919612694384167,0.0,0.19047619047619047,67.66666666666667,6,3701.2562316642325,228.95238095238096
Monza,110,4,253,211,266,42,0.1791943208093856,0.1791943208093856,0.2918099790312942,0.15271627332443052,0.1,68.0,5,3323.023218173784,236.4
Monza,110,10,251,200,264,51,0.4155723193899874,0.4155723193899874,0.2655375115354397,0.14815410390244574,0.2,61.05,5,3526.9578192492536,229.4
Monza,110,11,323,214,257,109,0.6446799467427591,0.420332700147171,0.36875190366877164,0.0,0.2857142857142857,67.85714285714286,6,3220.542113675422,246.57142857142858
Monza,110,14,269,201,258,68,0.8044204447931346,0.8044204447931346,0.2076310316757333,0.0,0.23529411764705882,65.3529411764706,5,3219.0494811172275,229.88235294117646
Monza,110,16,286,216,269,70,0.7940459393531515,0.70397619240233,0.31188740738914206,0.0,0.2,70.8,6,3887.265445027388,241.4
Monza,110,18,237,184,276,53,0.7084451200978058,0.5925832516286487,0.16203390974014822,0.031440141872947726,0.25,66.5,5,4039.5471960681925,224.25
Monza,110,20,206,195,264,11,0.0,0.0,0.2634930919327994,0.0,0.0,81.25,5,2469.5063373390312,226.0625
Monza,110,22,318,204,273,114,0.5143318707892872,0.5143318707892872,0.25252731202344586,0.045434493941142705,0.16666666666666666,66.95833333333333,5,3887.004380238305,237.54166666666666
Monza,110,23,264,207,276,57,0.654442005264748,0.654442005264748,0.21554314004984346,0.03307691844730251,0.20833333333333334,63.583333333333336,6,4285.181384863874,235.25
Monza,110,24,241,199,272,42,0.7066305197652545,0.7066305197652545,0.3612303309731867,0.0,0.18181818181818182,70.45454545454545,6,3564.756282387822,229.36363636363637
Monza,110,27,294,205,266,89,0.5862238828858426,0.5862238828858426,0.17379549726277,0.12365999777613125,0.23809523809523808,65.28571428571429,6,3664.3945987391116,237.52380952380952
Monza,110,31,269,197,267,72,0.7686738912310966,0.7686738912310966,0.24980948798504687,0.0,0.25,65.58333333333333,5,3744.8452735943993,228.79166666666666
Monza,110,40,209,198,270,11,0.0,0.0,0.21759591681430895,0.0,0.0,86.75,5,2885.6679304899017,232.8125
Monza,110,44,285,208,274,77,0.5918424136595393,0.5918424136595393,0.270349278016513,0.0,0.2,74.0,6,4068.5103804694277,240.7
Monza,110,55,285,206,279,79,0.7779084658425056,0.7779084658425056,0.1552161482563465,0.05049327346078639,0.21739130434782608,66.6086956521739,6,4301.661536906675,242.3913043478261
Monza,110,63,263,207,268,56,0.6008511287264029,0.2948383686940886,0.2570926187395327,0.0,0.2,72.8,5,3235.7011241008277,235.8
Monza,110,77,269,198,279,71,0.9343702174298105,0.9343702174298105,0.21674920340299447,0.0,0.23809523809523808,71.80952380952381,6,4223.024119121613,236.85714285714286
Monza,110,81,213,213,279,0,0.0,0.0,0.1814889358005999,0.0,0.0,92.52941176470588,5,2852.289732575139,241.94117647058823
Singapore,201,1,221,139,139,82,0.8070362506524609,0.6451212532365579,1.0,0.0,0.7142857142857143,9.857142857142858,4,883.2010545226085,167.85714285714286
Singapore,201,2,246,133,133,113,0.644046252677949,0.644046252677949,1.0,0.2564111576093512,0.5714285714285714,5.142857142857143,4,832.5421074496069,164.71428571428572
Singapore,201,4,225,145,145,80,0.842978252923383,0.842978252923383,1.0,0.157021747076617,0.75,1.125,3,877.4967074574325,173.875
Singapore,201,10,233,140,140,93,0.5075383326370041,0.5075383326370041,1.0,0.3465337202198074,0.5,4.5,4,942.4389338923061,169.125
Singapore,201,11,307,133,133,174,0.7656179520350016,0.7656179520350016,1.0,0.0,0.6666666666666666,24.333333333333332,3,1229.4874537030257,200.5
Singapore,201,14,287,132,132,155,0.854043333625294,0.854043333625294,1.0,0.0,0.8571428571428571,4.428571428571429,3,1157.2493625572588,179.0
Singapore,201,16,209,140,140,69,0.5797612376734902,0.5797612376734902,1.0,0.1347503815484205,0.625,10.75,4,653.733675333059,166.625
Singapore,201,18,215,130,130,85,0.6200106974969881,0.6200106974969881,1.0,0.0,0.625,7.5,4,834.1174149899034,157.375
Singapore,201,20,251,146,146,105,0.6513734687314684,0.6513734687314684,1.0,0.1800552272064543,0.5714285714285714,11.142857142857142,4,895.9448783768692,179.0
Singapore,201,22,301,123,123,178,0.8957103144069954,0.8957103144069954,1.0,0.04134164646303479,0.7142857142857143,5.857142857142857,2,1664.1040727001869,173.0
Singapore,201,23,305,140,140,165,0.8685623308013576,0.8685623308013576,1.0,0.0,0.7142857142857143,3.2857142857142856,4,1203.1977102726098,184.85714285714286
Singapore,201,24,194,132,132,62,0.7183242003259667,0.7183242003259667,1.0,0.0,0.7142857142857143,9.428571428571429,4,872.008311746327,152.0
Singapore,201,27,295,143,143,152,0.4681692352031829,0.4681692352031829,1.0,0.2830174360620287,0.5,7.625,4,903.6491100132305,178.25
Singapore,201,31,219,138,138,81,0.6257549690525237,0.6257549690525237,1.0,0.2026761895362471,0.7142857142857143,6.714285714285714,4,785.49498593558,161.85714285714286
Singapore,201,40,244,137,137,107,0.575005419548235,0.575005419548235,1.0,0.19776597146195032,0.625,10.875,4,1070.6017738944677,172.375
Singapore,201,44,205,133,133,72,0.8052875338136417,0.8052875338136417,1.0,0.0,0.8333333333333334,6.333333333333333,4,798.1798750709081,158.83333333333334
Singapore,201,55,224,137,138,87,0.6912506695192199,0.47435866472342164,1.0,0.15846840055054756,0.5714285714285714,17.857142857142858,4,774.9220099239885,164.28571428571428
Singapore,201,63,262,135,135,127,0.8780863909307524,0.8780863909307524,1.0,0.0,0.7142857142857143,2.857142857142857,4,1067.7475866401944,170.28571428571428
Singapore,201,77,202,133,133,69,0.6969689171805992,0.6969689171805992,1.0,0.10510165677947438,0.75,6.375,4,768.56516426288,158.5
Singapore,201,81,229,136,136,93,0.7033562629379845,0.7033562629379845,1.0,0.15278821042022125,0.75,3.875,3,1220.4640500046387,169.125
Singapore,202,1,122,85,107,37,0.48957041458428574,0.48957041458428574,1.0,0.3131037457498275,0.2727272727272727,25.272727272727273,3,824.7356626409234,97.72727272727273
Singapore,202,2,105,87,114,18,0.6843538259814717,0.6843538259814717,1.0,0.06659088689682931,0.3,19.7,3,772.1753369705922,98.7
Singapore,202,4,123,87,184,36,0.7172132275090516,0.7172132275090516,0.6184609606367082,0.04475694816594327,0.25,50.1875,2,1371.6793576957562,121.6875
Singapore,202,10,119,90,178,29,0.1300653053591565,0.1300653053591565,0.5634145401609095,0.24018922376248955,0.0625,55.3125,3,1351.9660574125119,121.125
Singapore,202,11,113,83,186,30,0.722776725314376,0.722776725314376,0.4657027509840805,0.057600912253840335,0.1875,55.25,2,1457.5384358546671,120.375
Singapore,202,14,116,86,181,30,0.19400106264701458,0.19400106264701458,0.7160480358069413,0.1660401926211743,0.13333333333333333,49.733333333333334,2,1344.7525111124767,120.6
Singapore,202,16,103,90,90,13,0.18951734369408052,0.18951734369408052,1.0,0.5643758316093574,0.2,8.2,3,230.78550281846424,94.0
Singapore,202,18,126,84,182,42,0.7023436132269618,0.7023436132269618,0.5400419668181085,0.033274417345862194,0.2631578947368421,46.26315789473684,3,1454.086516698346,117.3157894736842
Singapore,202,20,112,85,127,27,0.4722208803704665,0.4722208803704665,1.0,0.19880273445891716,0.15384615384615385,32.69230769230769,2,973.0749435472727,100.38461538461539
Singapore,202,22,115,89,186,26,0.3558635794109825,0.3558635794109825,0.3706721120520814,0.1406143082654577,0.2,56.333333333333336,3,1391.9090424969897,123.0
Singapore,202,23,108,87,184,21,0.4081344747776838,0.4081344747776838,0.533255590711499,0.12537117614802387,0.13333333333333333,51.53333333333333,3,1561.5181643046212,123.93333333333334
Singapore,202,24,107,90,90,17,1.0,1.0,0.0,0.0,0.75,0.75,3,435.94358009825305,97.75
Singapore,202,27,111,88,197,23,0.4618734607909215,0.4618734607909215,0.558060593600011,0.14321345551677295,0.058823529411764705,50.294117647058826,3,1735.2775945410297,121.11764705882354
Singapore,202,31,111,93,195,18,0.21292233212900047,0.21292233212900047,0.5220281802238723,0.20175173139966252,0.058823529411764705,55.88235294117647,3,1478.6571442599115,125.88235294117646
Singapore,202,40,114,89,190,25,0.4711212136291381,0.4711212136291381,0.6114174203253039,0.11207637501809378,0.16666666666666666,52.05555555555556,3,1326.4623658894443,121.27777777777777
Singapore,202,44,118,89,179,29,0.5180429186925206,0.5180429186925206,0.677430367590274,0.09768760017328332,0.13333333333333333,50.53333333333333,3,1387.9374857000914,120.33333333333333
Singapore,202,55,112,87,183,25,0.8374380363132052,0.8374380363132052,0.7076410493428259,0.0,0.26666666666666666,50.93333333333333,3,1346.2178696398091,119.4
Singapore,202,63,109,87,183,22,0.33309325347030827,0.33309325347030827,0.5396462236909628,0.17917917470746253,0.07692307692307693,63.23076923076923,3,1345.487334628267,125.46153846153847
Singapore,202,77,106,92,174,14,0.33564300804426095,0.33564300804426095,0.8147413418563525,0.12342865919895789,0.14285714285714285,48.142857142857146,3,1287.4634663840548,117.64285714285714
Singapore,202,81,122,85,191,37,0.6305993349178182,0.6305993349178182,0.5028887594502183,0.027236772264540434,0.1875,51.0,2,1533.7058570187257,117.9375
Singapore,203,1,251,153,173,98,0.6233413130263677,0.48921588814140404,0.7843731195652348,0.0,0.46153846153846156,47.38461538461539,4,1933.9091325286515,188.07692307692307
Singapore,203,2,254,148,159,106,0.5531149869998079,0.5531149869998079,1.0,0.10152438645283711,0.5,30.5,4,1688.322942667108,183.3
Singapore,203,4,250,164,164,86,0.48835810103469746,0.48835810103469746,1.0,0.10891319118579075,0.3333333333333333,50.0,4,1602.1605500814333,224.0
Singapore,203,10,252,160,176,92,0.6930594258960812,0.6000016441996182,1.0,0.0,0.5384615384615384,37.07692307692308,4,1784.382285948107,187.23076923076923
Singapore,203,11,246,152,192,94,0.40301940798849495,0.40301940798849495,1.0,0.15159066370470856,0.2857142857142857,49.357142857142854,4,2124.00424395904,201.57142857142858
Singapore,203,14,253,156,165,97,0.4918060009993184,0.2997229720765269,1.0,0.111710638611166,0.38461538461538464,39.15384615384615,4,1689.9754894102937,194.53846153846155
Singapore,203,16,255,152,180,103,0.8953310947203309,0.28558629815289666,1.0,0.0,0.46153846153846156,46.30769230769231,4,1637.0751592323732,183.46153846153845
Singapore,203,18,249,148,174,101,0.4331395121461377,0.2916908856758595,0.6432452873370437,0.09825163366507725,0.25,49.083333333333336,4,2095.4735798682495,186.66666666666666
Singapore,203,20,254,151,192,103,0.7303212696818725,0.6003221410844022,0.6017028615928135,0.12845690837100346,0.4166666666666667,41.0,4,1861.695090826354,183.66666666666666
Singapore,203,22,243,155,178,88,0.4488438424965895,0.4488438424965895,0.6977311785723314,0.045339938224001036,0.38461538461538464,47.07692307692308,4,2207.5451237255033,191.84615384615384
Singapore,203,23,196,153,172,43,0.4640909145087076,0.4640909145087076,1.0,0.1435170450276967,0.2222222222222222,39.55555555555556,4,1097.026856996402,165.77777777777777
Singapore,203,24,235,156,177,79,0.6253503611900891,0.6253503611900891,1.0,0.12583467490237796,0.4166666666666667,31.583333333333332,5,1592.8685649611093,177.58333333333334
Singapore,203,27,253,151,180,102,0.7665456854400969,0.6706409375073668,1.0,0.0,0.46153846153846156,46.0,4,1595.1498942052208,188.53846153846155
Singapore,203,31,256,151,179,105,0.7260517342397884,0.7260517342397884,0.7375534438216971,0.0,0.45454545454545453,47.36363636363637,4,1761.799033871011,185.1818181818182
Singapore,203,40,254,152,191,102,0.6258041603570909,0.6258041603570909,0.6432362733152425,0.0,0.3333333333333333,44.333333333333336,4,1951.410449962177,185.75
Singapore,203,44,252,158,180,94,0.41626880681595174,0.2774708795379532,0.8265898201952103,0.08158828296446412,0.2727272727272727,50.81818181818182,4,1606.18398575442,190.1818181818182
Singapore,203,55,255,158,184,97,0.5603016294229182,0.5603016294229182,0.7915161210529982,0.0,0.38461538461538464,45.23076923076923,4,1688.926587561315,186.69230769230768
Singapore,203,63,250,154,183,96,0.44949747700258447,0.44949747700258447,1.0,0.0,0.46153846153846156,46.92307692307692,4,1986.3473208681198,196.07692307692307
Singapore,203,77,251,152,187,99,0.3799618048027134,0.3799618048027134,0.8037670064593748,0.11847552959971171,0.23076923076923078,52.30769230769231,4,2112.803680704614,183.84615384615384
Singapore,203,81,250,151,156,99,0.6008973124709719,0.6008973124709719,1.0,0.0,0.2727272727272727,52.63636363636363,4,2117.1517460809832,183.36363636363637
Singapore,204,2,300,300,303,0,0.0,0.0,0.37233870035736827,0.0,0.0,100.0,8,663.2440087160852,301.3333333333333
Singapore,204,4,298,298,302,0,0.0,0.0,0.36913479625919227,0.0,0.0,100.0,8,578.625294338157,300.0
Singapore,204,10,294,294,299,0,0.0,0.0,0.0,0.0,0.0,100.0,7,607.0696695900187,296.3333333333333
Singapore,204,14,298,298,302,0,0.0,0.0,0.3727852630603685,0.0,0.0,99.33333333333333,8,660.8017851647977,299.3333333333333
Singapore,204,16,301,301,304,0,0.0,0.0,0.35879611522642735,0.0,0.0,100.0,8,600.7279634825122,302.6666666666667
Singapore,204,18,298,298,302,0,0.0,0.0,0.2557334658387101,0.0,0.0,99.0,8,962.3681078140335,300.0
Singapore,204,20,298,298,302,0,0.0,0.0,0.1866316267747612,0.0,0.0,99.0,8,705.100604270389,299.6666666666667
Singapore,204,22,294,294,297,0,0.0,0.0,0.3648930363792182,0.0,0.0,100.0,7,622.456161462412,295.6666666666667
Singapore,204,23,301,301,304,0,0.0,0.0,0.287452719337947,0.0,0.0,100.0,8,635.8750961939246,302.6666666666667
Singapore,204,27,299,299,302,0,0.0,0.0,0.3821360332838957,0.0,0.0,100.0,8,645.3275750301705,300.6666666666667
Singapore,204,31,297,297,299,0,0.0,0.0,0.0,0.0,0.0,100.0,7,444.5835626298575,298.0
Singapore,204,40,293,293,299,0,0.0,0.0,0.0,0.0,0.0,100.0,8,789.832803574851,296.25
Singapore,204,44,299,299,302,0,0.0,0.0,0.17874274616298774,0.0,0.0,100.0,8,829.6672311395923,300.3333333333333
Singapore,204,63,298,298,301,0,0.0,0.0,0.48510550781410705,0.0,0.0,100.0,8,610.8760419109869,299.6666666666667
Singapore,204,77,296,296,300,0,0.0,0.0,0.308954604533602,0.0,0.0,100.0,8,792.3689826424179,298.0
Singapore,204,81,293,293,300,0,0.0,0.0,0.2394851956413618,0.0,0.0,99.0,7,1083.0411398442982,296.5
Singapore,205,1,204,114,119,90,0.7188350766179654,0.7188350766179654,1.0,0.17338318624967478,0.45454545454545453,16.818181818181817,3,1017.4844081871565,137.8181818181818
Singapore,205,2,128,112,134,16,0.0,0.0,1.0,0.254692697517166,0.125,37.5,3,746.8747810581511,121.25
Singapore,205,4,165,117,164,48,0.5368956914799191,0.5368956914799191,0.7805306817590819,0.17305751667017394,0.36363636363636365,35.27272727272727,3,1162.0481472977358,137.72727272727272
Singapore,205,10,183,117,146,66,0.5692960106682403,0.5692960106682403,1.0,0.1595078984578836,0.4166666666666667,23.833333333333332,3,1195.9637765760383,138.58333333333334
Singapore,205,11,183,119,134,64,0.4832729474344836,0.4832729474344836,1.0,0.25619756885543515,0.3,28.4,3,1017.575376800328,135.5
Singapore,205,14,189,120,152,69,0.7634054705275191,0.7634054705275191,1.0,0.0,0.36363636363636365,27.363636363636363,3,1162.6412969679616,138.8181818181818
Singapore,205,16,198,121,132,77,0.6952318590441297,0.6952318590441297,1.0,0.0,0.5555555555555556,26.88888888888889,4,1163.8553292269814,142.0
Singapore,205,18,144,114,150,30,0.4681674726764281,0.4681674726764281,1.0,0.1304817190026081,0.4,30.0,3,935.2795211813561,128.9
Singapore,205,20,195,116,145,79,0.7129574664534352,0.7129574664534352,1.0,0.13830929809274084,0.4,27.5,3,1404.6830358113355,136.5
Singapore,205,22,191,114,122,77,0.5604517355469171,0.5604517355469171,1.0,0.39162799791337377,0.5454545454545454,15.818181818181818,3,863.5963653415902,139.8181818181818
Singapore,205,23,163,113,123,50,0.6417154265035091,0.6417154265035091,1.0,0.21316191104529986,0.45454545454545453,17.636363636363637,3,1021.9251688356054,129.8181818181818
Singapore,205,24,222,113,122,109,0.6348251766834161,0.6348251766834161,1.0,0.08619754536801222,0.5,15.416666666666666,4,1115.7733076706363,140.08333333333334
Singapore,205,27,184,120,132,64,0.7481484380917103,0.7481484380917103,1.0,0.16681945630892236,0.4166666666666667,20.083333333333332,4,1176.048157263991,137.33333333333334
Singapore,205,31,167,116,155,51,0.9326096292552111,0.9326096292552111,0.876148915821799,0.0,0.45454545454545453,31.545454545454547,3,1168.4156518095658,134.0
Singapore,205,40,220,117,126,103,0.6856786429028192,0.6856786429028192,1.0,0.0,0.5454545454545454,25.636363636363637,3,1007.246467638575,143.9090909090909
Singapore,205,44,198,116,125,82,0.6380838899759564,0.6380838899759564,1.0,0.0871790499014443,0.4,17.7,3,999.0003972017267,138.0
Singapore,205,55,197,118,130,79,0.7465300015687942,0.7465300015687942,1.0,0.09925282871779853,0.5454545454545454,19.09090909090909,4,1211.7173140619666,139.54545454545453
Singapore,205,63,168,117,122,51,0.4637646546223141,0.4637646546223141,1.0,0.0782537142987693,0.5,11.875,3,887.6539672231438,134.0
Singapore,205,77,157,118,140,39,0.5005490840764638,0.5005490840764638,1.0,0.2972881587227001,0.36363636363636365,23.454545454545453,4,1004.2558215195579,131.0909090909091
Singapore,205,81,160,111,154,49,0.7035778705513168,0.7035778705513168,0.7819575430194357,0.05614789882296944,0.45454545454545453,33.81818181818182,3,1133.4281716835158,131.0
Singapore,206,1,88,75,80,13,0.0,0.0,1.0,0.48238254457099017,0.14285714285714285,10.714285714285714,3,255.02396949701523,79.71428571428571
Singapore,206,2,111,74,94,37,0.7143663792352475,0.7143663792352475,1.0,0.159915630510397,0.4166666666666667,13.333333333333334,3,596.1123701742789,86.83333333333333
Singapore,206,4,138,77,85,61,0.7385016136120244,0.7385016136120244,1.0,0.05356120243216113,0.5454545454545454,10.090909090909092,2,755.1640925825526,93.9090909090909
Singapore,206,10,115,76,86,39,0.6446072128784354,0.6446072128784354,1.0,0.26408855734275094,0.5,11.7,2,578.225575938294,88.9
Singapore,206,11,143,74,82,69,0.7288308873154766,0.7288308873154766,1.0,0.0,0.5,12.1,2,797.2547679375298,93.4
Singapore,206,14,139,76,89,63,0.5287368457970326,0.5287368457970326,1.0,0.2971195371720809,0.5,9.333333333333334,2,743.8204843088321,95.75
Singapore,206,16,120,76,89,44,0.8093932906122429,0.8093932906122429,1.0,0.09505011397755055,0.5,17.0,3,678.5690125697471,90.1
Singapore,206,18,101,74,74,27,0.18504569840983787,0.18504569840983787,1.0,0.814954301590162,0.16666666666666666,3.3333333333333335,3,373.2331375051094,84.33333333333333
Singapore,206,20,123,75,88,48,0.879789458684285,0.879789458684285,1.0,0.0,0.5,16.25,2,720.9309539257558,88.25
Singapore,206,22,119,75,83,44,0.6336475044657799,0.6336475044657799,1.0,0.19806092208981615,0.4444444444444444,12.444444444444445,3,665.7267239930086,91.88888888888889
Singapore,206,23,119,75,83,44,0.7728787522790936,0.7728787522790936,1.0,0.15523724609161008,0.5,7.9,2,576.5278990342435,89.7
Singapore,206,24,116,77,79,39,0.6875057449713602,0.6875057449713602,1.0,0.22322600119693958,0.5,6.125,4,703.8583030017749,90.25
Singapore,206,27,126,76,79,50,0.7586672512473683,0.7586672512473683,1.0,0.18594904812670743,0.5,9.2,3,595.1375891349201,91.5
Singapore,206,31,136,75,92,61,0.7137910447422166,0.7137910447422166,1.0,0.19856975151894107,0.5454545454545454,12.272727272727273,2,808.7180436442887,94.18181818181819
Singapore,206,40,142,77,85,65,0.6569562493046053,0.6569562493046053,1.0,0.15379402683839388,0.45454545454545453,14.545454545454545,3,747.2705418314,95.63636363636364
Singapore,206,44,133,74,84,59,0.6551242697835434,0.6551242697835434,1.0,0.25157100559477064,0.45454545454545453,6.818181818181818,3,729.8768361980655,90.0909090909091
Singapore,206,55,127,77,89,50,0.8396548337267008,0.8396548337267008,1.0,0.0,0.45454545454545453,19.181818181818183,3,772.190457853548,90.54545454545455
Singapore,206,63,119,76,82,43,0.7179478888675597,0.7179478888675597,1.0,0.15804678366365982,0.5,9.3,3,767.7477807618644,91.8
Singapore,206,77,102,78,88,24,0.5766339284342691,0.5766339284342691,1.0,0.17617708416511732,0.3333333333333333,13.333333333333334,3,517.884178656602,85.44444444444444
Singapore,206,81,137,70,102,67,0.8060734094067257,0.8060734094067257,1.0,0.09366152996081274,0.5384615384615384,18.153846153846153,2,997.2900133109943,95.23076923076923
Singapore,207,1,177,130,146,47,0.5276836675001995,0.5276836675001995,1.0,0.08561150218667549,0.2727272727272727,44.63636363636363,4,1520.6873119167005,150.8181818181818
Singapore,207,2,178,125,161,53,0.6703161913255709,0.5089621038166651,1.0,0.20198813932921367,0.18181818181818182,54.0,4,1418.2915304771507,145.54545454545453
Singapore,207,4,185,128,182,57,0.6225330376438186,0.6225330376438186,0.7628913522474824,0.0,0.5,35.642857142857146,3,1956.1474191008708,155.92857142857142
Singapore,207,10,174,125,154,49,0.5281271569161935,0.5281271569161935,1.0,0.2540145553988227,0.3333333333333333,36.333333333333336,3,1459.7976726489437,151.0
Singapore,207,11,177,124,155,53,0.5205306333309558,0.5205306333309558,0.7692124794557889,0.0902079080213323,0.2857142857142857,48.57142857142857,3,1496.5839094835706,150.35714285714286
Singapore,207,14,190,125,159,65,0.7613194090994815,0.7613194090994815,1.0,0.0,0.3333333333333333,43.5,3,1437.2235889039093,148.08333333333334
Singapore,207,16,191,130,148,61,0.6141144498679506,0.6141144498679506,1.0,0.10196456065187316,0.3333333333333333,38.333333333333336,4,1259.1632812892785,147.08333333333334
Singapore,207,18,173,123,142,50,0.7313461711581691,0.5877864061234167,1.0,0.060751806929294855,0.42857142857142855,34.92857142857143,3,1372.5460209402156,145.14285714285714
Singapore,207,20,187,130,150,57,0.818055658456802,0.818055658456802,1.0,0.06096460159838303,0.5,32.42857142857143,4,1310.6982233770764,148.5
Singapore,207,22,189,128,168,61,0.7820401172003091,0.7820401172003091,1.0,0.0754165652419399,0.45454545454545453,33.63636363636363,4,1691.636672410923,151.63636363636363
Singapore,207,23,178,121,148,57,0.5763689811264933,0.41655060526362314,1.0,0.16397110843078752,0.46153846153846156,36.38461538461539,4,1751.7527253837486,147.07692307692307
Singapore,207,24,189,126,158,63,0.6154756857123754,0.6154756857123754,1.0,0.06585539774372826,0.38461538461538464,38.23076923076923,4,1473.6283431426848,146.3846153846154
Singapore,207,27,187,126,167,61,0.5783772151395765,0.3716239654785618,1.0,0.12720557208276229,0.3076923076923077,44.30769230769231,4,1500.3926813103392,150.07692307692307
Singapore,207,31,187,128,154,59,0.5056799196244074,0.5056799196244074,1.0,0.08632246791116224,0.2727272727272727,46.54545454545455,4,1584.8892990605195,150.36363636363637
Singapore,207,40,182,129,155,53,0.6830602502179478,0.6830602502179478,1.0,0.1412136261433379,0.35714285714285715,39.142857142857146,4,1484.4126328845925,151.21428571428572
Singapore,207,44,188,123,169,65,0.7346899063339734,0.5090031999549633,1.0,0.04419703040166852,0.4,45.86666666666667,3,1571.6490297191256,149.93333333333334
Singapore,207,55,180,133,156,47,0.5881953352305086,0.4159985018557852,1.0,0.07210969851208007,0.3333333333333333,43.25,4,1582.8698072828722,152.33333333333334
Singapore,207,63,185,131,167,54,0.6723058157362828,0.6723058157362828,0.7076141651394905,0.0,0.4,41.13333333333333,4,1461.1767835218252,152.46666666666667
Singapore,207,77,172,128,146,44,0.4433894062483965,0.4433894062483965,1.0,0.1270150067029082,0.3076923076923077,40.61538461538461,4,1717.1037538638984,147.15384615384616
Singapore,207,81,177,127,145,50,0.45879754811729945,0.45879754811729945,1.0,0.0678116730480532,0.38461538461538464,38.0,3,1470.6114205573483,147.6153846153846
Singapore,208,1,203,138,162,65,0.9123702795752957,0.9123702795752957,1.0,0.0,0.4,39.3,4,1254.2356234826746,160.1
Singapore,208,4,240,138,168,102,0.5775230863340499,0.5775230863340499,1.0,0.18525733027064492,0.25,33.166666666666664,3,1553.8215014837833,161.16666666666666
Singapore,208,10,150,145,157,5,0.0,0.0,1.0,0.12363937731752808,0.0,48.0,4,784.9148286703214,149.71428571428572
Singapore,208,11,200,139,166,61,0.6330712108925932,0.6330712108925932,1.0,0.11033496009455261,0.36363636363636365,36.72727272727273,4,1609.5439573682918,156.8181818181818
Singapore,208,14,196,135,163,61,0.7650817418076813,0.3369993329436356,1.0,0.0,0.3333333333333333,37.833333333333336,4,1368.828965517693,153.16666666666666
Singapore,208,16,201,140,161,61,0.6682059254163512,0.6682059254163512,1.0,0.0,0.4166666666666667,36.25,4,1439.4276530714997,158.25
Singapore,208,18,180,127,169,53,0.5959579444211596,0.5959579444211596,0.8410918076299599,0.07639684849213461,0.3076923076923077,43.53846153846154,4,1295.931080016001,148.92307692307693
Singapore,208,20,209,140,170,69,0.5685365136764774,0.5685365136764774,1.0,0.23832703375008182,0.3076923076923077,35.69230769230769,4,1320.2136131027607,159.15384615384616
Singapore,208,22,215,145,145,70,0.47773492718587396,0.47773492718587396,0.0,0.522265072814126,0.6,1.0,4,880.6289304275112,173.2
Singapore,208,23,200,135,170,65,0.862966842187983,0.862966842187983,1.0,0.07677208981719377,0.4166666666666667,29.833333333333332,4,1295.5037997542727,155.5
Singapore,208,24,177,135,171,42,0.5935854921400099,0.5935854921400099,1.0,0.0,0.36363636363636365,38.27272727272727,4,1188.4324776132041,149.9090909090909
Singapore,208,27,267,139,142,128,0.5140652602855339,0.5140652602855339,1.0,0.19276824460760028,0.2222222222222222,27.555555555555557,4,1420.173307354476,161.22222222222223
Singapore,208,31,184,146,165,38,0.35398716525454144,0.35398716525454144,1.0,0.1669676068830519,0.18181818181818182,31.0,4,1285.7095453306902,157.1818181818182
Singapore,208,40,199,139,142,60,0.7593547520878271,0.7593547520878271,0.0,0.06947886880497034,0.5,21.125,4,719.6432650674234,158.125
Singapore,208,44,236,143,158,93,0.7853049404076229,0.48272065651707247,1.0,0.10504852003655105,0.45454545454545453,24.181818181818183,4,1284.8736139945092,164.63636363636363
Singapore,208,55,255,137,166,118,0.9164720938497973,0.9164720938497973,1.0,0.0,0.4166666666666667,34.583333333333336,4,1548.1679130763525,161.0
Singapore,208,63,198,146,173,52,0.5922416269877117,0.5922416269877117,1.0,0.0,0.3333333333333333,40.333333333333336,4,1318.9098227227068,163.08333333333334
Singapore,208,77,211,133,168,78,0.7524694702683907,0.7524694702683907,1.0,0.12619820810002738,0.3076923076923077,38.30769230769231,4,1528.018360208967,152.07692307692307
Singapore,208,81,213,135,169,78,0.7260980599178116,0.7260980599178116,0.8846454268237651,0.08257107902668907,0.3333333333333333,40.333333333333336,3,1344.3509001163688,155.41666666666666
Singapore,209,1,129,111,111,18,0.24774833576123162,0.24774833576123162,1.0,0.0,0.2,17.2,3,424.3402563398712,116.0
Singapore,209,2,113,106,109,7,0.6162094905977924,0.6162094905977924,1.0,0.2830191500131151,0.25,14.0,3,303.5375040016804,108.75
Singapore,209,4,124,111,113,13,0.3798609944046734,0.3798609944046734,1.0,0.1749460129866034,0.4,12.2,3,455.278915176299,117.4
Singapore,209,11,130,107,107,23,0.794042826143441,0.794042826143441,1.0,0.0,0.6,12.2,3,529.7705059692788,115.6
Singapore,209,14,120,112,115,8,0.594746280654813,0.594746280654813,1.0,0.0,0.25,25.25,3,439.0618962937205,115.0
Singapore,209,16,140,113,113,27,0.571553714655653,0.571553714655653,1.0,0.0,0.6,19.6,3,445.28330507470844,122.0
Singapore,209,18,125,106,108,19,0.2069817134533662,0.2069817134533662,1.0,0.43834531870437,0.2,10.4,3,365.557558151895,112.0
Singapore,209,20,127,109,113,18,0.521230051597712,0.521230051597712,1.0,0.0,0.5,17.75,3,385.1751187535766,116.75
Singapore,209,22,124,111,111,13,0.5911614162364975,0.5911614162364975,1.0,0.0,0.6666666666666666,4.666666666666667,3,352.76037229887913,117.0
Singapore,209,23,125,109,109,16,0.30624083293916204,0.30624083293916204,1.0,0.45895208884060323,0.4,2.8,3,292.24908540801164,116.2
Singapore,209,24,128,109,113,19,0.46472289023136965,0.46472289023136965,1.0,0.0,0.4,18.6,3,504.6294816370386,115.6
Singapore,209,27,121,110,111,11,0.3287473189979309,0.3287473189979309,1.0,0.0,0.4,14.6,3,347.1042647256819,113.6
Singapore,209,31,117,104,104,13,0.5381276000506969,0.5381276000506969,0.0,0.0,0.4,13.4,3,399.65309048717916,109.2
Singapore,209,40,127,107,107,20,0.5843006301538098,0.5843006301538098,1.0,0.16083843330399036,0.6,10.2,3,364.9259766935355,117.0
Singapore,209,44,119,108,110,11,0.7742349267676994,0.7742349267676994,1.0,0.06203207001472254,0.25,15.0,3,599.9410969684574,112.5
Singapore,209,55,123,111,111,12,0.6620463983137168,0.6620463983137168,1.0,0.0,0.5,12.75,3,318.6925530761743,115.75
Singapore,209,63,124,111,114,13,0.6994508063395289,0.6994508063395289,1.0,0.1297752197785003,0.4,19.2,3,524.7189814909038,116.2
Singapore,209,77,123,104,104,19,0.46871502040995855,0.46871502040995855,1.0,0.21620758111311186,0.4,12.0,3,385.5307177831601,110.2
Singapore,209,81,116,108,111,8,0.0,0.0,1.0,0.629830449145946,0.0,25.25,3,362.70765536868987,111.25
Singapore,210,1,158,158,181,0,0.0,0.0,0.3543273280643825,0.0,0.0,93.5,3,551.3290980948593,171.0
Singapore,210,2,164,164,172,0,0.0,0.0,1.0,0.0,0.0,67.33333333333333,4,465.3648972193306,168.0
Singapore,210,4,165,165,174,0,0.0,0.0,1.0,0.0,0.0,77.75,3,237.2805379586914,168.25
Singapore,210,10,158,158,173,0,0.0,0.0,0.2028078077735928,0.0,0.0,89.25,3,419.92735659004506,166.75
Singapore,210,11,157,157,181,0,0.0,0.0,0.14780346834302205,0.0,0.0,97.5,3,453.85971031011127,167.25
Singapore,210,14,172,172,183,0,0.0,0.0,1.0,0.0,0.0,79.75,4,476.4498748085384,176.0
Singapore,210,16,164,164,188,0,0.0,0.0,1.0,0.0,0.0,90.0,4,474.0150753902451,176.0
Singapore,210,18,156,156,171,0,0.0,0.0,1.0,0.0,0.0,72.25,3,491.87803905713133,165.0
Singapore,210,20,162,162,183,0,0.0,0.0,1.0,0.0,0.0,80.25,3,545.9381102699369,172.5
Singapore,210,22,166,166,183,0,0.0,0.0,0.5168208669814482,0.0,0.0,95.33333333333333,4,477.02517696158975,176.0
Singapore,210,23,158,158,179,0,0.0,0.0,1.0,0.0,0.0,83.2,3,504.91989556334954,168.4
Singapore,210,24,149,149,170,0,0.0,0.0,1.0,0.0,0.0,77.75,3,459.3911560767456,160.75
Singapore,210,27,153,153,184,0,0.0,0.0,0.5319507457622145,0.0,0.0,83.6,3,540.4569474899636,167.8
Singapore,210,31,156,156,184,0,0.0,0.0,0.2266901335832732,0.0,0.0,95.25,3,515.689263721495,170.0
Singapore,210,44,165,165,178,0,0.0,0.0,1.0,0.0,0.0,89.25,3,307.7668001624635,171.25
Singapore,210,55,163,163,181,0,0.0,0.0,1.0,0.0,0.0,87.66666666666667,3,284.45564775443387,173.0
Singapore,210,63,159,159,191,0,0.0,0.0,0.11355477117949868,0.0,0.0,96.0,3,689.2037947818279,174.0
Singapore,210,77,155,155,179,0,0.0,0.0,1.0,0.0,0.0,88.0,3,539.3679832831918,167.5
Singapore,210,81,172,172,186,0,0.0,0.0,0.6415882256445419,0.0,0.0,90.0,3,472.4483090276417,178.25
Singapore,211,1,101,69,77,32,0.49222189198683625,0.49222189198683625,1.0,0.22177988674077107,0.3333333333333333,13.444444444444445,2,625.6589672916409,79.44444444444444
Singapore,211,2,103,67,82,36,0.528230621348001,0.528230621348001,1.0,0.2503574122264502,0.3,10.9,2,575.812694241255,78.4
Singapore,211,4,101,64,76,37,0.7069837675184294,0.7069837675184294,1.0,0.1212943737918303,0.4,13.0,2,577.8734284559312,76.3
Singapore,211,10,97,71,77,26,0.5725414384485669,0.5725414384485669,1.0,0.33404624783351855,0.3333333333333333,11.333333333333334,2,500.5070586249472,79.55555555555556
Singapore,211,11,112,69,77,43,0.49131350096348303,0.49131350096348303,1.0,0.3905786600777246,0.5,10.9,2,554.6533815483128,83.5
Singapore,211,14,95,67,87,28,0.5972261065275191,0.5972261065275191,1.0,0.05423783133178247,0.3333333333333333,17.555555555555557,2,626.8687217970783,78.11111111111111
Singapore,211,16,103,69,72,34,0.7457416680531236,0.7457416680531236,1.0,0.13987982890317463,0.4444444444444444,10.444444444444445,2,561.68681685204,80.77777777777777
Singapore,211,18,112,65,83,47,0.7311960526623917,0.7311960526623917,1.0,0.058750050581963156,0.4,15.4,2,586.9250997669712,78.4
Singapore,211,20,120,62,65,58,0.428358089843454,0.428358089843454,1.0,0.3799383791987583,0.4,10.6,2,463.2404898324054,81.6
Singapore,211,22,108,65,82,43,0.669387109168304,0.669387109168304,1.0,0.23076269257660925,0.3333333333333333,15.583333333333334,2,639.3734092454797,79.25
Singapore,211,23,101,67,83,34,0.6006239089759924,0.6006239089759924,1.0,0.2285046260559617,0.4,11.6,2,630.3848453756783,79.8
Singapore,211,24,104,66,77,38,0.5817214206630463,0.5817214206630463,1.0,0.22572478826939343,0.3333333333333333,14.555555555555555,2,626.0503626116938,76.77777777777777
Singapore,211,27,116,65,87,51,0.8325034741896074,0.8325034741896074,1.0,0.0,0.45454545454545453,16.181818181818183,2,682.338771629188,80.72727272727273
Singapore,211,31,108,67,87,41,0.751220537766648,0.751220537766648,1.0,0.15763185513121877,0.4,15.0,2,693.3587208998724,81.5
Singapore,211,40,101,66,81,35,0.6264792296565721,0.6264792296565721,1.0,0.14894947295351843,0.45454545454545453,18.90909090909091,2,500.7225927243206,78.63636363636364
Singapore,211,44,112,64,73,48,0.8028603073903249,0.8028603073903249,1.0,0.165266559185665,0.6,9.1,2,603.6594681693313,79.7
Singapore,211,55,91,66,82,25,0.5820506549408232,0.5820506549408232,1.0,0.16601247261574847,0.4,20.4,2,495.2959193192976,75.1
Singapore,211,77,101,67,79,34,0.7619372942830238,0.7619372942830238,1.0,0.11090904355483283,0.36363636363636365,11.636363636363637,2,472.0004085819468,76.9090909090909
Singapore,211,81,116,65,87,51,0.8331066278924555,0.8331066278924555,1.0,0.06185184669898095,0.4444444444444444,19.22222222222222,2,753.6629958696881,81.0
Singapore,212,1,135,87,87,48,0.695938204899474,0.695938204899474,1.0,0.05381325464473872,0.5714285714285714,6.428571428571429,3,645.0661671476033,104.85714285714286
Singapore,212,2,138,91,102,47,0.6873715772120492,0.6873715772120492,1.0,0.20710864863649764,0.4,11.5,3,777.674133353936,104.5
Singapore,212,4,216,90,97,126,0.9096143872460325,0.9096143872460325,1.0,0.07338280976244337,0.6363636363636364,8.454545454545455,2,1119.5032986623014,123.27272727272727
Singapore,212,10,133,90,109,43,0.7368558403880785,0.7368558403880785,1.0,0.19548580863620377,0.36363636363636365,22.454545454545453,3,1026.915535009189,102.0
Singapore,212,11,152,87,96,65,0.8990301777151868,0.8990301777151868,1.0,0.0,0.5,14.5,3,764.3719744129708,105.5
Singapore,212,14,213,89,98,124,0.8325291157213174,0.8325291157213174,1.0,0.08573966641444562,0.5454545454545454,11.818181818181818,2,1042.211043557373,117.0909090909091
Singapore,212,16,175,93,103,82,0.7913240341712379,0.7913240341712379,1.0,0.0,0.5833333333333334,17.666666666666668,3,842.9821494790883,115.75
Singapore,212,18,99,83,110,16,0.3624549530556308,0.3624549530556308,1.0,0.25401009625691967,0.25,26.5,3,612.0892755641901,93.875
Singapore,212,20,148,89,98,59,0.5642639467915652,0.5642639467915652,1.0,0.2964029231535647,0.4,14.8,3,685.5745642626143,105.3
Singapore,212,22,188,86,97,102,0.7453680947291422,0.7453680947291422,1.0,0.16929856073508617,0.5,14.8,3,950.9826858595004,112.5
Singapore,212,23,157,86,91,71,0.7356119724567989,0.7356119724567989,1.0,0.10674060202309793,0.6666666666666666,5.111111111111111,3,749.5390529890926,108.55555555555556
Singapore,212,24,172,85,94,87,0.5767747156062485,0.5767747156062485,1.0,0.21736677588523398,0.3333333333333333,16.555555555555557,3,1054.6332530943287,106.88888888888889
Singapore,212,27,166,91,102,75,0.6484282839830889,0.6484282839830889,1.0,0.20315197915952493,0.5,15.0,3,933.9641208275514,112.3
Singapore,212,31,150,89,103,61,0.7661536045130719,0.7661536045130719,1.0,0.08805869559098883,0.45454545454545453,19.454545454545453,3,704.4420685630862,107.27272727272727
Singapore,212,40,193,86,100,107,0.7775552248049803,0.7775552248049803,1.0,0.13542469967175513,0.45454545454545453,16.727272727272727,3,1057.0724398085224,116.0909090909091
Singapore,212,44,158,88,110,70,0.755491808555895,0.755491808555895,1.0,0.09656725110295276,0.4,19.3,2,844.8445128722311,109.8
Singapore,212,55,154,90,103,64,0.8535589171323397,0.8535589171323397,1.0,0.09251245023937653,0.5,20.8,3,700.1926637463055,108.3
Singapore,212,63,153,86,104,67,0.8467814325451555,0.8467814325451555,1.0,0.08171870174471486,0.45454545454545453,16.545454545454547,3,687.0235844649087,104.45454545454545
Singapore,212,77,131,89,117,42,0.6846155678060981,0.6846155678060981,1.0,0.17018702972841948,0.3,23.3,3,1141.3105707124641,104.0
Singapore,212,81,111,89,95,22,0.49008402617386837,0.49008402617386837,1.0,0.13764661503413256,0.3333333333333333,15.666666666666666,3,537.6576563830641,96.44444444444444
Singapore,213,1,237,237,259,0,0.0,0.0,0.2166104868359074,0.0,0.0,100.0,6,1327.7869915353763,248.0
Singapore,213,4,237,237,252,0,0.0,0.0,0.0944224019347578,0.0,0.0,99.0,6,967.9929438913532,246.4
Singapore,213,10,242,242,257,0,0.0,0.0,0.23378134604621711,0.0,0.0,100.0,6,956.2105054976203,248.8
Singapore,213,11,234,234,256,0,0.0,0.0,0.09052920105298276,0.0,0.0,100.0,6,1144.384263254246,245.8
Singapore,213,14,239,239,254,0,0.0,0.0,0.26279544909677166,0.0,0.0,99.0,6,952.0405592580801,245.2
Singapore,213,16,232,232,256,0,0.0,0.0,0.24246826379889477,0.0,0.0,100.0,6,1214.3030725006815,244.33333333333334
Singapore,213,18,237,237,253,0,0.0,0.0,0.0,0.0,0.0,99.0,6,718.8266507376343,244.4
Singapore,213,20,235,235,254,0,0.0,0.0,0.1048426727814641,0.0,0.0,99.5,6,1047.3686147330684,246.0
Singapore,213,22,232,232,254,0,0.0,0.0,0.0,0.0,0.0,100.0,5,936.0257681588205,244.33333333333334
Singapore,213,23,231,231,265,0,0.0,0.0,0.15381770635120295,0.0,0.0,100.0,6,1709.8532386102993,245.4
Singapore,213,24,241,241,255,0,0.0,0.0,0.0,0.0,0.0,100.0,6,686.6797293492243,247.4
Singapore,213,27,235,235,254,0,0.0,0.0,0.2024607212856218,0.0,0.0,100.0,6,1089.2877254823102,246.0
Singapore,213,31,233,233,252,0,0.0,0.0,0.18422642230273492,0.0,0.0,100.0,5,985.7650300346422,243.2
Singapore,213,40,234,234,252,0,0.0,0.0,0.10810254256659609,0.0,0.0,100.0,5,1071.219525871685,243.8
Singapore,213,44,237,237,254,0,0.0,0.0,0.09420652010346856,0.0,0.0,100.0,6,836.632558918289,245.8
Singapore,213,55,233,233,255,0,0.0,0.0,0.14341378943268532,0.0,0.0,99.16666666666667,6,1062.8935522959468,245.16666666666666
Singapore,213,63,232,232,254,0,0.0,0.0,0.1917629716436351,0.0,0.0,100.0,6,1115.778236887072,243.5
Singapore,213,77,240,240,255,0,0.0,0.0,0.18366103219063742,0.0,0.0,100.0,6,853.325733559599,247.2
Singapore,213,81,232,232,254,0,0.0,0.0,0.15078210100455064,0.0,0.0,99.0,6,1180.8095056473258,243.83333333333334
Singapore,214,1,166,108,108,58,0.7942332047885398,0.7942332047885398,1.0,0.0,0.7142857142857143,6.571428571428571,3,606.9595383326496,131.42857142857142
Singapore,214,2,140,109,109,31,0.6249342471960094,0.6249342471960094,1.0,0.37506575280399074,0.6666666666666666,1.0,3,594.4167836278166,125.0
Singapore,214,4,132,112,112,20,0.26846624358209287,0.26846624358209287,1.0,0.4577846768420739,0.5714285714285714,4.142857142857143,3,485.5166783292751,121.57142857142857
Singapore,214,10,186,115,115,71,0.8096932254669741,0.8096932254669741,0.0,0.19030677453302583,0.6666666666666666,0.0,3,610.8544032010323,139.83333333333334
Singapore,214,11,147,106,106,41,0.8233144076990581,0.8233144076990581,1.0,0.0,0.7142857142857143,7.0,3,502.39815531664624,123.57142857142857
Singapore,214,14,191,110,110,81,0.7111345009216673,0.7111345009216673,1.0,0.13387409615807958,0.625,4.5,3,761.2505289181561,133.625
Singapore,214,16,190,111,111,79,0.6402798891387996,0.6402798891387996,1.0,0.11848875195469435,0.5714285714285714,7.142857142857143,4,572.2161708367081,133.0
Singapore,214,18,141,108,108,33,0.6189420196554507,0.6189420196554507,1.0,0.09536571634683318,0.6666666666666666,4.833333333333333,3,616.5345434046944,123.16666666666667
Singapore,214,20,163,111,111,52,0.7641985195795836,0.7641985195795836,1.0,0.08740697420030479,0.7142857142857143,5.714285714285714,3,561.0627731898528,131.28571428571428
Singapore,214,22,197,108,108,89,0.7941941710131901,0.7941941710131901,1.0,0.11554402932765148,0.7142857142857143,2.5714285714285716,3,669.6083301382941,140.42857142857142
Singapore,214,23,142,111,111,31,0.7680899574368546,0.7680899574368546,1.0,0.0,0.7142857142857143,6.0,3,475.2684260735149,124.57142857142857
Singapore,214,24,132,107,107,25,0.3423501183152915,0.3423501183152915,1.0,0.5327817123361388,0.3333333333333333,7.833333333333333,3,388.349426467527,114.83333333333333
Singapore,214,27,149,103,103,46,0.5935744186180553,0.5935744186180553,1.0,0.24350690223912985,0.5,4.666666666666667,3,433.72045292471523,119.33333333333333
Singapore,214,31,181,107,107,74,0.801652661258176,0.801652661258176,0.0,0.198347338741824,0.7142857142857143,0.42857142857142855,3,599.1945442471742,132.42857142857142
Singapore,214,40,173,109,109,64,0.4027623771008907,0.4027623771008907,1.0,0.0,0.6,4.8,3,505.60507639565486,134.8
Singapore,214,44,155,113,113,42,0.6899772423230539,0.6899772423230539,1.0,0.1848329884165159,0.6666666666666666,2.5,3,473.17614872546187,129.16666666666666
Singapore,214,55,179,111,111,68,0.7382722186125616,0.7382722186125616,1.0,0.09181719724922713,0.7142857142857143,6.714285714285714,4,706.670588233181,135.71428571428572
Singapore,214,63,166,113,113,53,0.6667709589436057,0.6667709589436057,1.0,0.3332290410563942,0.7142857142857143,1.1428571428571428,3,498.5580525031729,136.14285714285714
Singapore,214,77,172,105,106,67,0.5292441078846178,0.5292441078846178,1.0,0.3768193470922621,0.4,11.8,4,716.0026001258545,125.8
Singapore,214,81,154,108,108,46,0.5356927946092204,0.5356927946092204,1.0,0.12718698926652802,0.5714285714285714,8.857142857142858,3,589.7353715419405,123.28571428571429
Singapore,215,1,134,133,161,1,0.0,0.0,1.0,0.0,0.0,58.5,4,758.5607647564999,141.625
Singapore,215,4,137,137,181,0,0.0,0.0,0.8453840966756466,0.0,0.0,69.57142857142857,3,816.7940527970967,153.57142857142858
Singapore,215,10,134,133,171,1,0.0,0.0,0.5929022847569786,0.0,0.0,75.25,3,896.4565943200311,147.0
Singapore,215,11,131,130,174,1,0.0,0.0,0.792048551429145,0.0,0.0,65.33333333333333,3,836.5126480628734,144.0
Singapore,215,14,132,132,177,0,0.0,0.0,0.8412607622883108,0.0,0.0,71.16666666666667,4,735.332845123598,151.33333333333334
Singapore,215,16,137,137,173,0,0.0,0.0,0.8685394881595581,0.0,0.0,76.0,4,878.7801559257058,152.125
Singapore,215,18,130,124,157,6,1.0,0.0,1.0,0.0,0.25,57.625,3,657.3142158628467,136.25
Singapore,215,20,134,134,160,0,0.0,0.0,1.0,0.0,0.0,67.5,3,721.6090215217357,144.83333333333334
Singapore,215,22,137,137,163,0,0.0,0.0,1.0,0.0,0.0,73.16666666666667,4,453.01470622702607,148.33333333333334
Singapore,215,23,135,135,174,0,0.0,0.0,0.8363664865513679,0.0,0.0,62.857142857142854,3,751.5803833246883,148.71428571428572
Singapore,215,24,130,130,184,0,0.0,0.0,0.8396416710097158,0.0,0.0,74.125,3,1003.3815607887957,148.375
Singapore,215,27,136,136,186,0,0.0,0.0,0.7833111753970565,0.0,0.0,70.375,4,1046.3646621872922,151.25
Singapore,215,31,134,133,177,1,0.0,0.0,1.0,0.0,0.0,70.0,3,897.7820701084129,147.0
Singapore,215,40,132,129,166,3,0.0,0.0,0.8161911583274842,0.0,0.0,66.71428571428571,3,809.1587844046595,145.28571428571428
Singapore,215,44,134,131,169,3,0.0,0.0,1.0,0.0,0.0,65.28571428571429,3,826.2863045890773,143.28571428571428
Singapore,215,55,137,135,170,2,0.0,0.0,1.0,0.0,0.0,72.71428571428571,4,776.8014877781291,148.14285714285714
Singapore,215,63,128,128,175,0,0.0,0.0,0.775064563929236,0.0,0.0,72.25,3,884.5240729448885,148.125
Singapore,215,77,139,139,164,0,0.0,0.0,1.0,0.0,0.0,69.0,4,594.0085771087756,150.0
Singapore,215,81,129,129,174,0,0.0,0.0,0.8910022646818244,0.0,0.0,70.57142857142857,3,880.9911311935754,147.85714285714286
Singapore,216,1,247,214,244,33,0.2479456582111152,0.2479456582111152,0.3792593362359313,0.0,0.08333333333333333,81.75,5,2110.413899152724,231.75
Singapore,216,2,239,197,231,42,0.7599144945116234,0.7599144945116234,0.3831931102891794,0.0,0.23076923076923078,64.0,5,2295.9630772073797,214.07692307692307
Singapore,216,4,249,210,239,39,0.3865241091040676,0.3865241091040676,0.3462096093985551,0.12701665047583466,0.08333333333333333,74.66666666666667,5,1860.2245818016715,225.33333333333334
Singapore,216,10,247,219,219,28,0.3787167209499449,0.3787167209499449,1.0,0.4579426178659548,0.25,25.0,5,742.0216701118843,231.25
Singapore,216,10,211,211,242,0,0.0,0.0,0.11062922263452041,0.0,0.0,96.875,5,1185.376968865895,226.25
Singapore,216,11,250,201,233,49,0.4243866086184189,0.4243866086184189,0.2757532728982989,0.11589161654360625,0.16666666666666666,63.25,5,1914.6902352802697,222.75
Singapore,216,14,246,209,244,37,0.17517825579134363,0.17517825579134363,0.330436197786886,0.0,0.23076923076923078,74.07692307692308,5,2408.9806932954525,230.3846153846154
Singapore,216,16,241,207,243,34,0.0,0.0,0.19090828112360486,0.0,0.09090909090909091,86.0,5,2516.881528873223,228.45454545454547
Singapore,216,18,240,200,238,40,0.4700639452373054,0.17815355106399525,0.22511636678134478,0.09745854858791281,0.13333333333333333,68.6,5,2362.6083312730216,221.0
Singapore,216,20,241,210,243,31,0.15406052520150434,0.15406052520150434,0.3030767379617083,0.05428418128968011,0.07692307692307693,80.84615384615384,5,2586.5095358883004,229.07692307692307
Singapore,216,22,246,207,240,39,0.26345305337665287,0.26345305337665287,0.3172906339167838,0.12431021669219613,0.08333333333333333,76.16666666666667,5,2285.9238185342997,226.08333333333334
Singapore,216,23,236,201,242,35,0.4976194481553712,0.4976194481553712,0.2087999571614194,0.0,0.23076923076923078,68.38461538461539,5,1996.622831009126,222.07692307692307
Singapore,216,24,249,203,241,46,0.34752582100422946,0.17308922012325983,0.2269246663573529,0.2697986256952356,0.23076923076923078,72.84615384615384,5,2081.85090907768,224.92307692307693
Singapore,216,27,250,207,237,43,0.4120929803203351,0.0,0.3088035496607688,0.0,0.15384615384615385,68.38461538461539,5,2083.3978146578474,223.15384615384616
Singapore,216,31,245,211,242,34,0.7352617081351039,0.24349586243674232,0.3727271494485219,0.0,0.3333333333333333,75.75,5,1993.2048806921161,226.75
Singapore,216,40,244,201,238,43,0.4925851107140622,0.4925851107140622,0.32419524006062184,0.10610253701245773,0.14285714285714285,74.28571428571429,5,2265.2983849243387,222.35714285714286
Singapore,216,44,241,206,242,35,0.5045771121704341,0.0,0.3965134944801039,0.0,0.18181818181818182,70.81818181818181,5,2034.2349386626333,223.45454545454547
Singapore,216,55,250,210,240,40,0.587387704542888,0.0,0.31036969514182056,0.0,0.15384615384615385,84.61538461538461,5,2012.9740289128722,229.76923076923077
Singapore,216,63,240,212,241,28,0.5313118448581186,0.0,0.32168671903736246,0.0,0.15384615384615385,79.0,5,1647.7306114438122,225.69230769230768
Singapore,216,77,233,199,239,34,0.43465567487306533,0.43465567487306533,0.5297781743755391,0.09524823678045768,0.16666666666666666,65.58333333333333,5,1955.6404801000124,215.75
Singapore,216,81,247,209,245,38,0.22265662434442768,0.22265662434442768,0.21060209366099997,0.061286310071887284,0.07142857142857142,77.0,5,2205.7350084086947,225.28571428571428
Spa,301,1,158,68,70,90,0.7505220479590813,0.7505220479590813,1.0,0.22405843792140723,0.5384615384615384,2.5384615384615383,2,922.4499831985909,94.46153846153847
Spa,301,2,110,59,70,51,0.775271459853989,0.775271459853989,1.0,0.2168780201165371,0.4666666666666667,5.4,2,794.610596015072,72.2
Spa,301,3,115,61,75,54,0.6462081036223873,0.6462081036223873,1.0,0.16912399302006192,0.5,7.4375,3,826.5493023048731,79.0625
Spa,301,4,130,71,79,59,0.6299631586503925,0.6299631586503925,1.0,0.21400031025028382,0.46153846153846156,6.923076923076923,2,842.5281377540969,88.07692307692308
Spa,301,10,127,68,73,59,0.6485488173712582,0.6485488173712582,1.0,0.311496596500857,0.46153846153846156,3.1538461538461537,3,839.4800702964017,86.61538461538461
Spa,301,11,141,70,74,71,0.7212200522474848,0.7212200522474848,1.0,0.12645312255317465,0.5714285714285714,8.714285714285714,2,960.5818098389669,92.07142857142857
Spa,301,14,150,69,79,81,0.624425154979133,0.624425154979133,1.0,0.24025062839898625,0.35714285714285715,8.214285714285714,2,906.0412491999842,89.78571428571429
Spa,301,16,160,68,73,92,0.6540197313458367,0.6540197313458367,1.0,0.19743082129112294,0.5833333333333334,7.416666666666667,2,832.5747122005055,96.08333333333333
Spa,301,18,158,67,76,91,0.7208683208096057,0.7208683208096057,1.0,0.18444754114255293,0.5714285714285714,5.857142857142857,2,965.0885604593643,94.28571428571429
Spa,301,20,162,65,66,97,0.8403192071974522,0.8403192071974522,1.0,0.14672311355258263,0.6428571428571429,3.142857142857143,3,921.9409558261863,92.21428571428571
Spa,301,22,133,65,71,68,0.732018605106867,0.732018605106867,1.0,0.22621462754349012,0.5,6.714285714285714,2,888.0666317547931,84.85714285714286
Spa,301,23,132,57,58,75,0.8273236249195318,0.8273236249195318,1.0,0.20057802362979024,0.6923076923076923,1.0769230769230769,2,872.5785004154316,84.07692307692308
Spa,301,24,114,60,69,54,0.81736149286294,0.81736149286294,1.0,0.1511844428511064,0.6428571428571429,5.285714285714286,2,755.2361031364771,77.0
Spa,301,27,104,59,75,45,0.6895865550069353,0.6895865550069353,1.0,0.21503938145806611,0.3333333333333333,8.8,2,879.8667228493719,73.93333333333334
Spa,301,31,144,59,73,85,0.8328419920986335,0.8328419920986335,1.0,0.0986727258826655,0.46153846153846156,10.692307692307692,2,1012.4880400170566,80.07692307692308
Spa,301,44,169,72,78,97,0.7668153456025176,0.7668153456025176,1.0,0.1316878801916893,0.46153846153846156,5.153846153846154,3,1101.7154069709075,96.23076923076923
Spa,301,55,133,66,81,67,0.9519350842691081,0.9519350842691081,1.0,0.0,0.5384615384615384,13.923076923076923,2,1020.5854276270264,82.07692307692308
Spa,301,63,155,67,72,88,0.7630019338515394,0.7630019338515394,1.0,0.1598234569513512,0.6153846153846154,3.4615384615384617,4,898.4232283530151,94.23076923076923
Spa,301,77,133,67,74,66,0.8712158350146786,0.8712158350146786,1.0,0.15215814046684734,0.6428571428571429,3.7857142857142856,3,1085.8739069430858,86.5
Spa,301,81,134,70,78,64,0.7276587212352416,0.7276587212352416,1.0,0.1918926645947171,0.5384615384615384,7.076923076923077,2,871.7143611996562,90.38461538461539
Spa,302,1,304,300,300,4,0.0,0.0,1.0,0.0,0.0,100.0,8,757.172387640354,301.6666666666667
Spa,302,2,294,278,278,16,0.0,0.0,0.37104597849376264,0.0,0.0,67.8,7,1047.841303510627,282.6
Spa,302,3,303,289,289,14,0.0,0.0,1.0,0.0,0.0,77.25,7,924.8923745676855,297.5
Spa,302,4,304,298,298,6,0.0,0.0,1.0,0.0,0.0,99.0,8,652.8429330414378,300.25
Spa,302,10,315,303,303,12,0.0,0.0,1.0,0.0,0.0,91.0,8,966.9547276256972,308.5
Spa,302,11,304,301,301,3,0.0,0.0,1.0,0.0,0.0,100.0,8,1041.475669627191,302.6666666666667
Spa,302,14,307,302,302,5,0.0,0.0,1.0,0.0,0.0,99.33333333333333,8,945.2600794665287,304.3333333333333
Spa,302,16,308,302,302,6,0.0,0.0,0.0,0.0,0.0,99.25,8,828.0965342263582,304.75
Spa,302,18,305,300,300,5,0.0,0.0,1.0,0.0,0.0,99.0,8,804.4612098421334,302.0
Spa,302,20,300,277,277,23,0.2178544490075888,0.0,1.0,0.0,0.25,57.0,8,892.2047751716035,288.0
Spa,302,22,303,299,299,4,0.0,0.0,1.0,0.0,0.0,95.33333333333333,8,688.8181201381758,300.6666666666667
Spa,302,23,306,293,293,13,0.0,0.0,0.0,0.0,0.0,61.25,8,785.56898606205,299.25
Spa,302,24,303,280,280,23,0.0,0.0,1.0,0.0,0.0,59.2,8,902.7473199151048,289.4
Spa,302,31,308,301,301,7,0.0,0.0,1.0,0.0,0.0,100.0,8,692.0634166580928,304.3333333333333
Spa,302,44,313,306,306,7,0.0,0.0,1.0,0.0,0.0,100.0,8,684.4745636453072,308.6666666666667
Spa,302,55,308,301,301,7,0.0,0.0,1.0,0.0,0.0,100.0,8,793.7088103467006,304.25
Spa,302,63,307,301,301,6,0.0,0.0,1.0,0.0,0.0,100.0,8,692.3076335015182,304.5
Spa,302,77,302,279,279,23,1.0,0.0,0.0,0.0,0.6,69.4,8,972.0135902659849,285.8
Spa,302,81,303,297,297,6,0.0,0.0,1.0,0.0,0.0,99.0,8,945.1638843433002,299.2
Spa,303,1,232,146,146,86,0.7720934451653981,0.7720934451653981,1.0,0.13197611859815334,0.625,4.0,4,1055.3718676629585,171.75
Spa,303,2,156,118,119,38,0.5927570301191668,0.5927570301191668,1.0,0.2062426108384748,0.5,3.5,3,797.8132036537575,132.75
Spa,303,3,134,115,115,19,0.5339216798070089,0.5339216798070089,1.0,0.2081744570614962,0.5,12.333333333333334,4,403.96495013637644,122.0
Spa,303,4,209,138,138,71,0.7291007548532648,0.7291007548532648,1.0,0.10795132400491346,0.75,2.5,4,973.7627692584729,167.25
Spa,303,10,174,133,133,41,0.8398473447347183,0.8398473447347183,1.0,0.16015265526528172,0.7142857142857143,0.0,4,850.5202000152251,148.71428571428572
Spa,303,11,207,146,146,61,0.6383238007934245,0.35392564577156665,1.0,0.0,0.5,9.0,4,1035.3959367785565,164.125
Spa,303,14,195,138,138,57,0.7873753752244628,0.5760436488129064,1.0,0.0,0.8571428571428571,3.5714285714285716,4,773.5602695278915,159.42857142857142
Spa,303,16,228,144,144,84,0.7320060951029356,0.7320060951029356,1.0,0.0,0.625,8.75,4,894.1910936333904,168.25
Spa,303,18,219,140,140,79,0.7523377261559401,0.7523377261559401,1.0,0.0,0.75,5.0,4,998.6250637525025,167.375
Spa,303,20,160,128,128,32,0.788604204732557,0.788604204732557,1.0,0.21139579526744298,0.7142857142857143,0.0,4,700.6836228832805,142.28571428571428
Spa,303,22,169,125,125,44,0.4886807195737955,0.4886807195737955,1.0,0.41625749476921653,0.5714285714285714,5.428571428571429,4,894.588355501041,145.28571428571428
Spa,303,23,166,120,120,46,0.6705753770707467,0.6705753770707467,1.0,0.1619641001854735,0.75,3.5,4,808.9861560878496,137.75
Spa,303,24,152,122,122,30,0.5634887691711872,0.5634887691711872,0.0,0.24655922849649634,0.5714285714285714,5.285714285714286,4,642.742003991443,132.28571428571428
Spa,303,27,163,116,117,47,0.7338499728920053,0.7338499728920053,1.0,0.15300900318502253,0.5,8.75,4,735.7662549590407,129.625
Spa,303,31,178,128,128,50,0.6642909135909499,0.6642909135909499,1.0,0.19505086850500988,0.625,3.875,4,820.5774987918792,146.0
Spa,303,44,193,138,138,55,0.8304126236211159,0.5897398113306562,1.0,0.0,0.8571428571428571,7.285714285714286,4,925.7952333097406,159.71428571428572
Spa,303,55,217,138,138,79,0.8545715997735279,0.8545715997735279,1.0,0.0,0.8571428571428571,5.714285714285714,4,1020.7679111323705,168.85714285714286
Spa,303,63,218,135,135,83,0.6921463259310946,0.6921463259310946,1.0,0.15910040832405026,0.75,2.125,4,1025.2041071699489,165.5
Spa,303,77,158,127,127,31,0.7710917817303712,0.7710917817303712,1.0,0.2289082182696287,0.75,0.0,4,719.2605764396603,141.375
Spa,303,81,219,141,141,78,0.763571274315702,0.763571274315702,1.0,0.1313480119656311,0.7142857142857143,1.5714285714285714,3,862.2279839339392,171.71428571428572
Spa,304,1,155,150,166,5,0.2992427793936418,0.0,1.0,0.1440546402409242,0.16666666666666666,46.0,4,788.8352754475025,155.66666666666666
Spa,304,2,128,117,118,11,0.0,0.0,1.0,0.6075497361859298,0.0,8.125,3,684.0930105157253,121.0
Spa,304,3,128,124,132,4,0.0,0.0,1.0,0.18515326105800012,0.0,33.0,4,691.6566525314443,126.42857142857143
Spa,304,4,148,147,163,1,0.0,0.0,1.0,0.0,0.0,53.57142857142857,4,691.4801745161303,151.71428571428572
Spa,304,10,133,128,136,5,0.0,0.0,1.0,0.24483284661354585,0.0,33.6,4,774.9878223894941,131.6
Spa,304,11,150,147,154,3,0.0,0.0,1.0,0.0,0.0,44.166666666666664,4,658.5140266009622,150.0
Spa,304,14,147,141,155,6,0.0,0.0,1.0,0.1330258283221676,0.0,38.833333333333336,4,753.0856191951368,146.66666666666666
Spa,304,16,153,151,156,2,0.0,0.0,1.0,0.0,0.0,58.333333333333336,4,573.6347178628178,153.66666666666666
Spa,304,18,146,139,155,7,0.4958029686270228,0.0,1.0,0.0,0.2857142857142857,40.714285714285715,4,711.2717533769805,143.85714285714286
Spa,304,20,126,118,129,8,0.0,0.0,1.0,0.25823623957519015,0.0,27.0,4,566.3013439953085,122.85714285714286
Spa,304,22,138,138,146,0,0.0,0.0,1.0,0.0,0.0,44.4,4,586.726231046905,140.6
Spa,304,23,135,118,118,17,0.0,0.0,1.0,0.6666923641231611,0.0,8.428571428571429,4,610.5497392089572,124.42857142857143
Spa,304,24,128,122,130,6,0.46545909625373355,0.46545909625373355,1.0,0.0,0.16666666666666666,27.833333333333332,4,735.6246563379809,125.0
Spa,304,27,130,119,126,11,0.0,0.0,1.0,0.2939369990737432,0.0,22.285714285714285,4,527.9819423377753,123.28571428571429
Spa,304,31,135,131,137,4,0.0,0.0,1.0,0.16398467961638083,0.0,30.0,4,698.9213292563356,133.28571428571428
Spa,304,44,148,142,158,6,0.38979756937000587,0.0,1.0,0.0,0.16666666666666666,50.166666666666664,4,689.6255228417292,147.0
Spa,304,55,149,149,169,0,0.0,0.0,1.0,0.0,0.0,63.166666666666664,4,645.979375040629,157.5
Spa,304,63,148,145,158,3,0.0,0.0,1.0,0.0,0.0,48.0,4,630.1868524768593,148.83333333333334
Spa,304,77,141,133,143,8,0.7017421218291626,0.4562504738052826,1.0,0.0,0.2857142857142857,39.857142857142854,4,670.0314829486352,137.71428571428572
Spa,304,81,154,154,172,0,0.0,0.0,1.0,0.0,0.0,56.5,3,659.4285859525365,159.5
Spa,305,1,201,199,224,2,0.0,0.0,0.38992180115103386,0.0,0.0,83.625,5,1359.1184802665566,208.125
Spa,305,3,162,148,169,14,0.0,0.0,1.0,0.21686893628942577,0.0,42.44444444444444,4,1044.1388905231377,156.77777777777777
Spa,305,4,199,199,220,0,0.0,0.0,0.7514635973447029,0.0,0.0,75.75,5,1104.683986548135,206.125
Spa,305,10,186,185,195,1,0.0,0.0,1.0,0.0,0.0,66.125,5,1041.9219084539618,188.0
Spa,305,11,195,195,221,0,0.0,0.0,1.0,0.0,0.0,75.375,4,1106.0138320750755,205.875
Spa,305,14,198,194,222,4,0.0,0.0,0.592818601835764,0.0,0.0,69.0,4,1448.3771073913654,203.66666666666666
Spa,305,16,205,196,216,9,0.0,0.0,0.7434166019140835,0.0,0.0,71.875,5,1187.1446897762255,203.375
Spa,305,18,189,184,211,5,0.7227856587722452,0.0,0.8880346279677092,0.0,0.25,68.125,5,1170.1822608792174,192.625
Spa,305,20,170,170,204,0,0.0,0.0,0.673467320771529,0.0,0.0,71.57142857142857,4,1155.927177041653,180.0
Spa,305,23,153,146,179,7,0.0,0.0,1.0,0.0,0.0,40.0,4,1355.1956127833544,154.63636363636363
Spa,305,24,149,142,168,7,0.2249001149721462,0.2249001149721462,1.0,0.2433197931387702,0.09090909090909091,40.72727272727273,4,928.4940104718348,149.1818181818182
Spa,305,27,154,133,157,21,0.3266430777668426,0.3266430777668426,1.0,0.27611394552826296,0.18181818181818182,39.36363636363637,4,1070.9528055684582,143.72727272727272
Spa,305,31,166,160,193,6,1.0,0.0,0.8039204994400325,0.0,0.18181818181818182,61.36363636363637,4,1354.1761599979156,170.0
Spa,305,55,202,199,221,3,0.61970153519494,0.0,0.780034375614997,0.0,0.25,74.375,5,1204.6569172408185,206.125
Spa,305,63,197,195,212,2,0.0,0.0,0.9237689485711906,0.0,0.0,72.11111111111111,4,1172.5641871133157,200.77777777777777
Spa,305,77,184,170,201,14,0.0,0.0,0.691871165546741,0.20100572730174687,0.1,64.9,4,1145.8671313373006,181.1
Spa,305,81,202,202,224,0,0.0,0.0,0.6917166288920624,0.0,0.0,84.125,5,1156.3814426309002,212.875
Spa,306,1,189,116,173,73,0.7104129259330663,0.7104129259330663,1.0,0.08881458765152442,0.4,29.9,3,1840.9396222403486,141.75
Spa,306,2,185,93,129,92,0.6778818561031114,0.6778818561031114,1.0,0.14660469895545783,0.36363636363636365,12.363636363636363,3,2070.9071567186506,116.54545454545455
Spa,306,3,163,92,144,71,0.7198124124757203,0.7198124124757203,1.0,0.15111477099862938,0.4090909090909091,24.045454545454547,3,2104.5786002006253,118.77272727272727
Spa,306,4,184,118,158,66,0.5582592825221002,0.5582592825221002,0.868975648182182,0.23063828698742134,0.4,29.4,3,1650.4327532638965,141.75
Spa,306,10,173,106,146,67,0.5235456678146787,0.5235456678146787,1.0,0.19673119831234345,0.23809523809523808,21.238095238095237,3,2196.2578942842742,121.52380952380952
Spa,306,11,190,117,153,73,0.657882559046063,0.4978054296291666,1.0,0.1654284575484699,0.3684210526315789,27.36842105263158,3,2013.4496557018879,140.31578947368422
Spa,306,14,223,114,171,109,0.7876257050955432,0.7412276244600675,1.0,0.09030592102950698,0.42105263157894735,28.263157894736842,3,2162.082045905615,144.26315789473685
Spa,306,16,247,120,169,127,0.6301822400425227,0.3951376092523689,1.0,0.027893260197043527,0.3157894736842105,34.526315789473685,3,2318.146110728296,151.8421052631579
Spa,306,18,198,111,165,87,0.7498327467380592,0.7498327467380592,1.0,0.0595119446651379,0.36363636363636365,27.318181818181817,3,2052.135592932997,137.63636363636363
Spa,306,20,197,115,146,82,0.6588965327183594,0.5371765195229473,1.0,0.0,0.38095238095238093,24.0,3,2049.946417435317,132.33333333333334
Spa,306,22,157,105,142,52,0.8130059601563803,0.8130059601563803,1.0,0.08870731395774493,0.36363636363636365,25.227272727272727,3,1758.9764712989993,122.63636363636364
Spa,306,23,156,103,141,53,0.717655185603899,0.717655185603899,1.0,0.21332735879185247,0.38095238095238093,14.714285714285714,3,1718.4168610561685,121.61904761904762
Spa,306,24,177,98,140,79,0.7788827927742822,0.7788827927742822,1.0,0.13440763257992214,0.30434782608695654,22.08695652173913,3,2329.659293924778,117.69565217391305
Spa,306,27,150,91,114,59,0.5863258332378717,0.5863258332378717,1.0,0.29398479263604543,0.4090909090909091,12.636363636363637,3,1647.5364688618304,111.4090909090909
Spa,306,31,183,93,136,90,0.6818433921481877,0.6818433921481877,1.0,0.16999862809452546,0.36363636363636365,24.5,3,1956.224180382764,120.4090909090909
Spa,306,44,223,121,162,102,0.5675844289770237,0.5675844289770237,1.0,0.04019887253233518,0.23809523809523808,32.57142857142857,3,1864.5627124363516,141.95238095238096
Spa,306,55,209,106,168,103,0.9177350140392678,0.172418895085425,0.9000092565591293,0.0,0.5909090909090909,30.545454545454547,4,2076.154090264129,139.36363636363637
Spa,306,63,224,112,173,112,0.7265000961117831,0.7265000961117831,1.0,0.16766866610642425,0.38095238095238093,29.666666666666668,3,2215.2955337452277,145.38095238095238
Spa,306,77,167,99,136,68,0.7405783572446798,0.7405783572446798,1.0,0.14539310781091294,0.55,14.6,3,1929.1784390147448,120.9
Spa,306,81,213,121,161,92,0.815201139352682,0.815201139352682,1.0,0.0,0.42105263157894735,29.42105263157895,3,1866.8743816314973,149.3684210526316
Spa,307,1,215,191,200,24,0.8031682415902849,0.0,1.0,0.0,0.5,42.625,5,1143.5425803138346,199.375
Spa,307,2,166,144,151,22,0.40637269795634434,0.40637269795634434,1.0,0.2983068542065424,0.3333333333333333,14.444444444444445,4,1158.8374918755048,151.77777777777777
Spa,307,3,175,141,151,34,0.42317647107884077,0.42317647107884077,1.0,0.37434911247827424,0.2727272727272727,20.636363636363637,4,1145.3726165804999,151.63636363636363
Spa,307,4,188,180,192,8,0.0,0.0,1.0,0.0988405616662129,0.0,47.625,4,1052.39415112636,184.625
Spa,307,10,176,151,159,25,0.4641412061464918,0.4641412061464918,1.0,0.13095424859095867,0.3333333333333333,23.666666666666668,4,1184.235149766766,159.77777777777777
Spa,307,11,214,184,199,30,0.5164736816751484,0.1719342393839123,1.0,0.0,0.3333333333333333,44.44444444444444,5,1143.4509229812206,194.11111111111111
Spa,307,14,194,173,196,21,0.5747972364671322,0.5747972364671322,0.8044122155048906,0.0,0.5,35.1,5,1103.458425655235,181.2
Spa,307,18,205,181,190,24,0.6490440524766891,0.3094772108816606,1.0,0.0,0.3333333333333333,37.55555555555556,5,1204.616420447477,188.77777777777777
Spa,307,20,155,138,154,17,0.8758280144574755,0.8758280144574755,1.0,0.0,0.375,26.0,4,1312.038077006648,144.5
Spa,307,22,176,146,160,30,0.5411964632819689,0.5411964632819689,1.0,0.15953872440731473,0.4,27.4,4,1169.562194559546,155.3
Spa,307,23,168,142,151,26,0.4788564527713071,0.4788564527713071,1.0,0.29125234012169005,0.4,12.0,4,1098.6202108238103,152.3
Spa,307,24,171,138,150,33,0.7415741402514141,0.7415741402514141,1.0,0.052391333362271524,0.5,19.5,4,1171.0228135726886,147.1
Spa,307,27,169,125,158,44,0.6952514503071928,0.6952514503071928,1.0,0.04022913657319852,0.5,28.1,4,1434.2213594871405,146.8
Spa,307,31,177,152,163,25,0.2544214314222525,0.2544214314222525,1.0,0.0,0.2857142857142857,33.0,4,1101.5494022083728,159.71428571428572
Spa,307,44,203,184,203,19,0.718454406887983,0.0,0.7201525334315796,0.0,0.4444444444444444,56.888888888888886,5,1285.5151225089662,193.88888888888889
Spa,307,55,213,174,185,39,0.8036259243034655,0.0,1.0,0.0,0.5,45.875,5,1337.3123645153623,188.5
Spa,307,63,203,178,192,25,0.29366357321321285,0.0,1.0,0.0,0.2222222222222222,48.333333333333336,4,990.6552143551348,187.33333333333334
Spa,307,77,148,145,167,3,0.0,0.0,1.0,0.5594338164495675,0.0,50.42857142857143,4,833.4701380156612,152.57142857142858
Spa,307,81,199,177,202,22,0.48276836359769715,0.48276836359769715,0.7016820596759559,0.13438548787604068,0.2,42.8,4,1489.9850287476395,186.9
Spa,308,1,302,276,293,26,0.19233423780427003,0.0,0.032455240144671,0.0,0.05,89.4,7,4097.681329493983,285.4
Spa,308,2,268,216,277,52,0.715081029141452,0.715081029141452,0.35131556569207645,0.0,0.13636363636363635,70.0909090909091,6,4199.451137043152,242.6818181818182
Spa,308,3,234,216,274,18,0.363536171564384,0.363536171564384,0.2575535154506954,0.0,0.09090909090909091,77.18181818181819,6,4051.6338074146393,240.0
Spa,308,4,298,283,292,15,0.0,0.0,0.0,0.0,0.0,92.85,7,4017.2985306368264,289.0
Spa,308,10,274,243,286,31,0.5765038557098613,0.5765038557098613,0.3136274032688622,0.029384500963222204,0.15,73.7,6,3739.2911427947242,263.25
Spa,308,11,303,275,291,28,0.15674448655294296,0.0,0.10015091871367701,0.0,0.05,86.6,8,3867.7047736067016,284.6
Spa,308,14,305,272,296,33,0.0,0.0,0.14213163340635693,0.1351561356761398,0.0,79.0,7,4312.252185841117,284.0
Spa,308,18,299,267,290,32,0.6649388967191578,0.0,0.09105504303345292,0.0,0.21052631578947367,92.21052631578948,7,4334.05095064848,281.8421052631579
Spa,308,20,292,231,286,61,0.644584846229353,0.5418219585871019,0.1064526839373456,0.0,0.19047619047619047,77.95238095238095,6,4091.321233025639,259.0952380952381
Spa,308,22,282,247,289,35,0.17761397162435233,0.17761397162435233,0.19849242930162184,0.0,0.09523809523809523,79.9047619047619,7,4478.66828080128,266.76190476190476
Spa,308,23,224,211,273,13,0.0,0.0,0.45013024889939146,0.0,0.05,72.15,6,3588.206895685194,236.25
Spa,308,24,241,216,221,25,0.40250273990164287,0.40250273990164287,1.0,0.0,0.2,43.8,6,1783.096421139986,222.6
Spa,308,27,238,206,266,32,0.5366638803360093,0.5366638803360093,0.4289580129946483,0.0,0.15,68.3,6,3820.1766378465,234.5
Spa,308,31,281,242,282,39,0.3330615753858416,0.3330615753858416,0.34585121546900516,0.0,0.15,78.25,6,3891.325483653908,263.15
Spa,308,44,297,265,292,32,0.3381186841650427,0.0,0.16038894527247846,0.0,0.09523809523809523,86.19047619047619,7,3989.7239625165976,280.5238095238095
Spa,308,55,298,275,294,23,0.35282148517179684,0.0,0.18372717283165102,0.0,0.1,86.5,7,4173.048951392979,285.3
Spa,308,63,292,266,292,26,0.0,0.0,0.1479279363927248,0.0,0.0,84.44444444444444,7,4025.396018128101,279.1666666666667
Spa,308,77,270,234,282,36,0.7865276353589422,0.5460780800066475,0.27194215425084084,0.0,0.22727272727272727,74.27272727272727,7,4167.734958704611,254.45454545454547
Spa,308,81,299,278,292,21,0.0,0.0,0.10380154605351262,0.0,0.0,90.65,7,4181.4450866240295,285.75
Spa,309,1,258,171,174,87,0.7007984106345257,0.5414539063533479,1.0,0.0,0.5,22.583333333333332,5,1523.806602904318,193.58333333333334
Spa,309,3,196,135,139,61,0.36829573511560415,0.36829573511560415,1.0,0.4864826988012973,0.3076923076923077,11.76923076923077,4,1389.028008229442,153.84615384615384
Spa,309,4,272,179,179,93,0.5199073482221738,0.4572425649007255,1.0,0.23463314110246694,0.5454545454545454,18.272727272727273,5,1711.0368821022487,209.27272727272728
Spa,309,10,221,155,163,66,0.6704059464326502,0.6704059464326502,1.0,0.08381274648931639,0.4166666666666667,26.0,4,1449.598789530984,171.5
Spa,309,11,268,167,167,101,0.7610224518792224,0.3250242883555478,1.0,0.0,0.6,17.0,4,1417.994030662098,197.3
Spa,309,14,257,162,163,95,0.8199382076837295,0.460461299071737,1.0,0.0,0.6363636363636364,13.636363636363637,4,1562.5146014475408,193.72727272727272
Spa,309,16,265,173,174,92,0.6671928069672204,0.2343298141642278,1.0,0.0,0.5,26.0,5,1463.9725022981177,198.9
Spa,309,18,272,169,171,103,0.5975273644121163,0.5975273644121163,1.0,0.0878940715092312,0.45454545454545453,15.0,5,1603.1948140628447,197.45454545454547
Spa,309,20,247,156,162,91,0.780272069635887,0.780272069635887,1.0,0.09131533078306686,0.45454545454545453,21.181818181818183,5,1537.406093629755,177.54545454545453
Spa,309,22,210,158,161,52,0.4786626571902094,0.4786626571902094,1.0,0.15214946159681905,0.35714285714285715,19.214285714285715,4,1588.9751132978333,174.35714285714286
Spa,309,23,191,125,125,66,0.6157357851297524,0.6157357851297524,1.0,0.3112819016258919,0.5,4.083333333333333,4,1276.0548632886978,145.91666666666666
Spa,309,24,182,132,139,50,0.3894526999588655,0.3894526999588655,1.0,0.3890158504913682,0.25,12.583333333333334,4,1337.0347980755698,145.66666666666666
Spa,309,27,219,127,135,92,0.5127503994277791,0.5127503994277791,1.0,0.28639996858334377,0.3076923076923077,12.538461538461538,4,1656.2146116488798,150.53846153846155
Spa,309,31,223,136,138,87,0.8261775225756592,0.8261775225756592,1.0,0.06214698203266512,0.75,6.166666666666667,4,1303.461084590348,167.66666666666666
Spa,309,44,263,167,170,96,0.6677360056509323,0.13231286231090558,1.0,0.0,0.6,23.7,5,1561.9625231359446,198.6
Spa,309,55,254,175,175,79,0.6581562007983213,0.3967461451687726,1.0,0.0,0.5833333333333334,26.333333333333332,5,1663.4576118858881,199.0
Spa,309,63,261,162,165,99,0.8339429772331279,0.8339429772331279,1.0,0.0,0.6363636363636364,17.545454545454547,5,1667.63310585516,192.0909090909091
Spa,309,77,225,152,158,73,0.5502000442465836,0.5502000442465836,1.0,0.0,0.5,25.25,4,1398.8389306608765,176.75
Spa,309,81,263,177,185,86,0.7531827262834804,0.7531827262834804,1.0,0.0,0.5454545454545454,26.09090909090909,4,1629.243591559784,199.63636363636363
Spa,310,1,197,195,226,2,0.0,0.0,0.36390678860773823,0.0,0.0,77.0,5,1520.665298654782,204.44444444444446
Spa,310,2,153,138,155,15,0.0,0.0,1.0,0.25151684688607656,0.0,29.4,4,1334.7558914720466,145.1
Spa,310,3,161,148,166,13,0.0,0.0,1.0,0.1348384743409542,0.0,46.4,4,1271.8435220064675,155.7
Spa,310,4,193,187,216,6,0.0,0.0,0.6759133926571191,0.0,0.0,74.33333333333333,5,1299.5861698054061,197.22222222222223
Spa,310,10,178,170,205,8,0.0,0.0,0.5724094072816566,0.0,0.0,54.27272727272727,4,1511.6894323544643,178.63636363636363
Spa,310,11,189,187,215,2,0.0,0.0,0.5551851165350139,0.0,0.0,82.25,5,1211.4725104768218,197.875
Spa,310,14,188,181,209,7,0.0,0.0,0.8910062429106512,0.0514872773342584,0.0,62.77777777777778,5,1002.6484341251446,190.33333333333334
Spa,310,16,197,194,220,3,0.0,0.0,0.8609475886716264,0.0,0.0,73.4,5,1319.4534598951636,201.0
Spa,310,20,170,164,185,6,0.0,0.0,0.7791998748014626,0.0,0.0,50.81818181818182,5,1066.110033304537,170.0909090909091
Spa,310,22,178,171,193,7,0.0,0.0,1.0,0.0,0.0,60.6,4,1370.107482102221,179.4
Spa,310,23,154,151,158,3,0.0,0.0,1.0,0.0,0.0,34.18181818181818,4,1115.8318582021714,153.63636363636363
Spa,310,24,148,142,185,6,0.6257303773729097,0.6257303773729097,1.0,0.0,0.2222222222222222,54.666666666666664,4,1348.4441812111957,156.11111111111111
Spa,310,27,153,139,166,14,0.0,0.0,1.0,0.20887911494166642,0.0,38.09090909090909,4,1243.324608859709,150.0909090909091
Spa,310,31,153,150,173,3,0.0,0.0,1.0,0.0,0.0,54.3,4,1210.680158256389,157.7
Spa,310,44,191,189,215,2,0.0,0.0,0.9376882187675072,0.0,0.0,77.625,5,1076.8488213435198,197.375
Spa,310,55,201,191,212,10,0.41332052430192945,0.0,0.7272135181529559,0.0,0.1111111111111111,73.33333333333333,5,1161.4085301608893,200.77777777777777
Spa,310,77,166,156,195,10,0.5170083365572431,0.5170083365572431,0.8951334878562162,0.0,0.2,57.3,4,1354.590863719672,168.8
Spa,311,1,242,157,178,85,0.7080323688581276,0.7080323688581276,0.7415610899981605,0.09942094553685357,0.4,34.8,4,1560.3249170239344,183.2
Spa,311,2,181,119,131,62,0.7899895768920864,0.7899895768920864,1.0,0.08434896060730197,0.46153846153846156,14.615384615384615,3,1613.9177960439301,132.92307692307693
Spa,311,3,165,122,123,43,0.6495674290107539,0.6495674290107539,1.0,0.28670457487288503,0.5,7.916666666666667,4,1056.505049511201,136.75
Spa,311,4,239,157,166,82,0.28826374281860034,0.28826374281860034,1.0,0.4263273862961447,0.2,30.4,4,1464.4443200438009,177.8
Spa,311,10,179,150,160,29,0.5273787562977013,0.5273787562977013,1.0,0.18293384951015312,0.2727272727272727,30.0,4,1255.2989518370437,157.72727272727272
Spa,311,11,198,151,185,47,0.5204323462180543,0.2800082201912828,0.8583290406221787,0.0,0.3,39.6,4,1475.3792102185664,168.7
Spa,311,14,241,148,182,93,0.7935206721585083,0.7935206721585083,0.8449203275652692,0.07146072826672273,0.46153846153846156,29.76923076923077,4,1482.3417592048131,176.84615384615384
Spa,311,16,233,159,186,74,0.531486978214531,0.3357020032022445,0.7381455874132928,0.0,0.3333333333333333,43.416666666666664,4,1642.2829485215204,175.08333333333334
Spa,311,18,223,152,173,71,0.4209713383176279,0.4209713383176279,1.0,0.23610695635764362,0.36363636363636365,30.90909090909091,4,1473.5541978366625,174.72727272727272
Spa,311,20,197,145,161,52,0.6333578076364684,0.6333578076364684,1.0,0.06595579336384919,0.4,26.2,4,1371.0208207212609,159.3
Spa,311,22,181,145,188,36,0.4097651779536022,0.4097651779536022,0.5314850422353657,0.2389937904770721,0.36363636363636365,40.18181818181818,4,1375.2130969686732,164.63636363636363
Spa,311,23,183,118,122,65,0.8571467738366035,0.8571467738366035,1.0,0.0,0.6666666666666666,8.916666666666666,3,1301.6183724498906,137.66666666666666
Spa,311,24,147,122,130,25,0.6351580193322239,0.6351580193322239,1.0,0.05668538349958097,0.45454545454545453,20.90909090909091,4,966.4110978381985,130.8181818181818
Spa,311,27,163,112,129,51,0.6547853928637675,0.6547853928637675,1.0,0.1191063502517407,0.38461538461538464,19.76923076923077,4,1134.3472152594472,130.30769230769232
Spa,311,31,160,132,167,28,0.8361270441365556,0.8361270441365556,1.0,0.0,0.46153846153846156,36.07692307692308,4,1189.0826922172344,146.0
Spa,311,44,211,153,167,58,0.9092108502887841,0.0,1.0,0.0,0.45454545454545453,37.72727272727273,4,1370.3243408406993,169.0909090909091
Spa,311,55,222,157,174,65,0.5755059708023075,0.5755059708023075,1.0,0.10301370687466234,0.3333333333333333,30.75,4,1443.4094178228186,174.0
Spa,311,63,247,155,162,92,0.3071980901778411,0.3071980901778411,1.0,0.2272432483653091,0.1111111111111111,31.555555555555557,4,1182.99016409283,180.44444444444446
Spa,311,77,200,143,161,57,0.8343342423982547,0.8343342423982547,1.0,0.0,0.5,31.5,4,1215.6524769097373,159.7
Spa,311,81,230,159,178,71,0.6385043464901383,0.4679750849964214,0.8903833424526989,0.11799619753291814,0.4,45.5,4,1328.2822586740942,179.6
Spa,312,1,221,221,271,0,0.0,0.0,0.026792604029790123,0.0,0.0,100.0,5,2308.34540440709,249.91666666666666
Spa,312,3,188,188,261,0,0.0,0.0,0.0763731925388013,0.0,0.0,93.8,4,2758.060376636569,229.46666666666667
Spa,312,4,220,220,265,0,0.0,0.0,0.0,0.0,0.0,99.6923076923077,5,2257.446146014819,245.46153846153845
Spa,312,10,206,206,270,0,0.0,0.0,0.053535386581112086,0.0,0.0,97.35714285714286,5,2772.9069275250677,244.71428571428572
Spa,312,11,216,216,267,0,0.0,0.0,0.07419592555684704,0.0,0.0,100.0,5,2439.822117085074,247.3846153846154
Spa,312,14,227,227,272,0,0.0,0.0,0.06071770902008809,0.0,0.0,99.25,6,2307.7513664151215,250.41666666666666
Spa,312,16,227,227,266,0,0.0,0.0,0.0,0.0,0.0,100.0,6,1972.512859251097,247.83333333333334
Spa,312,18,231,231,266,0,0.0,0.0,0.0,0.0,0.0,99.08333333333333,6,1978.6821867432614,248.0
Spa,312,20,222,222,260,0,0.0,0.0,0.06514922772195864,0.0,0.0,90.45454545454545,5,2056.186291379593,239.72727272727272
Spa,312,22,225,225,276,0,0.0,0.0,0.08356679133527177,0.0,0.0,100.0,5,2537.4855146345053,253.07142857142858
Spa,312,23,205,205,236,0,0.0,0.0,0.08832333041366341,0.0,0.0,67.53846153846153,5,2038.5955346285073,217.92307692307693
Spa,312,24,197,197,257,0,0.0,0.0,0.04508413787396219,0.0,0.0,86.57142857142857,5,2578.506247751131,226.85714285714286
Spa,312,27,195,195,237,0,0.0,0.0,0.09932159861570393,0.0,0.0,84.91666666666667,4,1941.1730945179208,219.66666666666666
Spa,312,31,212,212,260,0,0.0,0.0,0.07093314936326237,0.0,0.0,90.35714285714286,5,2824.978616456356,234.35714285714286
Spa,312,44,217,217,273,0,0.0,0.0,0.056828522128160495,0.0,0.0,100.0,5,2731.1340941528906,250.66666666666666
Spa,312,55,219,219,270,0,0.0,0.0,0.11750666944685541,0.0,0.0,100.0,5,2667.278702394355,249.6153846153846
Spa,312,63,225,225,263,0,0.0,0.0,0.08747665644773443,0.0,0.0,100.0,6,2140.126502128484,246.45454545454547
Spa,312,77,215,215,263,0,0.0,0.0,0.07982021407173903,0.0,0.0,92.0,5,2408.60089366431,240.2
Spa,312,81,227,227,267,0,0.0,0.0,0.08147394517159007,0.0,0.0,99.0,5,2134.134937384494,247.16666666666666
Spa,313,1,312,312,313,0,0.0,0.0,0.22868176238998694,0.0,0.0,100.0,8,1432.6134828036156,312.4
Spa,313,2,313,313,317,0,0.0,0.0,0.11725432091009316,0.0,0.0,100.0,8,1485.521468261989,315.8
Spa,313,3,309,309,310,0,0.0,0.0,0.21569677138761886,0.0,0.0,100.0,8,1033.8171952006205,310.2
Spa,313,4,307,307,307,0,0.0,0.0,0.0,0.0,0.0,99.0,8,987.4469930866435,307.4
Spa,313,10,318,318,320,0,0.0,0.0,0.1302758141445021,0.0,0.0,100.0,8,1079.1296534165836,319.2
Spa,313,11,313,313,313,0,0.0,0.0,0.1514536293554173,0.0,0.0,100.0,8,1260.1264678939185,313.6
Spa,313,14,313,313,313,0,0.0,0.0,0.3401826853054939,0.0,0.0,99.75,8,966.1619558789105,313.0
Spa,313,18,310,310,310,0,0.0,0.0,0.22419329542609842,0.0,0.0,99.5,8,1527.2746253403948,310.1666666666667
Spa,313,20,316,316,318,0,0.0,0.0,0.1281848099254179,0.0,0.0,100.0,8,1223.4020141090014,317.2
Spa,313,22,315,314,317,1,0.0,0.0,0.06595620877026191,0.0,0.0,100.0,8,1133.07843333654,315.2
Spa,313,24,312,312,313,0,0.0,0.0,0.2642287781512881,0.0,0.0,100.0,8,977.2330330640561,312.5
Spa,313,27,305,305,308,0,0.0,0.0,0.24576666765595914,0.0,0.0,100.0,8,1779.8031029815713,306.3333333333333
Spa,313,31,309,309,311,0,0.0,0.0,0.49821511700759846,0.0,0.0,100.0,8,1094.7222770234193,310.0
Spa,313,55,314,314,314,0,0.0,0.0,0.37395105269263734,0.0,0.0,99.2,8,1201.1652915584832,314.2
Spa,313,63,312,312,312,0,0.0,0.0,0.0,0.0,0.0,100.0,8,1113.6434878529308,312.0
Spa,313,77,312,312,312,0,0.0,0.0,0.15948820042977413,0.0,0.0,100.0,8,1511.1356072917133,312.8
Spa,313,81,306,306,307,0,0.0,0.0,0.16933468371727872,0.0,0.0,99.0,8,1006.3750529140507,306.6
Spa,314,1,315,311,311,4,0.0,0.0,1.0,0.0,0.0,100.0,8,1390.1570739405745,313.5
Spa,314,3,315,310,310,5,0.0,0.0,1.0,0.0,0.0,100.0,8,1960.3349058341848,312.2857142857143
Spa,314,4,309,304,304,5,0.0,0.0,1.0,0.0,0.0,99.0,8,1479.6311226164598,306.6666666666667
Spa,314,10,323,320,320,3,0.0,0.0,0.6785602781215706,0.0,0.0,100.0,8,2024.9000194408302,321.57142857142856
Spa,314,11,315,311,311,4,0.0,0.0,1.0,0.0,0.0,100.0,8,1539.4518735125862,313.57142857142856
Spa,314,14,315,309,309,6,0.0,0.0,1.0,0.0,0.0,99.5,8,1923.3221630615626,312.5
Spa,314,16,315,311,311,4,0.0,0.0,1.0,0.0,0.0,99.0,8,1299.070447250834,314.1666666666667
Spa,314,18,312,308,308,4,0.0,0.0,1.0,0.0,0.0,99.42857142857143,8,1398.6052698001643,310.14285714285717
Spa,314,22,319,314,314,5,0.0,0.0,1.0,0.0,0.0,100.0,8,1413.9418369456012,317.3333333333333
Spa,314,23,318,313,313,5,0.0,0.0,1.0,0.0,0.0,100.0,8,1577.496643685833,316.0
Spa,314,24,314,310,310,4,0.0,0.0,1.0,0.0,0.0,100.0,8,1719.9219737339135,312.8333333333333
Spa,314,27,310,306,307,4,0.0,0.0,1.0,0.0,0.0,100.0,8,1593.9510672874621,308.8333333333333
Spa,314,31,314,311,311,3,0.0,0.0,1.0,0.0,0.0,100.0,8,1650.7981647524105,312.5
Spa,314,55,316,311,311,5,0.0,0.0,1.0,0.0,0.0,99.0,8,1480.0283074746585,314.14285714285717
Spa,314,63,314,310,310,4,0.0,0.0,1.0,0.0,0.0,100.0,8,2039.2852496994162,312.3333333333333
Spa,314,77,317,308,308,9,0.10590805688141162,0.0,1.0,0.0,0.14285714285714285,95.42857142857143,8,1605.7767329561714,313.14285714285717
Spa,314,81,308,304,304,4,0.0,0.0,1.0,0.0,0.0,99.0,8,1640.374476052174,306.3333333333333
Spa,315,1,125,70,70,55,0.7507743189336069,0.7507743189336069,1.0,0.24922568106639306,0.625,0.625,2,600.6840205072566,91.0
Spa,315,2,113,61,61,52,0.6496747277176249,0.6496747277176249,1.0,0.350325272282375,0.5555555555555556,0.5555555555555556,2,545.4326692929229,79.88888888888889
Spa,315,3,114,57,57,57,0.7171709478422972,0.7171709478422972,1.0,0.15359084646722998,0.6363636363636364,2.272727272727273,2,532.8130037210216,77.45454545454545
Spa,315,4,150,75,75,75,0.7857161066640732,0.7857161066640732,1.0,0.21428389333592684,0.75,0.5,2,703.6221674350143,104.75
Spa,315,10,122,71,71,51,0.4934749400895734,0.4934749400895734,0.0,0.5065250599104266,0.4,0.0,2,552.0818815793718,88.2
Spa,315,11,115,69,69,46,0.6900497067528445,0.6900497067528445,1.0,0.3099502932471555,0.5555555555555556,1.8888888888888888,2,498.280012264457,87.55555555555556
Spa,315,14,112,68,68,44,0.5988743588532046,0.5988743588532046,1.0,0.4011256411467954,0.75,1.0,2,663.8825003588777,88.375
Spa,315,16,128,71,71,57,0.8297732651685025,0.8297732651685025,1.0,0.0,0.6666666666666666,5.222222222222222,2,582.1488005531918,90.77777777777777
Spa,315,18,131,70,70,61,0.5764193107796732,0.5764193107796732,1.0,0.40790606875883184,0.5454545454545454,2.5454545454545454,2,650.808348888107,89.63636363636364
Spa,315,20,119,63,63,56,0.8150537775911901,0.8150537775911901,1.0,0.1849462224088098,0.8,0.1,3,571.415924245301,86.6
Spa,315,22,138,70,70,68,0.7675439114708357,0.7675439114708357,1.0,0.2324560885291644,0.75,0.5,2,739.8609012304989,98.125
Spa,315,23,79,65,66,14,0.28244554396598004,0.28244554396598004,1.0,0.5476678804278242,0.4,2.4,2,204.31663722729522,70.4
Spa,315,24,110,63,65,47,0.9175754742061222,0.9175754742061222,1.0,0.08707020847926043,0.5833333333333334,3.5833333333333335,2,719.4320678572738,75.83333333333333
Spa,315,27,118,52,52,66,0.754012885797357,0.754012885797357,1.0,0.21325751203567536,0.6363636363636364,1.3636363636363635,2,614.1153546475873,80.0
Spa,315,31,93,57,59,36,0.5496015006046093,0.5496015006046093,1.0,0.24510381706788023,0.5,2.25,2,472.8931022181112,71.75
Spa,315,44,118,69,69,49,0.8762397122061234,0.8762397122061234,1.0,0.1237602877938766,0.8333333333333334,0.6666666666666666,2,484.87551075070365,94.66666666666667
Spa,315,55,127,68,68,59,0.7391879865533972,0.7391879865533972,0.0,0.0,0.6666666666666666,4.111111111111111,2,568.933284024444,89.88888888888889
Spa,315,63,140,66,66,74,0.8268144699794089,0.8268144699794089,1.0,0.05931716077985416,0.75,1.875,2,792.5301291584883,96.5
Spa,315,77,111,65,65,46,0.8844540127653698,0.8844540127653698,1.0,0.11554598723463008,0.7777777777777778,0.4444444444444444,2,706.7980667797273,84.66666666666667
Spa,315,81,115,73,73,42,0.688274437757351,0.688274437757351,1.0,0.31172556224264913,0.6666666666666666,0.7777777777777778,2,556.1652988344739,92.77777777777777
Spa,316,1,84,75,80,9,0.0,0.0,1.0,0.35163553088961064,0.0,14.625,2,447.79082499768265,78.75
Spa,316,2,70,53,74,17,0.2481599978436864,0.2481599978436864,1.0,0.3209056964545537,0.15384615384615385,9.692307692307692,2,574.928517929426,60.30769230769231
Spa,316,3,71,59,75,12,0.0,0.0,1.0,0.3792920415594353,0.0,16.916666666666668,2,536.809400135448,64.66666666666667
Spa,316,4,83,71,81,12,0.21445332690585978,0.21445332690585978,1.0,0.331914886369333,0.1,16.4,2,588.7957000758962,75.1
Spa,316,10,76,61,87,15,0.0,0.0,1.0,0.4361039999820726,0.0,22.545454545454547,2,605.3017430147781,70.54545454545455
Spa,316,11,77,72,101,5,0.0,0.0,1.0,0.3373900656790361,0.0,30.333333333333332,2,625.7599650132163,81.33333333333333
Spa,316,14,81,70,90,11,0.0,0.0,1.0,0.4528879796848225,0.0,16.6,2,542.4913522634503,77.3
Spa,316,16,84,67,81,17,0.5469956711933665,0.5469956711933665,1.0,0.14607245323156498,0.18181818181818182,23.09090909090909,2,530.9567421958451,74.63636363636364
Spa,316,18,81,68,83,13,0.0,0.0,1.0,0.46981304048660544,0.0,14.88888888888889,2,563.2019482757262,76.11111111111111
Spa,316,20,74,64,82,10,0.0,0.0,1.0,0.18501051031760074,0.0,15.909090909090908,3,514.6284315619635,70.72727272727273
Spa,316,22,74,65,74,9,0.28007270806457585,0.28007270806457585,1.0,0.32006703689713034,0.1111111111111111,19.11111111111111,2,478.9770322651976,71.0
Spa,316,23,78,52,71,26,0.48020200828442194,0.48020200828442194,1.0,0.33025231921282644,0.2727272727272727,7.2727272727272725,2,579.3586019759131,62.81818181818182
Spa,316,24,70,56,71,14,0.26431170156880435,0.26431170156880435,1.0,0.38854287890466366,0.08333333333333333,13.5,2,494.4179294380898,62.0
Spa,316,27,64,50,53,14,0.1810196891534781,0.1810196891534781,1.0,0.3474856122808609,0.18181818181818182,10.363636363636363,2,454.306208730865,60.45454545454545
Spa,316,31,71,58,71,13,0.0,0.0,1.0,0.5795032974680235,0.0,13.1,2,559.6810265837782,63.2
Spa,316,44,83,70,91,13,0.0,0.0,1.0,0.2737317473311179,0.0,26.444444444444443,2,611.9718454745971,76.44444444444444
Spa,316,55,85,72,91,13,0.38334980236700317,0.38334980236700317,1.0,0.0,0.1111111111111111,36.666666666666664,2,571.6658002597951,79.0
Spa,316,63,83,70,86,13,0.17981638453551302,0.17981638453551302,1.0,0.3595149216403023,0.1,20.2,3,463.8724445779236,76.5
Spa,316,77,82,67,76,15,0.582744969861577,0.582744969861577,1.0,0.15051895094558465,0.2727272727272727,10.909090909090908,2,573.8309523904353,73.0909090909091
Spa,316,81,82,70,98,12,0.0,0.0,1.0,0.22027755837864932,0.0,24.375,2,572.6908913086481,79.5
Suzuka,401,1,335,173,193,162,0.7654665649081112,0.5781078680156442,0.6296392413721821,0.0,0.5,39.44444444444444,5,2973.309175531816,227.22222222222223
Suzuka,401,2,332,160,182,172,0.8980141471055523,0.7662644254265916,1.0,0.03482611945889373,0.55,28.1,5,3005.666185572676,214.45
Suzuka,401,4,326,173,205,153,0.572615050063873,0.572615050063873,0.7153136416741357,0.11751879617607075,0.3888888888888889,36.611111111111114,4,3305.3436691500106,221.55555555555554
Suzuka,401,10,329,166,181,163,0.6103591895887047,0.6103591895887047,0.9120570570879333,0.16967015345785752,0.4,37.46666666666667,4,2832.9033378549425,225.0
Suzuka,401,11,331,166,191,165,0.5206700153332471,0.3831057498489179,0.7412744684086061,0.08699071461336559,0.42105263157894735,42.21052631578947,5,3265.631387531696,221.42105263157896
Suzuka,401,14,328,165,192,163,0.4983476187468716,0.4983476187468716,1.0,0.11917777151021522,0.26666666666666666,49.6,5,3414.5953627304298,220.86666666666667
Suzuka,401,16,329,169,204,160,0.7345909417186337,0.09211546716306214,0.6539664071499287,0.0,0.35294117647058826,57.1764705882353,5,4164.717928162192,215.94117647058823
Suzuka,401,18,322,165,201,157,0.6675624112691746,0.50964208619582,0.554695092502489,0.028831456348479403,0.4,42.9,5,3117.734294463337,219.6
Suzuka,401,20,332,161,179,171,0.5896847955908758,0.5896847955908758,1.0,0.058100985149161975,0.47368421052631576,30.57894736842105,5,3659.4611809573676,220.94736842105263
Suzuka,401,22,326,157,191,169,0.5532159782891899,0.4716182584602107,0.5314157772115112,0.18317053320409757,0.45,34.4,5,3094.5672935283164,218.15
Suzuka,401,23,332,160,194,172,0.9291215884015466,0.48592106966912624,0.5832669232866787,0.0,0.55,33.9,5,3791.7429030438543,218.5
Suzuka,401,24,327,162,192,165,0.5136375779113447,0.42344483618318,1.0,0.0,0.42105263157894735,46.473684210526315,5,2949.9987136208943,219.89473684210526
Suzuka,401,27,327,164,188,163,0.7353071897664992,0.5314538528587077,0.8859105278618274,0.0,0.6,43.46666666666667,5,3037.0553512556116,226.13333333333333
Suzuka,401,31,331,158,184,173,0.8327505856018623,0.6852211413806356,0.8241809220677855,0.0,0.5263157894736842,39.0,4,2875.81718204081,214.68421052631578
Suzuka,401,40,325,163,194,162,0.4045877485230017,0.4045877485230017,1.0,0.12340021759644018,0.3157894736842105,41.63157894736842,5,3226.6455789534566,216.26315789473685
Suzuka,401,44,323,165,191,158,0.6067812976054242,0.5102568959988821,1.0,0.030259767672862942,0.3333333333333333,44.94444444444444,4,2905.521929706697,218.55555555555554
Suzuka,401,55,331,166,201,165,0.8117858299239593,0.4058374750355017,0.7436037575879213,0.039392227799927265,0.6,48.45,5,3490.051602658014,231.85
Suzuka,401,63,325,163,194,162,0.4983612908956691,0.4983612908956691,0.8567251565098933,0.040379342366184116,0.3157894736842105,51.578947368421055,4,3132.276057460237,222.68421052631578
Suzuka,401,77,325,164,190,161,0.8295173562635098,0.4610482550397013,1.0,0.07603831397338227,0.5,45.388888888888886,5,2935.6792776784946,222.38888888888889
Suzuka,401,81,329,165,200,164,0.469999205296909,0.469999205296909,0.685568111410647,0.06940618360413112,0.4117647058823529,43.11764705882353,4,3371.2420148548763,224.05882352941177
Suzuka,402,1,241,241,250,0,0.0,0.0,0.0,0.0,0.0,100.0,6,461.69639637686555,246.5
Suzuka,402,2,243,243,243,0,0.0,0.0,0.3408156953908069,0.0,0.0,75.6,6,706.274304797456,244.0
Suzuka,402,4,246,246,251,0,0.0,0.0,0.27578066730095163,0.0,0.0,94.4,6,829.9899146438214,249.2
Suzuka,402,10,245,245,247,0,0.0,0.0,0.3990900532848241,0.0,0.0,96.2,6,674.6245710159178,247.2
Suzuka,402,11,242,242,250,0,0.0,0.0,0.0,0.0,0.0,100.0,6,743.0770682059225,247.2
Suzuka,402,18,242,242,244,0,0.0,0.0,0.25304149981954177,0.0,0.0,99.25,6,623.9781558198604,243.5
Suzuka,402,20,238,238,246,0,0.0,0.0,0.3306218198805017,0.0,0.0,90.75,6,636.9861479161402,243.0
Suzuka,402,22,242,242,246,0,0.0,0.0,0.0,0.0,0.0,100.0,5,885.2331177891242,243.4
Suzuka,402,23,242,242,246,0,0.0,0.0,0.17560370360207236,0.0,0.0,80.8,6,1073.4511033239855,246.0
Suzuka,402,24,240,240,247,0,0.0,0.0,0.290494910309084,0.0,0.0,88.8,6,1246.2157636942845,245.8
Suzuka,402,27,240,240,244,0,0.0,0.0,0.2403602955030547,0.0,0.0,83.0,6,721.8779882789474,244.2
Suzuka,402,31,239,239,247,0,0.0,0.0,0.36033657025706944,0.0,0.0,92.33333333333333,6,840.4590923163944,245.16666666666666
Suzuka,402,44,245,245,249,0,0.0,0.0,0.23880323022384184,0.0,0.0,94.75,6,621.9742430551266,247.25
Suzuka,402,55,243,243,251,0,0.0,0.0,0.21189432839706965,0.0,0.0,99.2,6,879.6842685983106,247.6
Suzuka,402,63,241,241,247,0,0.0,0.0,0.0,0.0,0.0,99.0,6,717.5492268111116,246.0
Suzuka,402,77,238,238,246,0,0.0,0.0,0.2484554582150443,0.0,0.0,95.66666666666667,6,586.8304750080389,242.0
Suzuka,402,81,243,243,247,0,0.0,0.0,0.22579146220337704,0.0,0.0,93.8,6,1130.263463490176,246.4
Suzuka,403,2,237,214,216,23,0.0,0.0,1.0,0.0,0.0,40.4,5,836.538067098943,220.2
Suzuka,403,4,236,224,227,12,0.0,0.0,1.0,0.0,0.0,63.25,6,703.3785913236378,229.25
Suzuka,403,10,235,224,224,11,0.0,0.0,1.0,0.0,0.0,61.75,6,609.1715955952319,228.5
Suzuka,403,11,233,215,224,18,0.22429412589607095,0.22429412589607095,0.5731016131853582,0.0,0.2,59.4,6,1113.7649415578662,222.4
Suzuka,403,14,228,216,219,12,0.0,0.0,1.0,0.0,0.0,59.5,6,699.6758796631482,220.75
Suzuka,403,16,244,222,222,22,0.3178152873540039,0.0,1.0,0.0,0.4,55.4,6,826.7620252605692,231.8
Suzuka,403,18,235,225,225,10,0.0,0.0,1.0,0.0,0.25,54.75,6,609.2678126746861,229.25
Suzuka,403,20,227,218,218,9,0.0,0.0,1.0,0.0,0.0,47.0,6,536.1661851027898,223.33333333333334
Suzuka,403,22,236,226,229,10,0.0,0.0,1.0,0.0,0.0,75.6,5,1018.1542525235561,229.0
Suzuka,403,23,231,217,217,14,0.19727236031148118,0.0,1.0,0.0,0.2,40.8,6,762.479291713321,222.6
Suzuka,403,24,223,221,222,2,0.0,0.0,1.0,0.0,0.0,73.5,6,576.6815954569703,221.75
Suzuka,403,27,230,212,212,18,0.1963786458492787,0.1963786458492787,1.0,0.0,0.2,47.0,6,817.1042873542814,216.6
Suzuka,403,31,237,223,223,14,0.21620537830612305,0.0,1.0,0.0,0.25,53.25,6,685.6740458737665,229.75
Suzuka,403,40,235,223,224,12,0.0,0.0,1.0,0.0,0.0,66.6,5,894.5427140758876,227.6
Suzuka,403,44,241,224,224,17,0.2609855902741587,0.0,1.0,0.0,0.25,58.75,6,851.8031366760773,229.75
Suzuka,403,55,240,225,226,15,0.48282205981508114,0.0,1.0,0.0,0.2,66.0,6,828.4198110786989,229.4
Suzuka,403,63,236,222,222,14,0.1705529841107315,0.0,1.0,0.0,0.2,65.4,6,971.6784537720979,228.4
Suzuka,403,77,215,209,209,6,0.0,0.0,1.0,0.0,0.0,49.666666666666664,6,363.5816959600761,212.0
Suzuka,403,81,238,226,230,12,0.0,0.0,0.5723363169028484,0.0,0.0,57.333333333333336,6,1032.0437530377387,229.83333333333334
Suzuka,404,1,232,231,231,1,0.0,0.0,1.0,0.0,0.0,83.0,6,423.49767052850495,231.33333333333334
Suzuka,404,2,225,197,198,28,0.0,0.0,1.0,0.0,0.0,34.333333333333336,5,1010.9803824289475,207.16666666666666
Suzuka,404,4,229,216,221,13,0.0,0.0,1.0,0.12588362175046955,0.0,56.0,5,874.4005114877109,220.16666666666666
Suzuka,404,10,232,211,211,21,0.0,0.0,1.0,0.0,0.0,53.0,5,849.1503514245045,220.0
Suzuka,404,11,237,219,222,18,0.0,0.0,1.0,0.0,0.0,61.0,6,911.2583201696984,226.0
Suzuka,404,14,225,218,218,7,0.0,0.0,1.0,0.0,0.0,60.4,6,577.822885081765,221.2
Suzuka,404,16,225,213,219,12,0.0,0.0,1.0,0.0,0.2,65.6,6,721.0347677470296,218.2
Suzuka,404,18,226,210,212,16,0.3320813378042584,0.0,1.0,0.0,0.16666666666666666,54.333333333333336,6,1147.6082736309831,216.5
Suzuka,404,20,219,215,215,4,0.0,0.0,1.0,0.0,0.0,55.0,6,1071.8670065504543,216.33333333333334
Suzuka,404,22,224,221,225,3,0.0,0.0,0.8016231300540101,0.0,0.0,79.75,5,658.7691087913437,223.5
Suzuka,404,23,216,208,208,8,0.0,0.0,1.0,0.0,0.0,48.0,5,559.0674027470931,211.2
Suzuka,404,24,229,212,212,17,0.0,0.0,0.0,0.24873777071341974,0.0,36.25,6,541.6820293965441,221.0
Suzuka,404,27,222,204,207,18,0.0,0.0,1.0,0.40222120732087935,0.0,39.166666666666664,5,841.2096265830195,210.5
Suzuka,404,31,217,214,218,3,0.0,0.0,1.0,0.0,0.0,74.5,6,1286.605821107918,215.75
Suzuka,404,40,232,218,218,14,0.0,0.0,1.0,0.0,0.0,62.0,5,776.8628807572557,224.2
Suzuka,404,44,231,216,216,15,0.0,0.0,1.0,0.0,0.0,58.333333333333336,6,836.8682554358836,221.33333333333334
Suzuka,404,55,231,218,221,13,0.0,0.0,1.0,0.0,0.0,70.6,6,1058.9503748464126,222.6
Suzuka,404,63,230,213,213,17,0.0,0.0,1.0,0.0,0.0,57.5,6,965.7277994311327,220.5
Suzuka,404,77,225,215,215,10,0.0,0.0,1.0,0.0,0.0,61.5,6,1038.566842390585,220.83333333333334
Suzuka,404,81,230,214,214,16,0.0,0.0,1.0,0.0,0.0,48.2,6,877.2218024227192,219.2
Suzuka,405,1,228,190,203,38,0.32640166777756924,0.32640166777756924,1.0,0.2052017468165816,0.125,39.125,5,1468.1101772240556,202.375
Suzuka,405,4,223,197,210,26,0.0,0.0,1.0,0.2840516630349948,0.0,44.1,5,1529.4349962091856,206.7
Suzuka,405,10,214,188,195,26,0.282247453294629,0.0,1.0,0.0,0.125,48.375,5,1345.353341652553,196.0
Suzuka,405,11,236,183,199,53,0.6255768472516574,0.6255768472516574,1.0,0.14939477587096892,0.3,35.6,5,1453.6990556781695,197.5
Suzuka,405,14,227,196,207,31,0.0,0.0,0.5942028809943612,0.0,0.0,52.81818181818182,6,1600.4124972013033,207.9090909090909
Suzuka,405,18,223,185,190,38,0.3379093934151111,0.0,1.0,0.0,0.3,42.1,5,1325.092343972453,202.7
Suzuka,405,20,215,185,194,30,0.37430510925401983,0.37430510925401983,1.0,0.23136458677357982,0.2222222222222222,35.333333333333336,5,1503.8056262016999,194.66666666666666
Suzuka,405,22,221,183,200,38,0.0,0.0,1.0,0.47959376242594615,0.0,45.857142857142854,5,1566.3216311030392,195.71428571428572
Suzuka,405,23,222,185,195,37,0.3225481853335846,0.0,1.0,0.0,0.2,41.4,5,1692.445329487913,197.2
Suzuka,405,24,199,179,192,20,0.0,0.0,1.0,0.11859757906779785,0.1,48.9,5,1183.3799822469778,185.6
Suzuka,405,27,207,177,194,30,0.47161396315953735,0.47161396315953735,1.0,0.19472779523679762,0.2222222222222222,37.666666666666664,5,1473.607396350193,188.55555555555554
Suzuka,405,31,218,180,197,38,0.43086941473349705,0.0,0.7890736876304565,0.0,0.3,44.5,5,1409.5131416289232,192.7
Suzuka,405,40,216,187,194,29,0.0,0.0,1.0,0.12288133032903159,0.0,42.3,5,1164.6061299694131,197.7
Suzuka,405,44,228,190,204,38,0.2013551076625114,0.0,1.0,0.0,0.1,58.6,5,1662.5987751677023,203.4
Suzuka,405,55,222,185,197,37,0.7663712985463188,0.0,0.7581527796530388,0.0,0.4,54.0,6,1533.849798179361,198.5
Suzuka,405,63,215,191,201,24,0.0,0.0,1.0,0.0,0.1,60.0,5,1638.0316757107275,200.4
Suzuka,405,77,215,175,188,40,0.46649795495774493,0.20948251605474916,1.0,0.16667925239800682,0.2,35.9,5,1646.195599954208,186.1
Suzuka,405,81,221,197,207,24,0.0,0.0,1.0,0.09148682534233775,0.0,40.54545454545455,5,1448.9866926971263,206.54545454545453
Suzuka,406,1,232,232,243,0,0.0,0.0,0.2573384266010629,0.0,0.0,100.0,6,1355.294152169384,237.875
Suzuka,406,4,232,229,245,3,0.0,0.0,0.2650338485119132,0.0,0.0,89.625,6,1662.1426105937342,234.875
Suzuka,406,10,223,223,250,0,0.0,0.0,0.07802761895175696,0.0,0.0,97.3,5,1839.8848420176248,234.0
Suzuka,406,11,231,231,239,0,0.0,0.0,0.13401479845005626,0.0,0.0,94.0,5,1123.3511214701775,234.0
Suzuka,406,16,231,229,243,2,0.0,0.0,0.5253762821407466,0.0,0.125,91.0,6,1510.3608559896757,233.375
Suzuka,406,18,226,226,239,0,0.0,0.0,0.23381883370133089,0.0,0.0,99.0,6,1031.1738189109167,232.0
Suzuka,406,20,223,223,236,0,0.0,0.0,0.14014684422199886,0.0,0.0,91.85714285714286,6,1465.3248847309178,231.42857142857142
Suzuka,406,22,226,226,241,0,0.0,0.0,0.15874115510433387,0.0,0.0,99.42857142857143,6,1466.6217447618383,233.85714285714286
Suzuka,406,23,219,219,237,0,0.0,0.0,0.11381286691345965,0.0,0.0,87.11111111111111,6,1483.7233785780609,227.33333333333334
Suzuka,406,24,223,223,239,0,0.0,0.0,0.17570809688371847,0.0,0.0,93.375,6,1568.1453870111561,229.875
Suzuka,406,31,225,225,240,0,0.0,0.0,0.658725537617572,0.0,0.0,91.625,6,1515.8291049534646,230.75
Suzuka,406,40,225,225,250,0,0.0,0.0,0.1297456954179957,0.0,0.0,98.0,5,2084.2028306882276,236.9090909090909
Suzuka,406,44,225,225,234,0,0.0,0.0,0.32275794773008715,0.0,0.0,94.16666666666667,6,827.7198364498491,228.5
Suzuka,406,77,222,222,243,0,0.0,0.0,0.09561685515293684,0.0,0.0,100.0,6,1468.6895707682047,231.5
Suzuka,406,81,227,227,240,0,0.0,0.0,0.6343929860478149,0.0,0.0,89.375,6,1438.216870010494,230.75
Suzuka,407,1,289,267,268,22,0.3217437563093452,0.0,1.0,0.0,0.4,76.4,7,941.6376990844087,275.6
Suzuka,407,4,280,252,252,28,0.35969506532221146,0.2638464395905596,1.0,0.0,0.4,51.0,6,1062.745050838396,262.6
Suzuka,407,10,276,256,258,20,0.373697574935951,0.0,1.0,0.0,0.2,64.4,7,1098.1028710881917,262.6
Suzuka,407,11,284,254,254,30,0.3533615062503026,0.3533615062503026,1.0,0.16023266138188258,0.2,31.0,7,1042.813538467111,268.2
Suzuka,407,14,279,253,253,26,0.0,0.0,1.0,0.0,0.0,48.6,7,1009.1603133109504,267.8
Suzuka,407,16,282,260,260,22,0.6072295935442091,0.0,0.0,0.0,0.5,73.25,7,672.3460723058249,269.25
Suzuka,407,18,279,258,258,21,0.2733712762913045,0.0,1.0,0.0,0.2,70.8,7,957.8239480600935,269.6
Suzuka,407,20,286,249,249,37,0.24406024938767337,0.24406024938767337,1.0,0.0,0.2,61.0,7,901.8077888493572,264.0
Suzuka,407,22,286,265,265,21,0.0,0.0,0.5456072011939695,0.0,0.0,80.6,7,1142.905198422687,271.8
Suzuka,407,23,277,250,250,27,0.18464693174859287,0.0,1.0,0.0,0.2,45.0,6,1015.1589871906342,260.6
Suzuka,407,24,267,249,250,18,0.29891545593411367,0.29891545593411367,1.0,0.0,0.25,60.25,6,905.3354528511327,254.5
Suzuka,407,27,267,245,245,22,0.3949938358729421,0.3949938358729421,0.0,0.0,0.25,51.0,7,823.0196295639822,252.25
Suzuka,407,31,271,256,256,15,0.5253578614659795,0.0,1.0,0.0,0.25,64.25,6,691.0413383272771,261.25
Suzuka,407,44,276,258,258,18,0.0,0.0,1.0,0.0,0.0,77.75,7,891.2229505389157,264.25
Suzuka,407,55,278,258,258,20,0.2652662753753793,0.0,1.0,0.0,0.4,76.2,7,1017.7094484871077,266.6
Suzuka,407,63,280,261,261,19,0.24819073295539187,0.0,1.0,0.0,0.2,85.4,6,1072.5210355474499,269.4
Suzuka,407,81,275,256,256,19,0.0,0.0,1.0,0.1544423555740664,0.0,50.0,6,795.0437914598202,264.0
Suzuka,408,1,185,146,152,39,0.6554724248585928,0.6554724248585928,1.0,0.2218845177296914,0.42857142857142855,20.571428571428573,4,751.9950610449437,161.28571428571428
Suzuka,408,2,240,138,143,102,0.7556226608913501,0.7556226608913501,1.0,0.09262315841431619,0.5,17.5,4,928.744540168155,165.25
Suzuka,408,4,233,150,151,83,0.5462853129002883,0.5462853129002883,1.0,0.3484651556777813,0.42857142857142855,16.0,4,1143.033897884104,176.57142857142858
Suzuka,408,10,180,143,147,37,0.45218340930493617,0.45218340930493617,1.0,0.23147639538596115,0.375,24.0,4,718.6239179335919,154.375
Suzuka,408,11,178,146,152,32,0.5372342999655264,0.38888602626029367,1.0,0.0,0.5,29.5,4,895.7725576152596,158.0
Suzuka,408,14,166,140,158,26,0.4470011494642252,0.4470011494642252,1.0,0.0,0.5,31.75,4,897.2692271644113,151.625
Suzuka,408,16,220,147,154,73,0.5270791087319467,0.5270791087319467,1.0,0.0,0.375,29.375,4,1039.937439043796,166.75
Suzuka,408,18,185,133,146,52,0.5675042551184302,0.5675042551184302,1.0,0.2185016549576349,0.4444444444444444,25.22222222222222,4,954.4868056038124,149.88888888888889
Suzuka,408,20,196,141,144,55,0.8182841188634219,0.8182841188634219,1.0,0.1393466170228871,0.5,16.5,4,959.7277284444891,158.25
Suzuka,408,22,204,145,156,59,0.5537574660444958,0.5537574660444958,1.0,0.15596809589723515,0.42857142857142855,28.714285714285715,4,1085.6016684695962,164.42857142857142
Suzuka,408,23,225,139,153,86,0.5109034827251755,0.5109034827251755,1.0,0.0,0.42857142857142855,36.857142857142854,4,1238.033927832193,168.85714285714286
Suzuka,408,24,174,140,143,34,0.6066712764568654,0.6066712764568654,1.0,0.11218270052385365,0.375,21.0,4,779.2514629781922,150.75
Suzuka,408,27,182,135,136,47,0.6892353008676284,0.6892353008676284,1.0,0.12737994262915053,0.5,13.75,4,936.8152368291437,149.0
Suzuka,408,31,175,142,152,33,0.6964566455102135,0.6964566455102135,1.0,0.10810376509738129,0.375,30.875,4,864.6994846128514,152.875
Suzuka,408,40,177,140,143,37,0.6174164594006923,0.6174164594006923,1.0,0.18667172948695449,0.375,11.625,4,964.7653673928714,155.5
Suzuka,408,44,222,142,146,80,0.584172488409158,0.584172488409158,1.0,0.20565031710544532,0.375,23.375,4,1065.6247609661896,159.375
Suzuka,408,55,202,147,148,55,0.4533818375875944,0.4533818375875944,1.0,0.13360159274979996,0.3333333333333333,25.11111111111111,4,898.7540799906878,161.0
Suzuka,408,63,202,146,148,56,0.6040874625104572,0.6040874625104572,1.0,0.19019464632291322,0.375,22.5,4,939.2819870445735,162.5
Suzuka,408,77,180,144,153,36,0.5233380870619,0.5233380870619,1.0,0.15454174233723475,0.375,23.875,4,1019.7894231226655,155.75
Suzuka,408,81,185,145,161,40,0.588462295750571,0.588462295750571,1.0,0.1570356117634021,0.375,35.125,4,981.5992240517833,158.5
Suzuka,409,1,261,261,264,0,0.0,0.0,0.383458845837881,0.0,0.0,100.0,6,818.8789299566909,262.75
Suzuka,409,2,263,263,263,0,0.0,0.0,0.0,0.0,0.0,100.0,7,593.1401584328769,263.0
Suzuka,409,4,262,262,263,0,0.0,0.0,0.16652100277167894,0.0,0.0,100.0,6,692.1683897750775,262.75
Suzuka,409,10,256,256,261,0,0.0,0.0,0.0,0.42299201038874895,0.0,75.0,6,884.5819180371102,259.25
Suzuka,409,14,259,259,260,0,0.0,0.0,0.0,0.0,0.0,99.25,7,426.6551807311656,259.25
Suzuka,409,16,258,258,264,0,0.0,0.0,0.29361353162592296,0.0,0.25,100.0,6,876.2803784927753,261.25
Suzuka,409,18,258,258,259,0,0.0,0.0,0.20125778058946558,0.0,0.0,99.0,7,624.4438428511628,258.25
Suzuka,409,20,258,258,262,0,0.0,0.0,0.1296972757092778,0.0,0.0,100.0,6,875.8871413062017,260.5
Suzuka,409,22,258,258,259,0,0.0,0.0,0.39100964288265455,0.0,0.0,100.0,6,503.1483676013869,258.3333333333333
Suzuka,409,23,259,259,263,0,0.0,0.0,0.2820941455847031,0.0,0.0,100.0,6,718.569389634813,261.5
Suzuka,409,24,247,247,253,0,0.0,0.0,0.22400452627525247,0.0,0.25,100.0,6,822.7331862344075,250.75
Suzuka,409,27,260,260,263,0,0.0,0.0,0.23486600182830517,0.0,0.25,100.0,6,909.3056327432265,262.5
Suzuka,409,31,261,261,265,0,0.0,0.0,0.2773596897737896,0.0,0.0,100.0,6,612.3920806702652,263.0
Suzuka,409,40,256,256,261,0,0.0,0.0,0.3023144345624107,0.0,0.25,75.0,6,1028.8791313253525,259.25
Suzuka,409,55,258,258,263,0,0.0,0.0,0.19051138750677774,0.0,0.0,99.75,6,748.2768054541045,261.0
Suzuka,409,63,260,260,261,0,0.0,0.0,0.20002605507727816,0.0,0.0,100.0,7,936.961177720105,261.5
Suzuka,409,77,262,262,262,0,0.0,0.0,0.5237973513152605,0.0,0.0,100.0,6,483.10176779140454,262.0
Suzuka,409,81,263,263,263,0,0.0,0.0,0.31732395329786006,0.0,0.0,98.0,6,591.0111523192036,263.0
Suzuka,410,1,130,75,92,55,0.6240189559020575,0.6240189559020575,1.0,0.19066185072734834,0.3333333333333333,13.083333333333334,3,856.9897663017276,93.58333333333333
Suzuka,410,2,137,71,98,66,0.7459495421282972,0.7459495421282972,1.0,0.15380995821270807,0.38461538461538464,15.692307692307692,2,961.7840635901749,90.0
Suzuka,410,4,130,67,93,63,0.6409165706351893,0.6409165706351893,1.0,0.203696098908954,0.4,18.466666666666665,3,947.296174529538,87.4
Suzuka,410,10,116,73,104,43,0.5752317145123623,0.5752317145123623,1.0,0.18608810365233577,0.4166666666666667,21.333333333333332,2,900.4150370362371,89.75
Suzuka,410,11,129,70,90,59,0.67410791637358,0.67410791637358,1.0,0.15079277050116427,0.45454545454545453,13.0,3,898.9450298470418,89.18181818181819
Suzuka,410,14,124,69,123,55,0.610343315307742,0.610343315307742,1.0,0.13610447380640106,0.42857142857142855,14.571428571428571,2,1048.1912241501748,91.21428571428571
Suzuka,410,16,132,74,101,58,0.7392888456975091,0.7392888456975091,1.0,0.08940208176064478,0.4,20.933333333333334,3,935.6632016823568,91.13333333333334
Suzuka,410,18,123,68,96,55,0.7387328674350567,0.7387328674350567,1.0,0.09325796129440876,0.3333333333333333,18.583333333333332,2,903.5105666894594,86.5
Suzuka,410,20,129,72,101,57,0.6840604395194309,0.6840604395194309,1.0,0.10615346315786477,0.35714285714285715,17.142857142857142,2,987.3380256281912,90.07142857142857
Suzuka,410,22,79,73,95,6,0.0,0.0,1.0,0.0,0.0,36.333333333333336,2,324.2285982817518,82.33333333333333
Suzuka,410,23,115,73,88,42,0.6199012244724442,0.6199012244724442,1.0,0.1878198121860959,0.5384615384615384,8.76923076923077,2,808.4088320619276,88.53846153846153
Suzuka,410,24,122,73,88,49,0.6411371048561587,0.6411371048561587,1.0,0.21519770856733855,0.42857142857142855,14.214285714285714,3,786.2063939190892,86.35714285714286
Suzuka,410,27,117,69,99,48,0.7205122298484211,0.7205122298484211,1.0,0.1513938409996054,0.35714285714285715,15.0,2,949.0056439581864,85.0
Suzuka,410,31,127,73,101,54,0.7618193790836879,0.7618193790836879,1.0,0.1332883631527317,0.35714285714285715,17.0,2,1021.013846224026,89.42857142857143
Suzuka,410,40,127,75,99,52,0.7023417480814124,0.7023417480814124,1.0,0.16143115986879722,0.36363636363636365,18.636363636363637,2,927.3266409105785,92.0909090909091
Suzuka,410,44,115,72,93,43,0.7066843344113081,0.7066843344113081,1.0,0.13992765162476778,0.4166666666666667,13.416666666666666,3,728.5741520168815,89.66666666666667
Suzuka,410,55,133,73,96,60,0.8210852706240392,0.8210852706240392,1.0,0.11874111579406244,0.42857142857142855,19.642857142857142,3,1026.1230905766408,92.28571428571429
Suzuka,410,63,125,72,108,53,0.809674150177823,0.809674150177823,1.0,0.0,0.5454545454545454,20.818181818181817,2,995.3320514897666,93.54545454545455
Suzuka,410,77,123,73,104,50,0.683853276623505,0.683853276623505,1.0,0.14222355525296415,0.35714285714285715,17.785714285714285,3,1101.2451917473936,88.21428571428571
Suzuka,410,81,121,73,90,48,0.6465388197325065,0.6465388197325065,1.0,0.20993779106908017,0.35714285714285715,14.714285714285714,2,778.7599515172715,87.92857142857143
Suzuka,411,1,236,236,260,0,0.0,0.0,0.09280720056281057,0.0,0.0,100.0,6,1251.0171784679878,247.0
Suzuka,411,2,233,233,258,0,0.0,0.0,0.09138592463052492,0.0,0.0,100.0,6,1261.250841617076,247.57142857142858
Suzuka,411,4,225,225,253,0,0.0,0.0,0.0,0.0,0.0,100.0,5,1148.042315540686,241.66666666666666
Suzuka,411,10,234,234,254,0,0.0,0.0,0.2515833483464805,0.0,0.0,100.0,5,1071.6782169103665,243.5
Suzuka,411,11,233,233,261,0,0.0,0.0,0.0,0.0,0.0,100.0,5,1557.1453547615235,248.42857142857142
Suzuka,411,14,233,233,253,0,0.0,0.0,0.0,0.0,0.0,100.0,6,909.2867526514594,244.0
Suzuka,411,16,235,235,254,0,0.0,0.0,0.2155835785416583,0.0,0.0,100.0,6,1138.5309150686523,244.83333333333334
Suzuka,411,18,229,229,253,0,0.0,0.0,0.1683992124182095,0.0,0.0,99.71428571428571,6,1254.7046101005888,241.42857142857142
Suzuka,411,20,232,232,253,0,0.0,0.0,0.15909365912325496,0.0,0.0,100.0,6,960.4026947459151,242.33333333333334
Suzuka,411,22,235,235,253,0,0.0,0.0,0.0,0.0,0.0,100.0,5,1044.3411531794334,244.83333333333334
Suzuka,411,23,235,235,263,0,0.0,0.0,0.10345120160371754,0.0,0.0,100.0,6,1498.789785998145,248.375
Suzuka,411,24,230,230,255,0,0.0,0.0,0.11827805118424302,0.0,0.0,100.0,6,1265.5179626977883,242.83333333333334
Suzuka,411,27,236,236,251,0,0.0,0.0,0.17060712805007208,0.0,0.0,100.0,6,763.3360121423287,243.6
Suzuka,411,31,232,232,259,0,0.0,0.0,0.24624732871193583,0.0,0.0,100.0,5,1863.9973057930874,245.71428571428572
Suzuka,411,44,233,233,255,0,0.0,0.0,0.1510814558744933,0.0,0.0,100.0,6,1091.3235007522082,244.42857142857142
Suzuka,411,55,237,237,255,0,0.0,0.0,0.20943851906481034,0.0,0.0,99.14285714285714,6,1111.6373136512418,246.57142857142858
Suzuka,411,63,230,230,251,0,0.0,0.0,0.09693512802963043,0.0,0.0,100.0,6,1036.763021352684,241.16666666666666
Suzuka,411,77,237,237,252,0,0.0,0.0,0.19379394358682883,0.0,0.0,100.0,6,877.6452445096638,245.0
Suzuka,411,81,231,231,257,0,0.0,0.0,0.08540182573788821,0.0,0.0,98.33333333333333,6,1457.473292323608,244.16666666666666
Suzuka,412,1,293,162,185,131,0.47852221660289784,0.47852221660289784,1.0,0.12005447793576318,0.38095238095238093,35.80952380952381,5,3038.472526825735,208.33333333333334
Suzuka,412,2,263,157,174,106,0.41889937754161327,0.3142539665447065,1.0,0.28205127189056206,0.2857142857142857,23.476190476190474,5,3124.438065108283,190.33333333333334
Suzuka,412,4,285,161,182,124,0.4017283753482829,0.4017283753482829,1.0,0.15430304319388324,0.2631578947368421,34.0,4,3155.8591536225968,204.10526315789474
Suzuka,412,10,264,156,174,108,0.37998317729278447,0.2925185000456116,1.0,0.3765017009172041,0.2777777777777778,30.38888888888889,4,3018.3233483001595,194.72222222222223
Suzuka,412,11,292,167,188,125,0.30484847673697246,0.1810630201144638,1.0,0.2564944134607674,0.3,35.55,5,3361.898328827413,206.5
Suzuka,412,14,287,154,175,133,0.5116862726274358,0.5116862726274358,1.0,0.10658740870717474,0.36363636363636365,30.727272727272727,4,3225.6048485675565,195.6818181818182
Suzuka,412,16,277,166,199,111,0.4599142130496974,0.0,1.0,0.1045111400141229,0.36363636363636365,44.40909090909091,5,3323.8423441419236,206.1818181818182
Suzuka,412,18,269,155,191,114,0.4344617823026212,0.2625742261297709,0.8251489038143579,0.05096632482680904,0.4090909090909091,34.18181818181818,4,2906.3297728593266,199.36363636363637
Suzuka,412,20,262,161,179,101,0.6492318139262696,0.46493843337835994,1.0,0.19190819494192893,0.4,30.3,5,3024.153767064539,194.55
Suzuka,412,22,290,163,185,127,0.3535253161270618,0.25596475815997455,1.0,0.3335992295748805,0.23809523809523808,28.61904761904762,5,3218.742821533797,201.42857142857142
Suzuka,412,23,272,156,194,116,0.5864792133699052,0.5206926647937086,1.0,0.0891932705845969,0.391304347826087,29.26086956521739,4,3036.5942934274294,198.8695652173913
Suzuka,412,24,265,163,193,102,0.4170009600713498,0.3054150491732312,0.8176636769604826,0.11209776285357151,0.28,43.68,5,3340.3173095267493,199.88
Suzuka,412,27,278,148,190,130,0.6467564025795117,0.5086481203065907,1.0,0.0316521011582124,0.391304347826087,27.956521739130434,5,3250.445481218952,192.8695652173913
Suzuka,412,31,267,158,192,109,0.4930306253684889,0.4930306253684889,1.0,0.08613029559346981,0.4,33.0,4,3116.0615408384183,199.75
Suzuka,412,40,190,162,191,28,0.28468325231629804,0.28468325231629804,1.0,0.1242072246579075,0.09090909090909091,49.45454545454545,5,1418.2594225569128,173.27272727272728
Suzuka,412,44,273,157,191,116,0.49942670991822063,0.0,1.0,0.032446606981270845,0.35,43.05,4,3205.5621409103196,198.3
Suzuka,412,55,285,164,180,121,0.8082666391981029,0.12997252857501862,1.0,0.032575298974112085,0.5,40.22727272727273,5,3254.1440973550953,204.6818181818182
Suzuka,412,63,276,162,189,114,0.532196899077042,0.0,0.6820185655426069,0.0,0.2857142857142857,52.04761904761905,4,3692.3248723406455,203.38095238095238
Suzuka,412,77,259,160,189,99,0.27186664230865,0.23375791729173762,1.0,0.24074298242015132,0.2857142857142857,34.714285714285715,5,3256.574376473246,199.85714285714286
Suzuka,412,81,274,162,206,112,0.47506746740725225,0.47506746740725225,0.8107799422044856,0.0,0.38095238095238093,36.142857142857146,4,3210.864491767494,207.85714285714286
Suzuka,413,1,311,307,307,4,0.0,0.0,1.0,0.0,0.0,100.0,8,997.721791300846,309.2
Suzuka,413,2,317,311,311,6,0.0,0.0,0.5051097895742609,0.0,0.0,100.0,8,1295.7792049939217,313.6666666666667
Suzuka,413,4,309,303,303,6,0.0,0.0,1.0,0.0,0.0,99.8,8,1268.6196304637201,306.6
Suzuka,413,14,308,303,303,5,0.0,0.0,1.0,0.0,0.0,99.4,8,1149.089501838665,306.2
Suzuka,413,16,309,304,304,5,0.0,0.0,1.0,0.0,0.0,99.0,8,1147.8435136054843,306.6666666666667
Suzuka,413,18,307,300,300,7,0.0,0.0,1.0,0.0,0.0,99.0,8,1732.7630349512183,303.8333333333333
Suzuka,413,20,310,306,306,4,0.0,0.0,1.0,0.0,0.0,99.16666666666667,8,1408.431164405015,308.1666666666667
Suzuka,413,22,310,305,305,5,0.0,0.0,1.0,0.0,0.0,100.0,8,1212.9830223742906,307.2
Suzuka,413,23,314,309,309,5,0.0,0.0,1.0,0.0,0.0,100.0,8,1063.0788351230983,311.4
Suzuka,413,24,307,302,302,5,0.0,0.0,0.72953891082579,0.0,0.0,100.0,8,931.1322612850388,304.0
Suzuka,413,27,308,305,305,3,0.0,0.0,1.0,0.0,0.0,100.0,8,1217.4410245610907,306.75
Suzuka,413,31,313,311,311,2,0.0,0.0,0.38795141725542553,0.0,0.0,100.0,8,908.7613221692549,311.8
Suzuka,413,40,309,305,305,4,0.0,0.0,1.0,0.0,0.0,100.0,8,1320.1353769809632,306.8
Suzuka,413,44,309,305,305,4,0.0,0.0,1.0,0.0,0.0,100.0,8,1215.4207316711174,306.6
Suzuka,413,55,309,306,306,3,0.0,0.0,1.0,0.0,0.0,99.0,8,851.070345395873,307.6
Suzuka,413,63,307,303,303,4,0.0,0.0,0.4209811315232507,0.0,0.0,100.0,8,1930.3973270167498,304.8333333333333
Suzuka,413,77,308,302,302,6,0.0,0.0,1.0,0.0,0.0,100.0,8,1585.3670232754237,305.0
Suzuka,413,81,311,305,305,6,0.0,0.0,1.0,0.0,0.0,99.16666666666667,8,1823.4312973210144,309.0
Suzuka,414,1,152,96,96,56,1.0,1.0,1.0,0.1386944220975399,0.8571428571428571,0.0,3,610.8614682450399,116.71428571428571
Suzuka,414,2,146,89,89,57,0.6121744718391218,0.6121744718391218,1.0,0.3355690404999409,0.5,3.75,3,771.9153286708474,108.625
Suzuka,414,4,159,94,94,65,0.7530062232194334,0.7530062232194334,1.0,0.24699377678056653,0.75,0.0,3,633.5979678784279,116.25
Suzuka,414,10,166,86,86,80,0.5431793164494474,0.5431793164494474,1.0,0.3822725634293661,0.625,2.875,3,725.9772134154496,114.75
Suzuka,414,11,159,92,92,67,0.7817739840506678,0.7817739840506678,1.0,0.21822601594933214,0.625,0.125,3,555.063268554879,115.75
Suzuka,414,14,191,85,85,106,0.8194247600615988,0.8194247600615988,1.0,0.05646847430304009,0.75,1.25,3,760.6627187998344,114.875
Suzuka,414,16,154,93,93,61,0.7754015372064368,0.5907071314757597,1.0,0.0,0.8333333333333334,5.5,3,517.7997749834245,120.83333333333333
Suzuka,414,18,132,87,87,45,0.567585749962494,0.567585749962494,1.0,0.34340962691452376,0.375,4.75,3,901.2140685073011,103.75
Suzuka,414,20,172,90,90,82,0.7737346394860176,0.7737346394860176,1.0,0.22626536051398252,0.75,0.5,3,776.220391589752,120.5
Suzuka,414,22,114,87,87,27,0.5188047982987053,0.5188047982987053,0.0,0.13116576697926183,0.5714285714285714,7.142857142857143,3,388.8957016314507,97.71428571428571
Suzuka,414,23,120,92,92,28,0.7618413172192774,0.7618413172192774,1.0,0.23815868278072266,0.6666666666666666,0.0,3,450.01361873244593,103.16666666666667
Suzuka,414,24,146,82,82,64,0.7824672928005578,0.7824672928005578,1.0,0.08998072254993297,0.75,1.75,3,536.4490546050259,107.75
Suzuka,414,27,151,83,83,68,0.7214903915901367,0.7214903915901367,1.0,0.2544472488923367,0.5555555555555556,3.5555555555555554,3,636.7023212208418,105.22222222222223
Suzuka,414,31,139,81,82,58,0.8235850406373075,0.8235850406373075,1.0,0.0,0.75,3.75,3,674.1409595205712,105.625
Suzuka,414,40,162,92,92,70,0.8995597658026466,0.8995597658026466,1.0,0.10044023419735337,0.8571428571428571,0.0,3,625.4186442330388,115.71428571428571
Suzuka,414,44,136,87,87,49,0.7742592944190312,0.7742592944190312,1.0,0.1449893494985721,0.625,2.5,2,636.8879233435741,102.75
Suzuka,414,55,153,89,89,64,0.6874000563935184,0.6874000563935184,1.0,0.13705801764762177,0.625,6.625,3,744.3534330195023,109.25
Suzuka,414,63,156,91,91,65,0.7919264797906023,0.7919264797906023,1.0,0.2080735202093977,0.7777777777777778,0.0,3,589.4756233504818,118.22222222222223
Suzuka,414,77,110,91,91,19,0.5981521718153562,0.5981521718153562,0.0,0.40184782818464393,0.6,3.4,3,402.5689138118556,99.0
Suzuka,414,81,147,92,92,55,0.721316039587387,0.721316039587387,1.0,0.12691437581466108,0.7142857142857143,1.8571428571428572,3,631.5761882362534,115.28571428571429
Suzuka,415,1,100,93,102,7,0.0,0.0,1.0,0.4322914585522425,0.0,18.8,3,386.1530065348521,96.8
Suzuka,415,2,91,87,92,4,0.0,0.0,1.0,0.481591604577827,0.0,13.6,3,322.82745037002337,89.8
Suzuka,415,4,93,90,101,3,0.0,0.0,1.0,0.19887005314875875,0.0,33.4,3,359.87393882173484,94.2
Suzuka,415,10,94,93,98,1,0.0,0.0,1.0,0.0,0.0,27.4,3,382.4266287311234,94.6
Suzuka,415,11,101,91,95,10,0.0,0.0,1.0,0.646586942835954,0.0,12.166666666666666,3,363.21241690114033,94.5
Suzuka,415,14,97,92,100,5,0.0,0.0,1.0,0.3444037826116185,0.0,27.428571428571427,3,438.31717403193613,97.0
Suzuka,415,16,93,89,98,4,0.0,0.0,1.0,0.4353997856889383,0.0,32.833333333333336,3,415.176609658496,92.33333333333333
Suzuka,415,18,103,89,96,14,0.0,0.0,1.0,0.5413437088340056,0.14285714285714285,15.714285714285714,3,432.7779083257129,94.42857142857143
Suzuka,415,20,99,91,96,8,0.0,0.0,1.0,0.16167602271355014,0.0,17.0,3,348.1893655925039,94.4
Suzuka,415,22,96,92,98,4,0.0,0.0,1.0,0.44475770579883994,0.0,24.833333333333332,3,351.9685605966811,94.16666666666667
Suzuka,415,23,90,81,92,9,0.3001057308606377,0.3001057308606377,1.0,0.40990217382003413,0.14285714285714285,11.571428571428571,3,422.8679419103187,85.28571428571429
Suzuka,415,24,95,89,101,6,0.0,0.0,1.0,0.2208835811311222,0.0,22.5,3,395.53434163523195,94.16666666666667
Suzuka,415,27,93,87,122,6,0.0,0.0,1.0,0.29185448111407647,0.0,20.333333333333332,3,639.7427797424515,95.66666666666667
Suzuka,415,31,92,89,95,3,0.0,0.0,1.0,0.3249817896733528,0.0,20.666666666666668,3,384.5529411212275,90.83333333333333
Suzuka,415,40,100,94,97,6,0.0,0.0,1.0,0.26136815390895096,0.0,27.6,3,395.4891677379939,97.0
Suzuka,415,44,105,95,102,10,0.3614492135284645,0.3614492135284645,1.0,0.0,0.16666666666666666,21.333333333333332,3,421.54875311552485,99.0
Suzuka,415,55,100,93,98,7,0.0,0.0,1.0,0.4258625130038441,0.0,29.714285714285715,3,350.0543121351459,96.42857142857143
Suzuka,415,63,96,95,102,1,0.0,0.0,1.0,0.0,0.0,34.0,3,463.3730178101085,98.25
Suzuka,415,77,98,92,100,6,0.0,0.0,1.0,0.26707916541710774,0.0,17.666666666666668,3,357.72760874051903,95.66666666666667
Suzuka,415,81,104,96,99,8,0.0,0.0,1.0,0.4697797396205238,0.0,11.285714285714286,3,386.1701276084938,99.42857142857143
Suzuka,416,1,147,147,226,0,0.0,0.0,0.1851272044982755,0.0,0.0,96.66666666666667,3,1454.038043293053,185.44444444444446
Suzuka,416,2,134,134,203,0,0.0,0.0,0.2559685045241665,0.0,0.125,72.5,3,1173.8258509960933,176.375
Suzuka,416,4,153,153,210,0,0.0,0.0,0.5044907384758475,0.0,0.0,94.0,3,1031.601272306909,183.33333333333334
Suzuka,416,10,146,146,221,0,0.0,0.0,0.28798234879587353,0.0,0.0,95.5,3,1367.6490628913023,181.8
Suzuka,416,11,145,145,226,0,0.0,0.0,0.19213975366548935,0.0,0.0,95.875,3,1323.769549223181,187.125
Suzuka,416,14,145,145,242,0,0.0,0.0,0.22378315566835366,0.0,0.0,96.41666666666667,3,1869.1677669895626,194.66666666666666
Suzuka,416,16,145,145,247,0,0.0,0.0,0.14713845759660835,0.0,0.0,98.0,3,1891.4664858727463,200.45454545454547
Suzuka,416,20,139,139,249,0,0.0,0.0,0.22893940996947207,0.0,0.0,93.63636363636364,4,1958.2642022032467,192.0909090909091
Suzuka,416,22,164,164,198,0,0.0,0.0,0.17087988161438003,0.0,0.0,98.8,4,557.4532515644175,178.2
Suzuka,416,23,142,142,201,0,0.0,0.0,0.5196433640192835,0.0,0.0,89.28571428571429,3,827.8212363344885,171.42857142857142
Suzuka,416,24,157,157,202,0,0.0,0.0,0.2987893389939136,0.0,0.0,97.4,4,920.6242718855628,181.4
Suzuka,416,27,159,159,247,0,0.0,0.0,0.13338638572400516,0.0,0.0,96.72727272727273,4,1859.8665844899986,203.1818181818182
Suzuka,416,31,151,151,238,0,0.0,0.0,0.18549717200679594,0.0,0.0,97.7,3,1636.9506777153247,200.3
Suzuka,416,40,163,163,213,0,0.0,0.0,0.3356438261673497,0.0,0.0,96.83333333333333,4,1076.3203902664952,191.83333333333334
Suzuka,416,44,174,174,223,0,0.0,0.0,0.23591377295165922,0.0,0.0,99.16666666666667,3,1049.5637436788306,198.66666666666666
Suzuka,416,55,155,155,246,0,0.0,0.0,0.06387031749475595,0.0,0.0,99.8,4,1828.8904619983991,206.4
Suzuka,416,63,143,143,243,0,0.0,0.0,0.2816652118940845,0.0,0.0,94.1,3,1883.6301865961584,191.5
Suzuka,416,77,146,146,197,0,0.0,0.0,0.5773099523784723,0.0,0.0,91.5,3,763.7966798988398,172.66666666666666
Suzuka,416,81,147,147,240,0,0.0,0.0,0.11174894809093941,0.0,0.0,94.54545454545455,3,1628.2977334563896,198.0
