meeting_key,session_key,driver_number,lap_number,date_start,duration_sector_1,duration_sector_2,duration_sector_3,i1_speed,i2_speed,is_pit_out_lap,lap_duration,segments_sector_1,segments_sector_2,segments_sector_3,st_speed
1219,9158,18,1,,,51.693,31.884,297.0,198,True,,"[2064, 2064, 2064, 2049, 2051, 2051, 2051, 2051]","[2051, 2051, 2049, 2049, 2049, 2049, 2049, 2049]","[2049, 2049, 2049, 2051, 2051, 2051, 2051, 2051]",
1219,9158,40,1,2023-09-15T09:30:07.594000+00:00,,52.331,32.833,264.0,255,True,,"[2064, 2064, 2064, 2049, 2049, 2049, 2049, 2049]","[2049, 2049, 2049, 2049, 2049, 2049, 2049, 2051]","[2049, 2049, 2051, 2049, 2049, 2049, 2049, 2049]",
1219,9158,77,1,2023-09-15T09:30:09.938000+00:00,,47.297,34.294,271.0,252,True,,"[2064, 2064, 2064, 2049, 2049, 2049, 2049, 2049]","[2049, 2049, 2049, 2051, 2049, 2049, 2049, 2049]","[2051, 2049, 2049, 2049, 2049, 2049, 2049, 2049]",
1219,9158,14,1,2023-09-15T09:30:19.875000+00:00,,49.19,31.763,264.0,240,True,,"[2064, 2064, 2064, 2049, 2049, 2049, 2049, 2049]","[2049, 2049, 2049, 2049, 2049, 2049, 2049, 2049]","[2049, 2051, 2049, 2049, 2049, 2049, 2051, 2051]",
1219,9158,24,1,2023-09-15T09:30:23.109000+00:00,,50.331,33.684,230.0,221,True,,"[2064, 2064, 2064, 2049, 2049, 2049, 2049, 2049]","[2049, 2049, 2049, 2049, 2049, 2049, 2049, 2049]","[2049, 2049, 2049, 2049, 2049, 2049, 2049, 2049]",
1219,9158,31,1,2023-09-15T09:30:27.750000+00:00,,50.326,32.465,258.0,246,True,,"[2064, 2064, 2064, 2049, 2049, 2049, 2049, 2049]","[2049, 2049, 2049, 2049, 2049, 2049, 2049, 2049]","[2049, 2049, 2049, 2049, 2049, 2049, 2049, 2049]",
1219,9158,4,1,2023-09-15T09:30:34.921000+00:00,,51.543,34.97,265.0,234,True,,"[2064, 2064, 2064, 2049, 2049, 2049, 2049, 2049]","[2049, 2049, 2049, 2049, 2049, 2049, 2049, 2049]","[2049, 2049, 2049, 2049, 2049, 2051, 2051]",
1219,9158,63,1,2023-09-15T09:30:35.875000+00:00,,47.821,40.349,270.0,252,True,,"[2064, 2064, 2064, 2049, 2049, 2049, 2049, 2049]","[2049, 2049, 2049, 2049, 2049, 2049, 2049, 2049]","[2049, 2049, 2049, 2051, 2051, 2049, 2049]",
1219,9158,44,1,2023-09-15T09:30:52.062000+00:00,,55.43,37.81,270.0,235,True,,"[2064, 2064, 2064, 2049, 2049, 2049, 2049, 2049]","[2049, 2049, 2049, 2049, 2049, 2049, 2049, 2049]","[2049, 2049, 2049, 2049, 2049, 2049, 2049, 2049]",
1219,9158,55,1,2023-09-15T09:30:53.593000+00:00,,50.152,38.688,266.0,249,True,,"[2064, 2064, 2064, 2049, 2049, 2049, 2049, 2049]","[2049, 2049, 2049, 2049, 2049, 2049, 2049, 2049]","[2049, 2049, 2051, 2049, 2049, 2049, 2049]",
1219,9158,11,1,2023-09-15T09:31:06.890000+00:00,,49.809,36.167,245.0,249,True,,"[2064, 2064, 2064, 2049, 2049, 2049, 2049, 2049]","[2049, 2049, 2049, 2049, 2049, 2049, 2049, 2049]","[2049, 2049, 2049, 2049, 2049, 2049, 2049, 2049]",
1219,9158,16,1,2023-09-15T09:31:13.358000+00:00,,47.361,43.724,268.0,213,True,,"[2064, 2064, 2064, 2049, 2049, 2049, 2049, 2049]","[2049, 2049, 2049, 2049, 2049, 2049, 2049, 2049]","[2049, 2049, 2049, 2049, 2049, 2049, 2049, 2049]",
1219,9158,81,1,2023-09-15T09:31:18.202000+00:00,,50.147,40.918,244.0,259,True,,"[2064, 2064, 2064, 2049, 2049, 2049, 2049, 2049]","[2049, 2049, 2049, 2049, 2049, 2049, 2049, 2049]","[2049, 2049, 2049, 2049, 2049, 2049, 2049]",
1219,9158,22,1,2023-09-15T09:31:22.233000+00:00,,48.859,37.134,271.0,247,True,,"[2064, 2064, 2064, 2049, 2049, 2049, 2049, 2049]","[2049, 2049, 2049, 2049, 2049, 2049, 2049, 2049]","[2049, 2049, 2049, 2049, 2049, 2049, 2049, 2049]",
1219,9158,1,1,2023-09-15T09:31:30.577000+00:00,,46.385,46.886,286.0,258,True,,"[2064, 2064, 2064, 2049, 2049, 2049, 2049, 2049]","[2049, 2049, 2049, 2049, 2049, 2049, 2049, 2049]","[2049, 2049, 2049, 2049, 2049, 2049, 2049, 2049]",
1219,9158,10,1,2023-09-15T09:31:40.608000+00:00,,46.883,44.281,280.0,258,True,,"[2064, 2064, 2064, 2049, 2049, 2049, 2049, 2049]","[2049, 2049, 2049, 2049, 2049, 2049, 2049, 2049]","[2049, 2049, 2049, 2049, 2049, 2049, 2049, 2049]",
1219,9158,20,1,2023-09-15T09:31:43.702000+00:00,,47.575,45.002,267.0,246,True,,"[2064, 2064, 2064, 2049, 2049, 2049, 2049, 2049]","[2049, 2049, 2049, 2049, 2049, 2049, 2049, 2049]","[2049, 2049, 2049, 2049, 2049, 2049, 2049]",
1219,9158,27,1,2023-09-15T09:31:52.608000+00:00,,46.671,43.13,276.0,252,True,,"[2064, 2064, 2064, 2049, 2049, 2049, 2049, 2049]","[2049, 2049, 2049, 2049, 2049, 2049, 2049, 2049]","[2049, 2049, 2049, 2049, 2049, 2049, 2049, 2049]",
1219,9158,18,2,2023-09-15T09:32:01.123000+00:00,29.732,50.693,39.011,304.0,199,False,119.436,"[2049, 2049, 2049, 2049, 2049, 2049, 2049, 2049]","[2049, 2049, 2049, 2048, 2048, 2049, 2049, 2048]","[2049, 2049, 2051, 2049, 2048, 2064, 2064, 2064]",292.0
1219,9158,77,2,2023-09-15T09:32:06.451000+00:00,29.095,42.086,28.127,300.0,271,False,99.308,"[2049, 2049, 2049, 2049, 2049, 2049, 2049, 2049]","[2049, 2049, 2049, 2049, 2049, 2051, 2051, 2049]","[2051, 2049, 2049, 2051, 2051, 2051, 2049]",288.0
1219,9158,40,2,2023-09-15T09:32:08.279000+00:00,32.176,46.433,38.009,273.0,262,False,116.618,"[2049, 2049, 2049, 2049, 2049, 2049, 2049, 2049]","[2049, 2049, 2049, 2049, 2049, 2049, 2049, 2048]","[2048, 2048, 2048, 2049, 2048, 2049, 2049]",286.0
1219,9158,14,2,2023-09-15T09:32:19.045000+00:00,29.207,42.754,28.376,291.0,263,False,100.337,"[2049, 2049, 2049, 2049, 2049, 2049, 2049, 2049]","[2049, 2049, 2049, 2049, 2049, 2049, 2049, 2049]","[2049, 2049, 2049, 2049, 2051, 2051, 2049]",285.0
1219,9158,24,2,2023-09-15T09:32:26.138000+00:00,29.844,43.536,28.802,296.0,269,False,102.182,"[2049, 2049, 2049, 2049, 2049, 2049, 2049, 2049]","[2049, 2049, 2049, 2049, 2049, 2049, 2049, 2049]","[2049, 2049, 2049, 2049, 2051, 2049, 2049]",284.0
1219,9158,63,2,2023-09-15T09:32:36.138000+00:00,28.863,43.28,28.205,300.0,272,False,100.348,"[2049, 2049, 2049, 2049, 2049, 2049, 2049, 2049]","[2049, 2049, 2049, 2049, 2049, 2049, 2049, 2049]","[2049, 2049, 2049, 2049, 2051, 2049, 2051]",293.0
1219,9158,31,2,2023-09-15T09:32:45.919000+00:00,29.469,42.664,28.512,301.0,270,False,100.645,"[2049, 2049, 2049, 2049, 2049, 2049, 2049, 2049]","[2049, 2049, 2049, 2049, 2049, 2049, 2049, 2049]","[2049, 2049, 2049, 2049, 2049, 2049, 2049]",285.0
1219,9158,4,2,2023-09-15T09:32:51.966000+00:00,28.646,41.804,27.445,303.0,273,False,97.895,"[2049, 2049, 2049, 2049, 2051, 2049, 2049, 2049]","[2049, 2049, 2049, 2051, 2049, 2049, 2049, 2049]","[2051, 2051, 2051, 2051, 2051, 2051, 2051]",295.0
1219,9158,55,2,2023-09-15T09:33:00.044000+00:00,28.93,42.094,27.975,303.0,271,False,98.999,"[2049, 2049, 2049, 2049, 2049, 2049, 2049, 2049]","[2049, 2049, 2049, 2049, 2049, 2049, 2049, 2049]","[2049, 2049, 2049, 2049, 2049, 2049, 2051]",281.0
1219,9158,11,2,2023-09-15T09:33:05.466000+00:00,28.879,42.478,28.267,305.0,273,False,99.624,"[2049, 2049, 2051, 2049, 2049, 2049, 2049, 2049]","[2049, 2049, 2049, 2049, 2049, 2049, 2049, 2049]","[2049, 2049, 2049, 2049, 2049, 2049, 2049, 2049]",294.0
1219,9158,44,2,2023-09-15T09:33:12.309000+00:00,28.998,42.021,27.993,303.0,273,False,99.012,"[2049, 2049, 2049, 2049, 2049, 2049, 2049, 2049]","[2049, 2049, 2049, 2049, 2049, 2049, 2049, 2051]","[2049, 2049, 2049, 2049, 2049, 2049, 2049]",294.0
1219,9158,16,2,2023-09-15T09:33:18.762000+00:00,28.661,41.605,27.958,304.0,274,False,98.224,"[2049, 2049, 2049, 2049, 2049, 2051, 2049, 2049]","[2049, 2049, 2049, 2049, 2049, 2049, 2049, 2049]","[2049, 2049, 2049, 2049, 2049, 2049, 2049, 2051]",293.0
1219,9158,22,2,2023-09-15T09:33:26.044000+00:00,29.708,42.752,28.535,301.0,269,False,100.995,"[2049, 2049, 2049, 2049, 2049, 2049, 2049, 2049]","[2049, 2049, 2049, 2049, 2049, 2049, 2049, 2049]","[2049, 2049, 2049, 2049, 2049, 2049, 2049]",289.0
1219,9158,2,1,2023-09-15T09:33:27.293000+00:00,,58.243,36.787,293.0,255,True,,"[2064, 2064, 2064, 2049, 2049, 2049, 2049, 2049]","[2049, 2049, 2049, 2049, 2049, 2049, 2049, 2049]","[2049, 2049, 2049, 2049, 2049, 2049, 2049]",
1219,9158,81,2,2023-09-15T09:33:32.200000+00:00,29.246,42.914,27.854,303.0,273,False,100.014,"[2049, 2049, 2049, 2049, 2049, 2049, 2049, 2049]","[2049, 2049, 2049, 2049, 2049, 2049, 2049, 2049]","[2049, 2049, 2049, 2049, 2049, 2049, 2049, 2049]",294.0
1219,9158,1,2,2023-09-15T09:33:40.496000+00:00,28.709,41.723,27.737,305.0,272,False,98.169,"[2049, 2049, 2049, 2049, 2049, 2049, 2051, 2051]","[2049, 2049, 2051, 2049, 2051, 2049, 2049, 2049]","[2049, 2049, 2049, 2049, 2049, 2049, 2048]",294.0
1219,9158,10,2,2023-09-15T09:33:45.278000+00:00,28.87,41.636,27.485,302.0,271,False,97.991,"[2049, 2049, 2049, 2051, 2049, 2049, 2049, 2049]","[2049, 2049, 2049, 2049, 2049, 2049, 2051, 2049]","[2051, 2049, 2051, 2049, 2049, 2049, 2049]",287.0
1219,9158,77,3,2023-09-15T09:33:45.699000+00:00,40.847,58.96,36.406,246.0,235,False,136.213,"[2048, 2048, 2048, 2048, 2048, 2048, 2048, 2048]","[2048, 2048, 2048, 2048, 2048, 2048, 2048, 2048]","[2048, 2048, 2048, 2048, 2048, 2048, 2048, 2048]",245.0
1219,9158,20,2,2023-09-15T09:33:49.153000+00:00,28.927,41.877,28.149,305.0,272,False,98.953,"[2049, 2049, 2049, 2049, 2049, 2049, 2049, 2049]","[2051, 2049, 2049, 2049, 2049, 2049, 2049, 2049]","[2049, 2049, 2049, 2049, 2049, 2049, 2049, 2049]",293.0
1219,9158,27,2,2023-09-15T09:33:54.027000+00:00,28.875,41.692,28.542,305.0,273,False,99.109,"[2049, 2049, 2049, 2049, 2049, 2049, 2049, 2049]","[2049, 2051, 2049, 2049, 2049, 2049, 2049, 2049]","[2049, 2049, 2049, 2049, 2049, 2049, 2049]",294.0
1219,9158,14,3,2023-09-15T09:33:59.293000+00:00,30.148,42.563,28.252,295.0,264,False,100.963,"[2049, 2051, 2048, 2048, 2048, 2048, 2049, 2049]","[2048, 2048, 2048, 2048, 2048, 2051, 2049, 2049]","[2049, 2049, 2049, 2049, 2048, 2048, 2048, 2048]",294.0
1219,9158,40,3,2023-09-15T09:34:04.840000+00:00,29.255,43.049,28.621,302.0,270,False,100.925,"[None, 2049, 2049, 2049, 2049, 2049, 2049, 2049]","[2049, 2049, 2049, 2049, 2049, 2049, 2049, 2049]","[2049, 2049, 2049, 2049, 2049, 2049, 2049, 2048]",291.0
1219,9158,24,3,2023-09-15T09:34:08.277000+00:00,28.974,42.636,28.407,299.0,271,False,100.017,"[None, 2049, 2049, 2049, 2049, 2049, 2049, 2049]","[2049, 2049, 2049, 2049, 2049, 2049, 2049, 2049]","[2048, 2048, 2049, 2049, 2049, 2049, 2049]",293.0
1219,9158,63,3,2023-09-15T09:34:16.418000+00:00,28.803,42.398,27.769,302.0,273,False,98.97,"[None, 2049, 2048, 2048, 2049, 2048, 2049, 2049]","[2049, 2049, 2049, 2049, 2049, 2049, 2049, 2049]","[2049, 2049, 2049, 2049, 2049, 2049, 2049]",294.0
1219,9158,23,1,2023-09-15T09:34:20.777000+00:00,,47.588,30.484,298.0,253,True,,"[2064, 2064, 2064, 2049, 2049, 2049, 2049, 2049]","[2049, 2049, 2049, 2049, 2049, 2049, 2049, 2049]","[2049, 2049, 2049, 2049, 2049, 2049, 2049]",
1219,9158,31,3,2023-09-15T09:34:26.480000+00:00,43.814,63.072,48.483,146.0,136,False,155.369,"[2048, 2048, 2048, 2048, 2048, 2048, 2048, 2048]","[2048, 2048, 2048, 2048, 2048, 2048, 2048, 2048]","[2048, 2048, 2048, 2048, 2048, 2048, 2049]",219.0
1219,9158,4,3,2023-09-15T09:34:30.136000+00:00,38.037,61.86,38.685,205.0,128,False,138.582,"[2048, 2048, 2048, 2048, 2048, 2048, 2048, 2048]","[2048, 2048, 2048, 2048, 2048, 2048, 2048, 2048]","[2048, 2048, 2048, 2048, 2048, 2048, 2051, 2051]",237.0
1219,9158,55,3,2023-09-15T09:34:38.839000+00:00,32.525,60.63,44.389,214.0,162,False,137.544,"[None, 2049, 2049, 2048, 2048, 2048, 2048, 2048]","[2048, 2048, 2048, 2048, 2048, 2048, 2048, 2048]","[2048, 2048, 2048, 2048, 2048, 2048, 2048, 2048]",295.0
1219,9158,11,3,2023-09-15T09:34:45.011000+00:00,42.318,58.349,42.878,120.0,232,False,143.545,"[2048, 2048, 2048, 2048, 2048, 2048, 2048, 2048]","[2048, 2048, 2048, 2048, 2048, 2048, 2048, 2048]","[2048, 2048, 2048, 2048, 2048, 2048, 2048, 2049]",209.0
1219,9158,44,3,2023-09-15T09:34:51.229000+00:00,48.803,81.749,42.042,120.0,117,False,172.594,"[2048, 2048, 2048, 2048, 2048, 2048, 2048, 2048]","[2048, 2048, 2048, 2048, 2048, 2048, 2048, 2048]","[2048, 2048, 2048, 2048, 2048, 2048, 2049, 2049]",239.0
1219,9158,16,3,2023-09-15T09:34:56.870000+00:00,39.257,71.113,32.322,135.0,149,False,142.692,"[2051, 2049, 2049, 2048, 2048, 2048, 2048, 2048]","[2048, 2048, 2048, 2048, 2048, 2048, 2048, 2048]","[2048, 2048, 2048, 2048, 2048, 2048, 2048, 2048]",297.0
1219,9158,22,3,2023-09-15T09:35:06.964000+00:00,41.108,60.076,37.576,233.0,162,False,138.76,"[None, 2048, 2048, 2048, 2048, 2048, 2048, 2048]","[2048, 2048, 2048, 2048, 2048, 2048, 2048, 2048]","[2048, 2048, 2048, 2048, 2048, 2048, 2048, 2049]",276.0
1219,9158,81,3,2023-09-15T09:35:12.120000+00:00,42.816,60.305,38.799,168.0,152,False,141.92,"[2048, 2048, 2048, 2048, 2048, 2048, 2048, 2048]","[2048, 2048, 2048, 2048, 2048, 2048, 2048, 2048]","[2048, 2048, 2048, 2048, 2048, 2048, 2048]",240.0
1219,9158,1,3,2023-09-15T09:35:18.557000+00:00,50.422,70.231,38.932,131.0,204,False,159.585,"[2048, 2048, 2048, 2048, 2048, 2048, 2048, 2048]","[2048, 2048, 2048, 2048, 2048, 2048, 2048, 2048]","[2048, 2048, 2048, 2048, 2048, 2048, 2048]",219.0
1219,9158,10,3,2023-09-15T09:35:23.182000+00:00,44.152,61.874,39.857,211.0,232,False,145.883,"[2048, 2048, 2048, 2048, 2048, 2048, 2048, 2048]","[2048, 2048, 2048, 2048, 2048, 2048, 2048, 2048]","[2048, 2048, 2048, 2048, 2048, 2048, 2048, 2049]",279.0
1219,9158,20,3,2023-09-15T09:35:28.041000+00:00,43.604,68.03,44.562,151.0,144,False,156.196,"[None, 2048, 2048, 2048, 2048, 2048, 2048, 2048]","[2048, 2048, 2048, 2048, 2048, 2048, 2048, 2048]","[2048, 2048, 2048, 2048, 2048, 2048, 2049, 2049]",284.0
1219,9158,27,3,2023-09-15T09:35:33.026000+00:00,42.111,61.826,36.568,174.0,248,False,140.505,"[2048, 2048, 2048, 2048, 2048, 2048, 2048, 2048]","[2048, 2048, 2048, 2048, 2048, 2048, 2048, 2048]","[2048, 2048, 2048, 2048, 2048, 2048, 2048, 2048]",213.0
1219,9158,2,2,2023-09-15T09:35:39.401000+00:00,29.329,43.714,28.929,306.0,275,False,101.972,"[2049, 2049, 2049, 2049, 2049, 2049, 2049, 2049]","[2049, 2049, 2049, 2051, 2049, 2049, 2049, 2049]","[2049, 2049, 2049, 2049, 2049, 2049, 2049]",295.0
1219,9158,14,4,2023-09-15T09:35:40.354000+00:00,39.617,69.859,41.947,211.0,245,False,151.423,"[2048, 2048, 2048, 2048, 2048, 2048, 2048, 2048]","[2048, 2048, 2048, 2048, 2048, 2048, 2048, 2048]","[2048, 2048, 2048, 2048, 2048, 2048, 2048]",239.0
1219,9158,40,4,2023-09-15T09:35:46.057000+00:00,41.57,63.758,48.054,212.0,233,False,153.382,"[2048, 2048, 2048, 2048, 2048, 2048, 2048, 2048]","[2048, 2048, 2048, 2048, 2048, 2048, 2048, 2048]","[2048, 2048, 2048, 2048, 2048, 2048, 2048]",258.0
1219,9158,24,4,2023-09-15T09:35:48.291000+00:00,29.136,42.416,28.115,,269,False,99.667,"[None, 2048, 2048, 2048, 2048, 2049, 2048, 2048]","[2049, 2049, 2049, 2049, 2049, 2049, 2048, 2048]","[2049, 2049, 2048, 2048, 2048, 2049, 2049]",
1219,9158,63,4,2023-09-15T09:35:55.400000+00:00,28.42,52.494,49.939,294.0,168,False,130.853,"[None, 2048, 2049, 2051, 2049, 2049, 2049, 2049]","[2048, 2048, 2048, 2048, 2048, 2048, 2048, 2048]","[2048, 2048, 2048, 2048, 2048, 2064, 2064, 2064]",295.0
1219,9158,77,4,2023-09-15T09:36:02.025000+00:00,28.704,41.645,27.764,300.0,271,False,98.113,"[2049, 2049, 2048, 2049, 2049, 2049, 2049, 2048]","[2049, 2049, 2049, 2049, 2049, 2049, 2048, 2049]","[2048, 2049, 2049, 2051, 2049, 2049, 2049]",288.0
1219,9158,23,2,2023-09-15T09:36:12.697000+00:00,28.654,42.196,28.265,305.0,275,False,99.115,"[2049, 2049, 2049, 2049, 2049, 2049, 2049, 2049]","[2049, 2049, 2049, 2049, 2049, 2049, 2049, 2051]","[2049, 2049, 2049, 2049, 2049, 2049, 2049]",295.0
1219,9158,4,4,2023-09-15T09:36:48.477000+00:00,28.103,40.693,26.986,300.0,272,False,95.782,"[2049, 2048, 2051, 2049, 2049, 2051, 2049, 2048]","[2051, 2049, 2049, 2049, 2051, 2051, 2049, 2048]","[2051, 2049, 2049, 2051, 2048, 2048, 2051]",294.0
1219,9158,55,4,2023-09-15T09:36:56.352000+00:00,28.172,40.688,27.268,306.0,274,False,96.128,"[2048, 2048, 2049, 2049, 2049, 2049, 2049, 2049]","[2049, 2049, 2049, 2051, 2049, 2049, 2049, 2049]","[2049, 2049, 2049, 2049, 2049, 2051, 2051]",
1219,9158,31,4,2023-09-15T09:37:01.962000+00:00,28.663,41.129,27.602,300.0,271,False,97.394,"[2049, 2049, 2049, 2049, 2049, 2049, 2049, 2049]","[2049, 2049, 2049, 2049, 2049, 2049, 2049, 2049]","[2049, 2049, 2049, 2049, 2049, 2049, 2049]",286.0
1219,9158,11,4,2023-09-15T09:37:08.633000+00:00,28.416,41.079,27.343,307.0,274,False,96.838,"[2049, 2051, 2049, 2048, 2049, 2049, 2049, 2049]","[2049, 2049, 2049, 2049, 2049, 2049, 2049, 2049]","[2049, 2051, 2051, 2049, 2049, 2049, 2049, 2049]",295.0
1219,9158,16,4,2023-09-15T09:37:19.680000+00:00,28.144,40.735,27.489,306.0,275,False,96.368,"[2048, 2049, 2048, 2049, 2049, 2049, 2049, 2049]","[2049, 2051, 2051, 2049, 2049, 2049, 2049, 2049]","[2049, 2049, 2049, 2049, 2048, 2049, 2049, 2049]",295.0
1219,9158,2,3,2023-09-15T09:37:21.305000+00:00,29.148,41.972,28.04,309.0,276,False,99.16,"[None, 2049, 2048, 2048, 2049, 2049, 2049, 2051]","[2049, 2049, 2049, 2049, 2049, 2049, 2049, 2049]","[2049, 2049, 2049, 2049, 2051, 2049, 2049]",298.0
1219,9158,22,4,2023-09-15T09:37:25.805000+00:00,28.738,41.481,27.64,304.0,272,False,97.859,"[None, 2049, 2049, 2049, 2049, 2049, 2049, 2049]","[2049, 2049, 2049, 2049, 2049, 2049, 2049, 2049]","[2049, 2049, 2049, 2049, 2049, 2049, 2049]",293.0
1219,9158,24,5,2023-09-15T09:37:27.946000+00:00,44.522,57.995,36.172,123.0,239,False,138.689,"[2048, 2048, 2048, 2048, 2048, 2048, 2048, 2048]","[2048, 2048, 2048, 2048, 2048, 2048, 2048, 2048]","[2048, 2048, 2048, 2048, 2048, 2048, 2048, 2048]",248.0
1219,9158,81,4,2023-09-15T09:37:34.149000+00:00,28.535,41.72,27.461,304.0,273,False,97.716,"[2049, 2049, 2049, 2049, 2049, 2049, 2049, 2049]","[2049, 2049, 2049, 2049, 2049, 2049, 2049, 2048]","[2049, 2049, 2049, 2049, 2048, 2049, 2048, 2048]",295.0
1219,9158,77,5,2023-09-15T09:37:40.023000+00:00,37.111,63.028,35.914,181.0,164,False,136.053,"[None, 2048, 2048, 2048, 2048, 2048, 2048, 2048]","[2048, 2048, 2048, 2048, 2048, 2048, 2048, 2048]","[2048, 2048, 2048, 2048, 2048, 2048, 2048, 2048]",273.0
1219,9158,44,4,2023-09-15T09:37:43.945000+00:00,28.335,41.042,27.009,303.0,275,False,96.386,"[2049, 2048, 2049, 2049, 2051, 2049, 2051, 2049]","[2049, 2049, 2049, 2049, 2049, 2049, 2049, 2051]","[2049, 2051, 2051, 2049, 2049, 2049, 2049]",296.0
1219,9158,10,4,2023-09-15T09:37:49.148000+00:00,28.552,41.535,27.675,303.0,271,False,97.762,"[2049, 2049, 2049, 2048, 2049, 2049, 2049, 2049]","[2049, 2048, 2049, 2049, 2048, 2049, 2049, 2048]","[2049, 2049, 2049, 2048, 2048, 2049, 2049]",288.0
1219,9158,23,3,2023-09-15T09:37:51.773000+00:00,40.527,55.583,38.214,151.0,250,False,134.324,"[2048, 2048, 2048, 2048, 2048, 2048, 2048, 2048]","[2048, 2048, 2048, 2048, 2048, 2048, 2048, 2048]","[2048, 2048, 2048, 2048, 2048, 2048, 2048, 2048]",188.0
1219,9158,27,4,2023-09-15T09:37:53.617000+00:00,28.371,41.107,27.708,306.0,274,False,97.186,"[2049, 2049, 2049, 2049, 2049, 2049, 2049, 2049]","[2049, 2048, 2049, 2049, 2049, 2049, 2049, 2049]","[2049, 2049, 2049, 2049, 2049, 2049, 2049, 2049]",296.0
1219,9158,1,4,2023-09-15T09:37:58.289000+00:00,28.453,40.888,27.08,306.0,274,False,96.421,"[None, 2049, 2048, 2049, 2049, 2049, 2049, 2049]","[2049, 2049, 2049, 2049, 2049, 2049, 2051, 2049]","[2049, 2049, 2051, 2049, 2049, 2051, 2049, 2048]",295.0
1219,9158,20,4,2023-09-15T09:38:04.289000+00:00,28.526,41.142,27.981,306.0,273,False,97.649,"[None, 2049, 2048, 2049, 2049, 2049, 2048, 2049]","[2051, 2049, 2049, 2049, 2049, 2049, 2049, 2048]","[2048, 2048, 2049, 2049, 2048, 2049, 2049]",293.0
1219,9158,14,5,2023-09-15T09:38:11.820000+00:00,28.317,41.25,27.377,306.0,274,False,96.944,"[2051, 2048, 2048, 2049, 2049, 2049, 2049, 2049]","[2049, 2049, 2049, 2049, 2049, 2049, 2048, 2049]","[2049, 2049, 2049, 2049, 2049, 2049, 2049, 2049]",298.0
1219,9158,40,5,2023-09-15T09:38:19.226000+00:00,29.146,42.113,27.977,302.0,273,False,99.236,"[2049, 2049, 2049, 2048, 2048, 2049, 2049, 2049]","[2049, 2049, 2049, 2049, 2049, 2049, 2049, 2049]","[2049, 2049, 2049, 2049, 2049, 2049, 2049, 2049]",292.0
1219,9158,63,5,2023-09-15T09:38:23.007000+00:00,62.378,66.658,35.987,151.0,226,True,165.023,"[2064, 2064, 2064, 2048, 2048, 2048, 2048, 2048]","[2048, 2048, 2048, 2048, 2048, 2048, 2048, 2048]","[2048, 2048, 2048, 2048, 2048, 2048, 2048, 2048]",
1219,9158,4,5,2023-09-15T09:38:24.194000+00:00,36.825,48.286,39.175,199.0,218,False,124.286,"[2048, 2048, 2048, 2048, 2048, 2048, 2048, 2048]","[2048, 2048, 2048, 2048, 2048, 2048, 2048, 2048]","[2048, 2048, 2048, 2048, 2048, 2064, 2064, 2064]",240.0
1219,9158,55,5,2023-09-15T09:38:32.413000+00:00,47.031,70.345,42.538,141.0,149,False,159.914,"[None, 2048, 2048, 2048, 2048, 2048, 2048, 2048]","[2048, 2048, 2048, 2048, 2048, 2048, 2048, 2048]","[2048, 2048, 2048, 2048, 2048, 2048, 2048, 2048]",197.0
1219,9158,31,5,2023-09-15T09:38:39.288000+00:00,47.854,65.205,46.088,137.0,132,False,159.147,"[2048, 2048, 2048, 2048, 2048, 2048, 2048, 2048]","[2048, 2048, 2048, 2048, 2048, 2048, 2048, 2048]","[2048, 2048, 2048, 2048, 2048, 2048, 2048, 2048]",261.0
1219,9158,11,5,2023-09-15T09:38:45.382000+00:00,45.101,69.165,53.107,131.0,121,False,167.373,"[2048, 2048, 2048, 2048, 2048, 2048, 2048, 2048]","[2048, 2048, 2048, 2048, 2048, 2048, 2048, 2048]","[2048, 2048, 2048, 2048, 2048, 2048, 2048]",197.0
1219,9158,16,5,2023-09-15T09:38:56.335000+00:00,54.989,74.507,44.508,109.0,70,False,174.004,"[None, 2048, 2048, 2048, 2048, 2048, 2048, 2048]","[2048, 2048, 2048, 2048, 2048, 2048, 2048, 2048]","[2048, 2048, 2048, 2048, 2048, 2048, 2048, 2048]",232.0
1219,9158,2,4,2023-09-15T09:39:00.459000+00:00,36.78,57.879,48.269,262.0,252,False,142.928,"[None, 2048, 2048, 2048, 2048, 2048, 2048, 2048]","[2048, 2048, 2048, 2048, 2048, 2048, 2048, 2048]","[2048, 2048, 2048, 2048, 2048, 2048, 2048, 2048]",296.0
1219,9158,22,5,2023-09-15T09:39:03.584000+00:00,42.623,64.088,38.588,226.0,222,False,145.299,"[2048, 2048, 2048, 2048, 2048, 2048, 2048, 2048]","[2048, 2048, 2048, 2048, 2048, 2048, 2048, 2048]","[2048, 2048, 2048, 2048, 2048, 2048, 2048, 2048]",268.0
1219,9158,81,5,2023-09-15T09:39:11.772000+00:00,40.617,64.263,41.713,155.0,98,False,146.593,"[2048, 2048, 2048, 2048, 2048, 2048, 2048, 2048]","[2048, 2048, 2048, 2048, 2048, 2048, 2048, 2048]","[2048, 2048, 2048, 2048, 2048, 2048, 2048, 2048]",258.0
1219,9158,44,5,2023-09-15T09:39:20.225000+00:00,56.052,77.732,55.293,101.0,137,False,189.077,"[2048, 2048, 2048, 2048, 2048, 2048, 2048, 2048]","[2048, 2048, 2048, 2048, 2048, 2048, 2048, 2048]","[2048, 2048, 2048, 2048, 2048, 2064, 2064, 2064]",226.0
1219,9158,10,5,2023-09-15T09:39:26.850000+00:00,46.232,67.435,43.716,124.0,136,False,157.383,"[2048, 2048, 2048, 2048, 2048, 2048, 2048, 2048]","[2048, 2048, 2048, 2048, 2048, 2048, 2048, 2048]","[2048, 2048, 2048, 2048, 2048, 2048, 2048, 2048]",266.0
1219,9158,27,5,2023-09-15T09:39:30.725000+00:00,43.237,63.668,41.914,200.0,143,False,148.819,"[2048, 2048, 2048, 2048, 2048, 2048, 2048, 2048]","[2048, 2048, 2048, 2048, 2048, 2048, 2048, 2048]","[2048, 2048, 2048, 2048, 2048, 2048, 2048]",210.0
1219,9158,1,5,2023-09-15T09:39:34.584000+00:00,49.754,68.102,42.962,128.0,168,False,160.818,"[None, 2048, 2048, 2048, 2048, 2048, 2048, 2048]","[2048, 2048, 2048, 2048, 2048, 2048, 2048, 2048]","[2048, 2048, 2048, 2048, 2048, 2048, 2048, 2049]",212.0
1219,9158,20,5,2023-09-15T09:39:41.849000+00:00,45.81,69.183,47.133,145.0,150,False,162.126,"[None, 2048, 2048, 2048, 2048, 2048, 2048, 2048]","[2048, 2048, 2048, 2048, 2048, 2048, 2048, 2048]","[2048, 2048, 2048, 2048, 2048, 2048, 2048, 2048]",291.0
1219,9158,24,6,2023-09-15T09:39:46.724000+00:00,28.736,41.429,27.83,300.0,271,False,97.995,"[None, 2049, 2049, 2049, 2049, 2049, 2048, 2048]","[2049, 2049, 2049, 2049, 2049, 2049, 2049, 2049]","[2049, 2049, 2049, 2049, 2048, 2049, 2049]",290.0
1219,9158,14,6,2023-09-15T09:39:48.599000+00:00,38.936,52.534,41.012,194.0,223,False,132.482,"[2048, 2048, 2048, 2048, 2048, 2048, 2048, 2048]","[2048, 2048, 2048, 2048, 2048, 2048, 2048, 2048]","[2048, 2048, 2048, 2048, 2048, 2064, 2064, 2064]",208.0
1219,9158,77,6,2023-09-15T09:39:56.209000+00:00,28.431,41.327,27.58,300.0,270,False,97.338,"[None, 2049, 2049, 2049, 2049, 2049, 2049, 2048]","[2049, 2049, 2049, 2049, 2048, 2049, 2049, 2049]","[2049, 2049, 2048, 2048, 2049, 2048, 2049]",290.0
1219,9158,40,6,2023-09-15T09:39:58.458000+00:00,40.026,62.45,50.341,260.0,199,False,152.817,"[2048, 2048, 2048, 2048, 2048, 2048, 2048, 2048]","[2048, 2048, 2048, 2048, 2048, 2048, 2048, 2048]","[2048, 2048, 2048, 2048, 2048, 2048, 2048, 2048]",273.0
1219,9158,23,4,2023-09-15T09:40:06.161000+00:00,28.226,41.712,27.7,306.0,274,False,97.638,"[2049, 2049, 2049, 2049, 2049, 2049, 2049, 2049]","[2049, 2049, 2049, 2049, 2049, 2049, 2048, 2048]","[2049, 2049, 2048, 2049, 2048, 2049, 2049]",298.0
1219,9158,63,6,2023-09-15T09:40:51.348000+00:00,28.08,41.444,27.44,299.0,272,False,96.964,"[2048, 2049, 2049, 2051, 2048, 2049, 2049, 2048]","[2049, 2049, 2049, 2049, 2049, 2049, 2049, 2048]","[2049, 2048, 2049, 2049, 2049, 2049, 2049, 2049]",293.0
1219,9158,4,6,2023-09-15T09:41:04.129000+00:00,77.987,58.272,36.423,149.0,181,True,172.682,"[2064, 2064, 2064, 2048, 2048, 2048, 2048, 2048]","[2048, 2048, 2048, 2048, 2048, 2048, 2048, 2048]","[2048, 2048, 2048, 2048, 2048, 2048, 2048, 2048]",
1219,9158,55,6,2023-09-15T09:41:12.395000+00:00,28.09,40.383,27.245,304.0,274,False,95.718,"[None, 2048, 2049, 2049, 2048, 2049, 2048, 2048]","[2049, 2049, 2051, 2048, 2049, 2051, 2049, 2048]","[2049, 2048, 2048, 2049, 2048, 2048, 2048]",293.0
1219,9158,31,6,2023-09-15T09:41:18.504000+00:00,28.412,40.656,27.385,301.0,271,False,96.453,"[2049, 2049, 2049, 2049, 2048, 2049, 2049, 2049]","[2049, 2049, 2049, 2049, 2051, 2049, 2049, 2049]","[2049, 2048, 2049, 2049, 2049, 2049, 2049]",287.0
1219,9158,2,5,2023-09-15T09:41:23.473000+00:00,28.424,42.443,27.793,308.0,275,False,98.66,"[2048, 2048, 2049, 2049, 2049, 2049, 2049, 2048]","[2048, 2048, 2048, 2048, 2049, 2049, 2048, 2048]","[2049, 2049, 2049, 2049, 2048, 2049, 2049]",297.0
1219,9158,24,7,2023-09-15T09:41:24.629000+00:00,38.396,53.138,34.848,268.0,199,False,126.382,"[None, 2048, 2048, 2048, 2048, 2048, 2048, 2048]","[2048, 2048, 2048, 2048, 2048, 2048, 2048, 2048]","[2048, 2048, 2048, 2048, 2048, 2048, 2048, 2048]",251.0
1219,9158,22,6,2023-09-15T09:41:28.973000+00:00,28.398,40.799,27.312,302.0,273,False,96.509,"[2049, 2049, 2049, 2049, 2048, 2049, 2049, 2048]","[2049, 2049, 2049, 2049, 2049, 2049, 2048, 2049]","[2049, 2048, 2049, 2049, 2049, 2049, 2049]",294.0
1219,9158,11,6,2023-09-15T09:41:32.847000+00:00,34.826,53.747,40.419,270.0,218,False,128.992,"[2049, 2048, 2048, 2048, 2048, 2048, 2048, 2048]","[2048, 2048, 2048, 2048, 2048, 2048, 2048, 2048]","[2048, 2048, 2048, 2048, 2048, 2048, 2048, 2048]",297.0
1219,9158,77,7,2023-09-15T09:41:33.394000+00:00,37.539,54.581,41.803,256.0,243,False,133.923,"[2048, 2048, 2048, 2048, 2048, 2048, 2048, 2048]","[2048, 2048, 2048, 2048, 2048, 2048, 2048, 2048]","[2048, 2048, 2048, 2048, 2048, 2048, 2048, 2048]",237.0
1219,9158,81,6,2023-09-15T09:41:38.457000+00:00,28.274,41.26,27.356,303.0,273,False,96.89,"[2049, 2049, 2049, 2049, 2049, 2049, 2049, 2048]","[2049, 2049, 2048, 2049, 2049, 2049, 2049, 2048]","[2048, 2048, 2049, 2049, 2048, 2049, 2049]",296.0
1219,9158,23,5,2023-09-15T09:41:43.722000+00:00,39.277,62.425,34.203,240.0,179,False,135.905,"[2048, 2048, 2048, 2048, 2048, 2048, 2048, 2048]","[2048, 2048, 2048, 2048, 2048, 2048, 2048, 2048]","[2048, 2048, 2048, 2048, 2048, 2048, 2048]",247.0
1219,9158,16,6,2023-09-15T09:41:50.050000+00:00,28.046,40.358,27.279,307.0,276,False,95.683,"[None, 2049, 2049, 2048, 2048, 2049, 2049, 2049]","[2051, 2051, 2049, 2051, 2049, 2049, 2048, 2049]","[2048, 2048, 2049, 2049, 2049, 2049, 2049]",296.0
1219,9158,27,6,2023-09-15T09:41:59.628000+00:00,28.27,40.959,27.413,305.0,273,False,96.642,"[2049, 2049, 2048, 2049, 2048, 2049, 2049, 2048]","[2049, 2049, 2049, 2049, 2048, 2048, 2048, 2048]","[2049, 2049, 2049, 2049, 2049, 2049, 2049]",294.0
1219,9158,10,6,2023-09-15T09:42:04.316000+00:00,41.047,53.098,34.807,211.0,244,False,128.952,"[None, 2048, 2048, 2048, 2048, 2048, 2048, 2048]","[2048, 2048, 2048, 2048, 2048, 2048, 2048, 2048]","[2048, 2048, 2048, 2048, 2048, 2048, 2048, 2048]",195.0
1219,9158,1,6,2023-09-15T09:42:15.472000+00:00,28.177,40.523,27.081,305.0,272,False,95.781,"[2049, 2049, 2049, 2048, 2048, 2049, 2051, 2048]","[2049, 2049, 2051, 2049, 2049, 2049, 2048, 2048]","[2051, 2048, 2048, 2049, 2048, 2051, 2048]",296.0
1219,9158,20,6,2023-09-15T09:42:24.081000+00:00,28.257,41.074,27.758,304.0,272,False,97.089,"[2048, 2048, 2049, 2049, 2049, 2049, 2049, 2048]","[2049, 2048, 2049, 2049, 2049, 2048, 2048, 2048]","[2049, 2049, 2048, 2049, 2048, 2048, 2048]",293.0
1219,9158,63,7,2023-09-15T09:42:28.268000+00:00,52.787,72.257,43.231,124.0,145,False,168.275,"[None, 2048, 2048, 2048, 2048, 2048, 2048, 2048]","[2048, 2048, 2048, 2048, 2048, 2048, 2048, 2048]","[2048, 2048, 2048, 2048, 2048, 2048, 2048]",173.0
1219,9158,40,7,2023-09-15T09:42:31.268000+00:00,28.651,41.67,28.014,304.0,273,False,98.335,"[2049, 2048, 2049, 2049, 2049, 2049, 2049, 2049]","[2049, 2049, 2048, 2049, 2049, 2049, 2049, 2048]","[2049, 2048, 2048, 2049, 2048, 2049, 2048]",294.0
1219,9158,55,7,2023-09-15T09:42:48.127000+00:00,51.932,72.19,41.846,142.0,122,False,165.968,"[None, 2048, 2048, 2048, 2048, 2048, 2048, 2048]","[2048, 2048, 2048, 2048, 2048, 2048, 2048, 2048]","[2048, 2048, 2048, 2048, 2048, 2048, 2048, 2048]",148.0
1219,9158,31,7,2023-09-15T09:42:54.877000+00:00,50.167,70.943,43.651,120.0,92,False,164.761,"[2048, 2048, 2048, 2048, 2048, 2048, 2048, 2048]","[2048, 2048, 2048, 2048, 2048, 2048, 2048, 2048]","[2048, 2048, 2048, 2048, 2048, 2048, 2048, 2048]",247.0
1219,9158,44,6,2023-09-15T09:42:55.518000+00:00,73.59,65.241,34.606,157.0,258,True,173.437,"[2064, 2064, 2064, 2048, 2048, 2048, 2048, 2048]","[2048, 2048, 2048, 2048, 2048, 2048, 2048, 2048]","[2048, 2048, 2048, 2048, 2048, 2048, 2048, 2048]",
1219,9158,2,6,2023-09-15T09:43:02.080000+00:00,42.086,63.939,39.947,200.0,249,False,145.972,"[None, 2048, 2048, 2048, 2048, 2048, 2048, 2048]","[2048, 2048, 2048, 2048, 2048, 2048, 2048, 2048]","[2048, 2048, 2048, 2048, 2048, 2048, 2048]",287.0
1219,9158,22,7,2023-09-15T09:43:05.393000+00:00,46.4,68.503,44.754,227.0,237,False,159.657,"[2048, 2048, 2048, 2048, 2048, 2048, 2048, 2048]","[2048, 2048, 2048, 2048, 2048, 2048, 2048, 2048]","[2048, 2048, 2048, 2048, 2048, 2048, 2048]",269.0
1219,9158,81,7,2023-09-15T09:43:15.236000+00:00,42.409,67.17,46.677,202.0,184,False,156.256,"[2048, 2048, 2048, 2048, 2048, 2048, 2048, 2048]","[2048, 2048, 2048, 2048, 2048, 2048, 2048, 2048]","[2048, 2048, 2048, 2048, 2048, 2048, 2048, 2048]",270.0
1219,9158,4,7,2023-09-15T09:43:21.236000+00:00,28.056,40.55,27.086,301.0,273,False,95.692,"[2049, 2051, 2048, 2048, 2048, 2051, 2049, 2048]","[2049, 2048, 2051, 2049, 2048, 2051, 2048, 2048]","[2048, 2048, 2048, 2048, 2048, 2049, 2049]",296.0
1219,9158,16,7,2023-09-15T09:43:25.658000+00:00,40.791,77.574,38.922,101.0,122,False,157.287,"[2051, 2048, 2048, 2048, 2048, 2048, 2048, 2048]","[2048, 2048, 2048, 2048, 2048, 2048, 2048, 2048]","[2048, 2048, 2048, 2048, 2048, 2048, 2048, 2048]",295.0
1219,9158,24,8,2023-09-15T09:43:31.127000+00:00,28.539,41.323,27.586,301.0,271,False,97.448,"[None, 2049, 2049, 2048, 2049, 2049, 2049, 2049]","[2048, 2049, 2049, 2049, 2049, 2048, 2049, 2049]","[2048, 2049, 2049, 2049, 2048, 2049, 2049]",292.0
1219,9158,27,7,2023-09-15T09:43:36.189000+00:00,36.422,47.896,41.353,269.0,222,False,125.671,"[2048, 2048, 2048, 2048, 2048, 2048, 2048, 2048]","[2048, 2048, 2048, 2048, 2048, 2048, 2048, 2048]","[2048, 2048, 2048, 2048, 2048, 2064, 2064, 2064]",193.0
1219,9158,11,7,2023-09-15T09:43:41.845000+00:00,28.33,40.766,27.251,307.0,276,False,96.347,"[2048, 2049, 2048, 2049, 2049, 2049, 2049, 2049]","[2049, 2049, 2049, 2049, 2049, 2049, 2049, 2048]","[2048, 2048, 2049, 2049, 2049, 2049, 2049, 2049]",296.0
1219,9158,77,8,2023-09-15T09:43:47.408000+00:00,28.402,40.968,27.618,302.0,272,False,96.988,"[None, 2049, 2049, 2048, 2049, 2049, 2049, 2049]","[2049, 2049, 2049, 2049, 2049, 2048, 2048, 2048]","[2048, 2048, 2048, 2049, 2049, 2048, 2048]",290.0
1219,9158,1,7,2023-09-15T09:43:51.158000+00:00,48.732,74.292,41.926,144.0,199,False,164.95,"[2048, 2048, 2048, 2048, 2048, 2048, 2048, 2048]","[2048, 2048, 2048, 2048, 2048, 2048, 2048, 2048]","[2048, 2048, 2048, 2048, 2048, 2048, 2049, 2051]",204.0
1219,9158,23,6,2023-09-15T09:43:59.689000+00:00,28.034,40.986,27.393,307.0,276,False,96.413,"[None, 2048, 2048, 2049, 2049, 2049, 2051, 2049]","[2049, 2049, 2049, 2049, 2049, 2049, 2049, 2048]","[2049, 2049, 2049, 2049, 2049, 2048, 2049, 2049]",297.0
1219,9158,20,7,2023-09-15T09:44:01.048000+00:00,34.184,53.607,43.705,267.0,198,False,131.496,"[None, 2048, 2048, 2048, 2048, 2048, 2048, 2048]","[2048, 2048, 2048, 2048, 2048, 2048, 2048, 2048]","[2048, 2048, 2048, 2048, 2048, 2064, 2064, 2064]",287.0
1219,9158,40,8,2023-09-15T09:44:09.517000+00:00,45.525,67.933,40.74,213.0,235,False,154.198,"[2048, 2048, 2048, 2048, 2048, 2048, 2048, 2048]","[2048, 2048, 2048, 2048, 2048, 2048, 2048, 2048]","[2048, 2048, 2048, 2048, 2048, 2048, 2048, 2049]",280.0
1219,9158,10,7,2023-09-15T09:44:13.235000+00:00,28.062,40.745,27.391,302.0,270,False,96.198,"[2049, 2049, 2049, 2049, 2049, 2049, 2049, 2048]","[2049, 2049, 2049, 2049, 2049, 2048, 2049, 2048]","[2048, 2048, 2048, 2049, 2048, 2049, 2049]",289.0
1219,9158,4,8,2023-09-15T09:44:56.813000+00:00,43.522,64.176,34.571,142.0,149,False,142.269,"[2048, 2048, 2048, 2048, 2048, 2048, 2048, 2048]","[2048, 2048, 2048, 2048, 2048, 2048, 2048, 2048]","[2048, 2048, 2048, 2048, 2048, 2048, 2048, 2048]",251.0
1219,9158,24,9,2023-09-15T09:45:08.453000+00:00,31.45,52.59,39.353,273.0,235,False,123.393,"[None, 2048, 2048, 2048, 2048, 2048, 2048, 2048]","[2048, 2048, 2048, 2048, 2048, 2048, 2048, 2048]","[2048, 2048, 2048, 2048, 2048, 2064, 2064, 2064]",251.0
1219,9158,63,8,2023-09-15T09:45:16.578000+00:00,28.062,40.747,27.042,301.0,273,False,95.851,"[2049, 2049, 2048, 2048, 2048, 2049, 2049, 2048]","[2049, 2049, 2049, 2049, 2049, 2051, 2049, 2049]","[2051, 2048, 2049, 2049, 2049, 2049, 2051]",295.0
1219,9158,11,8,2023-09-15T09:45:18.109000+00:00,40.307,64.906,39.26,193.0,155,False,144.473,"[None, 2048, 2048, 2048, 2048, 2048, 2048, 2048]","[2048, 2048, 2048, 2048, 2048, 2048, 2048, 2048]","[2048, 2048, 2048, 2048, 2048, 2048, 2048, 2048]",231.0
1219,9158,44,7,2023-09-15T09:45:22.843000+00:00,27.967,40.516,27.088,304.0,275,False,95.571,"[2049, 2051, 2049, 2048, 2048, 2049, 2051, 2049]","[2049, 2051, 2049, 2049, 2048, 2049, 2048, 2048]","[2049, 2048, 2049, 2048, 2048, 2048, 2048, 2049]",297.0
1219,9158,77,9,2023-09-15T09:45:24.312000+00:00,34.374,49.75,39.473,237.0,136,False,123.597,"[2049, 2048, 2048, 2048, 2048, 2048, 2048, 2048]","[2048, 2048, 2048, 2048, 2048, 2048, 2048, 2048]","[2048, 2048, 2048, 2048, 2048, 2064, 2064, 2064]",273.0
1219,9158,2,7,2023-09-15T09:45:28.109000+00:00,28.449,41.409,27.434,308.0,276,False,97.292,"[2049, 2048, 2049, 2048, 2049, 2048, 2049, 2051]","[2048, 2049, 2049, 2049, 2049, 2049, 2049, 2049]","[2049, 2049, 2051, 2049, 2048, 2049, 2049]",300.0
1219,9158,55,8,2023-09-15T09:45:34.078000+00:00,27.806,40.583,27.204,307.0,275,False,95.593,"[None, 2049, 2048, 2049, 2049, 2051, 2049, 2049]","[2048, 2049, 2048, 2048, 2048, 2049, 2048, 2048]","[2048, 2048, 2049, 2048, 2049, 2051, 2051]",295.0
1219,9158,23,7,2023-09-15T09:45:36.468000+00:00,43.212,58.415,35.923,125.0,252,False,137.55,"[None, 2048, 2048, 2048, 2048, 2048, 2048, 2048]","[2048, 2048, 2048, 2048, 2048, 2048, 2048, 2048]","[2048, 2048, 2048, 2048, 2048, 2048, 2048, 2048]",274.0
1219,9158,31,8,2023-09-15T09:45:39.703000+00:00,28.182,40.562,27.223,302.0,272,False,95.967,"[2049, 2049, 2048, 2049, 2049, 2049, 2049, 2049]","[2049, 2048, 2048, 2048, 2048, 2049, 2048, 2048]","[2049, 2049, 2049, 2049, 2048, 2048, 2049]",289.0
1219,9158,22,8,2023-09-15T09:45:45.140000+00:00,28.22,40.653,27.191,304.0,273,False,96.064,"[None, 2049, 2049, 2049, 2049, 2049, 2049, 2049]","[2048, 2049, 2049, 2049, 2049, 2049, 2048, 2048]","[2049, 2048, 2049, 2049, 2048, 2048, 2048]",294.0
1219,9158,10,8,2023-09-15T09:45:49.343000+00:00,37.554,51.522,38.214,200.0,238,False,127.29,"[2048, 2048, 2048, 2048, 2048, 2048, 2048, 2048]","[2048, 2048, 2048, 2048, 2048, 2048, 2048, 2048]","[2048, 2048, 2048, 2048, 2048, 2064, 2064, 2064]",282.0
1219,9158,81,8,2023-09-15T09:45:51.593000+00:00,28.152,40.987,27.217,307.0,274,False,96.356,"[None, 2049, 2048, 2048, 2049, 2049, 2049, 2049]","[2048, 2049, 2048, 2049, 2049, 2049, 2049, 2048]","[2049, 2049, 2049, 2049, 2048, 2049, 2048]",297.0
1219,9158,16,8,2023-09-15T09:46:03.015000+00:00,27.996,40.569,27.264,307.0,275,False,95.829,"[2048, 2048, 2048, 2048, 2049, 2049, 2049, 2049]","[2048, 2048, 2048, 2048, 2048, 2049, 2049, 2048]","[2049, 2049, 2049, 2048, 2048, 2048, 2048, 2049]",296.0
1219,9158,18,3,2023-09-15T09:46:13.608000+00:00,,44.804,30.563,300.0,257,True,839.654,"[2064, 2064, 2064, 2048, 2048, 2048, 2048, 2048]","[2048, 2048, 2049, 2049, 2049, 2049, 2049, 2049]","[2049, 2049, 2048, 2048, 2048, 2048, 2049, 2049]",
1219,9158,1,8,2023-09-15T09:46:36.217000+00:00,27.981,40.411,37.151,303.0,271,False,105.543,"[2049, 2048, 2049, 2049, 2048, 2049, 2048, 2048]","[2049, 2051, 2049, 2048, 2048, 2049, 2048, 2048]","[2048, 2048, 2048, 2048, 2048, 2064, 2064, 2064]",296.0
1219,9158,40,9,2023-09-15T09:46:43.811000+00:00,28.583,41.133,27.399,303.0,272,False,97.115,"[2049, 2048, 2049, 2048, 2048, 2049, 2049, 2048]","[2049, 2049, 2049, 2048, 2049, 2049, 2049, 2048]","[2049, 2049, 2049, 2049, 2049, 2049, 2049, 2049]",294.0
1219,9158,63,9,2023-09-15T09:46:52.420000+00:00,49.091,82.898,52.749,113.0,77,False,184.738,"[2048, 2048, 2048, 2048, 2048, 2048, 2048, 2048]","[2048, 2048, 2048, 2048, 2048, 2048, 2048, 2048]","[2048, 2048, 2048, 2048, 2048, 2048, 2048]",223.0
1219,9158,44,8,2023-09-15T09:46:58.310000+00:00,45.998,74.068,45.247,159.0,84,False,165.313,"[2048, 2048, 2048, 2048, 2048, 2048, 2048, 2048]","[2048, 2048, 2048, 2048, 2048, 2048, 2048, 2048]","[2048, 2048, 2048, 2048, 2048, 2048, 2048]",269.0
1219,9158,2,8,2023-09-15T09:47:05.326000+00:00,44.057,73.895,45.725,219.0,203,False,163.677,"[2048, 2048, 2048, 2048, 2048, 2048, 2048, 2048]","[2048, 2048, 2048, 2048, 2048, 2048, 2048, 2048]","[2048, 2048, 2048, 2048, 2048, 2048, 2048, 2048]",294.0
1219,9158,55,9,2023-09-15T09:47:09.592000+00:00,40.342,57.267,40.664,239.0,158,False,138.273,"[None, 2048, 2048, 2048, 2048, 2048, 2048, 2048]","[2048, 2048, 2048, 2048, 2048, 2048, 2048, 2048]","[2048, 2048, 2048, 2048, 2048, 2064, 2064, 2064]",195.0
1219,9158,31,9,2023-09-15T09:47:15.576000+00:00,49.035,65.63,41.703,122.0,128,False,156.368,"[2048, 2048, 2048, 2048, 2048, 2048, 2048, 2048]","[2048, 2048, 2048, 2048, 2048, 2048, 2048, 2048]","[2048, 2048, 2048, 2048, 2048, 2048, 2048, 2048]",247.0
1219,9158,4,9,2023-09-15T09:47:19.185000+00:00,27.702,40.208,26.866,303.0,273,False,94.776,"[2049, 2048, 2051, 2049, 2051, 2051, 2048, 2049]","[2049, 2049, 2048, 2048, 2051, 2051, 2049, 2049]","[2049, 2048, 2049, 2051, 2049, 2049, 2049, 2049]",298.0
1219,9158,22,9,2023-09-15T09:47:21.107000+00:00,42.324,59.309,33.438,236.0,183,False,135.071,"[None, 2048, 2048, 2048, 2048, 2048, 2048, 2048]","[2048, 2048, 2048, 2048, 2048, 2048, 2048, 2048]","[2048, 2048, 2048, 2048, 2048, 2048, 2048, 2048]",267.0
1219,9158,81,9,2023-09-15T09:47:27.872000+00:00,37.822,62.218,45.154,187.0,214,False,145.194,"[None, 2048, 2048, 2048, 2048, 2048, 2048, 2048]","[2048, 2048, 2048, 2048, 2048, 2048, 2048, 2048]","[2048, 2048, 2048, 2048, 2048, 2064, 2064, 2064]",263.0
1219,9158,16,9,2023-09-15T09:47:38.841000+00:00,46.107,64.099,36.594,113.0,169,False,146.8,"[None, 2048, 2048, 2048, 2048, 2048, 2048, 2048]","[2048, 2048, 2048, 2048, 2048, 2048, 2048, 2048]","[2048, 2048, 2048, 2048, 2048, 2048, 2048]",239.0
1219,9158,11,9,2023-09-15T09:47:42.685000+00:00,27.959,40.432,26.945,308.0,274,False,95.336,"[2049, 2051, 2049, 2049, 2048, 2049, 2048, 2049]","[2049, 2049, 2049, 2049, 2049, 2049, 2051, 2049]","[2049, 2049, 2049, 2049, 2048, 2049, 2049]",297.0
1219,9158,23,8,2023-09-15T09:47:53.981000+00:00,27.944,43.492,39.502,307.0,211,False,110.938,"[2049, 2049, 2049, 2048, 2049, 2049, 2048, 2049]","[2049, 2048, 2048, 2048, 2048, 2048, 2048, 2048]","[2048, 2048, 2048, 2048, 2048, 2064, 2064, 2064]",298.0
1219,9158,18,4,2023-09-15T09:48:00.231000+00:00,29.011,41.528,29.443,292.0,265,False,99.982,"[2048, 2049, 2049, 2049, 2049, 2049, 2049, 2048]","[2049, 2049, 2049, 2049, 2049, 2049, 2049, 2049]","[2049, 2049, 2049, 2048, 2048, 2049, 2049]",286.0
1219,9158,40,10,2023-09-15T09:48:20.934000+00:00,45.033,64.228,36.265,197.0,234,False,145.526,"[None, 2048, 2048, 2048, 2048, 2048, 2048, 2048]","[2048, 2048, 2048, 2048, 2048, 2048, 2048, 2048]","[2048, 2048, 2048, 2048, 2048, 2048, 2048, 2048]",285.0
1219,9158,14,7,2023-09-15T09:48:48.809000+00:00,,49.157,34.199,279.0,249,True,542.322,"[2064, 2064, 2064, 2048, 2048, 2048, 2048, 2048]","[2048, 2048, 2048, 2048, 2048, 2048, 2048, 2048]","[2048, 2048, 2048, 2048, 2048, 2048, 2048, 0]",
1219,9158,4,10,2023-09-15T09:48:53.887000+00:00,35.028,48.059,38.987,199.0,198,False,122.074,"[2048, 2048, 2048, 2048, 2048, 2048, 2048, 2048]","[2048, 2048, 2048, 2048, 2048, 2048, 2048, 2048]","[2048, 2048, 2048, 2048, 2048, 2064, 2064, 2064]",247.0
1219,9158,11,10,2023-09-15T09:49:17.933000+00:00,33.966,47.134,38.76,235.0,234,False,119.86,"[2048, 2048, 2048, 2048, 2048, 2048, 2048, 2048]","[2048, 2048, 2048, 2048, 2048, 2048, 2048, 2048]","[2048, 2048, 2048, 2048, 2048, 2064, 2064, 2064]",240.0
1219,9158,22,10,2023-09-15T09:49:36.276000+00:00,28.018,40.636,27.128,303.0,272,False,95.782,"[2049, 2048, 2049, 2051, 2048, 2049, 2049, 2048]","[2048, 2048, 2049, 2049, 2049, 2049, 2049, 2048]","[2048, 2049, 2049, 2049, 2048, 2048, 2049, 2049]",293.0
1219,9158,18,5,2023-09-15T09:49:40.120000+00:00,28.551,41.741,27.795,293.0,263,False,98.087,"[2049, 2049, 2049, 2049, 2048, 2049, 2049, 2048]","[2049, 2049, 2049, 2048, 2048, 2048, 2048, 2049]","[2049, 2049, 2049, 2049, 2048, 2049, 2048]",298.0
1219,9158,44,9,2023-09-15T09:49:43.714000+00:00,27.792,40.435,38.462,307.0,276,False,106.689,"[None, 2048, 2049, 2049, 2051, 2049, 2051, 2049]","[2048, 2048, 2048, 2049, 2049, 2049, 2048, 2048]","[2048, 2048, 2049, 2048, 2048, 2064, 2064, 2064]",297.0
1219,9158,2,9,2023-09-15T09:49:49.104000+00:00,28.202,41.186,27.596,309.0,276,False,96.984,"[None, 2048, 2048, 2049, 2049, 2049, 2049, 2051]","[2049, 2048, 2048, 2048, 2049, 2049, 2049, 2048]","[2048, 2048, 2048, 2048, 2048, 2048, 2048, 2048]",299.0
1219,9158,31,10,2023-09-15T09:49:52.057000+00:00,40.461,54.733,33.738,145.0,199,False,128.932,"[None, 2048, 2048, 2048, 2048, 2048, 2048, 2048]","[2048, 2048, 2048, 2048, 2048, 2048, 2048, 2048]","[2048, 2048, 2048, 2048, 2048, 2048, 2048, 2048]",180.0
1219,9158,63,10,2023-09-15T09:49:57.167000+00:00,43.591,56.423,34.79,276.0,242,False,134.804,"[None, 2048, 2048, 2048, 2048, 2048, 2048, 2048]","[2048, 2048, 2048, 2048, 2048, 2048, 2048, 2048]","[2048, 2048, 2048, 2048, 2048, 2048, 2048, 2048]",229.0
1219,9158,16,10,2023-09-15T09:50:05.635000+00:00,27.741,40.357,27.035,306.0,275,False,95.133,"[None, 2049, 2049, 2049, 2049, 2051, 2049, 2049]","[2048, 2049, 2048, 2048, 2049, 2049, 2049, 2048]","[2049, 2048, 2048, 2048, 2048, 2048, 2048]",296.0
1219,9158,40,11,2023-09-15T09:50:46.478000+00:00,28.213,40.857,27.266,302.0,271,False,96.336,"[None, 2049, 2049, 2049, 2048, 2049, 2049, 2048]","[2049, 2049, 2049, 2049, 2049, 2049, 2049, 2048]","[2049, 2048, 2049, 2049, 2049, 2049, 2048]",294.0
1219,9158,14,8,2023-09-15T09:51:03.494000+00:00,29.137,42.496,28.044,283.0,259,False,99.677,"[2048, 2048, 2048, 2048, 2048, 2048, 2048, 2048]","[2048, 2048, 2048, 2048, 2048, 2048, 2048, 2048]","[2048, 2048, 2048, 2048, 2048, 2048, 2048, 2048]",283.0
1219,9158,22,11,2023-09-15T09:51:11.962000+00:00,32.469,48.844,39.717,245.0,249,False,121.03,"[2048, 2048, 2048, 2048, 2048, 2048, 2048, 2048]","[2048, 2048, 2048, 2048, 2048, 2048, 2048, 2048]","[2048, 2048, 2048, 2048, 2048, 2064, 2064, 2064]",269.0
1219,9158,18,6,2023-09-15T09:51:18.212000+00:00,43.448,66.692,33.718,160.0,72,False,143.858,"[2048, 2048, 2048, 2048, 2048, 2048, 2048, 2048]","[2048, 2048, 2048, 2048, 2048, 2048, 2048, 2048]","[2048, 2048, 2048, 2048, 2048, 2048, 2048, 2049]",274.0
1219,9158,2,10,2023-09-15T09:51:26.368000+00:00,30.574,45.04,37.103,286.0,265,False,112.717,"[None, 2048, 2048, 2048, 2048, 2048, 2048, 2048]","[2048, 2048, 2048, 2048, 2048, 2048, 2048, 2048]","[2048, 2048, 2048, 2048, 2048, 2064, 2064, 2064]",298.0
1219,9158,16,11,2023-09-15T09:51:40.681000+00:00,32.717,51.219,42.099,247.0,158,False,126.035,"[None, 2048, 2048, 2048, 2048, 2048, 2048, 2048]","[2048, 2048, 2048, 2048, 2048, 2048, 2048, 2048]","[2048, 2048, 2048, 2048, 2048, 2064, 2064, 2064]",271.0
1219,9158,31,11,2023-09-15T09:52:00.961000+00:00,28.004,40.246,27.041,301.0,272,False,95.291,"[None, 2049, 2049, 2049, 2049, 2049, 2049, 2048]","[2048, 2049, 2051, 2049, 2051, 2049, 2049, 2049]","[2049, 2049, 2048, 2051, 2048, 2049, 2049, 2049]",287.0
1219,9158,63,11,2023-09-15T09:52:11.993000+00:00,27.881,40.225,26.899,302.0,275,False,95.005,"[2049, 2048, 2048, 2051, 2049, 2049, 2049, 2049]","[2049, 2051, 2049, 2049, 2049, 2048, 2049, 2049]","[2048, 2049, 2049, 2049, 2051, 2049, 2051, 2049]",295.0
1219,9158,40,12,2023-09-15T09:52:22.711000+00:00,35.528,45.779,36.412,276.0,264,False,117.719,"[2048, 2048, 2048, 2048, 2048, 2048, 2048, 2048]","[2048, 2048, 2048, 2048, 2048, 2048, 2048, 2048]","[2048, 2048, 2048, 2048, 2048, 2064, 2064, 2064]",282.0
1219,9158,14,9,2023-09-15T09:52:43.164000+00:00,28.722,41.234,27.394,295.0,266,False,97.35,"[None, 2048, 2049, 2048, 2048, 2048, 2049, 2048]","[2048, 2048, 2049, 2048, 2048, 2049, 2049, 2048]","[2049, 2049, 2048, 2049, 2048, 2048, 2049, 2049]",289.0
1219,9158,31,12,2023-09-15T09:53:36.194000+00:00,35.946,46.461,37.463,193.0,254,False,119.87,"[None, 2048, 2048, 2048, 2048, 2048, 2048, 2048]","[2048, 2048, 2048, 2048, 2048, 2048, 2048, 2048]","[2048, 2048, 2048, 2048, 2048, 2064, 2064, 2064]",266.0
1219,9158,18,7,2023-09-15T09:53:42.132000+00:00,28.102,41.011,27.299,304.0,272,False,96.412,"[2049, 2049, 2049, 2049, 2049, 2049, 2049, 2049]","[2049, 2049, 2049, 2048, 2048, 2048, 2049, 2049]","[2049, 2048, 2049, 2049, 2049, 2049, 2048, 2048]",298.0
1219,9158,63,12,2023-09-15T09:53:46.928000+00:00,33.21,54.147,43.539,179.0,159,False,130.896,"[2048, 2048, 2048, 2048, 2048, 2048, 2048, 2048]","[2048, 2048, 2048, 2048, 2048, 2048, 2048, 2048]","[2048, 2048, 2048, 2048, 2048, 2064, 2064, 2064]",247.0
1219,9158,14,10,2023-09-15T09:54:20.568000+00:00,34.711,57.02,46.97,275.0,105,False,138.701,"[None, 2048, 2048, 2048, 2048, 2048, 2048, 2048]","[2048, 2048, 2048, 2048, 2048, 2048, 2048, 2048]","[2048, 2048, 2048, 2048, 2048, 2048, 2048, 2049]",274.0
1219,9158,10,9,2023-09-15T09:55:16.895000+00:00,,48.73,30.066,234.0,256,True,555.792,"[2064, 2064, 2064, 2048, 2048, 2048, 2048, 2048]","[2048, 2048, 2048, 2048, 2048, 2048, 2048, 2048]","[2048, 2048, 2048, 2048, 2048, 2048, 2048, 2048]",
1219,9158,18,8,2023-09-15T09:55:18.880000+00:00,36.342,53.039,41.544,220.0,191,False,130.925,"[2048, 2048, 2048, 2048, 2048, 2048, 2048, 2048]","[2048, 2048, 2048, 2048, 2048, 2048, 2048, 2048]","[2048, 2048, 2048, 2048, 2048, 2064, 2064, 2064]",238.0
1219,9158,14,11,2023-09-15T09:56:39.222000+00:00,27.934,40.724,27.146,304.0,272,False,95.804,"[2049, 2048, 2048, 2049, 2048, 2049, 2049, 2048]","[2049, 2049, 2049, 2048, 2048, 2049, 2049, 2048]","[2048, 2048, 2049, 2049, 2049, 2049, 2049]",297.0
1219,9158,77,10,2023-09-15T09:57:05.284000+00:00,,47.521,30.502,267.0,234,True,699.084,"[2064, 2064, 2064, 2048, 2048, 2048, 2048, 2048]","[2048, 2048, 2048, 2048, 2048, 2048, 2048, 2048]","[2048, 2048, 2048, 2048, 2048, 2048, 2048, 2048]",
1219,9158,10,10,2023-09-15T09:57:12.503000+00:00,27.834,40.038,27.108,300.0,269,False,94.98,"[2048, 2049, 2049, 2051, 2048, 2051, 2048, 2048]","[2051, 2049, 2051, 2049, 2049, 2049, 2051, 2048]","[2049, 2048, 2048, 2049, 2048, 2051, 2049]",292.0
1219,9158,14,12,2023-09-15T09:58:14.939000+00:00,34.183,49.111,36.71,266.0,239,False,120.004,"[2048, 2048, 2048, 2048, 2048, 2048, 2048, 2048]","[2048, 2048, 2048, 2048, 2048, 2048, 2048, 2048]","[2048, 2048, 2048, 2048, 2049, 2064, 2064, 2064]",205.0
1219,9158,20,8,2023-09-15T09:58:16.877000+00:00,,59.391,32.283,177.0,237,True,855.178,"[2064, 2064, 2064, 2048, 2048, 2048, 2048, 2048]","[2048, 2048, 2048, 2048, 2048, 2048, 2048, 2048]","[2048, 2048, 2048, 2048, 2048, 2048, 2048, 2048]",
1219,9158,18,9,2023-09-15T09:58:21.408000+00:00,87.036,53.449,29.63,249.0,243,True,170.115,"[2064, 2064, 2064, 2048, 2048, 2048, 2048, 2048]","[2048, 2048, 2048, 2048, 2048, 2048, 2048, 2048]","[2048, 2048, 2048, 2048, 2048, 2048, 2049, 2049]",
1219,9158,81,10,2023-09-15T09:58:33.939000+00:00,,50.05,31.303,247.0,248,True,640.731,"[2064, 2064, 2064, 2048, 2048, 2048, 2048, 2048]","[2048, 2048, 2048, 2048, 2048, 2048, 2048, 2048]","[2048, 2048, 2048, 2048, 2048, 2048, 2048, 2049]",
1219,9158,10,11,2023-09-15T09:58:47.407000+00:00,46.987,61.371,46.595,122.0,157,False,154.953,"[None, 2048, 2048, 2048, 2048, 2048, 2048, 2048]","[2048, 2048, 2048, 2048, 2048, 2048, 2048, 2048]","[2048, 2048, 2048, 2048, 2048, 2064, 2064, 2064]",279.0
1219,9158,77,11,2023-09-15T09:59:07.063000+00:00,28.024,40.221,27.245,298.0,271,False,95.49,"[2048, 2048, 2049, 2049, 2048, 2049, 2049, 2048]","[2048, 2051, 2049, 2048, 2049, 2049, 2051, 2049]","[2049, 2049, 2048, 2049, 2048, 2049, 2049, 2048]",289.0
1219,9158,24,10,2023-09-15T09:59:17.719000+00:00,,48.589,30.873,269.0,250,True,850.951,"[2064, 2064, 2064, 2048, 2048, 2048, 2048, 2048]","[2048, 2048, 2048, 2048, 2048, 2048, 2048, 2048]","[2048, 2048, 2048, 2048, 2048, 2048, 2048, 2048]",
1219,9158,22,12,2023-09-15T09:59:52.063000+00:00,,52.228,33.133,245.0,241,True,524.351,"[2064, 2064, 2064, 2048, 2048, 2048, 2048, 2048]","[2048, 2048, 2048, 2048, 2048, 2048, 2048, 2048]","[2048, 2048, 2048, 2048, 2048, 2048, 2048, 2049]",
1219,9158,55,10,2023-09-15T10:00:16.484000+00:00,,54.494,32.386,260.0,246,True,782.742,"[2064, 2064, 2064, 2048, 2048, 2048, 2048, 2048]","[2048, 2048, 2048, 2048, 2048, 2048, 2048, 2048]","[2048, 2048, 2048, 2048, 2048, 2048, 2048, 2048]",
1219,9158,18,10,2023-09-15T10:00:19.578000+00:00,27.921,41.056,27.189,305.0,273,False,96.166,"[2049, 2049, 2049, 2049, 2049, 2049, 2048, 2048]","[2048, 2049, 2048, 2049, 2049, 2048, 2048, 2049]","[2049, 2048, 2049, 2049, 2048, 2048, 2048]",297.0
1219,9158,20,9,2023-09-15T10:00:27.812000+00:00,27.883,39.938,27.185,302.0,273,False,95.006,"[2048, 2048, 2049, 2049, 2049, 2049, 2049, 2048]","[2049, 2049, 2051, 2049, 2049, 2049, 2051, 2049]","[2049, 2048, 2048, 2049, 2049, 2049, 2049]",291.0
1219,9158,27,8,2023-09-15T10:00:29.156000+00:00,,50.839,34.869,272.0,251,True,1016.956,"[2064, 2064, 2064, 2048, 2048, 2048, 2048, 2048]","[2048, 2048, 2048, 2048, 2048, 2048, 2048, 2048]","[2048, 2048, 2048, 2048, 2048, 2048, 2049, 0]",
1219,9158,81,11,2023-09-15T10:00:33.874000+00:00,27.726,40.785,27.184,305.0,273,False,95.695,"[2049, 2049, 2049, 2049, 2049, 2051, 2049, 2048]","[2049, 2048, 2049, 2049, 2049, 2048, 2048, 2048]","[2048, 2049, 2048, 2049, 2049, 2049, 2048, 2048]",296.0
1219,9158,77,12,2023-09-15T10:00:42.499000+00:00,36.94,53.617,34.609,229.0,226,False,125.166,"[None, 2048, 2048, 2048, 2048, 2048, 2048, 2048]","[2048, 2048, 2048, 2048, 2048, 2048, 2048, 2048]","[2048, 2048, 2048, 2048, 2048, 2048, 2049, 2048]",210.0
1219,9158,16,12,2023-09-15T10:00:57.968000+00:00,,56.906,39.951,248.0,240,True,570.776,"[2064, 2064, 2064, 2048, 2048, 2048, 2048, 2048]","[2048, 2048, 2048, 2048, 2048, 2048, 2048, 2048]","[2048, 2048, 2048, 2048, 2048, 2048, 2048, 2048]",
1219,9158,40,13,2023-09-15T10:01:01.702000+00:00,,61.919,46.611,252.0,239,True,550.13,"[2064, 2064, 2064, 2048, 2048, 2048, 2048, 2048]","[2048, 2048, 2048, 2048, 2048, 2048, 2048, 2048]","[2048, 2048, 2048, 2048, 2048, 2048, 2048, 2048]",
1219,9158,2,11,2023-09-15T10:01:04.218000+00:00,,57.883,44.375,272.0,254,True,604.895,"[2064, 2064, 2064, 2048, 2048, 2048, 2048, 2048]","[2048, 2048, 2048, 2048, 2048, 2048, 2048, 2048]","[2048, 2048, 2048, 2048, 2048, 2048, 2049, 2049]",
1219,9158,14,13,2023-09-15T10:01:05.296000+00:00,85.851,51.75,34.603,285.0,221,True,172.204,"[2064, 2064, 2064, 2048, 2048, 2048, 2048, 2048]","[2048, 2048, 2048, 2048, 2048, 2048, 2048, 2048]","[2048, 2048, 2048, 2048, 2048, 2048, 2048, 2048]",
1219,9158,11,11,2023-09-15T10:01:09.186000+00:00,,67.807,43.853,264.0,221,True,738.147,"[2064, 2064, 2064, 2048, 2048, 2048, 2048, 2048]","[2048, 2048, 2048, 2048, 2048, 2048, 2048, 2048]","[2048, 2048, 2048, 2048, 2048, 2048, 2048, 2048]",
1219,9158,24,11,2023-09-15T10:01:22.889000+00:00,28.13,40.477,27.186,299.0,271,False,95.793,"[2048, 2049, 2049, 2049, 2049, 2049, 2048, 2048]","[2049, 2049, 2049, 2049, 2049, 2049, 2049, 2049]","[2049, 2048, 2048, 2049, 2049, 2049, 2051]",289.0
1219,9158,1,9,2023-09-15T10:01:30.358000+00:00,,61.553,39.28,238.0,220,True,929.091,"[2064, 2064, 2064, 2048, 2048, 2048, 2048, 2048]","[2048, 2048, 2048, 2048, 2048, 2048, 2048, 2048]","[2048, 2048, 2048, 2048, 2048, 2048, 2048, 2048]",
1219,9158,4,11,2023-09-15T10:01:34.186000+00:00,,54.049,36.013,250.0,197,True,767.65,"[2064, 2064, 2064, 2048, 2048, 2048, 2048, 2048]","[2048, 2048, 2048, 2048, 2048, 2048, 2048, 2048]","[2048, 2048, 2048, 2048, 2048, 2048, 2049, 2049]",
1219,9158,10,12,2023-09-15T10:01:48.295000+00:00,66.307,58.583,36.288,188.0,246,True,161.178,"[2064, 2064, 2064, 2048, 2048, 2048, 2048, 2048]","[2048, 2048, 2048, 2048, 2048, 2048, 2048, 2048]","[2048, 2048, 2048, 2048, 2048, 2048, 2048, 2048]",
1219,9158,18,11,2023-09-15T10:01:55.685000+00:00,47.258,59.92,34.805,97.0,219,False,141.983,"[2048, 2048, 2048, 2048, 2048, 2048, 2048, 2048]","[2048, 2048, 2048, 2048, 2048, 2048, 2048, 2048]","[2048, 2048, 2048, 2048, 2048, 2048, 2048, 2048]",212.0
1219,9158,22,13,2023-09-15T10:01:57.435000+00:00,27.689,57.692,34.366,301.0,134,False,119.747,"[2049, 2049, 2049, 2051, 2049, 2049, 2048, 2048]","[2049, 2048, 2048, 2048, 2048, 2048, 2048, 2048]","[2048, 2048, 2048, 2048, 2048, 2048, 2048, 2048]",294.0
1219,9158,20,10,2023-09-15T10:02:02.763000+00:00,46.947,71.413,50.492,128.0,121,False,168.852,"[None, 2048, 2048, 2048, 2048, 2048, 2048, 2048]","[2048, 2048, 2048, 2048, 2048, 2048, 2048, 2048]","[2048, 2048, 2048, 2048, 2048, 2048, 2048, 2048]",242.0
1219,9158,81,12,2023-09-15T10:02:09.498000+00:00,42.442,66.116,40.191,158.0,209,False,148.749,"[2048, 2048, 2048, 2048, 2048, 2048, 2048, 2048]","[2048, 2048, 2048, 2048, 2048, 2048, 2048, 2048]","[2048, 2048, 2048, 2048, 2048, 2064, 2064, 2064]",262.0
1219,9158,63,13,2023-09-15T10:02:23.075000+00:00,,74.014,48.844,223.0,110,True,554.835,"[2064, 2064, 2064, 2048, 2048, 2048, 2048, 2048]","[2048, 2048, 2048, 2048, 2048, 2048, 2048, 2048]","[2048, 2048, 2048, 2048, 2048, 2048, 2048, 2048]",
1219,9158,55,11,2023-09-15T10:02:30.732000+00:00,42.724,78.08,48.315,125.0,212,False,169.119,"[2049, 2049, 2048, 2048, 2048, 2048, 2048, 2048]","[2048, 2048, 2048, 2048, 2048, 2048, 2048, 2048]","[2048, 2048, 2048, 2048, 2048, 2048, 2048, 2048]",296.0
1219,9158,44,10,2023-09-15T10:02:34.528000+00:00,,68.14,56.172,148.0,186,True,841.488,"[2064, 2064, 2064, 2048, 2048, 2048, 2048, 2048]","[2048, 2048, 2048, 2048, 2048, 2048, 2048, 2048]","[2048, 2048, 2048, 2048, 2048, 2048, 2048, 2048]",
1219,9158,27,9,2023-09-15T10:02:38.919000+00:00,27.863,59.058,46.129,304.0,137,False,133.05,"[2049, 2049, 2049, 2049, 2049, 2049, 2049, 2048]","[2048, 2048, 2048, 2048, 2048, 2048, 2048, 2048]","[2048, 2048, 2048, 2048, 2048, 2048, 2048, 2048]",294.0
1219,9158,77,13,2023-09-15T10:02:47.731000+00:00,27.872,65.173,34.633,302.0,232,False,127.678,"[2049, 2049, 2048, 2048, 2049, 2049, 2048, 2049]","[2048, 2048, 2048, 2048, 2048, 2048, 2048, 2048]","[2048, 2048, 2048, 2048, 2048, 2048, 2048, 2048]",292.0
1219,9158,24,12,2023-09-15T10:02:58.622000+00:00,39.568,56.464,49.678,239.0,243,False,145.71,"[None, 2048, 2048, 2048, 2048, 2048, 2048, 2048]","[2048, 2048, 2048, 2048, 2048, 2048, 2048, 2048]","[2048, 2048, 2048, 2048, 2048, 2048, 2048, 2048]",231.0
1219,9158,14,14,2023-09-15T10:03:07.247000+00:00,28.512,48.225,42.314,306.0,247,False,119.051,"[2048, 2048, 2049, 2048, 2048, 2048, 2048, 2048]","[2048, 2048, 2048, 2048, 2048, 2048, 2048, 2048]","[2048, 2048, 2048, 2048, 2048, 2048, 2048, 2048]",298.0
1219,9158,16,13,2023-09-15T10:03:17.575000+00:00,27.499,59.545,54.866,308.0,116,False,141.91,"[2048, 2049, 2049, 2049, 2051, 2049, 2049, 2049]","[2048, 2048, 2048, 2048, 2048, 2048, 2048, 2048]","[2048, 2048, 2048, 2048, 2048, 2048, 2048]",298.0
1219,9158,2,12,2023-09-15T10:03:23.684000+00:00,28.028,48.939,53.064,309.0,232,False,130.031,"[2049, 2048, 2049, 2048, 2048, 2049, 2049, 2051]","[2048, 2048, 2049, 2048, 2048, 2048, 2048, 2048]","[2048, 2048, 2048, 2048, 2048, 2064, 2064, 2064]",299.0
1219,9158,40,14,2023-09-15T10:03:30.746000+00:00,28.201,60.187,45.708,302.0,199,False,134.096,"[2048, 2049, 2048, 2048, 2048, 2049, 2048, 2048]","[2049, 2048, 2048, 2048, 2048, 2048, 2048, 2048]","[2048, 2048, 2048, 2048, 2048, 2048, 2048, 2048]",293.0
1219,9158,11,12,2023-09-15T10:03:36.012000+00:00,27.628,60.785,43.134,307.0,131,False,131.547,"[2049, 2051, 2049, 2049, 2049, 2049, 2049, 2049]","[2048, 2048, 2048, 2048, 2048, 2048, 2048, 2048]","[2048, 2048, 2048, 2048, 2048, 2048, 2048, 2048]",297.0
1219,9158,4,12,2023-09-15T10:03:43.683000+00:00,34.672,57.669,39.992,147.0,238,False,132.333,"[2049, 2049, 2048, 2048, 2048, 2048, 2048, 2048]","[2048, 2048, 2048, 2048, 2048, 2048, 2048, 2048]","[2048, 2048, 2048, 2048, 2048, 2048, 2048]",297.0
1219,9158,1,10,2023-09-15T10:03:50.855000+00:00,27.614,71.197,48.444,307.0,116,False,147.255,"[2048, 2049, 2049, 2049, 2048, 2049, 2048, 2049]","[2048, 2048, 2048, 2048, 2048, 2048, 2048, 2048]","[2048, 2048, 2048, 2048, 2048, 2048, 2048, 2048]",297.0
1219,9158,22,14,2023-09-15T10:03:57.183000+00:00,27.635,67.683,51.255,304.0,118,False,146.573,"[2048, 2048, 2048, 2051, 2049, 2049, 2049, 2049]","[2048, 2048, 2048, 2048, 2048, 2048, 2048, 2048]","[2048, 2048, 2048, 2048, 2048, 2048, 2048, 2048]",
1219,9158,10,13,2023-09-15T10:04:03.667000+00:00,27.906,67.601,48.734,302.0,106,False,144.241,"[2049, 2049, 2048, 2049, 2048, 2048, 2048, 2048]","[2048, 2048, 2048, 2048, 2048, 2048, 2048, 2048]","[2048, 2048, 2048, 2048, 2048, 2048, 2048, 2049]",293.0
1219,9158,18,12,2023-09-15T10:04:17.745000+00:00,27.882,55.557,52.3,306.0,172,False,135.739,"[None, 2049, 2048, 2048, 2049, 2049, 2048, 2049]","[2049, 2048, 2048, 2048, 2048, 2048, 2048, 2048]","[2048, 2048, 2048, 2048, 2048, 2048, 2048, 2048]",297.0
1219,9158,20,11,2023-09-15T10:04:51.682000+00:00,48.614,64.35,34.53,156.0,191,False,147.494,"[None, 2048, 2048, 2048, 2048, 2048, 2048, 2048]","[2048, 2048, 2048, 2048, 2048, 2048, 2048, 2048]","[2048, 2048, 2048, 2048, 2048, 2048, 2048, 2048]",153.0
1219,9158,27,10,2023-09-15T10:04:51.932000+00:00,42.323,52.406,34.392,160.0,191,False,129.121,"[2048, 2048, 2048, 2048, 2048, 2048, 2048, 2048]","[2048, 2048, 2048, 2048, 2048, 2049, 2048, 2048]","[2048, 2048, 2048, 2048, 2048, 2048, 2049, 2049]",195.0
1219,9158,77,14,2023-09-15T10:04:55.417000+00:00,31.945,53.499,31.391,270.0,212,False,116.835,"[2048, 2048, 2048, 2048, 2048, 2048, 2048, 2048]","[2048, 2048, 2048, 2048, 2048, 2048, 2048, 2048]","[2048, 2048, 2048, 2048, 2048, 2048, 2048, 2048]",
1219,9158,81,13,2023-09-15T10:05:01.198000+00:00,65.618,62.726,37.893,252.0,221,True,166.237,"[2064, 2064, 2064, 2048, 2048, 2048, 2048, 2048]","[2048, 2048, 2048, 2048, 2048, 2048, 2048, 2048]","[2048, 2048, 2048, 2048, 2048, 2048, 2048, 2048]",
1219,9158,14,15,2023-09-15T10:05:06.307000+00:00,28.142,41.533,27.48,,272,False,97.155,"[2049, 2048, 2048, 2048, 2049, 2048, 2048, 2048]","[2048, 2048, 2048, 2048, 2048, 2048, 2048, 2048]","[2048, 2049, 2048, 2048, 2048, 2048, 2048]",
1219,9158,63,14,2023-09-15T10:05:12.729000+00:00,27.538,39.906,26.621,304.0,275,False,94.065,"[2049, 2049, 2049, 2049, 2049, 2049, 2048, 2049]","[2051, 2048, 2049, 2048, 2049, 2049, 2049, 2049]","[2049, 2049, 2049, 2051, 2051, 2049, 2051, 2049]",296.0
1219,9158,55,12,2023-09-15T10:05:19.791000+00:00,27.472,39.685,26.787,309.0,278,False,93.944,"[2048, 2048, 2049, 2049, 2049, 2049, 2051, 2051]","[2049, 2049, 2049, 2051, 2048, 2051, 2049, 2049]","[2049, 2049, 2049, 2049, 2049, 2049, 2051]",297.0
1219,9158,24,13,2023-09-15T10:05:24.369000+00:00,27.855,49.665,32.746,302.0,221,False,110.266,"[2049, 2048, 2048, 2049, 2049, 2049, 2049, 2049]","[2049, 2049, 2048, 2048, 2048, 2048, 2048, 2048]","[2048, 2048, 2048, 2048, 2048, 2048, 2048, 2048]",293.0
1219,9158,44,11,2023-09-15T10:05:31.885000+00:00,27.545,39.941,26.669,305.0,274,False,94.155,"[2048, 2048, 2049, 2049, 2048, 2049, 2048, 2048]","[2049, 2049, 2049, 2049, 2049, 2048, 2049, 2051]","[2051, 2048, 2048, 2049, 2049, 2049, 2049]",296.0
1219,9158,16,14,2023-09-15T10:05:39.494000+00:00,42.96,71.778,37.316,98.0,85,False,152.054,"[2051, 2049, 2049, 2048, 2048, 2048, 2048, 2048]","[2048, 2048, 2048, 2048, 2048, 2048, 2048, 2048]","[2048, 2048, 2048, 2048, 2048, 2048, 2048]",299.0
1219,9158,40,15,2023-09-15T10:05:44.728000+00:00,27.937,40.354,27.174,,273,False,95.465,"[None, 2048, 2048, 2049, 2049, 2049, 2049, 2048]","[2049, 2049, 2049, 2048, 2048, 2049, 2049, 2049]","[2049, 2049, 2048, 2048, 2048, 2049, 2048]",294.0
1219,9158,11,13,2023-09-15T10:05:47.728000+00:00,41.168,69.857,39.174,146.0,119,False,150.199,"[2048, 2048, 2048, 2048, 2048, 2048, 2048, 2048]","[2048, 2048, 2048, 2048, 2048, 2048, 2048, 2048]","[2048, 2048, 2048, 2048, 2048, 2048, 2048, 2048]",199.0
1219,9158,4,13,2023-09-15T10:05:56.009000+00:00,27.373,39.527,26.622,303.0,272,False,93.522,"[2048, 2048, 2051, 2049, 2051, 2051, 2049, 2049]","[2049, 2051, 2051, 2048, 2048, 2049, 2049, 2049]","[2051, 2049, 2049, 2049, 2049, 2049, 2048]",
1219,9158,2,13,2023-09-15T10:05:58.447000+00:00,57.982,68.235,44.774,247.0,241,True,170.991,"[2064, 2064, 2064, 2048, 2048, 2048, 2048, 2048]","[2048, 2048, 2048, 2048, 2048, 2048, 2048, 2048]","[2048, 2048, 2048, 2048, 2048, 2048, 2049, 2049]",
1219,9158,1,11,2023-09-15T10:06:18.087000+00:00,54.532,64.031,32.521,131.0,222,False,151.084,"[None, 2048, 2048, 2048, 2048, 2048, 2048, 2048]","[2048, 2048, 2048, 2048, 2048, 2048, 2048, 2048]","[2048, 2048, 2048, 2048, 2048, 2048, 2048, 2049]",130.0
1219,9158,22,15,2023-09-15T10:06:23.774000+00:00,49.801,63.579,35.89,152.0,194,False,149.27,"[None, 2048, 2048, 2048, 2048, 2048, 2048, 2048]","[2048, 2048, 2048, 2048, 2048, 2048, 2048, 2048]","[2048, 2048, 2048, 2048, 2048, 2048, 2048]",116.0
1219,9158,10,14,2023-09-15T10:06:27.899000+00:00,27.96,39.812,26.949,300.0,270,False,94.721,"[None, 2049, 2048, 2048, 2048, 2048, 2048, 2048]","[2048, 2049, 2049, 2049, 2049, 2049, 2051, 2049]","[2049, 2049, 2048, 2049, 2049, 2051, 2049, 2049]",
1219,9158,31,13,2023-09-15T10:06:32.306000+00:00,,55.515,37.107,222.0,256,True,786.515,"[2064, 2064, 2064, 2048, 2048, 2048, 2048, 2048]","[2048, 2048, 2048, 2048, 2048, 2048, 2048, 2048]","[2048, 2048, 2048, 2048, 2048, 2048, 2048, 2048]",
1219,9158,18,13,2023-09-15T10:06:33.493000+00:00,27.851,45.432,40.67,304.0,237,False,113.953,"[None, 2049, 2048, 2048, 2048, 2049, 2049, 2049]","[2048, 2049, 2048, 2049, 2048, 2048, 2048, 2048]","[2048, 2048, 2048, 2048, 2048, 2064, 2064, 2064]",
1219,9158,14,16,2023-09-15T10:06:43.430000+00:00,30.358,43.068,38.198,273.0,255,False,111.624,"[2048, 2048, 2048, 2048, 2048, 2048, 2048, 2048]","[2048, 2048, 2048, 2048, 2048, 2048, 2048, 2048]","[2048, 2048, 2048, 2048, 2048, 2064, 2064, 2064]",275.0
1219,9158,63,15,2023-09-15T10:06:46.711000+00:00,53.019,78.135,56.968,89.0,127,False,188.122,"[2048, 2048, 2048, 2048, 2048, 2048, 2048, 2048]","[2048, 2048, 2048, 2048, 2048, 2048, 2048, 2048]","[2048, 2048, 2048, 2048, 2048, 2064, 2064, 2064]",216.0
1219,9158,77,15,2023-09-15T10:06:52.243000+00:00,27.835,40.343,27.021,302.0,273,False,95.199,"[2049, 2048, 2048, 2049, 2049, 2049, 2049, 2049]","[2049, 2048, 2048, 2049, 2048, 2048, 2048, 2048]","[2048, 2049, 2049, 2049, 2049, 2049, 2049]",293.0
1219,9158,55,13,2023-09-15T10:06:53.680000+00:00,41.999,68.367,50.315,172.0,134,False,160.681,"[None, 2048, 2048, 2048, 2048, 2048, 2048, 2048]","[2048, 2048, 2048, 2048, 2048, 2048, 2048, 2048]","[2048, 2048, 2048, 2048, 2048, 2064, 2064, 2064]",190.0
1219,9158,27,11,2023-09-15T10:07:01.071000+00:00,27.884,40.125,27.079,304.0,274,False,95.088,"[None, 2048, 2048, 2049, 2049, 2049, 2048, 2048]","[2049, 2049, 2049, 2049, 2049, 2049, 2049, 2049]","[2049, 2049, 2049, 2049, 2049, 2051, 2049]",294.0
1219,9158,44,12,2023-09-15T10:07:05.977000+00:00,56.693,81.631,58.156,104.0,116,False,196.48,"[None, 2048, 2048, 2048, 2048, 2048, 2048, 2048]","[2048, 2048, 2048, 2048, 2048, 2048, 2048, 2048]","[2048, 2048, 2048, 2048, 2048, 2064, 2064, 2064]",220.0
1219,9158,24,14,2023-09-15T10:07:14.649000+00:00,27.947,40.437,27.072,,273,False,95.456,"[2048, 2048, 2048, 2048, 2048, 2048, 2049, 2049]","[2049, 2049, 2048, 2049, 2048, 2049, 2048, 2049]","[2049, 2049, 2049, 2048, 2049, 2048, 2048]",292.0
1219,9158,20,12,2023-09-15T10:07:19.164000+00:00,27.714,40.098,27.075,304.0,273,False,94.887,"[None, 2049, 2049, 2049, 2048, 2049, 2049, 2049]","[2049, 2049, 2048, 2048, 2048, 2049, 2048, 2048]","[2049, 2049, 2049, 2049, 2048, 2048, 2048, 2049]",292.0
1219,9158,40,16,2023-09-15T10:07:20.102000+00:00,47.916,64.64,43.628,158.0,156,False,156.184,"[None, 2048, 2048, 2048, 2048, 2048, 2048, 2048]","[2048, 2048, 2048, 2048, 2048, 2048, 2048, 2048]","[2048, 2048, 2048, 2048, 2048, 2048, 2048, 2048]",291.0
1219,9158,81,14,2023-09-15T10:07:24.539000+00:00,27.665,40.771,27.038,305.0,273,False,95.474,"[2049, 2049, 2048, 2048, 2049, 2049, 2049, 2049]","[2048, 2049, 2048, 2048, 2048, 2049, 2048, 2049]","[2049, 2048, 2049, 2048, 2048, 2048, 2049]",297.0
1219,9158,4,14,2023-09-15T10:07:29.976000+00:00,35.953,61.113,39.8,164.0,135,False,136.866,"[None, 2048, 2048, 2048, 2048, 2048, 2048, 2048]","[2048, 2048, 2048, 2048, 2048, 2048, 2048, 2048]","[2048, 2048, 2048, 2048, 2048, 2048, 2048]",249.0
1219,9158,10,15,2023-09-15T10:08:02.632000+00:00,44.402,56.433,37.787,150.0,210,False,138.622,"[2048, 2048, 2048, 2048, 2048, 2048, 2048, 2048]","[2048, 2048, 2048, 2048, 2048, 2048, 2048, 2048]","[2048, 2048, 2048, 2048, 2048, 2048, 2048, 2048]",276.0
1219,9158,16,15,2023-09-15T10:08:11.538000+00:00,27.268,39.457,26.625,306.0,276,False,93.35,"[2048, 2048, 2049, 2049, 2048, 2051, 2049, 2048]","[2049, 2049, 2049, 2049, 2049, 2051, 2049, 2049]","[2049, 2049, 2049, 2049, 2049, 2049, 2051]",297.0
1219,9158,11,14,2023-09-15T10:08:17.772000+00:00,27.501,39.56,26.746,306.0,274,False,93.807,"[None, 2048, 2048, 2049, 2049, 2049, 2049, 2048]","[2049, 2049, 2049, 2049, 2049, 2049, 2051, 2048]","[2049, 2049, 2048, 2049, 2049, 2051, 2048, 2048]",297.0
1219,9158,2,14,2023-09-15T10:08:24.694000+00:00,27.847,40.913,27.018,309.0,276,False,95.778,"[2049, 2048, 2048, 2048, 2051, 2049, 2049, 2048]","[2049, 2049, 2049, 2049, 2049, 2048, 2049, 2048]","[2049, 2051, 2048, 2049, 2048, 2049, 2049]",299.0
1219,9158,77,16,2023-09-15T10:08:27.382000+00:00,35.787,54.01,41.08,244.0,166,False,130.877,"[2048, 2048, 2048, 2048, 2048, 2048, 2048, 2048]","[2048, 2048, 2048, 2048, 2048, 2048, 2048, 2048]","[2048, 2048, 2048, 2048, 2048, 2064, 2064, 2064]",228.0
1219,9158,27,12,2023-09-15T10:08:36.085000+00:00,44.712,60.853,36.933,158.0,137,False,142.498,"[None, 2048, 2048, 2048, 2048, 2048, 2048, 2048]","[2048, 2048, 2048, 2048, 2048, 2048, 2048, 2048]","[2048, 2048, 2048, 2048, 2048, 2048, 2048, 2048]",206.0
1219,9158,31,14,2023-09-15T10:08:42.663000+00:00,27.545,39.826,26.907,302.0,270,False,94.278,"[2049, 2049, 2049, 2049, 2049, 2049, 2049, 2049]","[2049, 2049, 2049, 2048, 2051, 2049, 2049, 2048]","[2049, 2049, 2049, 2048, 2048, 2049, 2049, 2049]",295.0
1219,9158,1,12,2023-09-15T10:08:49.194000+00:00,27.508,39.544,26.424,306.0,273,False,93.476,"[2049, 2048, 2048, 2048, 2049, 2049, 2049, 2049]","[2049, 2051, 2049, 2049, 2049, 2049, 2049, 2048]","[2049, 2049, 2049, 2051, 2049, 2051, 2049]",296.0
1219,9158,24,15,2023-09-15T10:08:50.022000+00:00,36.741,57.371,38.09,257.0,221,False,132.202,"[None, 2048, 2048, 2048, 2048, 2048, 2048, 2048]","[2048, 2048, 2048, 2048, 2048, 2048, 2048, 2048]","[2048, 2048, 2048, 2048, 2048, 2048, 2048]",243.0
1219,9158,22,16,2023-09-15T10:08:53.037000+00:00,27.466,39.743,26.833,305.0,273,False,94.042,"[None, 2048, 2049, 2051, 2049, 2049, 2049, 2049]","[2049, 2049, 2049, 2049, 2049, 2049, 2049, 2049]","[2049, 2049, 2048, 2049, 2049, 2049, 2048]",295.0
1219,9158,20,13,2023-09-15T10:08:54.397000+00:00,33.821,58.2,44.436,229.0,198,False,136.457,"[None, 2048, 2048, 2048, 2048, 2048, 2048, 2048]","[2048, 2048, 2048, 2048, 2048, 2048, 2048, 2048]","[2048, 2048, 2048, 2048, 2048, 2064, 2064, 2064]",259.0
1219,9158,81,15,2023-09-15T10:08:59.912000+00:00,33.853,53.763,41.691,238.0,192,False,129.307,"[2048, 2048, 2048, 2048, 2048, 2048, 2048, 2048]","[2048, 2048, 2048, 2048, 2048, 2048, 2048, 2048]","[2048, 2048, 2048, 2048, 2048, 2064, 2064, 2064]",265.0
1219,9158,16,16,2023-09-15T10:09:44.786000+00:00,53.42,68.836,53.556,107.0,146,False,175.812,"[None, 2048, 2048, 2048, 2048, 2048, 2048, 2048]","[2048, 2048, 2048, 2048, 2048, 2048, 2048, 2048]","[2048, 2048, 2048, 2048, 2048, 2064, 2064, 2064]",242.0
1219,9158,4,15,2023-09-15T10:09:46.396000+00:00,27.445,39.639,39.906,302.0,267,False,106.99,"[2049, 2048, 2051, 2048, 2048, 2049, 2048, 2048]","[2049, 2048, 2048, 2048, 2048, 2051, 2049, 2048]","[2048, 2048, 2048, 2048, 2048, 2064, 2064, 2064]",298.0
1219,9158,11,15,2023-09-15T10:09:51.552000+00:00,48.383,76.517,49.87,114.0,132,False,174.77,"[None, 2048, 2048, 2048, 2048, 2048, 2048, 2048]","[2048, 2048, 2048, 2048, 2048, 2048, 2048, 2048]","[2048, 2048, 2048, 2048, 2048, 2048, 2048, 2048]",218.0
1219,9158,40,17,2023-09-15T10:09:56.411000+00:00,43.515,67.559,42.249,157.0,225,False,153.323,"[None, 2048, 2048, 2048, 2048, 2048, 2048, 2048]","[2048, 2048, 2048, 2048, 2048, 2048, 2048, 2048]","[2048, 2048, 2048, 2048, 2048, 2048, 2048]",245.0
1219,9158,55,14,2023-09-15T10:09:58.927000+00:00,79.039,55.133,35.469,164.0,246,True,169.641,"[2064, 2064, 2064, 2048, 2048, 2048, 2048, 2048]","[2048, 2048, 2048, 2048, 2048, 2048, 2048, 2048]","[2048, 2048, 2048, 2048, 2048, 2048, 2048, 2048]",
1219,9158,2,15,2023-09-15T10:10:00.380000+00:00,34.806,50.707,36.59,240.0,245,False,122.103,"[2048, 2048, 2048, 2048, 2048, 2048, 2048, 2048]","[2048, 2048, 2048, 2048, 2048, 2048, 2048, 2048]","[2048, 2048, 2048, 2048, 2048, 2064, 2064, 2064]",289.0
1219,9158,31,15,2023-09-15T10:10:17.255000+00:00,45.806,68.216,48.749,116.0,113,False,162.771,"[2048, 2048, 2048, 2048, 2048, 2048, 2048, 2048]","[2048, 2048, 2048, 2048, 2048, 2048, 2048, 2048]","[2048, 2048, 2048, 2048, 2048, 2048, 2048]",268.0
1219,9158,63,16,2023-09-15T10:10:20.442000+00:00,73.537,72.147,32.476,139.0,244,True,178.16,"[2064, 2064, 2064, 2048, 2048, 2048, 2048, 2048]","[2048, 2048, 2048, 2048, 2048, 2048, 2048, 2048]","[2048, 2048, 2048, 2048, 2048, 2048, 2048, 2048]",
1219,9158,10,16,2023-09-15T10:10:21.223000+00:00,38.694,55.042,41.004,191.0,197,False,134.74,"[None, 2048, 2048, 2048, 2048, 2048, 2048, 2048]","[2048, 2048, 2048, 2048, 2048, 2048, 2048, 2048]","[2048, 2048, 2048, 2048, 2048, 2048, 2048]",211.0
1219,9158,1,13,2023-09-15T10:10:22.614000+00:00,32.915,46.498,37.375,232.0,194,False,116.788,"[2048, 2048, 2048, 2048, 2048, 2048, 2048, 2048]","[2048, 2048, 2048, 2048, 2048, 2048, 2048, 2048]","[2048, 2048, 2048, 2048, 2048, 2064, 2064, 2064]",217.0
1219,9158,22,17,2023-09-15T10:10:27.020000+00:00,35.881,55.589,47.253,239.0,155,False,138.723,"[None, 2048, 2048, 2048, 2048, 2048, 2048, 2048]","[2048, 2048, 2048, 2048, 2048, 2048, 2048, 2048]","[2048, 2048, 2048, 2048, 2048, 2064, 2064, 2064]",254.0
1219,9158,44,13,2023-09-15T10:10:48.207000+00:00,77.635,75.161,38.421,145.0,152,True,191.217,"[2064, 2064, 2064, 2048, 2048, 2048, 2048, 2048]","[2048, 2048, 2048, 2048, 2048, 2048, 2048, 2048]","[2048, 2048, 2048, 2048, 2048, 2048, 2048, 2048]",
1219,9158,27,13,2023-09-15T10:10:58.660000+00:00,27.795,40.243,26.947,303.0,272,False,94.985,"[None, 2048, 2049, 2049, 2048, 2049, 2049, 2048]","[2048, 2048, 2048, 2049, 2049, 2049, 2048, 2048]","[2049, 2048, 2049, 2049, 2048, 2049, 2049, 2049]",293.0
1219,9158,24,16,2023-09-15T10:11:02.332000+00:00,28.128,40.615,27.42,301.0,272,False,96.163,"[None, 2048, 2048, 2048, 2048, 2048, 2048, 2048]","[2048, 2048, 2048, 2049, 2048, 2048, 2048, 2048]","[2048, 2048, 2048, 2048, 2048, 2048, 2048, 2048]",289.0
1219,9158,23,9,2023-09-15T10:11:37.644000+00:00,,53.577,37.035,293.0,251,True,1438.117,"[2064, 2064, 2064, 2048, 2048, 2048, 2048, 2048]","[2048, 2048, 2048, 2048, 2048, 2048, 2048, 2048]","[2048, 2048, 2048, 2048, 2048, 2048, 2048, 2049]",
1219,9158,55,15,2023-09-15T10:12:24.065000+00:00,36.436,62.344,39.498,179.0,237,False,138.278,"[2048, 2048, 2048, 2048, 2048, 2048, 2048, 2048]","[2048, 2048, 2048, 2048, 2048, 2048, 2048, 2048]","[2048, 2048, 2048, 2048, 2048, 2048, 2048]",296.0
1219,9158,40,18,2023-09-15T10:12:29.690000+00:00,27.91,40.098,26.886,301.0,272,False,94.894,"[None, 2048, 2048, 2049, 2049, 2049, 2048, 2048]","[2048, 2049, 2049, 2049, 2049, 2049, 2049, 2049]","[2049, 2049, 2048, 2049, 2049, 2049, 2049]",293.0
1219,9158,27,14,2023-09-15T10:12:33.549000+00:00,31.864,45.678,38.407,283.0,198,False,115.949,"[None, 2048, 2048, 2048, 2048, 2048, 2048, 2048]","[2048, 2048, 2048, 2048, 2048, 2048, 2048, 2048]","[2048, 2048, 2048, 2048, 2048, 2064, 2064, 2064]",250.0
1219,9158,10,17,2023-09-15T10:12:36.002000+00:00,27.685,39.85,27.104,302.0,270,False,94.639,"[2049, 2049, 2048, 2049, 2049, 2049, 2049, 2048]","[2048, 2048, 2049, 2048, 2048, 2049, 2049, 2048]","[2048, 2049, 2048, 2048, 2048, 2048, 2048]",295.0
1219,9158,24,17,2023-09-15T10:12:38.487000+00:00,32.616,51.965,39.91,261.0,243,False,124.491,"[None, 2048, 2048, 2048, 2048, 2048, 2048, 2048]","[2048, 2048, 2048, 2048, 2048, 2048, 2048, 2048]","[2048, 2048, 2048, 2048, 2048, 2064, 2064, 2064]",248.0
1219,9158,11,16,2023-09-15T10:12:46.315000+00:00,46.221,67.617,46.403,152.0,88,False,160.241,"[None, 2048, 2048, 2048, 2048, 2048, 2048, 2048]","[2048, 2048, 2048, 2048, 2048, 2048, 2048, 2048]","[2048, 2048, 2048, 2048, 2048, 2048, 2048, 2048]",156.0
1219,9158,63,17,2023-09-15T10:12:53.096000+00:00,27.518,39.513,26.664,302.0,274,False,93.695,"[2048, 2048, 2048, 2049, 2049, 2049, 2049, 2048]","[2048, 2049, 2049, 2049, 2049, 2049, 2049, 2049]","[2049, 2049, 2048, 2048, 2048, 2049, 2048]",295.0
1219,9158,31,16,2023-09-15T10:12:59.705000+00:00,42.071,61.363,49.286,154.0,128,False,152.72,"[None, 2048, 2048, 2048, 2048, 2048, 2048, 2048]","[2048, 2048, 2048, 2048, 2048, 2048, 2048, 2048]","[2048, 2048, 2048, 2048, 2048, 2048, 2048]",159.0
1219,9158,18,14,2023-09-15T10:13:01.752000+00:00,,53.601,36.278,206.0,251,True,404.407,"[2064, 2064, 2064, 2048, 2048, 2048, 2048, 2048]","[2048, 2048, 2048, 2048, 2048, 2048, 2048, 2048]","[2048, 2048, 2048, 2048, 2048, 2048, 2048, 2048]",
1219,9158,16,17,2023-09-15T10:13:08.689000+00:00,78.905,60.193,41.097,127.0,238,True,180.195,"[2064, 2064, 2064, 2048, 2048, 2048, 2048, 2048]","[2048, 2048, 2048, 2048, 2048, 2048, 2048, 2048]","[2048, 2048, 2048, 2048, 2048, 2048, 2048, 2048]",
1219,9158,14,17,2023-09-15T10:13:10.392000+00:00,,52.22,40.044,280.0,153,True,402.179,"[2064, 2064, 2064, 2048, 2048, 2048, 2048, 2048]","[2048, 2048, 2048, 2048, 2048, 2048, 2048, 2048]","[2048, 2048, 2048, 2048, 2048, 2048, 2048, 2048]",
1219,9158,44,14,2023-09-15T10:13:33.782000+00:00,27.474,39.575,26.491,303.0,275,False,93.54,"[2048, 2048, 2048, 2049, 2048, 2049, 2048, 2048]","[2049, 2049, 2049, 2049, 2049, 2049, 2049, 2048]","[2049, 2048, 2048, 2051, 2048, 2049, 2049]",294.0
1219,9158,23,10,2023-09-15T10:13:42.735000+00:00,27.927,40.557,26.901,308.0,276,False,95.385,"[2049, 2049, 2048, 2048, 2049, 2049, 2049, 2049]","[2048, 2048, 2049, 2049, 2049, 2049, 2049, 2049]","[2049, 2051, 2049, 2049, 2049, 2049, 2048, 2049]",298.0
1219,9158,40,19,2023-09-15T10:14:04.532000+00:00,33.068,46.406,36.272,275.0,251,False,115.746,"[None, 2048, 2048, 2048, 2048, 2048, 2048, 2048]","[2048, 2048, 2048, 2048, 2048, 2048, 2048, 2048]","[2048, 2048, 2048, 2048, 2048, 2064, 2064, 2064]",285.0
1219,9158,10,18,2023-09-15T10:14:10.501000+00:00,32.69,44.663,37.571,219.0,253,False,114.924,"[2048, 2048, 2048, 2048, 2048, 2048, 2048, 2048]","[2048, 2048, 2048, 2048, 2048, 2048, 2048, 2048]","[2048, 2048, 2048, 2048, 2048, 2064, 2064, 2064]",285.0
1219,9158,63,18,2023-09-15T10:14:26.688000+00:00,35.958,51.647,41.48,194.0,205,False,129.085,"[None, 2048, 2048, 2048, 2048, 2048, 2048, 2048]","[2048, 2048, 2048, 2048, 2048, 2048, 2048, 2048]","[2048, 2048, 2048, 2048, 2048, 2064, 2064, 2064]",237.0
1219,9158,55,16,2023-09-15T10:14:42.359000+00:00,27.391,39.516,26.521,308.0,275,False,93.428,"[None, 2048, 2049, 2049, 2048, 2049, 2048, 2048]","[2049, 2051, 2048, 2048, 2049, 2048, 2048, 2048]","[2049, 2049, 2049, 2049, 2048, 2049, 2051]",
1219,9158,44,15,2023-09-15T10:15:07.203000+00:00,33.228,47.084,43.016,253.0,249,False,123.328,"[None, 2048, 2048, 2048, 2048, 2048, 2048, 2048]","[2048, 2048, 2048, 2048, 2048, 2048, 2048, 2048]","[2048, 2048, 2048, 2048, 2048, 2064, 2064, 2064]",256.0
1219,9158,18,15,2023-09-15T10:15:11.859000+00:00,27.497,40.211,27.043,305.0,273,False,94.751,"[2049, 2049, 2049, 2049, 2049, 2049, 2048, 2048]","[2049, 2049, 2049, 2049, 2049, 2049, 2049, 2049]","[2049, 2049, 2048, 2048, 2049, 2049, 2049]",298.0
1219,9158,14,18,2023-09-15T10:15:17.234000+00:00,27.599,39.993,26.647,307.0,273,False,94.239,"[2049, 2049, 2048, 2049, 2049, 2049, 2049, 2049]","[2049, 2049, 2049, 2049, 2049, 2049, 2049, 2049]","[2049, 2049, 2049, 2049, 2049, 2049, 2051]",298.0
1219,9158,23,11,2023-09-15T10:15:18.093000+00:00,40.299,63.583,47.622,233.0,179,False,151.504,"[2048, 2048, 2048, 2048, 2048, 2048, 2048, 2048]","[2048, 2048, 2048, 2048, 2048, 2048, 2048, 2048]","[2048, 2048, 2048, 2048, 2048, 2064, 2064, 2064]",241.0
1219,9158,11,17,2023-09-15T10:15:26.577000+00:00,27.493,39.583,26.649,306.0,275,False,93.725,"[None, 2051, 2048, 2049, 2049, 2048, 2048, 2048]","[2048, 2048, 2048, 2048, 2049, 2049, 2048, 2048]","[2049, 2049, 2049, 2048, 2048, 2049, 2049]",296.0
1219,9158,31,17,2023-09-15T10:15:32.421000+00:00,27.543,39.766,26.757,304.0,272,False,94.066,"[None, 2048, 2049, 2049, 2049, 2049, 2049, 2049]","[2048, 2048, 2049, 2049, 2051, 2048, 2048, 2048]","[2049, 2049, 2049, 2049, 2048, 2048, 2048]",295.0
1219,9158,16,18,2023-09-15T10:15:40.952000+00:00,27.187,39.854,26.414,308.0,276,False,93.455,"[2048, 2048, 2048, 2049, 2049, 2051, 2051, 2049]","[2049, 2048, 2048, 2048, 2048, 2048, 2049, 2048]","[2049, 2051, 2048, 2049, 2049, 2049, 2048, 2048]",298.0
1219,9158,55,17,2023-09-15T10:16:15.686000+00:00,31.538,45.489,38.896,259.0,224,False,115.923,"[None, 2048, 2048, 2048, 2048, 2048, 2048, 2048]","[2048, 2048, 2048, 2048, 2048, 2048, 2048, 2048]","[2048, 2048, 2048, 2048, 2048, 2064, 2064, 2064]",240.0
1219,9158,20,14,2023-09-15T10:16:22.639000+00:00,,45.847,28.473,277.0,255,True,431.56,"[2064, 2064, 2064, 2048, 2048, 2048, 2048, 2048]","[2048, 2048, 2048, 2048, 2048, 2048, 2048, 2048]","[2048, 2048, 2048, 2048, 2048, 2048, 2048, 2048]",
1219,9158,18,16,2023-09-15T10:16:46.529000+00:00,45.65,65.726,39.207,150.0,145,False,150.583,"[2048, 2048, 2048, 2048, 2048, 2048, 2048, 2048]","[2048, 2048, 2048, 2048, 2048, 2048, 2048, 2048]","[2048, 2048, 2048, 2048, 2048, 2048, 2048, 2048]",224.0
1219,9158,14,19,2023-09-15T10:16:51.388000+00:00,40.301,57.614,41.111,232.0,225,False,139.026,"[2048, 2048, 2048, 2048, 2048, 2048, 2048, 2048]","[2048, 2048, 2048, 2048, 2048, 2048, 2048, 2048]","[2048, 2048, 2048, 2048, 2048, 2048, 2048, 2048]",185.0
1219,9158,11,18,2023-09-15T10:17:00.373000+00:00,31.991,59.976,39.409,218.0,230,False,131.376,"[None, 2048, 2048, 2048, 2048, 2048, 2048, 2048]","[2048, 2048, 2048, 2048, 2048, 2048, 2048, 2048]","[2048, 2048, 2048, 2048, 2048, 2064, 2064, 2064]",288.0
1219,9158,31,18,2023-09-15T10:17:06.388000+00:00,35.706,54.084,42.763,199.0,198,False,132.553,"[None, 2048, 2048, 2048, 2048, 2048, 2048, 2048]","[2048, 2048, 2048, 2048, 2048, 2048, 2048, 2048]","[2048, 2048, 2048, 2048, 2048, 2064, 2064, 2064]",280.0
1219,9158,16,19,2023-09-15T10:17:14.372000+00:00,49.541,70.56,43.588,138.0,114,False,163.689,"[None, 2048, 2048, 2048, 2048, 2048, 2048, 2048]","[2048, 2048, 2048, 2048, 2048, 2048, 2048, 2048]","[2048, 2048, 2048, 2048, 2048, 2048, 2048, 2048]",220.0
1219,9158,77,17,2023-09-15T10:17:15.779000+00:00,,48.003,31.393,242.0,241,True,524.444,"[2064, 2064, 2064, 2048, 2048, 2048, 2048, 2048]","[2048, 2048, 2048, 2048, 2048, 2048, 2048, 2048]","[2048, 2048, 2048, 2048, 2048, 2048, 2048, 2048]",
1219,9158,23,12,2023-09-15T10:18:14.324000+00:00,60.842,59.816,34.247,154.0,246,True,154.905,"[2064, 2064, 2064, 2048, 2048, 2048, 2048, 2048]","[2048, 2048, 2048, 2048, 2048, 2048, 2048, 2048]","[2048, 2048, 2048, 2048, 2048, 2048, 2049, 2049]",
1219,9158,20,15,2023-09-15T10:18:22.074000+00:00,28.963,42.139,28.314,280.0,255,False,99.416,"[2048, 2048, 2048, 2048, 2048, 2048, 2048, 2048]","[2048, 2048, 2048, 2048, 2048, 2048, 2048, 2048]","[2048, 2048, 2048, 2048, 2048, 2048, 2048, 2048]",274.0
1219,9158,1,14,2023-09-15T10:18:39.590000+00:00,,43.448,28.034,261.0,249,True,495.238,"[2064, 2064, 2064, 2048, 2048, 2048, 2048, 2048]","[2048, 2048, 2048, 2048, 2048, 2048, 2048, 2048]","[2048, 2048, 2048, 2048, 2048, 2048, 2048, 2048]",
1219,9158,14,20,2023-09-15T10:19:10.527000+00:00,27.495,39.841,26.638,306.0,273,False,93.974,"[2049, 2049, 2049, 2049, 2049, 2049, 2048, 2048]","[2049, 2049, 2049, 2049, 2049, 2049, 2048, 2048]","[2049, 2049, 2049, 2049, 2048, 2048, 2048]",298.0
1219,9158,4,16,2023-09-15T10:19:14.714000+00:00,,43.021,27.568,274.0,260,True,574.053,"[2064, 2064, 2064, 2048, 2048, 2048, 2048, 2048]","[2048, 2048, 2048, 2048, 2048, 2048, 2048, 2048]","[2048, 2048, 2048, 2048, 2048, 2048, 2048, 0]",
1219,9158,18,17,2023-09-15T10:19:17.183000+00:00,39.004,53.918,33.025,269.0,227,False,125.947,"[None, 2048, 2048, 2048, 2048, 2048, 2048, 2048]","[2048, 2048, 2048, 2048, 2048, 2048, 2048, 2048]","[2048, 2048, 2048, 2048, 2048, 2048, 2049, 2049]",229.0
1219,9158,77,18,2023-09-15T10:19:22.776000+00:00,27.767,40.079,26.956,301.0,271,False,94.802,"[2048, 2048, 2049, 2048, 2048, 2049, 2049, 2048]","[2048, 2048, 2048, 2048, 2049, 2049, 2049, 2048]","[2049, 2048, 2048, 2049, 2048, 2049, 2048]",291.0
1219,9158,2,16,2023-09-15T10:19:38.995000+00:00,,43.498,28.307,288.0,264,True,568.627,"[2064, 2064, 2064, 2048, 2048, 2048, 2048, 2048]","[2048, 2048, 2048, 2048, 2048, 2048, 2048, 2048]","[2048, 2048, 2048, 2048, 2048, 2048, 2048, 2048]",
1219,9158,27,15,2023-09-15T10:19:44.463000+00:00,,46.89,28.357,281.0,255,True,428.235,"[2064, 2064, 2064, 2048, 2048, 2048, 2048, 2048]","[2048, 2048, 2048, 2048, 2048, 2048, 2048, 2048]","[2048, 2048, 2048, 2048, 2048, 2048, 2048, 2048]",
1219,9158,16,20,2023-09-15T10:19:58.041000+00:00,27.07,46.154,45.46,310.0,154,False,118.684,"[None, 2048, 2049, 2051, 2051, 2048, 2051, 2051]","[2049, 2048, 2048, 2048, 2048, 2048, 2048, 2048]","[2048, 2048, 2048, 2048, 2048, 2064, 2064, 2064]",298.0
1219,9158,24,18,2023-09-15T10:19:59.713000+00:00,,46.764,31.926,278.0,252,True,431.273,"[2064, 2064, 2064, 2048, 2048, 2048, 2048, 2048]","[2048, 2048, 2048, 2048, 2048, 2048, 2048, 2048]","[2048, 2048, 2048, 2048, 2048, 2048, 2048, 0]",
1219,9158,20,16,2023-09-15T10:20:01.494000+00:00,29.023,42.799,28.418,283.0,257,False,100.24,"[None, 2048, 2048, 2048, 2048, 2048, 2048, 2048]","[2048, 2048, 2048, 2048, 2048, 2048, 2048, 2048]","[2048, 2048, 2048, 2048, 2048, 2048, 2048]",279.0
1219,9158,23,13,2023-09-15T10:20:24.541000+00:00,27.577,40.287,26.793,307.0,276,False,94.657,"[2051, 2048, 2049, 2049, 2049, 2049, 2049, 2048]","[2049, 2049, 2049, 2048, 2049, 2048, 2048, 2048]","[2048, 2048, 2049, 2049, 2048, 2049, 2049]",299.0
1219,9158,1,15,2023-09-15T10:20:34.681000+00:00,29.364,42.674,27.917,282.0,254,False,99.955,"[2048, 2048, 2048, 2048, 2048, 2048, 2048, 2048]","[2048, 2048, 2048, 2048, 2048, 2048, 2048, 2048]","[2048, 2048, 2048, 2048, 2048, 2048, 2048, 2048]",280.0
1219,9158,14,21,2023-09-15T10:20:44.415000+00:00,35.46,50.911,31.871,265.0,236,False,118.242,"[2048, 2048, 2048, 2048, 2048, 2048, 2048, 2048]","[2048, 2048, 2048, 2048, 2048, 2048, 2048, 2048]","[2048, 2048, 2048, 2048, 2048, 2048, 2048]",173.0
1219,9158,22,18,2023-09-15T10:20:53.884000+00:00,,44.081,28.448,282.0,254,True,607.1,"[2064, 2064, 2064, 2048, 2048, 2048, 2048, 2048]","[2048, 2048, 2048, 2048, 2048, 2048, 2048, 2048]","[2048, 2048, 2048, 2048, 2048, 2048, 2048, 2048]",
1219,9158,77,19,2023-09-15T10:20:57.478000+00:00,37.002,57.747,37.08,161.0,193,False,131.829,"[None, 2048, 2048, 2048, 2048, 2048, 2048, 2048]","[2048, 2048, 2048, 2048, 2048, 2048, 2048, 2048]","[2048, 2048, 2048, 2048, 2048, 2048, 2048, 2048]",221.0
1219,9158,40,20,2023-09-15T10:20:59.009000+00:00,,48.501,28.698,285.0,259,True,423.335,"[2064, 2064, 2064, 2048, 2048, 2048, 2048, 2048]","[2048, 2048, 2048, 2048, 2048, 2048, 2048, 2048]","[2048, 2048, 2048, 2048, 2048, 2048, 2048, 0]",
1219,9158,4,17,2023-09-15T10:21:07.462000+00:00,28.821,41.384,27.634,278.0,256,False,97.839,"[2048, 2048, 2048, 2048, 2048, 2048, 2048, 2048]","[2048, 2048, 2048, 2048, 2048, 2048, 2048, 2048]","[2048, 2048, 2048, 2048, 2048, 2048, 2048, 2048]",279.0
1219,9158,18,18,2023-09-15T10:21:23.134000+00:00,27.475,40.326,26.767,307.0,274,False,94.568,"[None, 2049, 2048, 2048, 2049, 2049, 2049, 2049]","[2049, 2049, 2048, 2049, 2048, 2048, 2048, 2048]","[2049, 2049, 2049, 2049, 2048, 2049, 2049]",297.0
1219,9158,2,17,2023-09-15T10:21:31.212000+00:00,29.207,42.635,27.968,287.0,263,False,99.81,"[2048, 2048, 2048, 2048, 2048, 2048, 2048, 2048]","[2048, 2048, 2048, 2048, 2048, 2048, 2048, 2048]","[2048, 2048, 2048, 2048, 2048, 2048, 2048, 2048]",284.0
1219,9158,27,16,2023-09-15T10:21:37.805000+00:00,29.033,42.072,28.084,284.0,258,False,99.189,"[2048, 2048, 2048, 2048, 2048, 2048, 2048, 2048]","[2048, 2048, 2048, 2048, 2048, 2048, 2048, 2048]","[2048, 2048, 2048, 2048, 2048, 2048, 2048, 2048]",277.0
1219,9158,20,17,2023-09-15T10:21:41.727000+00:00,29.139,42.542,28.098,,256,False,99.779,"[None, 2048, 2048, 2048, 2048, 2048, 2048, 2048]","[2048, 2048, 2048, 2048, 2048, 2048, 2048, 2048]","[2048, 2048, 2048, 2048, 2048, 2048, 2048, 2048]",276.0
1219,9158,24,19,2023-09-15T10:21:54.274000+00:00,29.477,42.855,28.378,282.0,257,False,100.71,"[2048, 2048, 2048, 2048, 2048, 2048, 2048, 2048]","[2048, 2048, 2048, 2048, 2048, 2048, 2048, 2048]","[2048, 2048, 2048, 2048, 2048, 2048, 2048]",275.0
1219,9158,23,14,2023-09-15T10:21:59.133000+00:00,34.657,57.542,42.587,239.0,179,False,134.786,"[2048, 2048, 2048, 2048, 2048, 2048, 2048, 2048]","[2048, 2048, 2048, 2048, 2048, 2048, 2048, 2048]","[2048, 2048, 2048, 2048, 2048, 2064, 2064, 2064]",280.0
1219,9158,55,18,2023-09-15T10:22:06.383000+00:00,,43.616,27.993,280.0,254,True,337.002,"[2064, 2064, 2064, 2048, 2048, 2048, 2048, 2048]","[2048, 2048, 2048, 2048, 2048, 2048, 2048, 2048]","[2048, 2048, 2048, 2048, 2048, 2048, 2048]",
1219,9158,1,16,2023-09-15T10:22:14.633000+00:00,29.135,42.512,27.793,286.0,258,False,99.44,"[None, 2048, 2048, 2048, 2048, 2048, 2048, 2048]","[2048, 2048, 2048, 2048, 2048, 2048, 2048, 2048]","[2048, 2048, 2048, 2048, 2048, 2048, 2048, 2048]",281.0
1219,9158,63,19,2023-09-15T10:22:38.304000+00:00,,47.895,28.811,256.0,245,True,486.029,"[2064, 2064, 2064, 2048, 2048, 2048, 2048, 2048]","[2048, 2048, 2048, 2048, 2048, 2048, 2048, 2048]","[2048, 2048, 2048, 2048, 2048, 2048, 2048, 2048]",
1219,9158,14,22,2023-09-15T10:22:42.726000+00:00,28.581,41.582,27.66,290.0,264,False,97.823,"[None, 2048, 2048, 2048, 2048, 2048, 2048, 2048]","[2048, 2048, 2048, 2048, 2048, 2048, 2048, 2048]","[2048, 2048, 2048, 2048, 2048, 2048, 2048, 2048]",285.0
1219,9158,4,18,2023-09-15T10:22:45.257000+00:00,28.808,41.625,27.553,283.0,260,False,97.986,"[None, 2048, 2048, 2048, 2048, 2048, 2048, 2048]","[2048, 2048, 2048, 2048, 2048, 2048, 2048, 2048]","[2048, 2048, 2048, 2048, 2048, 2048, 2048, 2048]",276.0
1219,9158,22,19,2023-09-15T10:22:52.898000+00:00,29.157,42.181,28.056,281.0,255,False,99.394,"[2048, 2048, 2048, 2048, 2048, 2048, 2048, 2048]","[2048, 2048, 2048, 2048, 2048, 2048, 2048, 2048]","[2048, 2048, 2048, 2048, 2048, 2048, 2048, 2048]",278.0
1219,9158,81,16,2023-09-15T10:22:54.148000+00:00,,43.224,28.016,288.0,260,True,824.728,"[2064, 2064, 2064, 2048, 2048, 2048, 2048, 2048]","[2048, 2048, 2048, 2048, 2048, 2048, 2048, 2048]","[2048, 2048, 2048, 2048, 2048, 2048, 2048, 2048]",
1219,9158,18,19,2023-09-15T10:22:57.648000+00:00,31.768,47.07,33.752,279.0,227,False,112.59,"[None, 2048, 2048, 2048, 2048, 2048, 2048, 2048]","[2048, 2048, 2048, 2048, 2048, 2048, 2048, 2048]","[2048, 2048, 2048, 2048, 2048, 2048, 2048]",253.0
1219,9158,40,21,2023-09-15T10:23:03.679000+00:00,29.383,42.567,28.148,,258,False,100.098,"[2048, 2048, 2048, 2048, 2048, 2048, 2048, 2048]","[2048, 2048, 2048, 2048, 2048, 2048, 2048, 2048]","[2048, 2048, 2048, 2048, 2048, 2048, 2048, 2048]",278.0
1219,9158,77,20,2023-09-15T10:23:09.429000+00:00,28.141,40.812,27.788,301.0,263,False,96.741,"[None, 2049, 2048, 2048, 2048, 2048, 2048, 2048]","[2048, 2048, 2048, 2048, 2048, 2048, 2048, 2048]","[2048, 2048, 2048, 2048, 2048, 2048, 2048, 2048]",291.0
1219,9158,2,18,2023-09-15T10:23:11.007000+00:00,29.349,42.519,28.186,292.0,265,False,100.054,"[None, 2048, 2048, 2048, 2048, 2048, 2048, 2048]","[2048, 2048, 2048, 2048, 2048, 2048, 2048, 2048]","[2048, 2048, 2048, 2048, 2048, 2048, 2048, 2048]",286.0
1219,9158,27,17,2023-09-15T10:23:17.022000+00:00,29.032,42.762,28.339,288.0,260,False,100.133,"[None, 2048, 2048, 2048, 2048, 2048, 2048, 2048]","[2048, 2048, 2048, 2048, 2048, 2048, 2048, 2048]","[2048, 2048, 2048, 2048, 2048, 2048, 2048, 2048]",279.0
1219,9158,20,18,2023-09-15T10:23:21.553000+00:00,29.098,42.422,28.065,284.0,257,False,99.585,"[None, 2048, 2048, 2048, 2048, 2048, 2048, 2048]","[2048, 2048, 2048, 2048, 2048, 2048, 2048, 2048]","[2048, 2048, 2048, 2048, 2048, 2048, 2048, 2048]",277.0
1219,9158,24,20,2023-09-15T10:23:34.959000+00:00,29.424,42.882,28.468,276.0,253,False,100.774,"[None, 2048, 2048, 2048, 2048, 2048, 2048, 2048]","[2048, 2048, 2048, 2048, 2048, 2048, 2048, 2048]","[2048, 2048, 2048, 2048, 2048, 2048, 2048, 2048]",270.0
1219,9158,44,16,2023-09-15T10:23:44.881000+00:00,,44.817,29.603,267.0,242,True,514.116,"[2064, 2064, 2064, 2048, 2048, 2048, 2048, 2048]","[2048, 2048, 2048, 2048, 2048, 2048, 2048, 2048]","[2048, 2048, 2048, 2048, 2048, 2048, 2048, 2048]",
1219,9158,55,19,2023-09-15T10:23:48.694000+00:00,28.817,41.758,27.821,283.0,258,False,98.396,"[2048, 2048, 2048, 2048, 2048, 2048, 2048, 2048]","[2048, 2048, 2048, 2048, 2048, 2048, 2048, 2048]","[2048, 2048, 2048, 2048, 2048, 2048, 2048, 2048]",276.0
1219,9158,1,17,2023-09-15T10:23:54.100000+00:00,29.044,42.469,27.726,287.0,257,False,99.239,"[None, 2048, 2048, 2048, 2048, 2048, 2048, 2048]","[2048, 2048, 2048, 2048, 2048, 2048, 2048, 2048]","[2048, 2048, 2048, 2048, 2048, 2048, 2048, 2048]",280.0
1219,9158,14,23,2023-09-15T10:24:20.568000+00:00,28.693,41.222,27.476,282.0,264,False,97.391,"[None, 2048, 2048, 2048, 2048, 2048, 2048, 2048]","[2048, 2048, 2048, 2048, 2048, 2048, 2048, 2048]","[2048, 2048, 2048, 2048, 2048, 2048, 2048, 2048]",
1219,9158,4,19,2023-09-15T10:24:23.255000+00:00,28.67,41.748,27.686,284.0,260,False,98.104,"[None, 2048, 2048, 2048, 2048, 2048, 2048, 2048]","[2048, 2048, 2048, 2048, 2048, 2048, 2048, 2048]","[2048, 2048, 2048, 2048, 2048, 2048, 2048, 2048]",279.0
1219,9158,22,20,2023-09-15T10:24:32.271000+00:00,29.189,42.537,28.101,,255,False,99.827,"[None, 2048, 2048, 2048, 2048, 2048, 2048, 2048]","[2048, 2048, 2048, 2048, 2048, 2048, 2048, 2048]","[2048, 2048, 2048, 2048, 2048, 2048, 2048, 2048]",
1219,9158,63,20,2023-09-15T10:24:41.896000+00:00,29.325,42.921,28.159,278.0,258,False,100.405,"[2048, 2048, 2048, 2048, 2048, 2048, 2048, 2048]","[2048, 2048, 2048, 2048, 2048, 2048, 2048, 2048]","[2048, 2048, 2048, 2048, 2048, 2048, 2048, 2048]",276.0
1219,9158,40,22,2023-09-15T10:24:43.802000+00:00,29.327,43.272,28.242,284.0,257,False,100.841,"[None, 2048, 2048, 2048, 2048, 2048, 2048, 2048]","[2048, 2048, 2048, 2048, 2048, 2048, 2048, 2048]","[2048, 2048, 2048, 2048, 2048, 2048, 2048, 2048]",
1219,9158,77,21,2023-09-15T10:24:46.130000+00:00,42.725,63.09,43.386,229.0,204,False,149.201,"[None, 2048, 2048, 2048, 2048, 2048, 2048, 2048]","[2048, 2048, 2048, 2048, 2048, 2048, 2048, 2048]","[2048, 2048, 2048, 2048, 2048, 2048, 2048, 2048]",185.0
1219,9158,10,19,2023-09-15T10:24:47.114000+00:00,,50.423,28.287,283.0,260,True,653.289,"[2064, 2064, 2064, 2048, 2048, 2048, 2048, 2048]","[2048, 2048, 2048, 2048, 2048, 2048, 2048, 2048]","[2048, 2048, 2048, 2048, 2048, 2048, 2048, 0]",
1219,9158,18,20,2023-09-15T10:24:50.286000+00:00,28.598,42.71,27.437,294.0,266,False,98.745,"[None, 2048, 2048, 2048, 2048, 2048, 2048, 2048]","[2048, 2048, 2048, 2048, 2048, 2048, 2048, 2048]","[2048, 2048, 2048, 2048, 2049, 2048, 2048]",279.0
1219,9158,2,19,2023-09-15T10:24:51.083000+00:00,29.457,43.855,28.102,295.0,266,False,101.414,"[None, 2048, 2048, 2048, 2048, 2048, 2048, 2048]","[2048, 2048, 2048, 2048, 2048, 2048, 2048, 2048]","[2048, 2048, 2048, 2048, 2048, 2048, 2048]",288.0
1219,9158,81,17,2023-09-15T10:24:54.099000+00:00,29.021,43.254,27.994,282.0,259,False,100.269,"[2048, 2048, 2048, 2048, 2048, 2048, 2048, 2048]","[2048, 2048, 2048, 2048, 2048, 2048, 2048, 2048]","[2048, 2048, 2048, 2048, 2048, 2048, 2048]",282.0
1219,9158,27,18,2023-09-15T10:24:57.161000+00:00,29.175,42.868,28.114,286.0,259,False,100.157,"[None, 2048, 2048, 2048, 2048, 2048, 2048, 2048]","[2048, 2048, 2048, 2048, 2048, 2048, 2048, 2048]","[2048, 2048, 2048, 2048, 2048, 2048, 2048]",
1219,9158,31,19,2023-09-15T10:24:58.630000+00:00,,42.842,27.864,287.0,261,True,440.865,"[2064, 2064, 2064, 2048, 2048, 2048, 2048, 2048]","[2048, 2048, 2048, 2048, 2048, 2048, 2048, 2048]","[2048, 2048, 2048, 2048, 2048, 2048, 2048, 2048]",
1219,9158,20,19,2023-09-15T10:25:01.098000+00:00,29.238,43.516,28.408,287.0,258,False,101.162,"[None, 2048, 2048, 2048, 2048, 2048, 2048, 2048]","[2048, 2048, 2048, 2048, 2048, 2048, 2048, 2048]","[2048, 2048, 2048, 2048, 2048, 2048, 2048, 2048]",
1219,9158,23,15,2023-09-15T10:25:02.442000+00:00,80.889,48.631,27.99,291.0,266,True,157.51,"[2064, 2064, 2064, 2048, 2048, 2048, 2048, 2048]","[2048, 2048, 2048, 2048, 2048, 2048, 2048, 2048]","[2048, 2048, 2048, 2048, 2048, 2048, 2048]",
1219,9158,16,21,2023-09-15T10:25:08.208000+00:00,,47.121,28.799,288.0,264,True,308.52,"[2064, 2064, 2064, 2048, 2048, 2048, 2048, 2048]","[2048, 2048, 2048, 2048, 2048, 2048, 2048, 2048]","[2048, 2048, 2048, 2048, 2048, 2048, 2048, 2048]",
1219,9158,24,21,2023-09-15T10:25:15.723000+00:00,29.472,48.688,28.995,280.0,255,False,107.155,"[None, 2048, 2048, 2048, 2048, 2048, 2048, 2048]","[2048, 2048, 2048, 2048, 2048, 2048, 2048, 2048]","[2048, 2048, 2048, 2048, 2048, 2048, 2048]",271.0
1219,9158,55,20,2023-09-15T10:25:27.098000+00:00,28.872,42.178,31.936,284.0,258,False,102.986,"[None, 2048, 2048, 2048, 2048, 2048, 2048, 2048]","[2048, 2048, 2048, 2048, 2048, 2048, 2048, 2048]","[2048, 2048, 2048, 2048, 2048, 2048, 2048, 2048]",
1219,9158,1,18,2023-09-15T10:25:33.317000+00:00,29.119,48.339,31.059,288.0,255,False,108.517,"[None, 2048, 2048, 2048, 2048, 2048, 2048, 2048]","[2048, 2048, 2048, 2048, 2048, 2048, 2048, 2048]","[2048, 2048, 2048, 2048, 2048, 2048, 2048, 2048]",
1219,9158,44,17,2023-09-15T10:25:44.707000+00:00,29.309,43.123,27.998,275.0,259,False,100.43,"[2048, 2048, 2048, 2048, 2048, 2048, 2048, 2048]","[2048, 2048, 2048, 2048, 2048, 2048, 2048, 2048]","[2048, 2048, 2048, 2048, 2048, 2048, 2048, 2048]",277.0
1219,9158,14,24,2023-09-15T10:25:57.957000+00:00,28.339,43.478,27.427,291.0,264,False,99.244,"[None, 2048, 2048, 2048, 2048, 2048, 2048, 2048]","[2048, 2048, 2048, 2048, 2048, 2048, 2048, 2048]","[2048, 2048, 2048, 2048, 2048, 2048, 2048, 2048]",
1219,9158,4,20,2023-09-15T10:26:01.394000+00:00,28.734,44.26,27.739,286.0,260,False,100.733,"[None, 2048, 2048, 2048, 2048, 2048, 2048, 2048]","[2048, 2048, 2048, 2048, 2048, 2048, 2048, 2048]","[2048, 2048, 2048, 2048, 2048, 2048, 2048]",280.0
1219,9158,22,21,2023-09-15T10:26:12.128000+00:00,29.027,43.712,28.093,,256,False,100.832,"[None, 2048, 2048, 2048, 2048, 2048, 2048, 2048]","[2048, 2048, 2048, 2048, 2048, 2048, 2048, 2048]","[2048, 2048, 2048, 2048, 2048, 2048, 2048, 2048]",
1219,9158,63,21,2023-09-15T10:26:22.300000+00:00,29.256,42.961,28.128,279.0,258,False,100.345,"[None, 2048, 2048, 2048, 2048, 2048, 2048, 2048]","[2048, 2048, 2048, 2048, 2048, 2048, 2048, 2048]","[2048, 2048, 2048, 2048, 2048, 2048, 2048, 2048]",277.0
1219,9158,11,19,2023-09-15T10:26:23.472000+00:00,,47.691,28.766,243.0,255,True,557.391,"[2064, 2064, 2064, 2048, 2048, 2048, 2048, 2048]","[2048, 2048, 2048, 2048, 2048, 2048, 2048, 2048]","[2048, 2048, 2048, 2048, 2048, 2048, 2048, 0]",
1219,9158,40,23,2023-09-15T10:26:24.613000+00:00,29.278,42.761,28.148,286.0,258,False,100.187,"[None, 2048, 2048, 2048, 2048, 2048, 2048, 2048]","[2048, 2048, 2048, 2048, 2048, 2048, 2048, 2048]","[2048, 2048, 2048, 2048, 2048, 2048, 2048, 2048]",
1219,9158,18,21,2023-09-15T10:26:29.144000+00:00,28.328,41.821,27.508,289.0,262,False,97.657,"[None, 2048, 2048, 2048, 2048, 2048, 2048, 2048]","[2048, 2048, 2048, 2048, 2048, 2048, 2048, 2048]","[2048, 2048, 2048, 2048, 2048, 2048, 2048, 2048]",287.0
1219,9158,2,20,2023-09-15T10:26:32.519000+00:00,29.258,42.66,28.222,294.0,265,False,100.14,"[None, 2048, 2048, 2048, 2048, 2048, 2048, 2048]","[2048, 2048, 2048, 2048, 2048, 2048, 2048, 2048]","[2048, 2048, 2048, 2048, 2048, 2048, 2048]",285.0
1219,9158,81,18,2023-09-15T10:26:34.331000+00:00,28.892,42.368,28.01,285.0,262,False,99.27,"[None, 2048, 2048, 2048, 2048, 2048, 2048, 2048]","[2048, 2048, 2048, 2048, 2048, 2048, 2048, 2048]","[2048, 2048, 2048, 2048, 2048, 2048, 2048, 2048]",276.0
1219,9158,27,19,2023-09-15T10:26:37.300000+00:00,29.213,42.566,28.315,287.0,260,False,100.094,"[None, 2048, 2048, 2048, 2048, 2048, 2048, 2048]","[2048, 2048, 2048, 2048, 2048, 2048, 2048, 2048]","[2048, 2048, 2048, 2048, 2048, 2048, 2048, 2048]",
1219,9158,31,20,2023-09-15T10:26:39.894000+00:00,28.937,42.126,27.953,285.0,258,False,99.016,"[2048, 2048, 2048, 2048, 2048, 2048, 2048, 2048]","[2048, 2048, 2048, 2048, 2048, 2048, 2048, 2048]","[2048, 2048, 2048, 2048, 2048, 2048, 2048, 2048]",278.0
1219,9158,20,20,2023-09-15T10:26:42.253000+00:00,29.061,42.647,28.204,286.0,259,False,99.912,"[None, 2048, 2048, 2048, 2048, 2048, 2048, 2048]","[2048, 2048, 2048, 2048, 2048, 2048, 2048, 2048]","[2048, 2048, 2048, 2048, 2048, 2048, 2048]",280.0
1219,9158,23,16,2023-09-15T10:26:51.472000+00:00,28.494,42.245,27.645,293.0,267,False,98.384,"[2048, 2048, 2048, 2048, 2048, 2048, 2048, 2048]","[2048, 2048, 2048, 2048, 2048, 2048, 2048, 2048]","[2048, 2048, 2048, 2048, 2048, 2048, 2048]",285.0
1219,9158,10,20,2023-09-15T10:26:58.800000+00:00,28.873,41.641,27.933,285.0,259,False,98.447,"[2048, 2048, 2048, 2048, 2048, 2048, 2048, 2048]","[2048, 2048, 2048, 2048, 2048, 2048, 2048, 2048]","[2048, 2048, 2048, 2048, 2048, 2048, 2048, 2048]",278.0
1219,9158,24,22,2023-09-15T10:27:02.893000+00:00,29.42,42.766,28.62,279.0,254,False,100.806,"[None, 2048, 2048, 2048, 2048, 2048, 2048, 2048]","[2048, 2048, 2048, 2048, 2048, 2048, 2048, 2048]","[2048, 2048, 2048, 2048, 2048, 2048, 2048, 2048]",273.0
1219,9158,16,22,2023-09-15T10:27:05.237000+00:00,28.045,42.2,28.394,295.0,272,False,98.639,"[2048, 2048, 2048, 2048, 2048, 2048, 2048, 2048]","[2048, 2048, 2048, 2048, 2048, 2048, 2048, 2048]","[2048, 2051, 2048, 2048, 2048, 2048, 2048, 2048]",287.0
1219,9158,55,21,2023-09-15T10:27:10.081000+00:00,28.842,41.907,27.937,286.0,259,False,98.686,"[None, 2048, 2048, 2048, 2048, 2048, 2048, 2048]","[2048, 2048, 2048, 2048, 2048, 2048, 2048, 2048]","[2048, 2048, 2048, 2048, 2048, 2048, 2048, 2048]",279.0
1219,9158,77,22,2023-09-15T10:27:15.346000+00:00,28.048,40.554,27.12,301.0,271,False,95.722,"[None, 2048, 2048, 2048, 2048, 2048, 2048, 2048]","[2048, 2048, 2048, 2049, 2048, 2048, 2048, 2048]","[2049, 2049, 2048, 2048, 2048, 2048, 2048]",290.0
1219,9158,1,19,2023-09-15T10:27:21.846000+00:00,29.052,42.282,27.694,286.0,257,False,99.028,"[None, 2048, 2048, 2048, 2048, 2048, 2048, 2048]","[2048, 2048, 2048, 2048, 2048, 2048, 2048, 2048]","[2048, 2048, 2048, 2048, 2048, 2048, 2048, 2048]",
1219,9158,44,18,2023-09-15T10:27:25.174000+00:00,29.127,41.896,28.101,280.0,259,False,99.124,"[None, 2048, 2048, 2048, 2048, 2048, 2048, 2048]","[2048, 2048, 2048, 2048, 2048, 2048, 2048, 2048]","[2048, 2048, 2048, 2048, 2048, 2048, 2048, 2048]",279.0
1219,9158,14,25,2023-09-15T10:27:37.174000+00:00,28.749,41.356,27.439,289.0,265,False,97.544,"[None, 2048, 2048, 2048, 2048, 2048, 2048, 2048]","[2048, 2048, 2048, 2048, 2048, 2048, 2048, 2048]","[2048, 2048, 2048, 2048, 2048, 2048, 2048, 2048]",286.0
1219,9158,4,21,2023-09-15T10:27:42.096000+00:00,28.533,41.766,27.787,,260,False,98.086,"[None, 2048, 2048, 2048, 2048, 2048, 2048, 2048]","[2048, 2048, 2048, 2048, 2048, 2048, 2048, 2048]","[2048, 2048, 2048, 2048, 2048, 2048, 2048, 2048]",283.0
1219,9158,22,22,2023-09-15T10:27:52.939000+00:00,29.1,42.51,27.828,284.0,257,False,99.438,"[None, 2048, 2048, 2048, 2048, 2048, 2048, 2048]","[2048, 2048, 2048, 2048, 2048, 2048, 2048, 2048]","[2048, 2048, 2048, 2048, 2048, 2048, 2048, 2048]",279.0
1219,9158,63,22,2023-09-15T10:28:02.673000+00:00,29.042,42.383,27.982,276.0,260,False,99.407,"[None, 2048, 2048, 2048, 2048, 2048, 2048, 2048]","[2048, 2048, 2048, 2048, 2048, 2048, 2048, 2048]","[2048, 2048, 2048, 2048, 2048, 2048, 2048, 2048]",279.0
1219,9158,40,24,2023-09-15T10:28:04.814000+00:00,29.378,42.717,27.952,283.0,256,False,100.047,"[None, 2048, 2048, 2048, 2048, 2048, 2048, 2048]","[2048, 2048, 2048, 2048, 2048, 2048, 2048, 2048]","[2048, 2048, 2048, 2048, 2048, 2048, 2048, 2048]",280.0
1219,9158,18,22,2023-09-15T10:28:06.736000+00:00,28.854,42.648,27.731,287.0,264,False,99.233,"[None, 2048, 2048, 2048, 2048, 2048, 2048, 2048]","[2048, 2048, 2048, 2048, 2048, 2048, 2048, 2048]","[2048, 2048, 2048, 2048, 2048, 2048, 2048]",276.0
1219,9158,2,21,2023-09-15T10:28:12.642000+00:00,29.639,44.28,28.57,293.0,265,False,102.489,"[None, 2048, 2048, 2048, 2048, 2048, 2048, 2048]","[2048, 2048, 2048, 2048, 2048, 2048, 2048, 2048]","[2048, 2048, 2048, 2048, 2048, 2048, 2048, 2048]",
1219,9158,81,19,2023-09-15T10:28:13.611000+00:00,28.705,42.598,27.766,306.0,260,False,99.069,"[None, 2048, 2048, 2048, 2048, 2048, 2048, 2048]","[2048, 2048, 2048, 2048, 2048, 2048, 2048, 2048]","[2048, 2048, 2048, 2048, 2048, 2048, 2048, 2048]",281.0
1219,9158,27,20,2023-09-15T10:28:17.408000+00:00,31.92,43.589,28.491,288.0,259,False,104.0,"[None, 2048, 0, 0, 2048, 2048, 2048, 2048]","[2048, 2048, 2048, 2048, 2048, 2048, 2048, 2048]","[2048, 2048, 2048, 2048, 2048, 2048, 2048, 2048]",
1219,9158,31,21,2023-09-15T10:28:18.907000+00:00,29.319,42.419,28.071,281.0,255,False,99.809,"[None, 2048, 2048, 2048, 2048, 2048, 2048, 2048]","[2048, 2048, 2048, 2048, 2048, 2048, 2048, 2048]","[2048, 2048, 2048, 2048, 2048, 2048, 2048, 2048]",276.0
1219,9158,20,21,2023-09-15T10:28:22.189000+00:00,29.431,43.263,28.47,284.0,258,False,101.164,"[None, 2048, 2048, 2048, 2048, 2048, 2048, 2048]","[2048, 2048, 2048, 2048, 2048, 2048, 2048, 2048]","[2048, 2048, 2048, 2048, 2048, 2048, 2048, 2048]",278.0
1219,9158,11,20,2023-09-15T10:28:29.048000+00:00,29.053,42.091,27.9,284.0,256,False,99.044,"[2048, 2048, 2048, 2048, 2048, 2048, 2048, 2048]","[2048, 2048, 2048, 2048, 2048, 2048, 2048, 2048]","[2048, 2048, 2048, 2048, 2048, 2048, 2048]",280.0
1219,9158,23,17,2023-09-15T10:28:29.845000+00:00,28.583,42.712,27.688,300.0,276,False,98.983,"[None, 2048, 2048, 2048, 2048, 2048, 2048, 2049]","[2048, 2048, 2048, 2048, 2048, 2048, 2048, 2048]","[2048, 2048, 2048, 2048, 2048, 2048, 2048, 2048]",300.0
1219,9158,10,21,2023-09-15T10:28:37.251000+00:00,28.886,41.889,27.973,,257,False,98.748,"[None, 2048, 2048, 2048, 2048, 2048, 2048, 2048]","[2048, 2048, 2048, 2048, 2048, 2048, 2048, 2048]","[2048, 2048, 2048, 2048, 2048, 2048, 2048, 2048]",277.0
1219,9158,24,23,2023-09-15T10:28:43.704000+00:00,30.246,43.377,28.583,282.0,260,False,102.206,"[None, 2048, 2048, 2048, 2048, 2048, 2048, 2048]","[2048, 2048, 2048, 2048, 2048, 2048, 2048, 2048]","[2048, 2048, 2048, 2048, 2048, 2048, 2048, 2048]",269.0
1219,9158,16,23,2023-09-15T10:28:43.907000+00:00,28.553,41.417,27.447,286.0,263,False,97.417,"[2051, 2048, 2048, 2048, 2048, 2048, 2048, 2048]","[2048, 2048, 2048, 2048, 2048, 2048, 2048, 2048]","[2048, 2048, 2048, 2048, 2048, 2048, 2048]",299.0
1219,9158,55,22,2023-09-15T10:28:48.782000+00:00,28.686,42.089,27.737,290.0,262,False,98.512,"[None, 2048, 2048, 2048, 2048, 2048, 2048, 2048]","[2048, 2048, 2048, 2048, 2048, 2048, 2048, 2048]","[2048, 2048, 2048, 2048, 2048, 2048, 2048, 2048]",282.0
1219,9158,77,23,2023-09-15T10:28:51.094000+00:00,34.306,44.961,35.249,273.0,247,False,114.516,"[None, 2048, 2048, 2048, 2048, 2048, 2048, 2048]","[2048, 2048, 2048, 2048, 2048, 2048, 2048, 2048]","[2048, 2048, 2048, 2048, 2048, 2048, 2048, 2048]",210.0
1219,9158,1,20,2023-09-15T10:29:00.860000+00:00,28.966,42.413,27.877,288.0,255,False,99.256,"[None, 2048, 2048, 2048, 2048, 2048, 2048, 2048]","[2048, 2048, 2048, 2048, 2048, 2048, 2048, 2048]","[2048, 2048, 2048, 2048, 2048, 2048, 2048, 2048]",282.0
1219,9158,44,19,2023-09-15T10:29:04.282000+00:00,28.931,42.001,27.932,287.0,259,False,98.864,"[None, 2048, 2048, 2048, 2048, 2048, 2048, 2048]","[2048, 2048, 2048, 2048, 2048, 2048, 2048, 2048]","[2048, 2048, 2048, 2048, 2048, 2048, 2048, 2048]",278.0
1219,9158,14,26,2023-09-15T10:29:14.719000+00:00,28.437,41.365,27.581,291.0,265,False,97.383,"[None, 2048, 2048, 2048, 2048, 2048, 2048, 2048]","[2048, 2048, 2048, 2048, 2048, 2048, 2048, 2048]","[2048, 2048, 2048, 2048, 2048, 2048, 2048, 2048]",
1219,9158,4,22,2023-09-15T10:29:20.188000+00:00,28.722,42.652,27.686,288.0,260,False,99.06,"[None, 2048, 2048, 2048, 2048, 2048, 2048, 2048]","[2048, 2048, 2048, 2048, 2048, 2048, 2048, 2048]","[2048, 2048, 2048, 2048, 2048, 2048, 2048, 2048]",280.0
1219,9158,22,23,2023-09-15T10:29:32.391000+00:00,29.062,44.987,28.423,282.0,256,False,102.472,"[None, 2048, 2048, 2048, 2048, 2048, 2048, 2048]","[2048, 2048, 2048, 2048, 2048, 2048, 2048, 2048]","[2048, 2048, 2048, 2048, 2048, 2048, 2048]",
1219,9158,63,23,2023-09-15T10:29:42.047000+00:00,28.899,42.253,27.884,281.0,260,False,99.036,"[None, 2048, 2048, 2048, 2048, 2048, 2048, 2048]","[2048, 2048, 2048, 2048, 2048, 2048, 2048, 2048]","[2048, 2048, 2048, 2048, 2048, 2048, 2048, 2048]",
1219,9158,40,25,2023-09-15T10:29:44.875000+00:00,29.246,42.26,28.009,286.0,258,False,99.515,"[None, 2048, 2048, 2048, 2048, 2048, 2048, 2048]","[2048, 2048, 2048, 2048, 2048, 2048, 2048, 2048]","[2048, 2048, 2048, 2048, 2048, 2048, 2048, 2048]",279.0
1219,9158,18,23,2023-09-15T10:29:45.922000+00:00,29.02,42.635,27.727,294.0,266,False,99.382,"[None, 2048, 2048, 2048, 2048, 2048, 2048, 2048]","[2048, 2048, 2048, 2048, 2048, 2048, 2048, 2048]","[2048, 2049, 2048, 2048, 2048, 2048, 2048, 2048]",289.0
1219,9158,81,20,2023-09-15T10:29:52.671000+00:00,28.92,42.783,27.837,285.0,260,False,99.54,"[None, 2048, 2048, 2048, 2048, 2048, 2048, 2048]","[2048, 2048, 2048, 2048, 2048, 2048, 2048, 2048]","[2048, 2048, 2048, 2048, 2048, 2048, 2048]",280.0
1219,9158,2,22,2023-09-15T10:29:55.109000+00:00,29.412,42.923,28.374,294.0,264,False,100.709,"[None, 2048, 2048, 2048, 2048, 2048, 2048, 2048]","[2048, 2048, 2048, 2048, 2048, 2048, 2048, 2048]","[2048, 2048, 2048, 2048, 2048, 2048, 2048, 2048]",286.0
1219,9158,31,22,2023-09-15T10:29:58.718000+00:00,29.912,42.666,28.258,,253,False,100.836,"[None, 2048, 2048, 2048, 2048, 2048, 2048, 2048]","[2048, 2048, 2048, 2048, 2048, 2048, 2048, 2048]","[2048, 2048, 2048, 2048, 2048, 2048, 2048, 2048]",
1219,9158,27,21,2023-09-15T10:30:01.390000+00:00,29.286,42.851,35.844,291.0,260,False,107.981,"[None, 2048, 2048, 2048, 2048, 2048, 2048, 2048]","[2048, 2048, 2048, 2048, 2048, 2048, 2048, 2048]","[2048, 2048, 2048, 2048, 2048, 2048, 2048, 2048]",282.0
1219,9158,20,22,2023-09-15T10:30:03.343000+00:00,29.539,44.561,36.611,,198,False,110.711,"[None, 2048, 2048, 2048, 2048, 2048, 2048, 2048]","[2048, 2048, 2048, 2048, 2048, 2048, 2048, 2048]","[2048, 2048, 2048, 2048, 2048, 2048, 2048, 2048]",268.0
1219,9158,11,21,2023-09-15T10:30:08.109000+00:00,29.205,53.899,49.383,287.0,201,False,132.487,"[None, 2048, 2048, 2048, 2048, 2048, 2048, 2048]","[2048, 2048, 2048, 2048, 2048, 2048, 2048, 2048]","[2048, 2048, 2048, 2048, 2048, 2048, 2048, 2048]",283.0
1219,9158,23,18,2023-09-15T10:30:08.843000+00:00,28.775,55.133,51.853,285.0,186,False,135.761,"[None, 2048, 2048, 2048, 2048, 2048, 2048, 2048]","[2048, 2048, 2048, 2048, 2048, 2048, 2048, 2048]","[2048, 2048, 2048, 2048, 2048, 2048, 2048, 2048]",289.0
1219,9158,10,22,2023-09-15T10:30:16.030000+00:00,35.577,54.068,48.952,241.0,201,False,138.597,"[None, 2048, 2048, 2048, 2048, 2048, 2048, 2048]","[2048, 2048, 2048, 2048, 2048, 2048, 2048, 2048]","[2048, 2048, 2048, 2048, 2048, 2048, 2048]",238.0
1219,9158,16,24,2023-09-15T10:30:21.296000+00:00,36.085,57.24,48.223,179.0,145,False,141.548,"[2048, 2048, 2048, 2048, 2048, 2048, 2048, 2048]","[2048, 2048, 2048, 2048, 2048, 2048, 2048, 2048]","[2048, 2048, 2048, 2048, 2048, 2048, 2048, 2048]",285.0
1219,9158,24,24,2023-09-15T10:30:25.890000+00:00,34.626,55.054,52.882,221.0,152,False,142.562,"[None, 2048, 2048, 2048, 2048, 2048, 2048, 2048]","[2048, 2048, 2048, 2048, 2048, 2048, 2048, 2048]","[2048, 2048, 2048, 2048, 2048, 2048, 2048, 2048]",251.0
1219,9158,55,23,2023-09-15T10:30:27.311000+00:00,34.049,55.419,47.421,205.0,166,False,136.889,"[None, 2048, 2048, 2048, 2048, 2048, 2048, 2048]","[2048, 2048, 2048, 2048, 2048, 2048, 2048, 2048]","[2048, 2048, 2048, 2048, 2048, 2048, 2048, 2048]",283.0
1219,9158,1,21,2023-09-15T10:30:40.124000+00:00,32.714,48.787,51.223,282.0,231,False,132.724,"[None, 2048, 2048, 2048, 2048, 2048, 2048, 2048]","[2048, 2048, 2048, 2048, 2048, 2048, 2048, 2048]","[2048, 2048, 2048, 2048, 2048, 2048, 2048, 2048]",199.0
1219,9158,44,20,2023-09-15T10:30:43.155000+00:00,38.783,51.976,44.573,175.0,174,False,135.332,"[None, 2048, 2048, 2048, 2048, 2048, 2048, 2048]","[2048, 2048, 2048, 2048, 2048, 2048, 2048, 2048]","[2048, 2048, 2048, 2048, 2048, 2048, 2048, 2048]",251.0
1219,9158,77,24,2023-09-15T10:30:45.592000+00:00,36.837,52.239,43.435,233.0,190,False,132.511,"[None, 2048, 2048, 2048, 2048, 2048, 2048, 2048]","[2048, 2048, 2048, 2048, 2048, 2048, 2048, 2048]","[2048, 2048, 2048, 2048, 2048, 2048, 2048, 2048]",212.0
1219,9158,14,27,2023-09-15T10:30:52.108000+00:00,38.381,51.119,40.597,193.0,175,False,130.097,"[None, 2048, 2048, 2048, 2048, 2048, 2048, 2048]","[2048, 2048, 2048, 2048, 2048, 2048, 2048, 2048]","[2048, 2048, 2048, 2048, 2048, 2048, 2048, 2048]",190.0
1219,9158,4,23,2023-09-15T10:30:59.233000+00:00,33.644,49.936,41.842,235.0,210,False,125.422,"[None, 2048, 2048, 2048, 2048, 2048, 2048, 2048]","[2048, 2048, 2048, 2048, 2048, 2048, 2048, 2048]","[2048, 2048, 2048, 2048, 2048, 2048, 2048, 2048]",242.0
1219,9158,22,24,2023-09-15T10:31:14.857000+00:00,34.517,50.085,37.156,246.0,237,False,121.758,"[None, 2048, 2048, 2048, 2048, 2048, 2048, 2048]","[2048, 2048, 2048, 2048, 2048, 2048, 2048, 2048]","[2048, 2048, 2048, 2048, 2048, 2048, 2048, 2048]",246.0
1219,9158,63,24,2023-09-15T10:31:21.076000+00:00,41.445,56.383,49.466,143.0,238,False,147.294,"[None, 2048, 2048, 2048, 2048, 2048, 2048, 2048]","[2048, 2048, 2048, 2048, 2048, 2048, 2048, 2048]","[2048, 2048, 2048, 2048, 2048, 2048, 2048, 2048]",195.0
1219,9158,40,26,2023-09-15T10:31:24.389000+00:00,39.481,59.632,52.446,138.0,239,False,151.559,"[None, 2048, 2048, 2048, 2048, 2048, 2048, 2048]","[2048, 2048, 2048, 2048, 2048, 2048, 2048, 2048]","[2048, 2048, 2048, 2048, 2048, 2048, 2048, 2048]",221.0
1219,9158,18,24,2023-09-15T10:31:25.310000+00:00,39.498,61.191,53.63,146.0,209,False,154.319,"[None, 2048, 2048, 2048, 2048, 2048, 2048, 2048]","[2048, 2048, 2048, 2048, 2048, 2048, 2048, 2048]","[2048, 2048, 2048, 2048, 2048, 2048, 2048, 2048]",234.0
1219,9158,81,21,2023-09-15T10:31:32.248000+00:00,32.295,57.475,48.828,229.0,203,False,138.598,"[None, 2048, 2048, 2048, 2048, 2048, 2048, 2048]","[2048, 2048, 2048, 2048, 2048, 2048, 2048, 2048]","[2048, 2048, 2048, 2048, 2048, 2048, 2048, 2048]",283.0
1219,9158,2,23,2023-09-15T10:31:35.826000+00:00,34.171,60.973,53.398,221.0,149,False,148.542,"[None, 2048, 2048, 2048, 2048, 2048, 2048, 2048]","[2048, 2048, 2048, 2048, 2048, 2048, 2048, 2048]","[2048, 2048, 2048, 2048, 2048, 2048, 2048, 2048]",280.0
1219,9158,31,23,2023-09-15T10:31:39.576000+00:00,36.144,54.345,50.082,199.0,174,False,140.571,"[None, 2048, 2048, 2048, 2048, 2048, 2048, 2048]","[2048, 2048, 2048, 2048, 2048, 2048, 2048, 2048]","[2048, 2048, 2048, 2048, 2048, 2048, 2048]",244.0
1219,9158,27,22,2023-09-15T10:31:49.357000+00:00,50.982,47.256,38.889,245.0,198,False,137.127,"[None, 2048, 2048, 2048, 2048, 2048, 2048, 2048]","[2048, 2048, 2048, 2048, 2048, 2048, 2048, 2048]","[2048, 2048, 2048, 2048, 2048, 2064, 2064, 2064]",187.0
1219,9158,20,23,2023-09-15T10:31:54.076000+00:00,52.476,59.216,40.757,286.0,179,False,152.449,"[None, 2048, 2048, 2048, 2048, 2048, 2048, 2048]","[2048, 2048, 2048, 2048, 2048, 2048, 2048, 2048]","[2048, 2048, 2048, 2048, 2048, 2064, 2064, 2064]",185.0
1219,9158,11,22,2023-09-15T10:32:20.575000+00:00,58.334,48.759,37.811,271.0,231,False,144.904,"[None, 2048, 2048, 2048, 2048, 2048, 2048, 2048]","[2048, 2048, 2048, 2048, 2048, 2048, 2048, 2048]","[2048, 2048, 2048, 2048, 2048, 2064, 2064, 2064]",187.0
1219,9158,23,19,2023-09-15T10:32:24.669000+00:00,60.504,46.547,37.849,288.0,265,False,144.9,"[None, 2048, 2048, 2048, 2048, 2048, 2048, 2048]","[2048, 2048, 2048, 2048, 2048, 2048, 2048, 2048]","[2048, 2048, 2048, 2048, 2048, 2064, 2064, 2064]",189.0
1219,9158,10,23,2023-09-15T10:32:34.637000+00:00,55.641,43.632,39.793,286.0,260,False,139.066,"[None, 2048, 2048, 2048, 2048, 2048, 2048, 2048]","[2048, 2048, 2048, 2048, 2048, 2048, 2048, 2048]","[2048, 2048, 2048, 2048, 2048, 2064, 2064, 2064]",193.0
1219,9158,16,25,2023-09-15T10:32:42.840000+00:00,52.061,47.536,40.284,286.0,204,False,139.881,"[None, 2048, 2048, 2048, 2048, 2048, 2048, 2048]","[2048, 2048, 2048, 2048, 2048, 2048, 2048, 2048]","[2048, 2048, 2048, 2048, 2048, 2064, 2064, 2064]",202.0
1219,9158,55,24,2023-09-15T10:32:44.153000+00:00,53.537,51.012,46.822,290.0,141,False,151.371,"[None, 2048, 2048, 2048, 2048, 2048, 2048, 2048]","[2048, 2048, 2048, 2048, 2048, 2048, 2048, 2048]","[2048, 2048, 2048, 2048, 2048, 2064, 2064, 2064]",204.0
1219,9158,24,25,2023-09-15T10:32:48.465000+00:00,56.727,47.001,42.265,279.0,212,False,145.993,"[None, 2048, 2048, 2048, 2048, 2048, 2048, 2048]","[2048, 2048, 2048, 2048, 2048, 2048, 2048, 2048]","[2048, 2048, 2048, 2048, 2048, 2064, 2064, 2064]",208.0
1219,9158,1,22,2023-09-15T10:32:52.809000+00:00,61.547,51.923,41.975,234.0,191,False,155.445,"[None, 2048, 2048, 2048, 2048, 2048, 2048, 2048]","[2048, 2048, 2048, 2048, 2048, 2048, 2048, 2048]","[2048, 2048, 2048, 2048, 2048, 2064, 2064, 2064]",217.0
1219,9158,77,25,2023-09-15T10:32:58.121000+00:00,47.49,54.173,42.334,295.0,193,False,143.997,"[None, 2048, 2048, 2048, 2048, 2048, 2048, 2048]","[2048, 2048, 2048, 2048, 2048, 2048, 2048, 2048]","[2048, 2048, 2048, 2048, 2048, 2064, 2064, 2064]",187.0
1219,9158,44,21,2023-09-15T10:32:58.590000+00:00,60.032,47.76,37.343,229.0,239,False,145.135,"[None, 2048, 2048, 2048, 2048, 2048, 2048, 2048]","[2048, 2048, 2048, 2048, 2048, 2048, 2048, 2048]","[2048, 2048, 2048, 2048, 2048, 2064, 2064, 2064]",199.0
1219,9158,14,28,2023-09-15T10:33:02.340000+00:00,63.836,49.337,40.971,297.0,192,False,154.144,"[None, 2048, 2048, 2048, 2048, 2048, 2048, 2048]","[2048, 2048, 2048, 2048, 2048, 2048, 2048, 2048]","[2048, 2048, 2048, 2048, 2048, 2064, 2064, 2064]",209.0
1219,9158,4,24,2023-09-15T10:33:04.699000+00:00,69.621,46.652,40.46,227.0,239,False,156.733,"[None, 2048, 2048, 2048, 2048, 2048, 2048, 2048]","[2048, 2048, 2048, 2048, 2048, 2048, 2048, 2048]","[2048, 2048, 2048, 2048, 2048, 2064, 2064, 2064]",213.0
1219,9158,22,25,2023-09-15T10:33:16.605000+00:00,48.495,46.264,40.293,288.0,229,False,135.052,"[None, 2048, 2048, 2048, 2048, 2048, 2048, 2048]","[2048, 2048, 2048, 2048, 2048, 2048, 2048, 2048]","[2048, 2048, 2048, 2048, 2048, 2064, 2064, 2064]",183.0
1219,9158,63,25,2023-09-15T10:33:48.417000+00:00,63.459,46.942,41.95,250.0,170,False,152.351,"[None, 2048, 2048, 2048, 2048, 2048, 2048, 2048]","[2048, 2048, 2048, 2048, 2048, 2048, 2048, 2048]","[2048, 2048, 2048, 2048, 2048, 2064, 2064, 2064]",185.0
1219,9158,81,22,2023-09-15T10:33:50.777000+00:00,69.161,50.991,39.688,199.0,223,False,159.84,"[None, 2048, 2048, 2048, 2048, 2048, 2048, 2048]","[2048, 2048, 2048, 2048, 2048, 2048, 2048, 2048]","[2048, 2048, 2048, 2048, 2048, 2064, 2064, 2064]",195.0
1219,9158,40,27,2023-09-15T10:33:55.917000+00:00,68.695,51.302,39.833,244.0,250,False,159.83,"[None, 2048, 2048, 2048, 2048, 2048, 2048, 2048]","[2048, 2048, 2048, 2048, 2048, 2048, 2048, 2048]","[2048, 2048, 2048, 2048, 2048, 2064, 2064, 2064]",202.0
1219,9158,18,25,2023-09-15T10:33:59.667000+00:00,66.208,53.49,44.045,218.0,177,False,163.743,"[None, 2048, 2048, 2048, 2048, 2048, 2048, 2048]","[2048, 2048, 2048, 2048, 2048, 2048, 2048, 2048]","[2048, 2048, 2048, 2048, 2048, 2064, 2064, 2064]",212.0
1219,9158,31,24,2023-09-15T10:34:00.214000+00:00,55.249,43.39,36.472,289.0,258,False,135.111,"[None, 2048, 2048, 2048, 2048, 2048, 2048, 2048]","[2048, 2048, 2048, 2048, 2048, 2048, 2048, 2048]","[2048, 2048, 2048, 2048, 2048, 2064, 2064, 2064]",189.0
1219,9158,2,24,2023-09-15T10:34:04.401000+00:00,65.822,50.813,44.338,239.0,254,False,160.973,"[None, 2048, 2048, 2048, 2048, 2048, 2048, 2048]","[2048, 2048, 2048, 2048, 2048, 2048, 2048, 2048]","[2048, 2048, 2048, 2048, 2048, 2064, 2064, 2064]",217.0
