Track,driver_number,lap_duration,x,y,speed,brake,throttle,n_gear
Monza,1,80.307,-1354,-445,318,0,100,8
Monza,1,80.307,-1340,-287,320,0,100,8
Monza,1,80.307,-1310,49,321,0,100,8
Monza,1,80.307,-1273,477,322,0,100,8
Monza,1,80.307,-1248,765,326,0,100,8
Monza,1,80.307,-1240,855,327,0,100,8
Monza,1,80.307,-1214,1164,328,0,100,8
Monza,1,80.307,-1214,1164,330,0,100,8
Monza,1,80.307,-1177,1584,331,0,100,8
Monza,1,80.307,-1146,1952,333,0,100,8
Monza,1,80.307,-1127,2173,334,0,100,8
Monza,1,80.307,-1101,2469,335,0,100,8
Monza,1,80.307,-1101,2469,335,0,100,8
Monza,1,80.307,-1071,2816,337,0,100,8
Monza,1,80.307,-1055,3002,337,0,100,8
Monza,1,80.307,-1034,3245,337,0,100,8
Monza,1,80.307,-1008,3544,339,0,100,8
Monza,1,80.307,-1008,3544,340,0,100,8
Monza,1,80.307,-987,3789,340,0,100,8
Monza,1,80.307,-973,3958,341,0,100,8
Monza,1,80.307,-948,4241,341,0,100,8
Monza,1,80.307,-948,4241,341,0,100,8
Monza,1,80.307,-948,4241,342,0,100,8
Monza,1,80.307,-851,5377,343,0,100,8
Monza,1,80.307,-851,5377,343,0,100,8
Monza,1,80.307,-851,5377,343,0,100,8
Monza,1,80.307,-836,5548,343,0,100,8
Monza,1,80.307,-836,5548,343,0,100,8
Monza,1,80.307,-806,5889,342,0,100,8
Monza,1,80.307,-774,6268,342,0,100,8
Monza,1,80.307,-738,6706,342,0,100,8
Monza,1,80.307,-720,6914,341,100,55,8
Monza,1,80.307,-705,7100,320,100,0,8
Monza,1,80.307,-684,7351,269,100,0,8
Monza,1,80.307,-665,7577,222,100,0,7
Monza,1,80.307,-645,7798,182,100,0,7
Monza,1,80.307,-645,7798,162,100,0,7
Monza,1,80.307,-616,8012,137,100,0,4
Monza,1,80.307,-574,8142,115,100,0,2
Monza,1,80.307,-557,8174,106,100,0,2
Monza,1,80.307,-529,8215,95,100,0,2
Monza,1,80.307,-460,8278,91,100,0,2
Monza,1,80.307,-460,8278,87,0,0,2
Monza,1,80.307,-334,8315,79,0,2,2
Monza,1,80.307,-272,8329,78,0,14,2
Monza,1,80.307,-213,8360,82,0,43,2
Monza,1,80.307,-180,8397,86,0,0,2
Monza,1,80.307,-149,8479,81,0,0,2
Monza,1,80.307,-143,8522,74,0,3,2
Monza,1,80.307,-143,8522,74,0,12,2
Monza,1,80.307,-141,8593,75,0,27,2
Monza,1,80.307,-157,8717,87,0,46,2
Monza,1,80.307,-170,8777,98,0,65,2
Monza,1,80.307,-182,8825,106,0,73,2
Monza,1,80.307,-209,8926,115,0,78,2
Monza,1,80.307,-231,9007,125,0,90,2
Monza,1,80.307,-281,9201,161,0,100,4
Monza,1,80.307,-300,9280,171,0,100,4
Monza,1,80.307,-327,9391,181,0,100,4
Monza,1,80.307,-373,9618,193,0,100,4
Monza,1,80.307,-390,9717,204,0,100,4
Monza,1,80.307,-390,9717,207,0,100,5
Monza,1,80.307,-416,9962,220,0,100,5
Monza,1,80.307,-422,10086,226,0,100,5
Monza,1,80.307,-426,10447,239,0,100,6
Monza,1,80.307,-415,10787,247,0,100,6
Monza,1,80.307,-392,11085,258,0,100,6
Monza,1,80.307,-371,11273,263,0,100,6
Monza,1,80.307,-334,11515,268,0,100,7
Monza,1,80.307,-154,12164,280,0,100,7
Monza,1,80.307,-53,12396,287,0,100,7
Monza,1,80.307,82,12650,289,0,100,7
Monza,1,80.307,310,12985,294,0,100,7
Monza,1,80.307,500,13202,297,0,100,8
Monza,1,80.307,838,13499,300,0,100,8
Monza,1,80.307,960,13589,303,0,100,8
Monza,1,80.307,1394,13849,305,0,100,8
Monza,1,80.307,1547,13923,307,0,100,8
Monza,1,80.307,1547,13923,308,0,100,8
Monza,1,80.307,1752,14010,309,0,100,8
Monza,1,80.307,1995,14094,310,0,100,8
Monza,1,80.307,2221,14155,311,0,100,8
Monza,1,80.307,2442,14202,313,0,100,8
Monza,1,80.307,2648,14239,314,0,100,8
Monza,1,80.307,2890,14275,315,0,100,8
Monza,1,80.307,3081,14300,316,0,100,8
Monza,1,80.307,3081,14300,316,0,100,8
Monza,1,80.307,3378,14330,317,0,100,8
Monza,1,80.307,3783,14363,320,0,100,8
Monza,1,80.307,4324,14408,320,0,100,8
Monza,1,80.307,4324,14408,319,0,100,8
Monza,1,80.307,4463,14418,320,0,100,8
Monza,1,80.307,4711,14434,319,0,100,8
Monza,1,80.307,4941,14447,320,0,100,8
Monza,1,80.307,5189,14459,320,0,100,8
Monza,1,80.307,5367,14467,320,0,100,8
Monza,1,80.307,5633,14477,320,0,100,8
Monza,1,80.307,5633,14477,315,100,57,8
Monza,1,80.307,5948,14489,267,100,0,8
Monza,1,80.307,6106,14494,235,100,0,8
Monza,1,80.307,6196,14498,208,100,0,7
Monza,1,80.307,6461,14515,166,100,0,7
Monza,1,80.307,6551,14531,153,100,0,4
Monza,1,80.307,6625,14551,153,100,0,3
Monza,1,80.307,6625,14551,131,100,0,3
Monza,1,80.307,6749,14597,121,100,0,3
Monza,1,80.307,6840,14658,115,0,1,3
Monza,1,80.307,6875,14698,109,0,5,3
Monza,1,80.307,6930,14805,114,0,51,3
Monza,1,80.307,7007,14923,129,0,87,3
Monza,1,80.307,7121,15013,132,0,18,3
Monza,1,80.307,7192,15051,133,0,49,4
Monza,1,80.307,7255,15077,136,0,62,4
Monza,1,80.307,7336,15103,146,0,100,4
Monza,1,80.307,7477,15135,159,0,100,4
Monza,1,80.307,7630,15163,171,0,100,4
Monza,1,80.307,7688,15173,186,0,100,4
Monza,1,80.307,7931,15227,196,0,100,4
Monza,1,80.307,8149,15292,207,0,100,5
Monza,1,80.307,8251,15323,213,0,100,5
Monza,1,80.307,8386,15365,221,0,100,5
Monza,1,80.307,8386,15365,224,0,100,5
Monza,1,80.307,8516,15409,229,0,100,5
Monza,1,80.307,8673,15467,234,0,100,5
Monza,1,80.307,8770,15505,237,0,100,6
Monza,1,80.307,8894,15554,244,0,100,6
Monza,1,80.307,9162,15652,245,0,100,6
Monza,1,80.307,9401,15733,252,0,100,6
Monza,1,80.307,9401,15733,256,0,100,6
Monza,1,80.307,9743,15841,261,100,100,6
Monza,1,80.307,9929,15878,237,100,0,6
Monza,1,80.307,10132,15878,228,100,0,6
Monza,1,80.307,10375,15817,213,100,3,6
Monza,1,80.307,10375,15817,208,0,7,5
Monza,1,80.307,10626,15648,199,0,69,5
Monza,1,80.307,10699,15565,206,0,100,5
Monza,1,80.307,10818,15355,210,0,100,5
Monza,1,80.307,10861,15229,217,0,100,5
Monza,1,80.307,10899,15060,219,0,100,5
Monza,1,80.307,10929,14846,226,0,100,5
Monza,1,80.307,10929,14846,232,0,100,5
Monza,1,80.307,10951,14611,237,0,100,6
Monza,1,80.307,10951,14611,242,0,100,6
Monza,1,80.307,10971,14340,249,0,100,6
Monza,1,80.307,10981,14173,252,0,100,6
Monza,1,80.307,11003,13876,258,0,100,6
Monza,1,80.307,11014,13759,261,0,100,6
Monza,1,80.307,11034,13555,264,0,100,6
Monza,1,80.307,11048,13409,265,100,95,6
Monza,1,80.307,11063,13213,241,100,0,6
Monza,1,80.307,11067,13031,219,100,0,6
Monza,1,80.307,11043,12828,197,100,5,5
Monza,1,80.307,11043,12828,193,100,9,5
Monza,1,80.307,10990,12684,184,0,13,5
Monza,1,80.307,10918,12572,186,0,76,5
Monza,1,80.307,10815,12466,191,0,97,5
Monza,1,80.307,10745,12413,200,0,100,5
Monza,1,80.307,10619,12333,206,0,100,5
Monza,1,80.307,10430,12234,212,0,100,5
Monza,1,80.307,10266,12151,216,0,100,5
Monza,1,80.307,10266,12151,228,0,100,5
Monza,1,80.307,9852,11936,237,0,100,6
Monza,1,80.307,9695,11851,246,0,100,6
Monza,1,80.307,9695,11851,250,0,100,6
Monza,1,80.307,9597,11798,254,0,100,6
Monza,1,80.307,9497,11745,260,0,100,6
Monza,1,80.307,9256,11613,264,0,100,6
Monza,1,80.307,8972,11450,271,0,100,7
Monza,1,80.307,8853,11382,277,0,100,7
Monza,1,80.307,8678,11284,280,0,100,7
Monza,1,80.307,8528,11200,284,0,100,7
Monza,1,80.307,8265,11052,289,0,100,7
Monza,1,80.307,8040,10923,292,0,100,7
Monza,1,80.307,7828,10797,297,0,100,8
Monza,1,80.307,7523,10596,299,0,100,8
Monza,1,80.307,7361,10475,304,0,100,8
Monza,1,80.307,7361,10475,305,0,100,8
Monza,1,80.307,7175,10324,307,0,100,8
Monza,1,80.307,7042,10215,311,0,100,8
Monza,1,80.307,6869,10073,312,0,100,8
Monza,1,80.307,6619,9854,314,0,100,8
Monza,1,80.307,6486,9739,317,0,100,8
Monza,1,80.307,6406,9669,319,0,100,8
Monza,1,80.307,6231,9518,322,0,100,8
Monza,1,80.307,6015,9330,324,0,100,8
Monza,1,80.307,5798,9140,325,0,100,8
Monza,1,80.307,5675,9034,327,0,100,8
Monza,1,80.307,5441,8831,328,0,100,8
Monza,1,80.307,5331,8735,329,0,100,8
Monza,1,80.307,5193,8615,331,0,100,8
Monza,1,80.307,4832,8302,332,0,100,8
Monza,1,80.307,4679,8168,333,0,100,8
Monza,1,80.307,4679,8168,333,0,100,8
Monza,1,80.307,4470,7987,334,0,100,8
Monza,1,80.307,4269,7812,334,0,100,8
Monza,1,80.307,4008,7585,335,0,100,8
Monza,1,80.307,3826,7426,334,0,100,8
Monza,1,80.307,3671,7292,334,0,100,8
Monza,1,80.307,3671,7292,335,0,100,8
Monza,1,80.307,3377,7036,335,0,100,8
Monza,1,80.307,3377,7036,335,0,100,8
Monza,1,80.307,3071,6770,335,100,87,8
Monza,1,80.307,2993,6701,297,100,0,8
Monza,1,80.307,2993,6701,262,100,0,8
Monza,1,80.307,2796,6520,239,100,0,8
Monza,1,80.307,2672,6387,225,100,0,8
Monza,1,80.307,2581,6223,204,0,8,5
Monza,1,80.307,2545,6004,193,0,36,5
Monza,1,80.307,2545,5834,194,0,62,5
Monza,1,80.307,2545,5834,198,0,95,5
Monza,1,80.307,2545,5721,205,0,100,5
Monza,1,80.307,2539,5559,217,0,100,5
Monza,1,80.307,2483,5289,223,0,100,6
Monza,1,80.307,2381,5059,232,0,100,6
Monza,1,80.307,2303,4941,235,0,100,6
Monza,1,80.307,2227,4850,238,0,100,6
Monza,1,80.307,2143,4761,246,0,100,6
Monza,1,80.307,2027,4643,253,0,100,6
Monza,1,80.307,2027,4643,255,0,100,6
Monza,1,80.307,1757,3990,256,0,100,6
Monza,1,80.307,1757,3990,256,0,100,6
Monza,1,80.307,1738,3845,256,0,100,7
Monza,1,80.307,1726,3711,267,0,100,7
Monza,1,80.307,1706,3491,273,0,100,7
Monza,1,80.307,1691,3325,276,0,100,7
Monza,1,80.307,1666,3079,280,0,100,7
Monza,1,80.307,1645,2850,282,0,100,7
Monza,1,80.307,1626,2644,287,0,100,7
Monza,1,80.307,1606,2420,291,0,100,7
Monza,1,80.307,1593,2275,293,0,100,7
Monza,1,80.307,1572,2048,294,0,100,7
Monza,1,80.307,1544,1752,296,0,100,7
Monza,1,80.307,1535,1653,298,0,100,8
Monza,1,80.307,1506,1337,301,0,100,8
Monza,1,80.307,1491,1169,304,0,100,8
Monza,1,80.307,1491,1169,305,0,100,8
Monza,1,80.307,1460,834,307,0,100,8
Monza,1,80.307,1446,681,309,0,100,8
Monza,1,80.307,1429,493,311,0,100,8
Monza,1,80.307,1413,321,312,0,100,8
Monza,1,80.307,1396,132,312,0,100,8
Monza,1,80.307,1362,-231,313,0,100,8
Monza,1,80.307,1362,-231,315,0,100,8
Monza,1,80.307,1349,-371,315,0,100,8
Monza,1,80.307,1317,-720,317,0,100,8
Monza,1,80.307,1299,-913,319,0,100,8
Monza,1,80.307,1277,-1155,319,0,100,8
Monza,1,80.307,1248,-1473,320,0,100,8
Monza,1,80.307,1235,-1615,320,0,100,8
Monza,1,80.307,1197,-2023,321,0,100,8
Monza,1,80.307,1197,-2023,322,0,100,8
Monza,1,80.307,1178,-2237,322,0,100,8
Monza,1,80.307,1178,-2237,323,0,100,8
Monza,1,80.307,1145,-2594,323,0,100,8
Monza,1,80.307,1135,-2701,323,0,100,8
Monza,1,80.307,1076,-3345,324,0,100,8
Monza,1,80.307,1053,-3595,324,0,100,8
Monza,1,80.307,1034,-3792,323,0,100,8
Monza,1,80.307,1008,-4060,323,0,100,8
Monza,1,80.307,985,-4274,323,0,100,8
Monza,1,80.307,967,-4434,323,0,100,8
Monza,1,80.307,944,-4612,322,100,100,8
Monza,1,80.307,876,-4985,308,100,0,8
Monza,1,80.307,737,-5379,245,100,0,7
Monza,1,80.307,623,-5543,231,100,8,6
Monza,1,80.307,434,-5697,224,0,10,6
Monza,1,80.307,348,-5740,215,0,21,6
Monza,1,80.307,153,-5794,217,0,76,6
Monza,1,80.307,-4,-5802,223,0,100,6
Monza,1,80.307,-252,-5760,228,0,100,6
Monza,1,80.307,-421,-5696,234,0,100,6
Monza,1,80.307,-560,-5621,238,0,100,6
Monza,1,80.307,-764,-5468,245,0,100,6
Monza,1,80.307,-891,-5342,245,0,100,6
Monza,1,80.307,-891,-5342,250,0,100,6
Monza,1,80.307,-1046,-5144,253,0,100,6
Monza,1,80.307,-1324,-4569,266,0,100,7
Monza,1,80.307,-1324,-4569,269,0,100,7
Monza,1,80.307,-1419,-4220,275,0,100,7
Monza,1,80.307,-1449,-4054,280,0,100,7
Monza,1,80.307,-1477,-3826,281,0,100,7
Monza,1,80.307,-1487,-3684,285,0,100,7
Monza,1,80.307,-1497,-3398,288,0,100,7
Monza,1,80.307,-1497,-3398,289,0,100,7
Monza,1,80.307,-1500,-3108,291,0,100,7
Monza,1,80.307,-1499,-2977,294,0,100,7
Monza,1,80.307,-1496,-2781,295,0,100,7
Monza,1,80.307,-1487,-2448,300,0,100,8
Monza,1,80.307,-1475,-2147,304,0,100,8
Monza,1,80.307,-1466,-1978,305,0,100,8
Monza,1,80.307,-1456,-1792,307,0,100,8
Monza,1,80.307,-1433,-1450,310,0,100,8
Monza,1,80.307,-1414,-1187,312,0,100,8
Monza,1,80.307,-1397,-956,313,0,100,8
Monza,1,80.307,-1375,-694,314,0,100,8
Monza,2,81.93,-1364,-562,315,0,100,8
Monza,2,81.93,-1343,-317,318,0,100,8
Monza,2,81.93,-1326,-123,319,0,100,8
Monza,2,81.93,-1305,106,320,0,100,8
Monza,2,81.93,-1285,337,321,0,100,8
Monza,2,81.93,-1260,622,322,0,100,8
Monza,2,81.93,-1256,676,324,0,100,8
Monza,2,81.93,-1256,676,327,0,100,8
Monza,2,81.93,-1203,1291,327,0,100,8
Monza,2,81.93,-1182,1528,330,0,100,8
Monza,2,81.93,-1171,1656,331,0,100,8
Monza,2,81.93,-1128,2154,334,0,100,8
Monza,2,81.93,-1109,2376,336,0,100,8
Monza,2,81.93,-1090,2600,337,0,100,8
Monza,2,81.93,-1067,2866,338,0,100,8
Monza,2,81.93,-1036,3223,340,0,100,8
Monza,2,81.93,-1004,3599,340,0,100,8
Monza,2,81.93,-981,3864,341,0,100,8
Monza,2,81.93,-981,3864,343,0,100,8
Monza,2,81.93,-966,4034,343,0,100,8
Monza,2,81.93,-939,4357,343,0,100,8
Monza,2,81.93,-919,4585,344,0,100,8
Monza,2,81.93,-886,4967,345,0,100,8
Monza,2,81.93,-886,4967,346,0,100,8
Monza,2,81.93,-856,5311,346,0,100,8
Monza,2,81.93,-832,5599,346,0,100,8
Monza,2,81.93,-810,5848,347,0,100,8
Monza,2,81.93,-794,6033,348,0,100,8
Monza,2,81.93,-760,6442,347,0,100,8
Monza,2,81.93,-737,6710,347,0,100,8
Monza,2,81.93,-737,6710,347,0,100,8
Monza,2,81.93,-710,7033,343,0,100,8
Monza,2,81.93,-710,7033,315,100,0,8
Monza,2,81.93,-645,7800,193,100,0,7
Monza,2,81.93,-638,7870,158,100,0,4
Monza,2,81.93,-638,7870,142,100,0,4
Monza,2,81.93,-604,8058,127,100,0,3
Monza,2,81.93,-604,8058,113,100,0,2
Monza,2,81.93,-570,8149,95,100,0,2
Monza,2,81.93,-570,8149,88,100,0,2
Monza,2,81.93,-409,8299,85,0,0,2
Monza,2,81.93,-409,8299,85,0,0,2
Monza,2,81.93,-332,8315,81,0,8,2
Monza,2,81.93,-332,8315,80,0,14,2
Monza,2,81.93,-256,8335,83,100,23,2
Monza,2,81.93,-198,8375,81,100,0,2
Monza,2,81.93,-198,8375,77,0,0,2
Monza,2,81.93,-160,8441,73,0,0,2
Monza,2,81.93,-147,8500,70,0,0,2
Monza,2,81.93,-147,8500,70,0,4,2
Monza,2,81.93,-143,8539,69,0,16,2
Monza,2,81.93,-141,8592,70,0,21,2
Monza,2,81.93,-148,8667,80,0,38,2
Monza,2,81.93,-169,8771,86,0,44,2
Monza,2,81.93,-199,8887,101,0,53,2
Monza,2,81.93,-214,8945,118,0,68,2
Monza,2,81.93,-214,8945,127,0,73,2
Monza,2,81.93,-240,9043,141,0,80,3
Monza,2,81.93,-296,9260,160,0,100,3
Monza,2,81.93,-296,9260,165,0,100,3
Monza,2,81.93,-296,9260,184,0,100,4
Monza,2,81.93,-397,9769,192,0,100,5
Monza,2,81.93,-397,9769,196,0,100,5
Monza,2,81.93,-397,9769,204,0,100,5
Monza,2,81.93,-414,9931,211,0,100,5
Monza,2,81.93,-422,10089,221,0,100,6
Monza,2,81.93,-426,10228,227,0,100,6
Monza,2,81.93,-427,10279,233,0,100,6
Monza,2,81.93,-423,10611,243,0,100,6
Monza,2,81.93,-413,10819,250,0,100,7
Monza,2,81.93,-390,11103,257,0,100,7
Monza,2,81.93,-390,11103,261,0,100,7
Monza,2,81.93,-342,11471,265,0,100,7
Monza,2,81.93,-342,11471,270,0,100,7
Monza,2,81.93,-305,11661,275,0,100,7
Monza,2,81.93,-261,11839,277,0,100,7
Monza,2,81.93,-154,12164,281,0,100,7
Monza,2,81.93,-154,12164,283,0,100,8
Monza,2,81.93,-40,12424,287,0,100,8
Monza,2,81.93,-4,12496,288,0,100,8
Monza,2,81.93,159,12774,290,0,100,8
Monza,2,81.93,159,12774,292,0,100,8
Monza,2,81.93,300,12973,294,0,100,8
Monza,2,81.93,428,13126,297,0,100,8
Monza,2,81.93,507,13209,300,0,100,8
Monza,2,81.93,742,13422,301,0,100,8
Monza,2,81.93,970,13596,304,0,100,8
Monza,2,81.93,1272,13784,305,0,100,8
Monza,2,81.93,1272,13784,307,0,100,8
Monza,2,81.93,1657,13972,309,0,100,8
Monza,2,81.93,1801,14029,310,0,100,8
Monza,2,81.93,1931,14074,312,0,100,8
Monza,2,81.93,2114,14128,313,0,100,8
Monza,2,81.93,2521,14217,315,0,100,8
Monza,2,81.93,2991,14289,317,0,100,8
Monza,2,81.93,2991,14289,317,0,100,8
Monza,2,81.93,3149,14308,318,0,100,8
Monza,2,81.93,3149,14308,319,0,100,8
Monza,2,81.93,3555,14345,320,0,100,8
Monza,2,81.93,3874,14371,322,0,100,8
Monza,2,81.93,4135,14394,322,0,100,8
Monza,2,81.93,4400,14414,323,0,100,8
Monza,2,81.93,4606,14428,323,0,100,8
Monza,2,81.93,4946,14448,323,0,100,8
Monza,2,81.93,5179,14459,322,0,100,8
Monza,2,81.93,5429,14469,322,0,100,8
Monza,2,81.93,5934,14489,296,100,0,8
Monza,2,81.93,5934,14489,279,100,0,8
Monza,2,81.93,6033,14492,248,100,0,8
Monza,2,81.93,6165,14497,219,100,0,7
Monza,2,81.93,6384,14507,181,100,0,7
Monza,2,81.93,6492,14520,153,100,0,5
Monza,2,81.93,6550,14531,138,100,0,4
Monza,2,81.93,6604,14545,126,100,0,4
Monza,2,81.93,6714,14582,126,100,0,3
Monza,2,81.93,6778,14613,112,100,0,3
Monza,2,81.93,6824,14645,107,0,0,3
Monza,2,81.93,6870,14691,104,0,5,3
Monza,2,81.93,6910,14761,103,0,22,3
Monza,2,81.93,6936,14820,107,0,40,3
Monza,2,81.93,6975,14884,110,0,50,3
Monza,2,81.93,7171,15040,121,0,34,3
Monza,2,81.93,7263,15080,130,0,68,3
Monza,2,81.93,7263,15080,137,0,74,3
Monza,2,81.93,7476,15135,151,0,100,3
Monza,2,81.93,7476,15135,164,0,100,3
Monza,2,81.93,7630,15163,173,0,100,4
Monza,2,81.93,7931,15227,189,0,100,4
Monza,2,81.93,7931,15227,197,0,100,5
Monza,2,81.93,8082,15272,207,0,100,5
Monza,2,81.93,8251,15323,220,0,100,6
Monza,2,81.93,8426,15378,223,0,100,6
Monza,2,81.93,8546,15419,229,0,100,6
Monza,2,81.93,8656,15461,234,0,100,6
Monza,2,81.93,8804,15519,239,0,100,6
Monza,2,81.93,8982,15587,246,0,100,6
Monza,2,81.93,9126,15639,252,0,100,6
Monza,2,81.93,9299,15699,256,0,100,6
Monza,2,81.93,9571,15790,260,100,0,6
Monza,2,81.93,9719,15835,245,100,0,6
Monza,2,81.93,10075,15882,224,100,0,6
Monza,2,81.93,10075,15882,215,100,0,6
Monza,2,81.93,10310,15841,210,100,0,5
Monza,2,81.93,10310,15841,203,0,0,5
Monza,2,81.93,10460,15774,199,0,3,5
Monza,2,81.93,10549,15715,192,0,18,5
Monza,2,81.93,10613,15660,192,0,34,5
Monza,2,81.93,10735,15513,193,0,62,5
Monza,2,81.93,10816,15358,196,0,67,5
Monza,2,81.93,10816,15358,199,0,79,5
Monza,2,81.93,10857,15242,205,0,100,5
Monza,2,81.93,10907,15013,212,0,100,5
Monza,2,81.93,10923,14892,223,0,100,6
Monza,2,81.93,10936,14781,226,0,100,6
Monza,2,81.93,10965,14436,236,0,100,6
Monza,2,81.93,10986,14100,240,0,100,6
Monza,2,81.93,10986,14100,245,0,100,6
Monza,2,81.93,10986,14100,248,0,100,7
Monza,2,81.93,11001,13906,251,0,100,7
Monza,2,81.93,11025,13643,255,0,100,7
Monza,2,81.93,11043,13458,258,100,100,7
Monza,2,81.93,11056,13316,260,100,0,7
Monza,2,81.93,11067,13108,219,100,0,7
Monza,2,81.93,11062,12946,195,100,0,6
Monza,2,81.93,11044,12837,186,100,0,5
Monza,2,81.93,11009,12725,177,0,9,5
Monza,2,81.93,10922,12578,173,0,34,5
Monza,2,81.93,10864,12512,174,0,55,5
Monza,2,81.93,10665,12361,181,0,76,5
Monza,2,81.93,10582,12313,192,0,100,5
Monza,2,81.93,10582,12313,195,0,100,5
Monza,2,81.93,10395,12216,202,0,100,5
Monza,2,81.93,10239,12138,208,0,100,5
Monza,2,81.93,10033,12033,218,0,100,6
Monza,2,81.93,10033,12033,220,0,100,6
Monza,2,81.93,10033,12033,226,0,100,6
Monza,2,81.93,9854,11936,235,0,100,6
Monza,2,81.93,9796,11905,238,0,100,6
Monza,2,81.93,9667,11835,242,0,100,6
Monza,2,81.93,9431,11709,250,0,100,7
Monza,2,81.93,9431,11709,252,0,100,7
Monza,2,81.93,9231,11600,252,0,100,7
Monza,2,81.93,9029,11483,266,0,100,7
Monza,2,81.93,8938,11431,270,0,100,7
Monza,2,81.93,8701,11297,274,0,100,7
Monza,2,81.93,8416,11137,283,0,100,8
Monza,2,81.93,8305,11075,287,0,100,8
Monza,2,81.93,7969,10882,291,0,100,8
Monza,2,81.93,7969,10882,293,0,100,8
Monza,2,81.93,7731,10736,296,0,100,8
Monza,2,81.93,7496,10576,302,0,100,8
Monza,2,81.93,7360,10474,304,0,100,8
Monza,2,81.93,7200,10345,309,0,100,8
Monza,2,81.93,7026,10203,311,0,100,8
Monza,2,81.93,6866,10070,312,0,100,8
Monza,2,81.93,6614,9850,316,0,100,8
Monza,2,81.93,6614,9850,319,0,100,8
Monza,2,81.93,6426,9687,322,0,100,8
Monza,2,81.93,6278,9558,324,0,100,8
Monza,2,81.93,5854,9189,328,0,100,8
Monza,2,81.93,5715,9069,331,0,100,8
Monza,2,81.93,5715,9069,332,0,100,8
Monza,2,81.93,4946,8400,334,0,100,8
Monza,2,81.93,4946,8400,335,0,100,8
Monza,2,81.93,4677,8167,337,0,100,8
Monza,2,81.93,4521,8031,338,0,100,8
Monza,2,81.93,4521,8031,339,0,100,8
Monza,2,81.93,4379,7907,340,0,100,8
Monza,2,81.93,4183,7737,339,0,100,8
Monza,2,81.93,3970,7551,339,0,100,8
Monza,2,81.93,3714,7329,339,0,100,8
Monza,2,81.93,3643,7268,338,0,100,8
Monza,2,81.93,3374,7034,337,0,100,8
Monza,2,81.93,3374,7034,338,0,100,8
Monza,2,81.93,3205,6887,316,100,0,8
Monza,2,81.93,3024,6728,283,100,0,8
Monza,2,81.93,2948,6661,252,100,0,8
Monza,2,81.93,2810,6534,241,100,0,7
Monza,2,81.93,2810,6534,241,100,0,6
Monza,2,81.93,2635,6333,196,100,0,5
Monza,2,81.93,2635,6333,190,100,0,5
Monza,2,81.93,2596,6259,183,0,0,5
Monza,2,81.93,2552,6089,177,0,22,5
Monza,2,81.93,2545,5976,178,0,52,5
Monza,2,81.93,2546,5811,183,0,77,5
Monza,2,81.93,2543,5634,185,0,86,5
Monza,2,81.93,2543,5634,193,0,89,5
Monza,2,81.93,2532,5494,198,0,76,5
Monza,2,81.93,2463,5234,207,0,74,5
Monza,2,81.93,2340,4995,213,0,88,5
Monza,2,81.93,2340,4995,218,0,100,5
Monza,2,81.93,2202,4823,221,0,100,6
Monza,2,81.93,2112,4731,227,0,100,6
Monza,2,81.93,2112,4731,234,0,100,6
Monza,2,81.93,1996,4606,237,0,100,6
Monza,2,81.93,1895,4455,239,0,100,6
Monza,2,81.93,1827,4292,244,0,100,6
Monza,2,81.93,1786,4141,250,0,100,6
Monza,2,81.93,1763,4029,254,0,100,7
Monza,2,81.93,1725,3701,260,0,100,7
Monza,2,81.93,1714,3570,263,0,100,7
Monza,2,81.93,1697,3392,266,0,100,7
Monza,2,81.93,1697,3392,271,0,100,7
Monza,2,81.93,1656,2979,275,0,100,7
Monza,2,81.93,1656,2979,279,0,100,7
Monza,2,81.93,1636,2747,281,0,100,7
Monza,2,81.93,1607,2432,285,0,100,7
Monza,2,81.93,1597,2320,288,0,100,8
Monza,2,81.93,1597,2320,291,0,100,8
Monza,2,81.93,1561,1931,291,0,100,8
Monza,2,81.93,1543,1734,298,0,100,8
Monza,2,81.93,1525,1536,299,0,100,8
Monza,2,81.93,1511,1386,303,0,100,8
Monza,2,81.93,1484,1095,305,0,100,8
Monza,2,81.93,1469,926,306,0,100,8
Monza,2,81.93,1442,637,308,0,100,8
Monza,2,81.93,1399,173,311,0,100,8
Monza,2,81.93,1371,-138,313,0,100,8
Monza,2,81.93,1371,-138,315,0,100,8
Monza,2,81.93,1334,-540,315,0,100,8
Monza,2,81.93,1334,-540,316,0,100,8
Monza,2,81.93,1314,-751,317,0,100,8
Monza,2,81.93,1314,-751,318,0,100,8
Monza,2,81.93,1297,-945,320,0,100,8
Monza,2,81.93,1275,-1178,320,0,100,8
Monza,2,81.93,1255,-1392,323,0,100,8
Monza,2,81.93,1218,-1804,324,0,100,8
Monza,2,81.93,1170,-2326,326,0,100,8
Monza,2,81.93,1155,-2489,327,0,100,8
Monza,2,81.93,1111,-2967,328,0,100,8
Monza,2,81.93,1077,-3330,329,0,100,8
Monza,2,81.93,1059,-3531,330,0,100,8
Monza,2,81.93,1059,-3531,330,0,100,8
Monza,2,81.93,1027,-3860,330,0,100,8
Monza,2,81.93,998,-4152,331,0,100,8
Monza,2,81.93,983,-4298,331,0,100,8
Monza,2,81.93,964,-4463,332,0,100,8
Monza,2,81.93,950,-4571,324,100,0,8
Monza,2,81.93,910,-4820,298,100,0,8
Monza,2,81.93,876,-4983,285,100,0,7
Monza,2,81.93,830,-5151,234,100,0,7
Monza,2,81.93,774,-5301,219,100,0,6
Monza,2,81.93,646,-5516,206,100,0,6
Monza,2,81.93,553,-5611,202,0,17,6
Monza,2,81.93,455,-5684,199,0,39,6
Monza,2,81.93,145,-5795,199,0,55,6
Monza,2,81.93,145,-5795,202,0,59,6
Monza,2,81.93,32,-5802,203,0,67,6
Monza,2,81.93,-172,-5779,209,0,84,6
Monza,2,81.93,-376,-5715,214,0,100,6
Monza,2,81.93,-583,-5606,221,0,100,6
Monza,2,81.93,-635,-5571,225,0,100,6
Monza,2,81.93,-726,-5500,231,0,100,6
Monza,2,81.93,-726,-5500,233,0,100,6
Monza,2,81.93,-914,-5315,241,0,100,6
Monza,2,81.93,-1047,-5142,247,0,100,6
Monza,2,81.93,-1085,-5084,253,0,100,7
Monza,2,81.93,-1213,-4848,257,0,100,7
Monza,2,81.93,-1335,-4537,260,0,100,7
Monza,2,81.93,-1406,-4279,268,0,100,7
Monza,2,81.93,-1406,-4279,271,0,100,7
Monza,2,81.93,-1449,-4054,275,0,100,7
Monza,2,81.93,-1466,-3932,278,0,100,7
Monza,2,81.93,-1481,-3777,281,0,100,7
Monza,2,81.93,-1490,-3636,282,0,100,8
Monza,2,81.93,-1498,-3381,290,0,100,8
Monza,2,81.93,-1500,-3139,292,0,100,8
Monza,2,81.93,-1499,-2976,295,0,100,8
Monza,2,81.93,-1496,-2795,297,0,100,8
Monza,2,81.93,-1496,-2795,299,0,100,8
Monza,2,81.93,-1480,-2270,300,0,100,8
Monza,2,81.93,-1480,-2270,305,0,100,8
Monza,2,81.93,-1466,-1964,307,0,100,8
Monza,2,81.93,-1452,-1725,309,0,100,8
Monza,2,81.93,-1441,-1553,310,0,100,8
Monza,2,81.93,-1421,-1278,311,0,100,8
Monza,2,81.93,-1389,-861,312,0,100,8
Monza,4,80.979,-1377,-711,315,0,99,8
Monza,4,80.979,-1350,-397,316,0,99,8
Monza,4,80.979,-1350,-397,316,0,99,8
Monza,4,80.979,-1323,-99,317,0,99,8
Monza,4,80.979,-1319,-46,318,0,99,8
Monza,4,80.979,-1294,235,320,0,99,8
Monza,4,80.979,-1263,589,322,0,99,8
Monza,4,80.979,-1249,750,323,0,99,8
Monza,4,80.979,-1242,839,323,0,99,8
Monza,4,80.979,-1221,1072,326,0,99,8
Monza,4,80.979,-1178,1578,327,0,99,8
Monza,4,80.979,-1142,1996,329,0,98,8
Monza,4,80.979,-1142,1996,329,0,99,8
Monza,4,80.979,-1112,2343,330,0,99,8
Monza,4,80.979,-1074,2784,331,0,99,8
Monza,4,80.979,-1055,3005,334,0,99,8
Monza,4,80.979,-1055,3005,334,0,99,8
Monza,4,80.979,-1025,3356,334,0,99,8
Monza,4,80.979,-1009,3541,335,0,99,8
Monza,4,80.979,-993,3727,336,0,99,8
Monza,4,80.979,-993,3727,337,0,99,8
Monza,4,80.979,-970,3988,338,0,99,8
Monza,4,80.979,-928,4474,339,0,99,8
Monza,4,80.979,-928,4474,339,0,99,8
Monza,4,80.979,-894,4869,340,0,99,8
Monza,4,80.979,-864,5226,340,0,99,8
Monza,4,80.979,-864,5226,340,0,99,8
Monza,4,80.979,-805,5904,340,0,99,8
Monza,4,80.979,-805,5904,341,0,99,8
Monza,4,80.979,-805,5904,340,0,98,8
Monza,4,80.979,-784,6153,340,0,99,8
Monza,4,80.979,-749,6567,339,0,99,8
Monza,4,80.979,-715,6978,336,100,0,8
Monza,4,80.979,-703,7124,326,100,0,8
Monza,4,80.979,-688,7294,275,100,0,8
Monza,4,80.979,-680,7393,243,100,0,8
Monza,4,80.979,-662,7615,229,100,0,8
Monza,4,80.979,-640,7847,168,100,0,7
Monza,4,80.979,-640,7847,149,100,0,7
Monza,4,80.979,-533,8209,100,100,0,2
Monza,4,80.979,-481,8263,92,100,0,2
Monza,4,80.979,-398,8303,87,0,0,2
Monza,4,80.979,-341,8314,85,0,0,2
Monza,4,80.979,-341,8314,81,0,9,2
Monza,4,80.979,-295,8323,82,0,0,2
Monza,4,80.979,-226,8351,82,0,0,2
Monza,4,80.979,-196,8376,79,0,0,2
Monza,4,80.979,-175,8407,73,0,1,2
Monza,4,80.979,-148,8489,71,0,5,2
Monza,4,80.979,-144,8524,71,0,23,2
Monza,4,80.979,-141,8568,74,0,37,2
Monza,4,80.979,-143,8627,81,0,48,2
Monza,4,80.979,-165,8756,92,0,62,2
Monza,4,80.979,-189,8850,108,0,72,2
Monza,4,80.979,-228,8998,117,0,75,2
Monza,4,80.979,-228,8998,131,0,78,2
Monza,4,80.979,-246,9065,141,0,83,3
Monza,4,80.979,-275,9176,146,0,98,3
Monza,4,80.979,-332,9413,169,0,99,4
Monza,4,80.979,-361,9553,183,0,99,4
Monza,4,80.979,-377,9637,204,0,99,5
Monza,4,80.979,-404,9826,210,0,99,5
Monza,4,80.979,-413,9920,217,0,99,5
Monza,4,80.979,-422,10090,226,0,99,5
Monza,4,80.979,-427,10436,234,0,100,6
Monza,4,80.979,-427,10436,239,0,99,6
Monza,4,80.979,-419,10706,246,0,99,6
Monza,4,80.979,-404,10956,251,0,99,6
Monza,4,80.979,-382,11185,257,0,99,6
Monza,4,80.979,-382,11185,261,0,99,7
Monza,4,80.979,-353,11405,263,0,99,7
Monza,4,80.979,-325,11566,270,0,99,7
Monza,4,80.979,-271,11803,275,0,99,7
Monza,4,80.979,-251,11877,277,0,99,7
Monza,4,80.979,-140,12201,283,0,99,7
Monza,4,80.979,-36,12432,285,0,99,7
Monza,4,80.979,-36,12432,288,0,99,7
Monza,4,80.979,172,12794,291,0,99,7
Monza,4,80.979,285,12953,294,0,99,7
Monza,4,80.979,388,13080,296,0,99,8
Monza,4,80.979,523,13224,298,0,99,8
Monza,4,80.979,694,13382,299,0,99,8
Monza,4,80.979,864,13519,301,0,99,8
Monza,4,80.979,864,13519,303,0,99,8
Monza,4,80.979,864,13519,305,0,99,8
Monza,4,80.979,1486,13895,307,0,99,8
Monza,4,80.979,1486,13895,308,0,99,8
Monza,4,80.979,1785,14023,309,0,99,8
Monza,4,80.979,2013,14100,310,0,99,8
Monza,4,80.979,2013,14100,310,0,99,8
Monza,4,80.979,2254,14163,312,0,99,8
Monza,4,80.979,2544,14221,314,0,99,8
Monza,4,80.979,2785,14260,314,0,99,8
Monza,4,80.979,2975,14287,315,0,99,8
Monza,4,80.979,3149,14308,315,0,99,8
Monza,4,80.979,3428,14334,317,0,99,8
Monza,4,80.979,3727,14359,318,0,99,8
Monza,4,80.979,4026,14384,319,0,99,8
Monza,4,80.979,4208,14399,319,0,99,8
Monza,4,80.979,4580,14426,320,0,99,8
Monza,4,80.979,4580,14426,320,0,99,8
Monza,4,80.979,4758,14437,321,0,99,8
Monza,4,80.979,5114,14456,321,0,99,8
Monza,4,80.979,5114,14456,321,0,99,8
Monza,4,80.979,5363,14467,321,0,99,8
Monza,4,80.979,5505,14472,320,0,97,8
Monza,4,80.979,5832,14485,304,100,0,8
Monza,4,80.979,6038,14492,245,100,0,8
Monza,4,80.979,6206,14498,220,100,0,8
Monza,4,80.979,6303,14502,195,100,0,8
Monza,4,80.979,6354,14505,165,100,0,8
Monza,4,80.979,6504,14522,165,100,0,8
Monza,4,80.979,6602,14544,140,100,0,7
Monza,4,80.979,6737,14591,130,100,0,4
Monza,4,80.979,6743,14594,122,100,0,3
Monza,4,80.979,6877,14700,114,0,5,3
Monza,4,80.979,6913,14766,113,0,34,3
Monza,4,80.979,6969,14876,120,0,53,3
Monza,4,80.979,7007,14923,124,0,23,3
Monza,4,80.979,7097,14998,124,0,30,3
Monza,4,80.979,7177,15044,127,0,46,3
Monza,4,80.979,7222,15064,131,0,59,3
Monza,4,80.979,7292,15089,136,0,77,3
Monza,4,80.979,7490,15138,150,0,90,3
Monza,4,80.979,7597,15157,162,0,99,4
Monza,4,80.979,7634,15164,176,0,99,4
Monza,4,80.979,7977,15240,192,0,99,5
Monza,4,80.979,8063,15266,200,0,99,5
Monza,4,80.979,8280,15332,214,0,99,5
Monza,4,80.979,8280,15332,216,0,99,5
Monza,4,80.979,8424,15377,226,0,99,6
Monza,4,80.979,8568,15427,234,0,99,6
Monza,4,80.979,8788,15512,236,0,99,6
Monza,4,80.979,9499,15766,260,0,99,6
Monza,4,80.979,9812,15858,262,100,0,6
Monza,4,80.979,9812,15858,244,100,0,6
Monza,4,80.979,9915,15877,233,100,0,6
Monza,4,80.979,9915,15877,221,100,0,5
Monza,4,80.979,10419,15796,216,0,0,5
Monza,4,80.979,10419,15796,211,0,0,5
Monza,4,80.979,10516,15738,205,0,3,5
Monza,4,80.979,10595,15677,199,0,38,5
Monza,4,80.979,10595,15677,198,0,70,5
Monza,4,80.979,10745,15498,203,0,87,5
Monza,4,80.979,10789,15418,208,0,90,5
Monza,4,80.979,10854,15253,214,0,99,5
Monza,4,80.979,10876,15172,214,0,99,5
Monza,4,80.979,10921,14915,225,0,99,6
Monza,4,80.979,10937,14764,225,0,99,6
Monza,4,80.979,10948,14647,237,0,99,6
Monza,4,80.979,10957,14541,242,0,99,6
Monza,4,80.979,10968,14379,249,0,99,6
Monza,4,80.979,10988,14074,251,0,99,6
Monza,4,80.979,10988,14074,255,0,99,6
Monza,4,80.979,11003,13879,258,0,99,6
Monza,4,80.979,11023,13659,261,0,99,6
Monza,4,80.979,11023,13659,263,0,98,6
Monza,4,80.979,11049,13398,264,0,0,6
Monza,4,80.979,11059,13276,242,100,0,6
Monza,4,80.979,11068,13054,210,100,0,5
Monza,4,80.979,11053,12877,202,100,0,5
Monza,4,80.979,11053,12877,197,0,0,5
Monza,4,80.979,11021,12755,191,0,3,5
Monza,4,80.979,10907,12558,184,0,30,5
Monza,4,80.979,10907,12558,186,0,44,5
Monza,4,80.979,10745,12413,189,0,93,5
Monza,4,80.979,10578,12311,198,0,99,5
Monza,4,80.979,10487,12263,208,0,99,5
Monza,4,80.979,10266,12151,213,0,99,5
Monza,4,80.979,10054,12044,224,0,99,5
Monza,4,80.979,10054,12044,229,0,99,6
Monza,4,80.979,9919,11971,236,0,99,6
Monza,4,80.979,9673,11838,242,0,99,6
Monza,4,80.979,9673,11838,244,0,99,6
Monza,4,80.979,9419,11703,255,0,99,6
Monza,4,80.979,9104,11527,262,0,99,6
Monza,4,80.979,9104,11527,265,0,100,7
Monza,4,80.979,8988,11460,270,0,100,7
Monza,4,80.979,8440,11151,278,0,99,7
Monza,4,80.979,8109,10963,283,0,99,7
Monza,4,80.979,7913,10848,292,0,99,7
Monza,4,80.979,7913,10848,293,0,99,7
Monza,4,80.979,7745,10745,297,0,99,8
Monza,4,80.979,7447,10540,302,0,99,8
Monza,4,80.979,7248,10384,304,0,99,8
Monza,4,80.979,7248,10384,306,0,99,8
Monza,4,80.979,7036,10210,310,0,99,8
Monza,4,80.979,6798,10011,310,0,99,8
Monza,4,80.979,6693,9919,313,0,99,8
Monza,4,80.979,6481,9735,316,0,99,8
Monza,4,80.979,6375,9642,318,0,99,8
Monza,4,80.979,6228,9514,320,0,99,8
Monza,4,80.979,6066,9374,323,0,99,8
Monza,4,80.979,5863,9197,324,0,99,8
Monza,4,80.979,5741,9091,326,0,99,8
Monza,4,80.979,5522,8901,327,0,99,8
Monza,4,80.979,5522,8901,327,0,98,8
Monza,4,80.979,5316,8722,329,0,99,8
Monza,4,80.979,5081,8517,330,0,99,8
Monza,4,80.979,4831,8300,330,0,99,8
Monza,4,80.979,4831,8300,331,0,99,8
Monza,4,80.979,4706,8192,332,0,99,8
Monza,4,80.979,4386,7914,333,0,99,8
Monza,4,80.979,4386,7914,334,0,99,8
Monza,4,80.979,4169,7724,333,0,99,8
Monza,4,80.979,3875,7469,333,0,99,8
Monza,4,80.979,3638,7264,332,0,99,8
Monza,4,80.979,3319,6986,332,0,99,8
Monza,4,80.979,3319,6986,331,0,99,8
Monza,4,80.979,3224,6903,319,100,0,8
Monza,4,80.979,3083,6781,271,100,0,8
Monza,4,80.979,2857,6579,235,100,0,8
Monza,4,80.979,2722,6445,210,100,0,6
Monza,4,80.979,2617,6303,201,100,3,5
Monza,4,80.979,2577,6210,192,0,18,5
Monza,4,80.979,2545,5995,194,0,53,5
Monza,4,80.979,2546,5804,194,0,74,5
Monza,4,80.979,2545,5692,201,0,99,5
Monza,4,80.979,2527,5461,213,0,99,5
Monza,4,80.979,2527,5461,217,0,95,5
Monza,4,80.979,2465,5240,225,0,97,5
Monza,4,80.979,2416,5125,227,0,99,6
Monza,4,80.979,2303,4941,233,0,100,6
Monza,4,80.979,2037,4655,240,0,99,6
Monza,4,80.979,2037,4655,249,0,99,6
Monza,4,80.979,1884,4434,253,0,99,6
Monza,4,80.979,1827,4290,255,0,99,6
Monza,4,80.979,1827,4290,258,0,99,6
Monza,4,80.979,1755,3976,261,0,99,7
Monza,4,80.979,1729,3742,266,0,99,7
Monza,4,80.979,1718,3623,269,0,99,7
Monza,4,80.979,1698,3397,274,0,99,7
Monza,4,80.979,1679,3214,276,0,99,7
Monza,4,80.979,1679,3214,278,0,99,7
Monza,4,80.979,1653,2945,279,0,99,7
Monza,4,80.979,1653,2945,284,0,99,7
Monza,4,80.979,1632,2708,286,0,99,7
Monza,4,80.979,1618,2549,289,0,99,7
Monza,4,80.979,1603,2389,291,0,99,7
Monza,4,80.979,1578,2113,294,0,99,7
Monza,4,80.979,1557,1884,297,0,99,8
Monza,4,80.979,1535,1653,302,0,99,8
Monza,4,80.979,1519,1469,303,0,99,8
Monza,4,80.979,1444,657,310,0,99,8
Monza,4,80.979,1414,329,311,0,99,8
Monza,4,80.979,1414,329,313,0,99,8
Monza,4,80.979,1383,0,314,0,99,8
Monza,4,80.979,1383,0,315,0,99,8
Monza,4,80.979,1355,-313,316,0,99,8
Monza,4,80.979,1334,-541,317,0,99,8
Monza,4,80.979,1313,-769,317,0,99,8
Monza,4,80.979,1313,-769,318,0,99,8
Monza,4,80.979,1284,-1087,319,0,99,8
Monza,4,80.979,1253,-1423,321,0,99,8
Monza,4,80.979,1253,-1423,321,0,99,8
Monza,4,80.979,1218,-1796,321,0,99,8
Monza,4,80.979,1200,-1992,323,0,99,8
Monza,4,80.979,1186,-2152,323,0,99,8
Monza,4,80.979,1106,-3013,324,0,99,8
Monza,4,80.979,1092,-3174,325,0,99,8
Monza,4,80.979,1068,-3426,325,0,99,8
Monza,4,80.979,1068,-3426,326,0,99,8
Monza,4,80.979,1052,-3606,325,0,99,8
Monza,4,80.979,1035,-3786,325,0,99,8
Monza,4,80.979,1020,-3930,323,0,99,8
Monza,4,80.979,976,-4358,322,0,85,8
Monza,4,80.979,916,-4788,291,100,0,8
Monza,4,80.979,867,-5018,269,100,0,8
Monza,4,80.979,867,-5018,253,100,0,8
Monza,4,80.979,813,-5201,240,100,0,6
Monza,4,80.979,720,-5409,240,0,0,6
Monza,4,80.979,720,-5409,227,0,1,5
Monza,4,80.979,540,-5623,218,0,5,5
Monza,4,80.979,429,-5700,213,0,22,5
Monza,4,80.979,213,-5783,211,0,70,5
Monza,4,80.979,48,-5802,213,0,82,5
Monza,4,80.979,-108,-5792,217,0,87,5
Monza,4,80.979,-276,-5752,222,0,99,5
Monza,4,80.979,-441,-5686,227,0,99,5
Monza,4,80.979,-554,-5624,232,0,99,6
Monza,4,80.979,-620,-5582,236,0,100,6
Monza,4,80.979,-620,-5582,240,0,99,6
Monza,4,80.979,-833,-5402,246,0,100,6
Monza,4,80.979,-1020,-5181,251,0,100,6
Monza,4,80.979,-1104,-5052,251,0,100,6
Monza,4,80.979,-1248,-4770,259,0,99,6
Monza,4,80.979,-1361,-4450,266,0,99,7
Monza,4,80.979,-1361,-4450,266,0,99,7
Monza,4,80.979,-1434,-4142,272,0,99,7
Monza,4,80.979,-1465,-3941,276,0,99,7
Monza,4,80.979,-1465,-3941,280,0,99,7
Monza,4,80.979,-1481,-3777,281,0,99,7
Monza,4,80.979,-1498,-3382,282,0,99,7
Monza,4,80.979,-1499,-2981,293,0,99,7
Monza,4,80.979,-1497,-2851,295,0,99,8
Monza,4,80.979,-1489,-2507,297,0,99,8
Monza,4,80.979,-1474,-2124,301,0,99,8
Monza,4,80.979,-1474,-2124,303,0,99,8
Monza,4,80.979,-1467,-1988,306,0,99,8
Monza,4,80.979,-1447,-1648,307,0,99,8
Monza,4,80.979,-1435,-1477,309,0,99,8
Monza,4,80.979,-1435,-1477,310,0,99,8
Monza,4,80.979,-1422,-1289,311,0,99,8
Monza,4,80.979,-1409,-1118,313,0,99,8
Monza,4,80.979,-1380,-746,315,0,99,8
Monza,10,82.545,-1363,-541,313,0,100,8
Monza,10,82.545,-1344,-324,315,0,100,8
Monza,10,82.545,-1325,-114,316,0,100,8
Monza,10,82.545,-1291,271,318,0,100,8
Monza,10,82.545,-1291,271,319,0,100,8
Monza,10,82.545,-1263,589,320,0,100,8
Monza,10,82.545,-1256,678,321,0,100,8
Monza,10,82.545,-1225,1035,322,0,100,8
Monza,10,82.545,-1225,1035,324,0,100,8
Monza,10,82.545,-1201,1314,326,0,100,8
Monza,10,82.545,-1182,1532,327,0,100,8
Monza,10,82.545,-1173,1640,329,0,100,8
Monza,10,82.545,-1143,1986,330,0,100,8
Monza,10,82.545,-1117,2289,332,0,100,8
Monza,10,82.545,-1078,2732,332,0,100,8
Monza,10,82.545,-1078,2732,334,0,100,8
Monza,10,82.545,-1039,3186,335,0,100,8
Monza,10,82.545,-1024,3363,337,0,100,8
Monza,10,82.545,-1011,3512,338,0,100,8
Monza,10,82.545,-994,3709,338,0,100,8
Monza,10,82.545,-956,4159,339,0,100,8
Monza,10,82.545,-912,4668,341,0,100,8
Monza,10,82.545,-912,4668,342,0,100,8
Monza,10,82.545,-897,4838,342,0,100,8
Monza,10,82.545,-897,4838,343,0,100,8
Monza,10,82.545,-859,5275,344,0,100,8
Monza,10,82.545,-829,5627,345,0,100,8
Monza,10,82.545,-805,5904,345,0,100,8
Monza,10,82.545,-780,6203,346,0,100,8
Monza,10,82.545,-762,6413,347,0,100,8
Monza,10,82.545,-732,6777,346,0,100,8
Monza,10,82.545,-710,7035,344,0,100,8
Monza,10,82.545,-690,7271,293,100,0,8
Monza,10,82.545,-655,7689,231,100,0,6
Monza,10,82.545,-655,7689,205,100,0,6
Monza,10,82.545,-648,7765,182,100,0,5
Monza,10,82.545,-638,7865,170,100,0,4
Monza,10,82.545,-612,8032,138,100,0,4
Monza,10,82.545,-586,8115,120,100,0,3
Monza,10,82.545,-567,8155,113,100,0,2
Monza,10,82.545,-545,8193,113,100,0,2
Monza,10,82.545,-487,8260,91,100,0,2
Monza,10,82.545,-438,8289,88,100,0,2
Monza,10,82.545,-391,8305,86,0,0,2
Monza,10,82.545,-335,8315,79,0,0,2
Monza,10,82.545,-275,8328,77,0,11,2
Monza,10,82.545,-239,8344,77,0,15,2
Monza,10,82.545,-198,8374,78,0,0,2
Monza,10,82.545,-145,8513,72,0,0,2
Monza,10,82.545,-141,8570,70,0,21,2
Monza,10,82.545,-141,8570,71,0,34,2
Monza,10,82.545,-150,8679,77,0,42,2
Monza,10,82.545,-150,8679,82,0,53,2
Monza,10,82.545,-166,8760,92,0,62,2
Monza,10,82.545,-208,8921,104,0,74,2
Monza,10,82.545,-208,8921,112,0,79,2
Monza,10,82.545,-232,9011,122,0,81,2
Monza,10,82.545,-261,9123,140,0,96,3
Monza,10,82.545,-291,9242,156,0,100,3
Monza,10,82.545,-313,9329,161,0,100,3
Monza,10,82.545,-330,9405,170,0,100,3
Monza,10,82.545,-353,9513,170,0,100,4
Monza,10,82.545,-380,9653,195,0,100,4
Monza,10,82.545,-398,9779,202,0,100,4
Monza,10,82.545,-413,9922,215,0,100,5
Monza,10,82.545,-425,10164,224,0,100,5
Monza,10,82.545,-427,10302,229,0,100,5
Monza,10,82.545,-421,10683,239,0,100,5
Monza,10,82.545,-421,10683,241,0,100,6
Monza,10,82.545,-402,10973,248,0,100,6
Monza,10,82.545,-402,10973,253,0,100,6
Monza,10,82.545,-382,11185,257,0,100,6
Monza,10,82.545,-360,11355,261,0,100,6
Monza,10,82.545,-340,11483,266,0,100,6
Monza,10,82.545,-286,11745,272,0,100,6
Monza,10,82.545,-220,11979,274,0,100,7
Monza,10,82.545,-220,11979,278,0,100,7
Monza,10,82.545,-164,12140,280,0,100,7
Monza,10,82.545,-39,12427,285,0,100,7
Monza,10,82.545,34,12568,287,0,100,7
Monza,10,82.545,107,12692,287,0,100,7
Monza,10,82.545,359,13046,291,0,100,7
Monza,10,82.545,651,13345,296,0,100,7
Monza,10,82.545,651,13345,296,0,100,7
Monza,10,82.545,651,13345,298,0,100,7
Monza,10,82.545,830,13493,300,0,100,7
Monza,10,82.545,1090,13676,302,0,100,7
Monza,10,82.545,1271,13784,303,0,100,7
Monza,10,82.545,1420,13863,304,0,100,8
Monza,10,82.545,1683,13983,307,0,100,8
Monza,10,82.545,1932,14075,308,0,100,8
Monza,10,82.545,2107,14126,310,0,100,8
Monza,10,82.545,2321,14178,311,0,100,8
Monza,10,82.545,2628,14236,312,0,100,8
Monza,10,82.545,2791,14261,313,0,100,8
Monza,10,82.545,3216,14315,315,0,100,8
Monza,10,82.545,3373,14330,316,0,100,8
Monza,10,82.545,3373,14330,317,0,100,8
Monza,10,82.545,3706,14357,317,0,100,8
Monza,10,82.545,3970,14380,318,0,100,8
Monza,10,82.545,4280,14405,319,0,100,8
Monza,10,82.545,4280,14405,319,0,100,8
Monza,10,82.545,4280,14405,320,0,100,8
Monza,10,82.545,4564,14425,321,0,100,8
Monza,10,82.545,4653,14431,321,0,100,8
Monza,10,82.545,4857,14443,319,0,100,8
Monza,10,82.545,5202,14460,318,0,100,8
Monza,10,82.545,5202,14460,316,0,100,8
Monza,10,82.545,5482,14471,316,0,100,8
Monza,10,82.545,5748,14482,265,100,0,8
Monza,10,82.545,5855,14486,250,100,0,8
Monza,10,82.545,6081,14494,217,100,0,8
Monza,10,82.545,6304,14502,174,100,0,7
Monza,10,82.545,6378,14507,166,100,0,5
Monza,10,82.545,6563,14534,139,100,0,3
Monza,10,82.545,6563,14534,139,100,0,3
Monza,10,82.545,6678,14568,125,100,0,3
Monza,10,82.545,6782,14615,121,0,0,3
Monza,10,82.545,6829,14648,116,0,0,3
Monza,10,82.545,6879,14703,113,0,0,3
Monza,10,82.545,6915,14772,111,0,27,3
Monza,10,82.545,6952,14848,113,0,49,3
Monza,10,82.545,7025,14941,119,0,43,3
Monza,10,82.545,7025,14941,118,0,41,3
Monza,10,82.545,7098,14998,119,0,41,3
Monza,10,82.545,7161,15035,120,0,52,3
Monza,10,82.545,7371,15112,137,0,79,3
Monza,10,82.545,7449,15129,151,0,100,3
Monza,10,82.545,7449,15129,161,0,100,3
Monza,10,82.545,7956,15234,173,0,100,3
Monza,10,82.545,7956,15234,178,0,100,4
Monza,10,82.545,8150,15293,197,0,100,4
Monza,10,82.545,8269,15329,203,0,100,4
Monza,10,82.545,8269,15329,203,0,100,5
Monza,10,82.545,8377,15362,218,0,100,5
Monza,10,82.545,8504,15405,225,0,100,5
Monza,10,82.545,8683,15471,233,0,100,5
Monza,10,82.545,8904,15558,240,0,100,5
Monza,10,82.545,8960,15579,245,0,100,6
Monza,10,82.545,9213,15669,249,0,100,6
Monza,10,82.545,9213,15669,250,0,100,6
Monza,10,82.545,9364,15721,252,0,100,6
Monza,10,82.545,9564,15787,254,0,100,6
Monza,10,82.545,9683,15825,246,100,0,6
Monza,10,82.545,9858,15868,233,100,0,6
Monza,10,82.545,9858,15868,221,100,0,5
Monza,10,82.545,10147,15876,210,100,0,5
Monza,10,82.545,10147,15876,202,100,0,5
Monza,10,82.545,10249,15858,197,0,0,5
Monza,10,82.545,10424,15794,192,0,18,5
Monza,10,82.545,10522,15734,185,0,25,5
Monza,10,82.545,10646,15627,186,0,79,5
Monza,10,82.545,10756,15480,190,0,80,5
Monza,10,82.545,10756,15480,194,0,80,5
Monza,10,82.545,10816,15358,195,0,80,5
Monza,10,82.545,10892,15096,207,0,100,5
Monza,10,82.545,10931,14822,219,0,100,5
Monza,10,82.545,10931,14822,222,0,100,5
Monza,10,82.545,10953,14596,229,0,100,5
Monza,10,82.545,10962,14466,234,0,100,5
Monza,10,82.545,10962,14466,236,0,100,5
Monza,10,82.545,10974,14294,241,0,100,6
Monza,10,82.545,10986,14096,246,0,100,6
Monza,10,82.545,11000,13916,252,0,100,6
Monza,10,82.545,11015,13751,255,0,100,6
Monza,10,82.545,11025,13645,256,0,100,6
Monza,10,82.545,11055,13325,235,100,0,6
Monza,10,82.545,11064,13207,228,100,0,6
Monza,10,82.545,11068,13075,209,100,0,5
Monza,10,82.545,11068,13075,192,100,0,5
Monza,10,82.545,11035,12799,188,0,0,5
Monza,10,82.545,11035,12799,182,0,0,5
Monza,10,82.545,10980,12664,179,0,0,4
Monza,10,82.545,10860,12508,182,0,36,4
Monza,10,82.545,10809,12462,175,0,76,4
Monza,10,82.545,10809,12462,181,0,87,4
Monza,10,82.545,10602,12324,193,0,100,4
Monza,10,82.545,10480,12259,198,0,100,4
Monza,10,82.545,10363,12200,205,0,100,4
Monza,10,82.545,10269,12153,215,0,100,5
Monza,10,82.545,10080,12057,220,0,100,5
Monza,10,82.545,9985,12007,232,0,100,5
Monza,10,82.545,9786,11900,238,0,100,6
Monza,10,82.545,9457,11723,244,0,100,6
Monza,10,82.545,9229,11598,253,0,100,6
Monza,10,82.545,9229,11598,258,0,100,6
Monza,10,82.545,8944,11434,259,0,100,6
Monza,10,82.545,8944,11434,266,0,100,6
Monza,10,82.545,8781,11341,268,0,100,6
Monza,10,82.545,8781,11341,272,0,100,7
Monza,10,82.545,8635,11260,275,0,100,7
Monza,10,82.545,8377,11115,281,0,100,7
Monza,10,82.545,8212,11021,288,0,100,7
Monza,10,82.545,7891,10835,294,0,100,7
Monza,10,82.545,7497,10577,299,0,100,7
Monza,10,82.545,7361,10475,302,0,100,8
Monza,10,82.545,7116,10275,307,0,100,8
Monza,10,82.545,6851,10057,310,0,100,8
Monza,10,82.545,6701,9926,312,0,100,8
Monza,10,82.545,6701,9926,314,0,100,8
Monza,10,82.545,6469,9724,318,0,100,8
Monza,10,82.545,6255,9538,320,0,100,8
Monza,10,82.545,6147,9444,322,0,100,8
Monza,10,82.545,6018,9332,324,0,100,8
Monza,10,82.545,5944,9267,325,0,100,8
Monza,10,82.545,5738,9089,326,0,100,8
Monza,10,82.545,5552,8927,329,0,100,8
Monza,10,82.545,5372,8771,331,0,100,8
Monza,10,82.545,5199,8620,333,0,100,8
Monza,10,82.545,4891,8352,334,0,100,8
Monza,10,82.545,4723,8206,336,0,100,8
Monza,10,82.545,4568,8071,336,0,100,8
Monza,10,82.545,4146,7705,337,0,100,8
Monza,10,82.545,4146,7705,337,0,100,8
Monza,10,82.545,4004,7582,338,0,100,8
Monza,10,82.545,3757,7367,336,0,100,8
Monza,10,82.545,3504,7146,335,0,100,8
Monza,10,82.545,3238,6915,335,0,100,8
Monza,10,82.545,3171,6857,314,100,22,8
Monza,10,82.545,3054,6755,296,100,0,8
Monza,10,82.545,3054,6755,266,100,0,8
Monza,10,82.545,2848,6570,232,100,0,7
Monza,10,82.545,2709,6430,216,100,0,5
Monza,10,82.545,2674,6389,201,100,0,5
Monza,10,82.545,2581,6222,194,0,0,5
Monza,10,82.545,2544,5980,190,0,0,5
Monza,10,82.545,2546,5793,185,0,54,5
Monza,10,82.545,2546,5793,184,0,59,5
Monza,10,82.545,2543,5636,188,0,79,5
Monza,10,82.545,2537,5545,195,0,84,5
Monza,10,82.545,2524,5444,197,0,80,5
Monza,10,82.545,2500,5344,197,0,85,5
Monza,10,82.545,2441,5180,205,0,83,5
Monza,10,82.545,2362,5027,210,0,100,5
Monza,10,82.545,2293,4929,216,0,100,5
Monza,10,82.545,2205,4826,224,0,100,5
Monza,10,82.545,2205,4826,226,0,100,5
Monza,10,82.545,1933,4520,237,0,100,5
Monza,10,82.545,1933,4520,241,0,100,6
Monza,10,82.545,1829,4297,245,0,100,6
Monza,10,82.545,1779,4107,251,0,100,6
Monza,10,82.545,1754,3969,253,0,100,6
Monza,10,82.545,1729,3741,259,0,100,6
Monza,10,82.545,1698,3400,266,0,100,6
Monza,10,82.545,1672,3141,269,0,100,6
Monza,10,82.545,1653,2941,273,0,100,7
Monza,10,82.545,1638,2773,276,0,100,7
Monza,10,82.545,1638,2773,279,0,100,7
Monza,10,82.545,1601,2361,283,0,100,7
Monza,10,82.545,1548,1795,293,0,100,7
Monza,10,82.545,1530,1592,294,0,100,7
Monza,10,82.545,1491,1166,298,0,100,7
Monza,10,82.545,1470,942,300,0,100,7
Monza,10,82.545,1470,942,301,0,100,7
Monza,10,82.545,1447,692,302,0,100,7
Monza,10,82.545,1432,525,303,0,100,8
Monza,10,82.545,1419,382,305,0,100,8
Monza,10,82.545,1385,18,306,0,100,8
Monza,10,82.545,1377,-66,308,0,100,8
Monza,10,82.545,1341,-459,310,0,100,8
Monza,10,82.545,1313,-769,312,0,100,8
Monza,10,82.545,1313,-769,313,0,100,8
Monza,10,82.545,1287,-1046,314,0,100,8
Monza,10,82.545,1271,-1220,314,0,100,8
Monza,10,82.545,1235,-1613,317,0,100,8
Monza,10,82.545,1210,-1885,318,0,100,8
Monza,10,82.545,1179,-2228,318,0,100,8
Monza,10,82.545,1143,-2617,320,0,100,8
Monza,10,82.545,1143,-2617,320,0,100,8
Monza,10,82.545,1119,-2877,321,0,100,8
Monza,10,82.545,1103,-3046,322,0,100,8
Monza,10,82.545,1079,-3313,322,0,100,8
Monza,10,82.545,1061,-3510,322,0,100,8
Monza,10,82.545,1033,-3804,323,0,100,8
Monza,10,82.545,1003,-4107,323,0,100,8
Monza,10,82.545,996,-4169,321,0,100,8
Monza,10,82.545,947,-4591,319,0,100,8
Monza,10,82.545,947,-4591,314,100,100,8
Monza,10,82.545,919,-4772,301,100,0,8
Monza,10,82.545,891,-4918,269,100,0,8
Monza,10,82.545,857,-5059,251,100,0,7
Monza,10,82.545,787,-5271,240,100,0,6
Monza,10,82.545,741,-5372,231,100,0,5
Monza,10,82.545,741,-5372,224,100,0,5
Monza,10,82.545,605,-5562,219,0,0,5
Monza,10,82.545,370,-5730,214,0,0,5
Monza,10,82.545,370,-5730,206,0,0,5
Monza,10,82.545,227,-5780,200,0,70,5
Monza,10,82.545,82,-5801,204,0,82,5
Monza,10,82.545,-67,-5797,207,0,82,5
Monza,10,82.545,-159,-5782,209,0,87,5
Monza,10,82.545,-285,-5749,218,0,100,5
Monza,10,82.545,-684,-5535,225,0,100,5
Monza,10,82.545,-740,-5490,230,0,100,5
Monza,10,82.545,-740,-5490,233,0,100,5
Monza,10,82.545,-863,-5372,239,0,100,5
Monza,10,82.545,-1188,-4900,254,0,100,6
Monza,10,82.545,-1259,-4744,259,0,100,6
Monza,10,82.545,-1351,-4485,261,0,100,6
Monza,10,82.545,-1389,-4350,264,0,100,6
Monza,10,82.545,-1417,-4227,270,0,100,6
Monza,10,82.545,-1461,-3966,272,0,100,6
Monza,10,82.545,-1466,-3926,277,0,100,7
Monza,10,82.545,-1495,-3506,281,0,100,7
Monza,10,82.545,-1495,-3506,284,0,100,7
Monza,10,82.545,-1500,-3093,289,0,100,7
Monza,10,82.545,-1498,-2932,291,0,100,7
Monza,10,82.545,-1492,-2598,295,0,100,7
Monza,10,82.545,-1485,-2385,298,0,100,7
Monza,10,82.545,-1472,-2095,299,0,100,7
Monza,10,82.545,-1466,-1970,301,0,100,7
Monza,10,82.545,-1450,-1703,302,0,100,8
Monza,10,82.545,-1438,-1518,303,0,100,8
Monza,10,82.545,-1414,-1181,304,0,100,8
Monza,10,82.545,-1402,-1029,306,0,100,8
Monza,10,82.545,-1385,-811,307,0,100,8
Monza,11,80.688,-1350,-403,317,0,100,8
Monza,11,80.688,-1330,-174,319,0,100,8
Monza,11,80.688,-1310,54,320,0,100,8
Monza,11,80.688,-1291,267,321,0,100,8
Monza,11,80.688,-1269,517,322,0,100,8
Monza,11,80.688,-1252,714,323,0,100,8
Monza,11,80.688,-1252,714,325,0,100,8
Monza,11,80.688,-1226,1020,326,0,100,8
Monza,11,80.688,-1190,1437,329,0,100,8
Monza,11,80.688,-1141,2003,329,0,100,8
Monza,11,80.688,-1141,2003,332,0,100,8
Monza,11,80.688,-1129,2150,333,0,100,8
Monza,11,80.688,-1106,2409,335,0,100,8
Monza,11,80.688,-1082,2690,336,0,100,8
Monza,11,80.688,-1058,2964,336,0,100,8
Monza,11,80.688,-1042,3150,336,0,100,8
Monza,11,80.688,-1018,3430,338,0,100,8
Monza,11,80.688,-1018,3430,338,0,100,8
Monza,11,80.688,-988,3786,339,0,100,8
Monza,11,80.688,-970,3993,340,0,100,8
Monza,11,80.688,-957,4143,340,0,100,8
Monza,11,80.688,-915,4634,341,0,100,8
Monza,11,80.688,-897,4842,342,0,100,8
Monza,11,80.688,-880,5031,342,0,100,8
Monza,11,80.688,-880,5031,342,0,100,8
Monza,11,80.688,-849,5392,343,0,100,8
Monza,11,80.688,-820,5734,343,0,100,8
Monza,11,80.688,-805,5905,343,0,100,8
Monza,11,80.688,-774,6269,344,0,100,8
Monza,11,80.688,-741,6669,344,0,100,8
Monza,11,80.688,-709,7049,343,0,100,8
Monza,11,80.688,-693,7244,311,100,0,8
Monza,11,80.688,-682,7373,276,100,0,8
Monza,11,80.688,-669,7526,229,100,0,7
Monza,11,80.688,-652,7727,194,100,0,7
Monza,11,80.688,-635,7895,172,100,0,5
Monza,11,80.688,-628,7945,141,100,0,3
Monza,11,80.688,-587,8112,124,100,0,2
Monza,11,80.688,-528,8216,113,100,0,2
Monza,11,80.688,-495,8252,105,100,0,2
Monza,11,80.688,-446,8285,95,100,0,2
Monza,11,80.688,-446,8285,87,100,0,2
Monza,11,80.688,-396,8303,87,0,0,2
Monza,11,80.688,-333,8316,84,0,0,2
Monza,11,80.688,-297,8323,78,0,26,2
Monza,11,80.688,-255,8336,80,100,0,2
Monza,11,80.688,-188,8387,76,0,0,2
Monza,11,80.688,-157,8452,74,0,0,2
Monza,11,80.688,-157,8452,69,0,4,2
Monza,11,80.688,-142,8546,66,0,14,2
Monza,11,80.688,-142,8595,70,0,31,2
Monza,11,80.688,-147,8659,75,0,39,2
Monza,11,80.688,-165,8754,84,0,55,2
Monza,11,80.688,-165,8754,92,0,63,2
Monza,11,80.688,-204,8905,111,0,82,2
Monza,11,80.688,-221,8971,131,0,92,2
Monza,11,80.688,-262,9126,141,0,100,3
Monza,11,80.688,-285,9218,158,0,100,3
Monza,11,80.688,-316,9344,167,0,100,3
Monza,11,80.688,-347,9481,177,0,100,4
Monza,11,80.688,-347,9481,190,0,100,4
Monza,11,80.688,-382,9671,190,0,100,4
Monza,11,80.688,-382,9671,201,0,100,4
Monza,11,80.688,-411,9900,211,0,100,5
Monza,11,80.688,-420,10044,221,0,100,5
Monza,11,80.688,-427,10311,232,0,100,5
Monza,11,80.688,-427,10443,240,0,100,6
Monza,11,80.688,-422,10632,245,0,100,6
Monza,11,80.688,-416,10770,250,0,100,6
Monza,11,80.688,-403,10967,254,0,100,6
Monza,11,80.688,-382,11183,260,0,100,6
Monza,11,80.688,-334,11518,267,0,100,7
Monza,11,80.688,-334,11518,270,0,100,7
Monza,11,80.688,-287,11739,273,0,100,7
Monza,11,80.688,-234,11931,276,0,100,7
Monza,11,80.688,-164,12137,280,0,100,7
Monza,11,80.688,-118,12253,284,0,100,7
Monza,11,80.688,-32,12440,286,0,100,7
Monza,11,80.688,106,12691,287,0,100,7
Monza,11,80.688,241,12893,290,0,100,7
Monza,11,80.688,241,12893,292,0,100,7
Monza,11,80.688,638,13333,296,0,100,7
Monza,11,80.688,804,13473,298,0,100,8
Monza,11,80.688,804,13473,300,0,100,8
Monza,11,80.688,911,13553,301,0,100,8
Monza,11,80.688,1020,13630,303,0,100,8
Monza,11,80.688,1294,13796,305,0,100,8
Monza,11,80.688,1630,13960,306,0,100,8
Monza,11,80.688,1772,14018,308,0,100,8
Monza,11,80.688,1982,14090,309,0,100,8
Monza,11,80.688,2165,14141,310,0,100,8
Monza,11,80.688,2486,14211,312,0,100,8
Monza,11,80.688,2761,14257,313,0,100,8
Monza,11,80.688,3020,14292,314,0,100,8
Monza,11,80.688,3403,14332,315,0,100,8
Monza,11,80.688,3613,14349,316,0,100,8
Monza,11,80.688,3613,14349,317,0,100,8
Monza,11,80.688,3859,14370,317,0,100,8
Monza,11,80.688,4035,14385,318,0,100,8
Monza,11,80.688,4270,14404,319,0,100,8
Monza,11,80.688,4596,14427,320,0,100,8
Monza,11,80.688,4774,14438,320,0,100,8
Monza,11,80.688,4880,14444,320,0,100,8
Monza,11,80.688,5111,14456,320,0,100,8
Monza,11,80.688,5395,14468,319,0,100,8
Monza,11,80.688,5678,14479,319,0,100,8
Monza,11,80.688,5833,14485,283,100,0,8
Monza,11,80.688,6089,14494,251,100,0,8
Monza,11,80.688,6191,14498,223,100,0,8
Monza,11,80.688,6303,14502,172,100,0,8
Monza,11,80.688,6534,14527,161,100,0,7
Monza,11,80.688,6615,14548,146,100,0,4
Monza,11,80.688,6615,14548,127,100,0,3
Monza,11,80.688,6713,14581,123,100,0,3
Monza,11,80.688,6790,14620,115,0,2,3
Monza,11,80.688,6860,14679,109,0,5,3
Monza,11,80.688,6901,14741,107,0,25,3
Monza,11,80.688,6930,14805,108,0,50,3
Monza,11,80.688,6930,14805,111,0,63,3
Monza,11,80.688,7005,14921,121,0,51,3
Monza,11,80.688,7005,14921,125,0,31,3
Monza,11,80.688,7126,15016,126,0,34,3
Monza,11,80.688,7170,15040,128,0,49,3
Monza,11,80.688,7170,15040,135,0,89,3
Monza,11,80.688,7297,15091,143,0,90,3
Monza,11,80.688,7420,15123,153,0,100,3
Monza,11,80.688,7582,15155,170,0,100,4
Monza,11,80.688,7782,15191,188,0,100,4
Monza,11,80.688,7939,15229,194,0,100,4
Monza,11,80.688,7939,15229,198,0,100,4
Monza,11,80.688,8048,15261,208,0,100,5
Monza,11,80.688,8206,15310,218,0,100,5
Monza,11,80.688,8470,15393,229,0,100,5
Monza,11,80.688,8714,15483,239,0,100,6
Monza,11,80.688,8852,15538,244,0,100,6
Monza,11,80.688,8967,15582,248,0,100,6
Monza,11,80.688,9084,15625,251,0,100,6
Monza,11,80.688,9244,15680,258,0,100,6
Monza,11,80.688,9244,15680,261,0,100,6
Monza,11,80.688,9958,15881,261,100,0,6
Monza,11,80.688,9958,15881,245,100,0,6
Monza,11,80.688,10083,15882,232,100,0,6
Monza,11,80.688,10191,15870,214,100,8,5
Monza,11,80.688,10359,15823,203,0,17,5
Monza,11,80.688,10470,15769,199,0,27,5
Monza,11,80.688,10610,15663,198,0,37,5
Monza,11,80.688,10730,15521,197,0,82,5
Monza,11,80.688,10801,15392,202,0,100,5
Monza,11,80.688,10858,15237,213,0,100,5
Monza,11,80.688,10885,15131,217,0,100,5
Monza,11,80.688,10914,14962,217,0,100,5
Monza,11,80.688,10940,14733,227,0,100,5
Monza,11,80.688,10947,14655,234,0,100,5
Monza,11,80.688,10967,14402,241,0,100,6
Monza,11,80.688,10975,14266,245,0,100,6
Monza,11,80.688,10975,14266,250,0,100,6
Monza,11,80.688,10991,14028,254,0,100,6
Monza,11,80.688,11001,13900,257,0,100,6
Monza,11,80.688,11014,13760,261,0,100,6
Monza,11,80.688,11028,13614,264,0,100,6
Monza,11,80.688,11044,13453,267,0,100,6
Monza,11,80.688,11066,13168,264,100,100,6
Monza,11,80.688,11066,13168,239,100,0,6
Monza,11,80.688,11068,13072,211,100,0,6
Monza,11,80.688,11048,12855,196,100,8,5
Monza,11,80.688,11017,12746,190,0,17,5
Monza,11,80.688,10948,12613,185,0,30,5
Monza,11,80.688,10825,12475,183,0,82,5
Monza,11,80.688,10759,12423,190,0,100,5
Monza,11,80.688,10537,12289,200,0,100,5
Monza,11,80.688,10537,12289,204,0,100,5
Monza,11,80.688,10411,12224,209,0,100,5
Monza,11,80.688,10411,12224,215,0,100,5
Monza,11,80.688,10192,12114,225,0,100,5
Monza,11,80.688,10124,12080,227,0,100,5
Monza,11,80.688,9731,11870,241,0,100,6
Monza,11,80.688,9537,11766,250,0,100,6
Monza,11,80.688,9400,11693,254,0,100,6
Monza,11,80.688,9211,11588,263,0,100,6
Monza,11,80.688,9058,11500,267,0,100,6
Monza,11,80.688,8941,11433,272,0,100,7
Monza,11,80.688,8810,11358,275,0,100,7
Monza,11,80.688,8499,11184,282,0,100,7
Monza,11,80.688,8083,10948,290,0,100,7
Monza,11,80.688,7858,10816,296,0,100,7
Monza,11,80.688,7581,10636,298,0,100,8
Monza,11,80.688,7471,10558,303,0,100,8
Monza,11,80.688,7242,10379,305,0,100,8
Monza,11,80.688,7069,10237,308,0,100,8
Monza,11,80.688,6805,10017,312,0,100,8
Monza,11,80.688,6621,9856,316,0,100,8
Monza,11,80.688,6461,9717,318,0,100,8
Monza,11,80.688,6207,9496,320,0,100,8
Monza,11,80.688,6031,9344,321,0,100,8
Monza,11,80.688,6031,9344,323,0,100,8
Monza,11,80.688,5787,9131,324,0,100,8
Monza,11,80.688,5183,8607,329,0,100,8
Monza,11,80.688,5183,8607,330,0,100,8
Monza,11,80.688,4851,8317,331,0,100,8
Monza,11,80.688,4698,8184,332,0,100,8
Monza,11,80.688,4503,8015,333,0,100,8
Monza,11,80.688,4400,7925,333,0,100,8
Monza,11,80.688,4100,7665,334,0,100,8
Monza,11,80.688,4100,7665,333,0,100,8
Monza,11,80.688,3848,7445,334,0,100,8
Monza,11,80.688,3735,7348,335,0,100,8
Monza,11,80.688,3566,7201,336,0,100,8
Monza,11,80.688,3285,6956,336,0,100,8
Monza,11,80.688,3040,6743,298,100,0,8
Monza,11,80.688,2935,6649,263,100,0,8
Monza,11,80.688,2819,6543,254,100,0,7
Monza,11,80.688,2657,6366,217,100,0,6
Monza,11,80.688,2580,6221,200,0,2,5
Monza,11,80.688,2548,6062,191,100,16,5
Monza,11,80.688,2544,5893,190,0,59,5
Monza,11,80.688,2546,5761,192,0,100,5
Monza,11,80.688,2545,5673,196,0,100,5
Monza,11,80.688,2545,5673,203,0,100,5
Monza,11,80.688,2527,5466,213,0,100,5
Monza,11,80.688,2459,5224,218,0,100,5
Monza,11,80.688,2380,5057,225,0,100,5
Monza,11,80.688,2191,4810,232,0,100,5
Monza,11,80.688,2191,4810,237,0,100,6
Monza,11,80.688,2020,4635,241,0,100,6
Monza,11,80.688,2020,4635,247,0,100,6
Monza,11,80.688,1897,4460,249,0,100,6
Monza,11,80.688,1897,4460,253,0,100,6
Monza,11,80.688,1735,3809,256,0,100,6
Monza,11,80.688,1735,3809,259,0,100,6
Monza,11,80.688,1735,3809,259,0,100,6
Monza,11,80.688,1708,3503,259,0,100,6
Monza,11,80.688,1708,3503,267,0,100,7
Monza,11,80.688,1693,3353,274,0,100,7
Monza,11,80.688,1675,3171,276,0,100,7
Monza,11,80.688,1654,2954,279,0,100,7
Monza,11,80.688,1623,2608,283,0,100,7
Monza,11,80.688,1623,2608,287,0,100,7
Monza,11,80.688,1604,2402,290,0,100,7
Monza,11,80.688,1588,2225,292,0,100,7
Monza,11,80.688,1563,1949,295,0,100,7
Monza,11,80.688,1547,1785,296,0,100,7
Monza,11,80.688,1522,1505,299,0,100,8
Monza,11,80.688,1522,1505,300,0,100,8
Monza,11,80.688,1494,1205,303,0,100,8
Monza,11,80.688,1462,852,305,0,100,8
Monza,11,80.688,1426,461,309,0,100,8
Monza,11,80.688,1415,341,310,0,100,8
Monza,11,80.688,1393,100,311,0,100,8
Monza,11,80.688,1380,-37,313,0,100,8
Monza,11,80.688,1340,-470,315,0,100,8
Monza,11,80.688,1324,-645,316,0,100,8
Monza,11,80.688,1297,-942,316,0,100,8
Monza,11,80.688,1274,-1188,318,0,100,8
Monza,11,80.688,1261,-1329,318,0,100,8
Monza,11,80.688,1235,-1611,319,0,100,8
Monza,11,80.688,1214,-1841,320,0,100,8
Monza,11,80.688,1185,-2160,321,0,100,8
Monza,11,80.688,1185,-2160,321,0,100,8
Monza,11,80.688,1157,-2462,321,0,100,8
Monza,11,80.688,1123,-2834,322,0,100,8
Monza,11,80.688,1123,-2834,322,0,100,8
Monza,11,80.688,1115,-2924,323,0,100,8
Monza,11,80.688,1079,-3317,323,0,100,8
Monza,11,80.688,1079,-3317,323,0,100,8
Monza,11,80.688,1062,-3496,325,0,100,8
Monza,11,80.688,1017,-3961,324,0,100,8
Monza,11,80.688,1017,-3961,324,0,100,8
Monza,11,80.688,1008,-4051,324,0,100,8
Monza,11,80.688,986,-4265,323,0,100,8
Monza,11,80.688,964,-4461,323,0,100,8
Monza,11,80.688,940,-4639,323,100,100,8
Monza,11,80.688,852,-5075,293,100,0,8
Monza,11,80.688,796,-5248,255,100,0,8
Monza,11,80.688,732,-5389,235,100,6,6
Monza,11,80.688,602,-5566,224,0,14,6
Monza,11,80.688,346,-5741,214,0,51,6
Monza,11,80.688,128,-5797,214,0,79,6
Monza,11,80.688,-89,-5794,223,0,100,6
Monza,11,80.688,-498,-5657,230,0,100,6
Monza,11,80.688,-631,-5575,237,0,100,6
Monza,11,80.688,-874,-5361,245,0,100,6
Monza,11,80.688,-1006,-5200,248,0,100,6
Monza,11,80.688,-1099,-5060,254,0,100,6
Monza,11,80.688,-1099,-5060,257,0,100,6
Monza,11,80.688,-1221,-4832,260,0,100,6
Monza,11,80.688,-1278,-4697,263,0,100,6
Monza,11,80.688,-1288,-4670,264,0,100,7
Monza,11,80.688,-1333,-4544,267,0,100,7
Monza,11,80.688,-1418,-4224,270,0,100,7
Monza,11,80.688,-1418,-4224,275,0,100,7
Monza,11,80.688,-1463,-3952,277,0,100,7
Monza,11,80.688,-1472,-3875,281,0,100,7
Monza,11,80.688,-1487,-3687,284,0,100,7
Monza,11,80.688,-1497,-3418,288,0,100,7
Monza,11,80.688,-1500,-3194,288,0,100,7
Monza,11,80.688,-1499,-3033,291,0,100,7
Monza,11,80.688,-1494,-2707,293,0,100,7
Monza,11,80.688,-1494,-2707,293,0,100,8
Monza,11,80.688,-1490,-2555,298,0,100,8
Monza,11,80.688,-1475,-2155,302,0,100,8
Monza,11,80.688,-1468,-2003,304,0,100,8
Monza,11,80.688,-1450,-1698,307,0,100,8
Monza,11,80.688,-1428,-1373,311,0,100,8
Monza,11,80.688,-1394,-920,312,0,100,8
Monza,11,80.688,-1394,-920,314,0,100,8
Monza,14,81.417,-1357,-483,316,0,100,8
Monza,14,81.417,-1339,-272,318,0,100,8
Monza,14,81.417,-1339,-272,319,0,100,8
Monza,14,81.417,-1309,63,320,0,100,8
Monza,14,81.417,-1293,240,321,0,100,8
Monza,14,81.417,-1278,418,321,0,100,8
Monza,14,81.417,-1278,418,322,0,100,8
Monza,14,81.417,-1256,668,325,0,100,8
Monza,14,81.417,-1216,1137,327,0,100,8
Monza,14,81.417,-1216,1137,328,0,100,8
Monza,14,81.417,-1183,1519,330,0,100,8
Monza,14,81.417,-1153,1867,332,0,100,8
Monza,14,81.417,-1153,1867,332,0,100,8
Monza,14,81.417,-1096,2531,334,0,100,8
Monza,14,81.417,-1096,2531,334,0,100,8
Monza,14,81.417,-1096,2531,335,0,100,8
Monza,14,81.417,-1078,2743,336,0,100,8
Monza,14,81.417,-1042,3152,337,0,100,8
Monza,14,81.417,-1007,3564,340,0,100,8
Monza,14,81.417,-994,3715,341,0,100,8
Monza,14,81.417,-978,3903,341,0,100,8
Monza,14,81.417,-965,4054,342,0,100,8
Monza,14,81.417,-937,4376,342,0,99,8
Monza,14,81.417,-899,4812,343,0,100,8
Monza,14,81.417,-899,4812,343,0,100,8
Monza,14,81.417,-803,5935,345,0,100,8
Monza,14,81.417,-779,6221,344,0,100,8
Monza,14,81.417,-745,6621,343,0,100,8
Monza,14,81.417,-726,6848,343,0,100,8
Monza,14,81.417,-726,6848,342,0,100,8
Monza,14,81.417,-710,7036,324,100,0,8
Monza,14,81.417,-686,7325,289,100,0,8
Monza,14,81.417,-678,7423,244,100,0,8
Monza,14,81.417,-668,7541,229,100,0,7
Monza,14,81.417,-647,7775,181,100,0,6
Monza,14,81.417,-639,7858,150,100,0,4
Monza,14,81.417,-628,7947,136,100,0,4
Monza,14,81.417,-609,8042,117,100,0,2
Monza,14,81.417,-551,8183,97,100,0,2
Monza,14,81.417,-500,8247,88,100,0,2
Monza,14,81.417,-413,8297,80,0,1,2
Monza,14,81.417,-413,8297,77,0,1,2
Monza,14,81.417,-376,8307,75,0,4,2
Monza,14,81.417,-316,8318,79,0,37,2
Monza,14,81.417,-218,8356,84,100,0,2
Monza,14,81.417,-179,8399,75,0,1,2
Monza,14,81.417,-165,8428,70,0,14,2
Monza,14,81.417,-147,8495,70,0,25,2
Monza,14,81.417,-143,8527,73,0,27,2
Monza,14,81.417,-141,8586,80,0,41,2
Monza,14,81.417,-156,8714,89,0,48,2
Monza,14,81.417,-156,8714,95,0,54,2
Monza,14,81.417,-182,8826,109,0,71,2
Monza,14,81.417,-213,8941,121,0,74,2
Monza,14,81.417,-244,9057,131,0,84,3
Monza,14,81.417,-244,9057,136,0,84,3
Monza,14,81.417,-273,9170,152,0,100,3
Monza,14,81.417,-297,9267,171,0,100,4
Monza,14,81.417,-337,9434,171,0,100,4
Monza,14,81.417,-348,9485,189,0,100,4
Monza,14,81.417,-390,9719,204,0,100,5
Monza,14,81.417,-412,9904,211,0,100,5
Monza,14,81.417,-412,9904,217,0,99,5
Monza,14,81.417,-426,10226,229,0,100,6
Monza,14,81.417,-427,10382,240,0,100,6
Monza,14,81.417,-426,10515,244,0,100,6
Monza,14,81.417,-421,10678,249,0,100,6
Monza,14,81.417,-410,10872,253,0,100,6
Monza,14,81.417,-395,11056,257,0,100,7
Monza,14,81.417,-395,11056,261,0,100,7
Monza,14,81.417,-395,11056,266,0,100,7
Monza,14,81.417,-300,11683,273,0,100,7
Monza,14,81.417,-300,11683,276,0,100,7
Monza,14,81.417,-224,11964,279,0,100,7
Monza,14,81.417,-152,12169,281,0,100,7
Monza,14,81.417,-152,12169,282,0,100,8
Monza,14,81.417,-65,12372,286,0,100,8
Monza,14,81.417,59,12613,290,0,100,8
Monza,14,81.417,179,12804,290,0,100,8
Monza,14,81.417,283,12949,292,0,100,8
Monza,14,81.417,385,13076,297,0,100,8
Monza,14,81.417,578,13278,299,0,100,8
Monza,14,81.417,792,13464,301,0,100,8
Monza,14,81.417,1023,13632,303,0,100,8
Monza,14,81.417,1165,13722,304,0,100,8
Monza,14,81.417,1479,13892,305,0,100,8
Monza,14,81.417,1479,13892,306,0,100,8
Monza,14,81.417,1634,13962,308,0,100,8
Monza,14,81.417,1955,14082,309,0,100,8
Monza,14,81.417,1955,14082,309,0,100,8
Monza,14,81.417,2187,14147,311,0,100,8
Monza,14,81.417,2322,14178,311,0,100,8
Monza,14,81.417,2646,14239,312,0,100,8
Monza,14,81.417,2888,14275,314,0,100,8
Monza,14,81.417,3148,14308,315,0,100,8
Monza,14,81.417,3305,14324,315,0,100,8
Monza,14,81.417,3392,14331,317,0,100,8
Monza,14,81.417,3691,14355,317,0,100,8
Monza,14,81.417,3920,14375,318,0,100,8
Monza,14,81.417,4273,14404,319,0,100,8
Monza,14,81.417,4291,14406,320,0,100,8
Monza,14,81.417,4800,14440,320,0,100,8
Monza,14,81.417,5013,14451,321,0,100,8
Monza,14,81.417,5333,14466,319,0,100,8
Monza,14,81.417,5492,14471,320,0,100,8
Monza,14,81.417,5788,14484,295,100,1,8
Monza,14,81.417,5986,14490,280,100,0,8
Monza,14,81.417,6080,14494,234,100,0,8
Monza,14,81.417,6176,14497,206,100,0,8
Monza,14,81.417,6427,14511,174,100,0,6
Monza,14,81.417,6522,14525,146,100,0,5
Monza,14,81.417,6551,14531,128,100,0,4
Monza,14,81.417,6763,14605,116,100,0,3
Monza,14,81.417,6802,14629,112,100,0,3
Monza,14,81.417,6877,14701,104,0,7,3
Monza,14,81.417,6877,14701,103,0,18,3
Monza,14,81.417,6911,14762,108,0,48,3
Monza,14,81.417,6944,14834,117,0,58,3
Monza,14,81.417,7013,14929,121,0,41,3
Monza,14,81.417,7352,15107,144,0,98,3
Monza,14,81.417,7551,15149,157,0,100,3
Monza,14,81.417,7551,15149,167,0,100,4
Monza,14,81.417,7626,15162,171,0,100,4
Monza,14,81.417,7626,15162,189,0,100,4
Monza,14,81.417,8071,15268,195,0,100,5
Monza,14,81.417,8071,15268,203,0,100,5
Monza,14,81.417,8183,15303,206,0,100,5
Monza,14,81.417,8306,15340,212,0,100,5
Monza,14,81.417,8306,15340,222,0,100,5
Monza,14,81.417,8555,15423,227,0,100,6
Monza,14,81.417,8652,15459,236,0,100,6
Monza,14,81.417,8838,15532,243,0,100,6
Monza,14,81.417,8927,15567,247,0,100,6
Monza,14,81.417,9201,15665,252,0,100,7
Monza,14,81.417,9362,15720,255,0,100,7
Monza,14,81.417,9484,15761,259,0,100,7
Monza,14,81.417,9593,15797,256,100,2,7
Monza,14,81.417,9754,15844,233,100,0,7
Monza,14,81.417,10027,15883,226,100,0,6
Monza,14,81.417,10027,15883,210,100,0,6
Monza,14,81.417,10186,15871,201,100,0,5
Monza,14,81.417,10352,15826,194,100,0,5
Monza,14,81.417,10352,15826,191,0,8,5
Monza,14,81.417,10518,15737,188,0,39,5
Monza,14,81.417,10592,15679,188,0,61,5
Monza,14,81.417,10720,15537,196,0,83,5
Monza,14,81.417,10807,15380,198,0,100,5
Monza,14,81.417,10807,15380,206,0,100,5
Monza,14,81.417,10855,15249,214,0,100,5
Monza,14,81.417,10911,14987,219,0,100,5
Monza,14,81.417,10911,14987,224,0,100,6
Monza,14,81.417,10941,14722,234,0,100,6
Monza,14,81.417,10961,14486,239,0,100,6
Monza,14,81.417,10969,14365,245,0,100,6
Monza,14,81.417,10988,14077,247,0,100,6
Monza,14,81.417,11009,13813,251,0,100,7
Monza,14,81.417,11009,13813,256,0,100,7
Monza,14,81.417,11025,13642,258,0,100,7
Monza,14,81.417,11054,13341,260,0,100,7
Monza,14,81.417,11054,13341,261,100,100,7
Monza,14,81.417,11068,13097,216,100,0,7
Monza,14,81.417,11043,12830,196,100,2,5
Monza,14,81.417,11043,12830,188,100,3,5
Monza,14,81.417,11016,12743,181,0,0,5
Monza,14,81.417,10766,12428,180,0,78,5
Monza,14,81.417,10541,12291,192,0,100,5
Monza,14,81.417,10397,12217,206,0,100,5
Monza,14,81.417,10397,12217,212,0,100,5
Monza,14,81.417,10269,12153,217,0,100,5
Monza,14,81.417,10026,12029,227,0,100,6
Monza,14,81.417,9855,11937,232,0,100,6
Monza,14,81.417,9855,11937,237,0,100,6
Monza,14,81.417,9669,11836,247,0,100,6
Monza,14,81.417,9466,11728,249,0,100,6
Monza,14,81.417,9366,11674,255,0,100,7
Monza,14,81.417,9164,11561,261,0,100,7
Monza,14,81.417,9062,11502,266,0,100,7
Monza,14,81.417,8919,11420,271,0,100,7
Monza,14,81.417,8760,11330,277,0,100,7
Monza,14,81.417,8558,11216,282,0,100,8
Monza,14,81.417,8434,11148,285,0,100,8
Monza,14,81.417,8213,11022,288,0,99,8
Monza,14,81.417,8213,11022,290,0,100,8
Monza,14,81.417,8002,10901,294,0,100,8
Monza,14,81.417,7764,10757,297,0,100,8
Monza,14,81.417,7515,10589,300,0,100,8
Monza,14,81.417,7515,10589,302,0,100,8
Monza,14,81.417,7381,10491,304,0,100,8
Monza,14,81.417,7063,10232,307,0,100,8
Monza,14,81.417,7063,10232,309,0,100,8
Monza,14,81.417,6876,10079,310,0,100,8
Monza,14,81.417,6600,9838,315,0,100,8
Monza,14,81.417,6374,9641,316,0,100,8
Monza,14,81.417,6064,9372,321,0,100,8
Monza,14,81.417,6064,9372,322,0,100,8
Monza,14,81.417,5969,9289,324,0,100,8
Monza,14,81.417,5819,9159,326,0,100,8
Monza,14,81.417,5531,8909,328,0,100,8
Monza,14,81.417,5310,8717,330,0,100,8
Monza,14,81.417,5074,8512,332,0,100,8
Monza,14,81.417,4935,8391,332,0,100,8
Monza,14,81.417,4656,8148,334,0,100,8
Monza,14,81.417,4424,7946,335,0,100,8
Monza,14,81.417,4288,7828,335,0,100,8
Monza,14,81.417,4007,7584,336,0,100,8
Monza,14,81.417,4007,7584,336,0,100,8
Monza,14,81.417,3740,7351,334,0,100,8
Monza,14,81.417,3599,7230,334,0,100,8
Monza,14,81.417,3362,7023,333,0,100,8
Monza,14,81.417,2995,6703,286,100,0,8
Monza,14,81.417,2995,6703,253,100,0,8
Monza,14,81.417,2806,6529,215,100,0,6
Monza,14,81.417,2718,6440,215,100,0,6
Monza,14,81.417,2718,6440,198,100,0,5
Monza,14,81.417,2596,6259,185,0,18,5
Monza,14,81.417,2554,6106,184,0,40,5
Monza,14,81.417,2546,6021,186,0,72,5
Monza,14,81.417,2545,5857,192,0,100,5
Monza,14,81.417,2546,5723,195,0,100,5
Monza,14,81.417,2546,5723,204,0,100,5
Monza,14,81.417,2533,5504,210,0,100,5
Monza,14,81.417,2533,5504,214,0,100,5
Monza,14,81.417,2496,5331,220,0,100,6
Monza,14,81.417,2456,5214,227,0,100,6
Monza,14,81.417,2403,5100,229,0,99,6
Monza,14,81.417,2284,4917,234,0,100,6
Monza,14,81.417,2158,4777,240,0,99,6
Monza,14,81.417,2023,4638,249,0,100,7
Monza,14,81.417,1933,4521,250,0,100,7
Monza,14,81.417,1741,3870,263,0,100,7
Monza,14,81.417,1715,3589,264,0,100,7
Monza,14,81.417,1715,3589,269,0,100,7
Monza,14,81.417,1689,3303,273,0,100,7
Monza,14,81.417,1689,3303,273,0,100,7
Monza,14,81.417,1661,3029,278,0,100,7
Monza,14,81.417,1643,2827,281,0,100,8
Monza,14,81.417,1625,2623,284,0,100,8
Monza,14,81.417,1625,2623,287,0,100,8
Monza,14,81.417,1598,2336,291,0,100,8
Monza,14,81.417,1570,2029,294,0,100,8
Monza,14,81.417,1570,2029,295,0,100,8
Monza,14,81.417,1538,1684,298,0,100,8
Monza,14,81.417,1522,1502,301,0,100,8
Monza,14,81.417,1508,1352,303,0,100,8
Monza,14,81.417,1431,522,307,0,100,8
Monza,14,81.417,1417,368,309,0,100,8
Monza,14,81.417,1395,127,311,0,100,8
Monza,14,81.417,1395,127,312,0,100,8
Monza,14,81.417,1379,-45,313,0,100,8
Monza,14,81.417,1363,-218,314,0,100,8
Monza,14,81.417,1351,-357,315,0,100,8
Monza,14,81.417,1312,-776,317,0,99,8
Monza,14,81.417,1280,-1123,318,0,100,8
Monza,14,81.417,1251,-1441,319,0,100,8
Monza,14,81.417,1251,-1441,320,0,100,8
Monza,14,81.417,1228,-1688,320,0,100,8
Monza,14,81.417,1199,-2008,321,0,100,8
Monza,14,81.417,1199,-2008,322,0,100,8
Monza,14,81.417,1161,-2418,322,0,100,8
Monza,14,81.417,1143,-2614,323,0,100,8
Monza,14,81.417,1100,-3089,323,0,100,8
Monza,14,81.417,1077,-3339,322,0,100,8
Monza,14,81.417,1055,-3571,322,0,100,8
Monza,14,81.417,1031,-3819,321,0,100,8
Monza,14,81.417,1007,-4067,320,0,100,8
Monza,14,81.417,989,-4243,319,0,100,8
Monza,14,81.417,977,-4349,318,0,100,8
Monza,14,81.417,977,-4349,318,0,100,8
Monza,14,81.417,928,-4715,294,100,1,8
Monza,14,81.417,875,-4985,269,100,0,7
Monza,14,81.417,837,-5129,239,100,0,7
Monza,14,81.417,736,-5379,227,100,0,6
Monza,14,81.417,580,-5586,212,100,0,5
Monza,14,81.417,580,-5586,206,0,1,5
Monza,14,81.417,391,-5720,201,0,54,5
Monza,14,81.417,276,-5766,204,0,69,5
Monza,14,81.417,276,-5766,206,0,87,5
Monza,14,81.417,164,-5792,209,0,100,5
Monza,14,81.417,-135,-5787,219,0,100,5
Monza,14,81.417,-464,-5675,230,0,100,6
Monza,14,81.417,-597,-5600,237,0,100,6
Monza,14,81.417,-815,-5421,241,0,100,6
Monza,14,81.417,-1020,-5181,246,0,100,6
Monza,14,81.417,-1020,-5181,249,0,100,6
Monza,14,81.417,-1083,-5087,255,0,100,7
Monza,14,81.417,-1219,-4836,258,0,100,7
Monza,14,81.417,-1276,-4702,261,0,100,7
Monza,14,81.417,-1276,-4702,265,0,100,7
Monza,14,81.417,-1331,-4549,266,0,100,7
Monza,14,81.417,-1374,-4406,271,0,100,7
Monza,14,81.417,-1447,-4065,275,0,100,7
Monza,14,81.417,-1474,-3850,277,0,100,7
Monza,14,81.417,-1492,-3584,283,0,100,8
Monza,14,81.417,-1492,-3584,283,0,100,8
Monza,14,81.417,-1498,-3378,288,0,100,8
Monza,14,81.417,-1499,-3071,292,0,100,8
Monza,14,81.417,-1498,-2907,295,0,100,8
Monza,14,81.417,-1487,-2439,302,0,100,8
Monza,14,81.417,-1480,-2271,304,0,100,8
Monza,14,81.417,-1473,-2102,307,0,100,8
Monza,14,81.417,-1449,-1676,308,0,100,8
Monza,14,81.417,-1418,-1231,310,0,100,8
Monza,14,81.417,-1418,-1231,310,0,100,8
Monza,14,81.417,-1392,-896,311,0,100,8
Monza,16,80.361,-1350,-394,318,0,100,8
Monza,16,80.361,-1343,-324,319,0,100,8
Monza,16,80.361,-1317,-24,320,0,100,8
Monza,16,80.361,-1287,313,322,0,100,8
Monza,16,80.361,-1287,313,323,0,99,8
Monza,16,80.361,-1259,635,324,0,100,8
Monza,16,80.361,-1230,978,327,0,100,8
Monza,16,80.361,-1217,1123,328,0,100,8
Monza,16,80.361,-1201,1306,330,0,100,8
Monza,16,80.361,-1174,1617,332,0,100,8
Monza,16,80.361,-1149,1912,333,0,100,8
Monza,16,80.361,-1117,2282,333,0,100,8
Monza,16,80.361,-1096,2523,336,0,100,8
Monza,16,80.361,-1072,2803,337,0,100,8
Monza,16,80.361,-1046,3102,338,0,100,8
Monza,16,80.361,-1032,3271,338,0,100,8
Monza,16,80.361,-1017,3440,340,0,100,8
Monza,16,80.361,-993,3722,340,0,100,8
Monza,16,80.361,-962,4081,341,0,100,8
Monza,16,80.361,-962,4081,342,0,100,8
Monza,16,80.361,-951,4214,342,0,100,8
Monza,16,80.361,-925,4517,343,0,100,8
Monza,16,80.361,-925,4517,342,0,99,8
Monza,16,80.361,-903,4764,343,0,100,8
Monza,16,80.361,-887,4954,344,0,100,8
Monza,16,80.361,-843,5467,344,0,100,8
Monza,16,80.361,-826,5658,344,0,100,8
Monza,16,80.361,-800,5963,345,0,99,8
Monza,16,80.361,-761,6431,345,0,99,8
Monza,16,80.361,-761,6431,346,0,100,8
Monza,16,80.361,-726,6849,342,0,99,8
Monza,16,80.361,-708,7057,342,0,99,8
Monza,16,80.361,-708,7057,325,100,72,8
Monza,16,80.361,-677,7436,289,100,0,8
Monza,16,80.361,-664,7592,254,100,0,8
Monza,16,80.361,-646,7787,181,100,0,7
Monza,16,80.361,-579,8130,114,100,0,3
Monza,16,80.361,-519,8227,91,100,0,2
Monza,16,80.361,-458,8278,83,0,0,2
Monza,16,80.361,-373,8308,79,0,7,2
Monza,16,80.361,-323,8317,81,0,44,2
Monza,16,80.361,-232,8347,87,100,1,2
Monza,16,80.361,-192,8381,84,100,0,2
Monza,16,80.361,-162,8433,77,100,0,2
Monza,16,80.361,-146,8499,75,0,7,2
Monza,16,80.361,-142,8550,74,0,27,2
Monza,16,80.361,-141,8587,77,0,42,2
Monza,16,80.361,-149,8672,84,0,51,2
Monza,16,80.361,-173,8792,90,0,64,2
Monza,16,80.361,-198,8884,101,0,73,2
Monza,16,80.361,-206,8915,120,0,82,2
Monza,16,80.361,-237,9032,134,0,87,3
Monza,16,80.361,-237,9032,145,0,89,3
Monza,16,80.361,-285,9216,155,0,98,3
Monza,16,80.361,-328,9397,180,0,99,4
Monza,16,80.361,-354,9514,193,0,100,4
Monza,16,80.361,-384,9683,200,0,100,5
Monza,16,80.361,-384,9683,204,0,100,5
Monza,16,80.361,-408,9867,215,0,99,5
Monza,16,80.361,-417,9987,221,0,100,5
Monza,16,80.361,-424,10149,227,0,99,5
Monza,16,80.361,-427,10356,233,0,100,6
Monza,16,80.361,-427,10356,233,0,100,6
Monza,16,80.361,-425,10530,243,0,99,6
Monza,16,80.361,-422,10652,245,0,99,6
Monza,16,80.361,-411,10861,250,0,99,6
Monza,16,80.361,-411,10861,259,0,100,6
Monza,16,80.361,-411,10861,262,0,100,6
Monza,16,80.361,-280,11766,267,0,100,7
Monza,16,80.361,-280,11766,271,0,100,7
Monza,16,80.361,-280,11766,274,0,100,7
Monza,16,80.361,-244,11899,276,0,100,7
Monza,16,80.361,-244,11899,280,0,100,7
Monza,16,80.361,-154,12164,283,0,100,7
Monza,16,80.361,-33,12439,287,0,100,7
Monza,16,80.361,159,12773,290,0,100,7
Monza,16,80.361,261,12920,295,0,100,8
Monza,16,80.361,362,13049,296,0,100,8
Monza,16,80.361,526,13227,298,0,100,8
Monza,16,80.361,723,13407,301,0,100,8
Monza,16,80.361,991,13610,303,0,100,8
Monza,16,80.361,991,13610,303,0,99,8
Monza,16,80.361,1369,13836,307,0,100,8
Monza,16,80.361,1696,13988,310,0,100,8
Monza,16,80.361,1792,14025,310,0,100,8
Monza,16,80.361,1938,14076,311,0,100,8
Monza,16,80.361,2279,14169,313,0,100,8
Monza,16,80.361,2279,14169,313,0,100,8
Monza,16,80.361,2761,14257,316,0,100,8
Monza,16,80.361,3005,14291,316,0,99,8
Monza,16,80.361,3268,14320,318,0,99,8
Monza,16,80.361,3462,14337,318,0,99,8
Monza,16,80.361,3798,14364,320,0,99,8
Monza,16,80.361,3975,14380,321,0,99,8
Monza,16,80.361,3975,14380,321,0,99,8
Monza,16,80.361,4288,14405,322,0,99,8
Monza,16,80.361,4769,14438,324,0,99,8
Monza,16,80.361,4985,14449,324,0,99,8
Monza,16,80.361,5146,14457,325,0,99,8
Monza,16,80.361,5452,14470,324,0,99,8
Monza,16,80.361,5666,14479,322,0,99,8
Monza,16,80.361,6078,14493,246,100,0,8
Monza,16,80.361,6174,14497,203,100,0,8
Monza,16,80.361,6309,14503,181,100,0,8
Monza,16,80.361,6530,14526,162,100,0,6
Monza,16,80.361,6597,14542,134,100,0,5
Monza,16,80.361,6597,14542,130,100,0,4
Monza,16,80.361,6734,14590,121,100,0,4
Monza,16,80.361,6789,14620,113,100,4,4
Monza,16,80.361,6899,14738,109,0,39,4
Monza,16,80.361,6974,14883,112,0,70,4
Monza,16,80.361,7072,14980,121,0,61,4
Monza,16,80.361,7149,15029,126,0,68,4
Monza,16,80.361,7251,15076,134,0,76,4
Monza,16,80.361,7634,15164,176,0,99,4
Monza,16,80.361,7795,15194,196,0,99,5
Monza,16,80.361,7986,15243,203,0,99,5
Monza,16,80.361,8272,15330,217,0,99,5
Monza,16,80.361,8468,15392,228,0,99,5
Monza,16,80.361,8800,15517,238,0,99,6
Monza,16,80.361,8915,15562,250,0,99,6
Monza,16,80.361,9313,15703,258,0,99,6
Monza,16,80.361,9451,15750,260,0,99,6
Monza,16,80.361,9451,15750,263,0,99,6
Monza,16,80.361,9632,15809,265,0,99,6
Monza,16,80.361,9838,15864,247,100,5,6
Monza,16,80.361,10005,15883,232,100,6,6
Monza,16,80.361,10166,15874,221,100,11,5
Monza,16,80.361,10305,15843,209,0,1,5
Monza,16,80.361,10451,15779,201,0,7,5
Monza,16,80.361,10553,15712,198,0,23,5
Monza,16,80.361,10553,15712,195,0,50,5
Monza,16,80.361,10685,15583,199,0,83,5
Monza,16,80.361,10816,15359,210,0,99,5
Monza,16,80.361,10909,14996,219,0,99,5
Monza,16,80.361,10909,14996,223,0,99,5
Monza,16,80.361,10923,14896,226,0,99,5
Monza,16,80.361,10942,14717,235,0,99,6
Monza,16,80.361,10956,14545,244,0,99,6
Monza,16,80.361,10970,14355,248,0,99,6
Monza,16,80.361,10978,14217,252,0,99,6
Monza,16,80.361,10993,14005,256,0,99,6
Monza,16,80.361,10993,14005,260,0,99,6
Monza,16,80.361,11015,13751,264,0,99,6
Monza,16,80.361,11030,13589,266,0,99,6
Monza,16,80.361,11042,13472,266,0,99,6
Monza,16,80.361,11067,13113,239,100,0,6
Monza,16,80.361,11065,12983,208,100,0,5
Monza,16,80.361,11052,12873,205,100,0,5
Monza,16,80.361,11052,12873,201,100,1,5
Monza,16,80.361,10991,12684,187,0,20,5
Monza,16,80.361,10886,12534,184,0,77,5
Monza,16,80.361,10819,12470,188,0,78,5
Monza,16,80.361,10651,12352,192,0,99,5
Monza,16,80.361,10439,12238,207,0,99,5
Monza,16,80.361,10223,12130,220,0,99,5
Monza,16,80.361,10099,12068,231,0,99,6
Monza,16,80.361,9997,12014,234,0,99,6
Monza,16,80.361,9869,11945,242,0,99,6
Monza,16,80.361,9667,11835,249,0,99,6
Monza,16,80.361,9457,11723,255,0,99,6
Monza,16,80.361,9382,11683,256,0,99,6
Monza,16,80.361,9079,11512,267,0,99,7
Monza,16,80.361,8817,11362,272,0,99,7
Monza,16,80.361,8696,11294,275,0,99,7
Monza,16,80.361,8533,11203,281,0,99,7
Monza,16,80.361,8533,11203,284,0,99,7
Monza,16,80.361,8382,11118,287,0,99,7
Monza,16,80.361,8201,11015,291,0,99,7
Monza,16,80.361,8088,10951,293,0,99,7
Monza,16,80.361,7947,10869,298,0,99,8
Monza,16,80.361,7653,10685,300,0,99,8
Monza,16,80.361,7394,10501,302,0,99,8
Monza,16,80.361,7394,10501,307,0,99,8
Monza,16,80.361,7061,10231,310,0,99,8
Monza,16,80.361,6888,10089,311,0,99,8
Monza,16,80.361,6679,9907,314,0,99,8
Monza,16,80.361,6400,9664,317,0,99,8
Monza,16,80.361,6400,9664,321,0,99,8
Monza,16,80.361,6036,9348,323,0,99,8
Monza,16,80.361,5900,9229,326,0,99,8
Monza,16,80.361,5612,8979,329,0,99,8
Monza,16,80.361,5460,8847,331,0,99,8
Monza,16,80.361,5266,8678,331,0,99,8
Monza,16,80.361,5029,8473,331,0,99,8
Monza,16,80.361,5029,8473,332,0,99,8
Monza,16,80.361,4778,8254,333,0,99,8
Monza,16,80.361,4778,8254,335,0,99,8
Monza,16,80.361,4498,8010,335,0,99,8
Monza,16,80.361,4371,7900,336,0,99,8
Monza,16,80.361,4035,7608,336,0,99,8
Monza,16,80.361,3893,7485,338,0,99,8
Monza,16,80.361,3695,7313,338,0,99,8
Monza,16,80.361,3553,7190,339,0,99,8
Monza,16,80.361,3355,7017,337,0,99,8
Monza,16,80.361,3145,6835,333,0,99,8
Monza,16,80.361,2923,6638,275,100,1,8
Monza,16,80.361,2923,6638,248,100,2,8
Monza,16,80.361,2776,6501,229,100,2,8
Monza,16,80.361,2675,6390,216,100,4,7
Monza,16,80.361,2599,6267,204,100,4,5
Monza,16,80.361,2571,6190,195,0,31,5
Monza,16,80.361,2547,6050,195,0,54,5
Monza,16,80.361,2545,5845,195,0,67,5
Monza,16,80.361,2545,5675,199,0,99,5
Monza,16,80.361,2545,5675,210,0,99,5
Monza,16,80.361,2471,5253,220,0,100,5
Monza,16,80.361,2405,5104,225,0,81,6
Monza,16,80.361,2405,5104,225,0,92,6
Monza,16,80.361,2355,5017,231,0,99,6
Monza,16,80.361,2296,4933,236,0,99,6
Monza,16,80.361,2127,4746,245,0,99,6
Monza,16,80.361,1933,4521,248,0,99,6
Monza,16,80.361,1874,4414,254,0,99,6
Monza,16,80.361,1811,4240,254,0,99,6
Monza,16,80.361,1774,4085,258,0,99,6
Monza,16,80.361,1735,3811,261,0,99,7
Monza,16,80.361,1714,3574,266,0,99,7
Monza,16,80.361,1693,3348,273,0,99,7
Monza,16,80.361,1660,3021,276,0,99,7
Monza,16,80.361,1646,2859,280,0,99,7
Monza,16,80.361,1646,2859,280,0,99,7
Monza,16,80.361,1626,2639,284,0,99,7
Monza,16,80.361,1611,2480,287,0,99,7
Monza,16,80.361,1592,2272,293,0,99,7
Monza,16,80.361,1564,1963,294,0,99,7
Monza,16,80.361,1549,1799,298,0,99,8
Monza,16,80.361,1540,1700,299,0,99,8
Monza,16,80.361,1520,1485,301,0,99,8
Monza,16,80.361,1495,1217,304,0,99,8
Monza,16,80.361,1466,902,305,0,99,8
Monza,16,80.361,1452,749,309,0,99,8
Monza,16,80.361,1425,458,311,0,99,8
Monza,16,80.361,1413,320,311,0,99,8
Monza,16,80.361,1397,148,313,0,99,8
Monza,16,80.361,1355,-303,314,0,99,8
Monza,16,80.361,1338,-495,316,0,99,8
Monza,16,80.361,1338,-495,317,0,99,8
Monza,16,80.361,1314,-758,317,0,99,8
Monza,16,80.361,1293,-982,317,0,99,8
Monza,16,80.361,1271,-1227,318,0,99,8
Monza,16,80.361,1250,-1456,318,0,99,8
Monza,16,80.361,1232,-1650,318,0,99,8
Monza,16,80.361,1232,-1650,321,0,99,8
Monza,16,80.361,1197,-2023,322,0,99,8
Monza,16,80.361,1197,-2023,322,0,99,8
Monza,16,80.361,1161,-2415,323,0,99,8
Monza,16,80.361,1150,-2540,323,0,99,8
Monza,16,80.361,1150,-2540,324,0,99,8
Monza,16,80.361,1120,-2863,324,0,99,8
Monza,16,80.361,1096,-3132,324,0,99,8
Monza,16,80.361,1066,-3456,324,0,99,8
Monza,16,80.361,1032,-3816,326,0,99,8
Monza,16,80.361,1005,-4086,326,0,99,8
Monza,16,80.361,1005,-4086,326,0,99,8
Monza,16,80.361,986,-4266,324,0,99,8
Monza,16,80.361,957,-4516,322,100,80,8
Monza,16,80.361,885,-4946,286,100,0,8
Monza,16,80.361,805,-5224,247,100,4,6
Monza,16,80.361,749,-5356,237,100,3,6
Monza,16,80.361,693,-5452,230,100,5,6
Monza,16,80.361,627,-5538,225,0,10,6
Monza,16,80.361,521,-5638,216,0,77,6
Monza,16,80.361,521,-5638,218,0,70,6
Monza,16,80.361,-59,-5798,219,0,84,6
Monza,16,80.361,-59,-5798,221,0,80,6
Monza,16,80.361,-183,-5778,222,0,99,6
Monza,16,80.361,-293,-5747,229,0,91,6
Monza,16,80.361,-472,-5671,236,0,99,6
Monza,16,80.361,-623,-5580,240,0,99,6
Monza,16,80.361,-791,-5444,245,0,100,6
Monza,16,80.361,-951,-5272,249,0,100,6
Monza,16,80.361,-1059,-5124,254,0,99,7
Monza,16,80.361,-1161,-4952,259,0,99,7
Monza,16,80.361,-1219,-4835,261,0,99,7
Monza,16,80.361,-1298,-4645,265,0,99,7
Monza,16,80.361,-1379,-4387,269,0,99,7
Monza,16,80.361,-1401,-4299,276,0,99,7
Monza,16,80.361,-1455,-4011,276,0,99,7
Monza,16,80.361,-1471,-3884,281,0,99,7
Monza,16,80.361,-1471,-3884,283,0,99,7
Monza,16,80.361,-1491,-3616,288,0,99,7
Monza,16,80.361,-1496,-3472,289,0,99,7
Monza,16,80.361,-1499,-3295,290,0,99,7
Monza,16,80.361,-1500,-3132,293,0,99,8
Monza,16,80.361,-1498,-2953,297,0,100,8
Monza,16,80.361,-1492,-2606,296,0,100,8
Monza,16,80.361,-1492,-2606,298,0,100,8
Monza,16,80.361,-1488,-2518,300,0,100,8
Monza,16,80.361,-1476,-2181,305,0,100,8
Monza,16,80.361,-1467,-1994,308,0,100,8
Monza,16,80.361,-1452,-1737,309,0,99,8
Monza,16,80.361,-1432,-1428,312,0,99,8
Monza,16,80.361,-1422,-1289,313,0,99,8
Monza,16,80.361,-1390,-878,314,0,99,8
Monza,16,80.361,-1390,-878,313,0,99,8
Monza,16,80.361,-1390,-878,315,0,99,8
Monza,18,82.86,-1360,-510,316,0,99,8
Monza,18,82.86,-1346,-352,317,0,99,8
Monza,18,82.86,-1346,-352,317,0,99,8
Monza,18,82.86,-1327,-141,319,0,99,8
Monza,18,82.86,-1294,229,320,0,99,8
Monza,18,82.86,-1294,229,321,0,99,8
Monza,18,82.86,-1262,602,323,0,99,8
Monza,18,82.86,-1214,1158,325,0,99,8
Monza,18,82.86,-1200,1320,326,0,99,8
Monza,18,82.86,-1181,1537,327,0,99,8
Monza,18,82.86,-1167,1700,328,0,99,8
Monza,18,82.86,-1134,2083,329,0,99,8
Monza,18,82.86,-1134,2083,330,0,99,8
Monza,18,82.86,-1098,2504,331,0,99,8
Monza,18,82.86,-1085,2651,332,0,99,8
Monza,18,82.86,-1085,2651,333,0,99,8
Monza,18,82.86,-1047,3094,334,0,99,8
Monza,18,82.86,-1025,3353,334,0,99,8
Monza,18,82.86,-993,3725,336,0,99,8
Monza,18,82.86,-983,3836,337,0,99,8
Monza,18,82.86,-962,4079,338,0,99,8
Monza,18,82.86,-946,4267,338,0,99,8
Monza,18,82.86,-920,4566,340,0,99,8
Monza,18,82.86,-901,4791,339,0,99,8
Monza,18,82.86,-870,5148,339,0,99,8
Monza,18,82.86,-851,5373,340,0,99,8
Monza,18,82.86,-825,5674,340,0,99,8
Monza,18,82.86,-825,5674,341,0,99,8
Monza,18,82.86,-757,6478,340,0,99,8
Monza,18,82.86,-744,6628,338,0,99,8
Monza,18,82.86,-727,6834,338,0,99,8
Monza,18,82.86,-704,7105,336,100,98,8
Monza,18,82.86,-704,7105,287,100,25,8
Monza,18,82.86,-685,7341,256,100,7,8
Monza,18,82.86,-685,7341,241,100,7,8
Monza,18,82.86,-676,7442,215,100,6,8
Monza,18,82.86,-658,7665,192,100,6,6
Monza,18,82.86,-641,7836,164,100,5,6
Monza,18,82.86,-641,7836,156,100,5,6
Monza,18,82.86,-635,7893,134,100,2,4
Monza,18,82.86,-611,8035,118,100,1,2
Monza,18,82.86,-598,8080,105,100,0,2
Monza,18,82.86,-559,8169,95,100,0,2
Monza,18,82.86,-507,8240,92,100,0,2
Monza,18,82.86,-464,8274,87,0,0,2
Monza,18,82.86,-428,8292,81,0,0,2
Monza,18,82.86,-389,8305,77,0,12,2
Monza,18,82.86,-332,8315,79,0,25,2
Monza,18,82.86,-216,8358,82,100,0,2
Monza,18,82.86,-175,8406,79,0,0,2
Monza,18,82.86,-175,8406,76,0,0,2
Monza,18,82.86,-154,8464,69,0,5,2
Monza,18,82.86,-144,8519,69,0,17,2
Monza,18,82.86,-142,8595,72,0,26,2
Monza,18,82.86,-144,8628,79,0,37,2
Monza,18,82.86,-155,8707,85,0,45,2
Monza,18,82.86,-173,8788,96,0,54,2
Monza,18,82.86,-201,8897,109,0,64,2
Monza,18,82.86,-201,8897,113,0,69,2
Monza,18,82.86,-235,9021,121,0,71,2
Monza,18,82.86,-235,9021,136,0,79,3
Monza,18,82.86,-293,9250,151,0,99,3
Monza,18,82.86,-315,9339,166,0,99,3
Monza,18,82.86,-353,9510,180,0,99,4
Monza,18,82.86,-353,9510,184,0,99,4
Monza,18,82.86,-383,9675,200,0,99,5
Monza,18,82.86,-403,9820,207,0,99,5
Monza,18,82.86,-420,10042,214,0,99,5
Monza,18,82.86,-420,10042,221,0,99,6
Monza,18,82.86,-425,10191,227,0,99,6
Monza,18,82.86,-427,10357,238,0,99,6
Monza,18,82.86,-423,10609,246,0,99,6
Monza,18,82.86,-410,10871,252,0,100,7
Monza,18,82.86,-385,11155,257,0,99,7
Monza,18,82.86,-385,11155,261,0,99,7
Monza,18,82.86,-362,11344,267,0,99,7
Monza,18,82.86,-325,11563,267,0,99,7
Monza,18,82.86,-279,11770,273,0,99,7
Monza,18,82.86,-279,11770,277,0,99,7
Monza,18,82.86,-191,12065,279,0,99,7
Monza,18,82.86,-98,12298,284,0,99,8
Monza,18,82.86,12,12527,284,0,99,8
Monza,18,82.86,83,12653,288,0,99,8
Monza,18,82.86,169,12789,291,0,99,8
Monza,18,82.86,291,12961,291,0,99,8
Monza,18,82.86,291,12961,294,0,99,8
Monza,18,82.86,449,13148,297,0,99,8
Monza,18,82.86,538,13239,298,0,99,8
Monza,18,82.86,775,13449,301,0,99,8
Monza,18,82.86,775,13449,302,0,99,8
Monza,18,82.86,1219,13755,306,0,99,8
Monza,18,82.86,1384,13844,306,0,99,8
Monza,18,82.86,1726,14000,309,0,100,8
Monza,18,82.86,1726,14000,310,0,99,8
Monza,18,82.86,1855,14049,311,0,99,8
Monza,18,82.86,2069,14116,311,0,99,8
Monza,18,82.86,2280,14169,313,0,99,8
Monza,18,82.86,2762,14257,315,0,100,8
Monza,18,82.86,2988,14288,316,0,99,8
Monza,18,82.86,2988,14288,316,0,99,8
Monza,18,82.86,3198,14313,316,0,99,8
Monza,18,82.86,3373,14330,318,0,99,8
Monza,18,82.86,3603,14348,319,0,99,8
Monza,18,82.86,4028,14385,320,0,99,8
Monza,18,82.86,4277,14405,321,0,99,8
Monza,18,82.86,4598,14427,322,0,99,8
Monza,18,82.86,4920,14446,323,0,99,8
Monza,18,82.86,5368,14467,324,0,100,8
Monza,18,82.86,5368,14467,322,0,99,8
Monza,18,82.86,5529,14473,321,100,99,8
Monza,18,82.86,5668,14479,282,100,6,8
Monza,18,82.86,6133,14495,223,100,5,8
Monza,18,82.86,6300,14502,189,100,5,6
Monza,18,82.86,6394,14508,169,100,5,6
Monza,18,82.86,6516,14524,149,100,4,4
Monza,18,82.86,6625,14551,132,100,2,3
Monza,18,82.86,6625,14551,126,100,2,3
Monza,18,82.86,6692,14573,120,100,2,3
Monza,18,82.86,6778,14613,115,100,0,3
Monza,18,82.86,6863,14683,113,0,0,3
Monza,18,82.86,6863,14683,108,0,9,3
Monza,18,82.86,6895,14730,107,0,25,3
Monza,18,82.86,6933,14813,111,0,50,3
Monza,18,82.86,6981,14892,122,0,48,3
Monza,18,82.86,7040,14955,121,100,34,3
Monza,18,82.86,7198,15053,125,0,41,3
Monza,18,82.86,7329,15100,129,0,58,3
Monza,18,82.86,7329,15100,135,0,65,3
Monza,18,82.86,7420,15123,140,0,55,3
Monza,18,82.86,7476,15135,150,0,100,3
Monza,18,82.86,7584,15155,162,0,99,3
Monza,18,82.86,7700,15175,170,0,99,4
Monza,18,82.86,7880,15214,177,0,99,4
Monza,18,82.86,8050,15262,183,0,100,4
Monza,18,82.86,8050,15262,198,0,100,4
Monza,18,82.86,8223,15315,205,0,99,5
Monza,18,82.86,8437,15382,215,0,100,5
Monza,18,82.86,8437,15382,220,0,100,5
Monza,18,82.86,8647,15457,226,0,99,5
Monza,18,82.86,8804,15519,234,0,100,6
Monza,18,82.86,8804,15519,237,0,100,6
Monza,18,82.86,9042,15610,245,0,100,6
Monza,18,82.86,9448,15749,249,0,99,7
Monza,18,82.86,9448,15749,255,0,99,7
Monza,18,82.86,9762,15846,234,100,0,7
Monza,18,82.86,9861,15868,234,100,0,6
Monza,18,82.86,10007,15883,207,100,0,5
Monza,18,82.86,10210,15866,203,100,0,5
Monza,18,82.86,10365,15820,196,100,0,5
Monza,18,82.86,10365,15820,190,0,0,5
Monza,18,82.86,10478,15763,184,0,0,5
Monza,18,82.86,10594,15677,178,0,41,5
Monza,18,82.86,10683,15584,182,0,60,5
Monza,18,82.86,10752,15485,182,0,74,5
Monza,18,82.86,10821,15344,194,0,100,5
Monza,18,82.86,10874,15177,200,0,99,5
Monza,18,82.86,10925,14876,213,0,99,5
Monza,18,82.86,10925,14876,218,0,99,5
Monza,18,82.86,10952,14604,223,0,99,6
Monza,18,82.86,10952,14604,228,0,99,6
Monza,18,82.86,10969,14371,234,0,99,6
Monza,18,82.86,10969,14371,239,0,100,6
Monza,18,82.86,10982,14157,243,0,99,6
Monza,18,82.86,10995,13979,248,0,100,6
Monza,18,82.86,11014,13757,253,0,99,7
Monza,18,82.86,11046,13433,256,100,98,7
Monza,18,82.86,11053,13349,237,100,8,7
Monza,18,82.86,11068,13071,197,100,2,6
Monza,18,82.86,11018,12747,186,0,1,5
Monza,18,82.86,10977,12659,183,0,0,5
Monza,18,82.86,10904,12556,174,0,30,4
Monza,18,82.86,10904,12556,171,0,48,4
Monza,18,82.86,10859,12507,174,0,72,4
Monza,18,82.86,10695,12380,178,0,73,4
Monza,18,82.86,10615,12331,181,0,73,4
Monza,18,82.86,10452,12245,192,0,99,4
Monza,18,82.86,10362,12200,206,0,100,5
Monza,18,82.86,10227,12132,213,0,99,5
Monza,18,82.86,10090,12063,213,0,99,5
Monza,18,82.86,9970,11999,225,0,100,6
Monza,18,82.86,9970,11999,225,0,99,6
Monza,18,82.86,9754,11882,235,0,100,6
Monza,18,82.86,9553,11774,235,0,99,6
Monza,18,82.86,9553,11774,247,0,99,6
Monza,18,82.86,9431,11709,252,0,99,6
Monza,18,82.86,9431,11709,256,0,99,7
Monza,18,82.86,9431,11709,263,0,99,7
Monza,18,82.86,8789,11346,264,0,99,7
Monza,18,82.86,8176,11001,289,0,99,8
Monza,18,82.86,8050,10929,292,0,99,8
Monza,18,82.86,7952,10872,295,0,99,8
Monza,18,82.86,7632,10670,300,0,100,8
Monza,18,82.86,7632,10670,302,0,99,8
Monza,18,82.86,7402,10507,303,0,99,8
Monza,18,82.86,7178,10326,303,0,100,8
Monza,18,82.86,7178,10326,309,0,99,8
Monza,18,82.86,6912,10110,310,0,100,8
Monza,18,82.86,6729,9951,311,0,99,8
Monza,18,82.86,6597,9836,313,0,99,8
Monza,18,82.86,6412,9674,317,0,99,8
Monza,18,82.86,6265,9546,320,0,99,8
Monza,18,82.86,6090,9394,321,0,100,8
Monza,18,82.86,5927,9253,325,0,99,8
Monza,18,82.86,5696,9052,326,0,100,8
Monza,18,82.86,5490,8873,328,0,99,8
Monza,18,82.86,5228,8645,329,0,100,8
Monza,18,82.86,4937,8392,333,0,99,8
Monza,18,82.86,4825,8295,332,0,99,8
Monza,18,82.86,4616,8113,333,0,99,8
Monza,18,82.86,4177,7731,334,0,99,8
Monza,18,82.86,4022,7597,335,0,99,8
Monza,18,82.86,3895,7487,336,0,99,8
Monza,18,82.86,3642,7267,336,0,99,8
Monza,18,82.86,3446,7096,334,0,99,8
Monza,18,82.86,3306,6975,334,100,100,8
Monza,18,82.86,3182,6867,295,100,72,8
Monza,18,82.86,2925,6640,258,100,7,8
Monza,18,82.86,2797,6521,244,100,7,8
Monza,18,82.86,2698,6418,196,100,6,6
Monza,18,82.86,2698,6418,185,100,6,5
Monza,18,82.86,2596,6260,185,0,0,5
Monza,18,82.86,2564,6162,176,0,0,5
Monza,18,82.86,2548,6045,170,0,32,5
Monza,18,82.86,2545,5867,173,0,61,5
Monza,18,82.86,2546,5808,179,0,85,5
Monza,18,82.86,2545,5688,192,0,99,5
Monza,18,82.86,2531,5489,195,0,99,5
Monza,18,82.86,2531,5489,201,0,96,5
Monza,18,82.86,2492,5316,208,0,81,5
Monza,18,82.86,2429,5154,209,0,73,5
Monza,18,82.86,2324,4971,214,0,95,5
Monza,18,82.86,2242,4867,214,0,100,5
Monza,18,82.86,2145,4765,227,0,99,6
Monza,18,82.86,2053,4672,234,0,100,6
Monza,18,82.86,1906,4476,239,0,99,6
Monza,18,82.86,1906,4476,240,0,99,6
Monza,18,82.86,1797,4184,240,0,99,6
Monza,18,82.86,1767,4047,253,0,100,7
Monza,18,82.86,1747,3921,257,0,100,7
Monza,18,82.86,1727,3719,262,0,99,7
Monza,18,82.86,1701,3427,266,0,100,7
Monza,18,82.86,1674,3158,273,0,99,7
Monza,18,82.86,1645,2857,278,0,99,7
Monza,18,82.86,1639,2780,280,0,99,7
Monza,18,82.86,1610,2467,285,0,99,7
Monza,18,82.86,1591,2261,288,0,100,8
Monza,18,82.86,1574,2068,291,0,100,8
Monza,18,82.86,1565,1971,292,0,99,8
Monza,18,82.86,1544,1743,294,0,99,8
Monza,18,82.86,1530,1595,299,0,99,8
Monza,18,82.86,1494,1198,300,0,99,8
Monza,18,82.86,1480,1049,303,0,99,8
Monza,18,82.86,1467,910,305,0,99,8
Monza,18,82.86,1452,741,306,0,99,8
Monza,18,82.86,1414,333,309,0,99,8
Monza,18,82.86,1414,333,311,0,99,8
Monza,18,82.86,1338,-496,313,0,99,8
Monza,18,82.86,1338,-496,313,0,99,8
Monza,18,82.86,1338,-496,315,0,99,8
Monza,18,82.86,1315,-741,317,0,99,8
Monza,18,82.86,1291,-1003,317,0,99,8
Monza,18,82.86,1269,-1248,317,0,99,8
Monza,18,82.86,1249,-1461,318,0,99,8
Monza,18,82.86,1243,-1531,320,0,99,8
Monza,18,82.86,1210,-1887,321,0,99,8
Monza,18,82.86,1187,-2136,323,0,99,8
Monza,18,82.86,1158,-2458,324,0,99,8
Monza,18,82.86,1121,-2852,325,0,99,8
Monza,18,82.86,1101,-3068,325,0,99,8
Monza,18,82.86,1085,-3248,326,0,99,8
Monza,18,82.86,1051,-3609,326,0,99,8
Monza,18,82.86,1051,-3609,327,0,100,8
Monza,18,82.86,1013,-4007,327,0,99,8
Monza,18,82.86,1013,-4007,326,0,99,8
Monza,18,82.86,958,-4508,323,0,100,8
Monza,18,82.86,958,-4508,320,0,99,8
Monza,18,82.86,909,-4828,274,100,6,8
Monza,18,82.86,880,-4966,237,100,6,8
Monza,18,82.86,831,-5146,227,100,3,6
Monza,18,82.86,708,-5428,212,100,1,5
Monza,18,82.86,708,-5428,205,100,2,5
Monza,18,82.86,638,-5524,198,100,0,5
Monza,18,82.86,563,-5602,198,100,0,5
Monza,18,82.86,462,-5679,190,0,4,5
Monza,18,82.86,254,-5772,184,0,42,5
Monza,18,82.86,254,-5772,187,0,69,5
Monza,18,82.86,131,-5796,190,0,79,5
Monza,18,82.86,-10,-5801,201,0,99,5
Monza,18,82.86,-133,-5787,205,0,99,5
Monza,18,82.86,-315,-5739,213,0,100,5
Monza,18,82.86,-525,-5642,223,0,100,5
Monza,18,82.86,-662,-5551,223,0,99,6
Monza,18,82.86,-662,-5551,230,0,99,6
Monza,18,82.86,-830,-5406,239,0,100,6
Monza,18,82.86,-1013,-5191,241,0,99,6
Monza,18,82.86,-1193,-4890,251,0,99,7
Monza,18,82.86,-1247,-4773,257,0,99,7
Monza,18,82.86,-1334,-4541,262,0,99,7
Monza,18,82.86,-1334,-4541,263,0,99,7
Monza,18,82.86,-1383,-4371,270,0,99,7
Monza,18,82.86,-1465,-3939,276,0,100,7
Monza,18,82.86,-1484,-3726,277,0,99,7
Monza,18,82.86,-1495,-3493,284,0,99,7
Monza,18,82.86,-1499,-3222,288,0,99,8
Monza,18,82.86,-1499,-3045,291,0,99,8
Monza,18,82.86,-1491,-2537,297,0,99,8
Monza,18,82.86,-1477,-2204,299,0,99,8
Monza,18,82.86,-1477,-2204,301,0,99,8
Monza,18,82.86,-1467,-1987,302,0,99,8
Monza,18,82.86,-1450,-1701,303,0,99,8
Monza,18,82.86,-1437,-1498,305,0,99,8
Monza,18,82.86,-1382,-771,309,0,99,8
Monza,20,82.592,-1374,-677,314,0,99,8
Monza,20,82.592,-1338,-258,315,0,99,8
Monza,20,82.592,-1319,-48,317,0,99,8
Monza,20,82.592,-1303,127,318,0,99,8
Monza,20,82.592,-1279,409,320,0,99,8
Monza,20,82.592,-1257,658,322,0,99,8
Monza,20,82.592,-1245,801,323,0,99,8
Monza,20,82.592,-1226,1017,325,0,99,8
Monza,20,82.592,-1192,1413,326,0,99,8
Monza,20,82.592,-1167,1702,326,0,99,8
Monza,20,82.592,-1144,1975,330,0,99,8
Monza,20,82.592,-1120,2249,330,0,99,8
Monza,20,82.592,-1087,2634,331,0,99,8
Monza,20,82.592,-1087,2634,331,0,99,8
Monza,20,82.592,-1065,2890,333,0,99,8
Monza,20,82.592,-1057,2982,333,0,99,8
Monza,20,82.592,-1033,3258,335,0,99,8
Monza,20,82.592,-1004,3592,336,0,99,8
Monza,20,82.592,-980,3870,336,0,99,8
Monza,20,82.592,-980,3870,337,0,99,8
Monza,20,82.592,-937,4374,337,0,99,8
Monza,20,82.592,-921,4561,338,0,99,8
Monza,20,82.592,-897,4842,337,0,99,8
Monza,20,82.592,-869,5161,339,0,99,8
Monza,20,82.592,-855,5329,338,0,98,8
Monza,20,82.592,-855,5329,339,0,99,8
Monza,20,82.592,-835,5555,339,0,99,8
Monza,20,82.592,-801,5949,340,0,99,8
Monza,20,82.592,-801,5949,340,0,99,8
Monza,20,82.592,-764,6394,341,0,99,8
Monza,20,82.592,-714,6992,337,0,99,8
Monza,20,82.592,-700,7156,326,100,0,8
Monza,20,82.592,-685,7338,294,100,0,8
Monza,20,82.592,-677,7437,262,100,0,8
Monza,20,82.592,-656,7684,214,100,0,8
Monza,20,82.592,-656,7684,189,100,0,8
Monza,20,82.592,-636,7888,148,100,0,5
Monza,20,82.592,-628,7947,139,100,0,4
Monza,20,82.592,-628,7947,126,100,0,2
Monza,20,82.592,-594,8092,107,100,0,2
Monza,20,82.592,-563,8162,101,100,0,2
Monza,20,82.592,-504,8243,97,100,0,2
Monza,20,82.592,-484,8261,90,100,0,2
Monza,20,82.592,-432,8291,86,100,0,2
Monza,20,82.592,-388,8305,80,0,2,2
Monza,20,82.592,-316,8318,78,0,25,2
Monza,20,82.592,-264,8332,83,0,1,2
Monza,20,82.592,-196,8376,80,0,0,2
Monza,20,82.592,-169,8418,75,0,0,2
Monza,20,82.592,-149,8483,73,0,0,2
Monza,20,82.592,-149,8483,71,0,18,2
Monza,20,82.592,-145,8641,72,0,29,2
Monza,20,82.592,-149,8676,80,0,41,2
Monza,20,82.592,-159,8727,85,0,47,2
Monza,20,82.592,-176,8802,87,0,50,2
Monza,20,82.592,-176,8802,95,0,61,2
Monza,20,82.592,-200,8892,104,0,69,2
Monza,20,82.592,-200,8892,113,0,71,2
Monza,20,82.592,-217,8955,122,0,74,2
Monza,20,82.592,-253,9093,131,0,76,2
Monza,20,82.592,-291,9243,139,0,80,2
Monza,20,82.592,-291,9243,148,0,85,3
Monza,20,82.592,-306,9302,157,0,99,3
Monza,20,82.592,-349,9489,176,0,99,3
Monza,20,82.592,-365,9570,189,0,99,4
Monza,20,82.592,-396,9761,201,0,100,5
Monza,20,82.592,-416,9968,205,0,100,5
Monza,20,82.592,-423,10113,212,0,99,5
Monza,20,82.592,-426,10225,221,0,99,5
Monza,20,82.592,-427,10339,231,0,99,6
Monza,20,82.592,-426,10508,237,0,99,6
Monza,20,82.592,-409,10889,244,0,99,6
Monza,20,82.592,-391,11100,253,0,99,6
Monza,20,82.592,-391,11100,258,0,99,6
Monza,20,82.592,-366,11315,263,0,99,7
Monza,20,82.592,-334,11519,266,0,99,7
Monza,20,82.592,-272,11797,271,0,99,7
Monza,20,82.592,-239,11915,276,0,99,7
Monza,20,82.592,-149,12178,278,0,99,7
Monza,20,82.592,-48,12407,284,0,99,7
Monza,20,82.592,95,12673,285,0,99,7
Monza,20,82.592,95,12673,286,0,99,7
Monza,20,82.592,265,12926,290,0,99,7
Monza,20,82.592,265,12926,292,0,99,7
Monza,20,82.592,589,13288,295,0,99,7
Monza,20,82.592,713,13399,296,0,99,7
Monza,20,82.592,910,13553,300,0,99,8
Monza,20,82.592,910,13553,300,0,99,8
Monza,20,82.592,1132,13703,303,0,99,8
Monza,20,82.592,1322,13812,304,0,99,8
Monza,20,82.592,1613,13953,305,0,99,8
Monza,20,82.592,1613,13953,305,0,99,8
Monza,20,82.592,1802,14029,306,0,99,8
Monza,20,82.592,2013,14100,309,0,99,8
Monza,20,82.592,2331,14180,311,0,99,8
Monza,20,82.592,2654,14240,312,0,99,8
Monza,20,82.592,2999,14290,313,0,99,8
Monza,20,82.592,2999,14290,315,0,99,8
Monza,20,82.592,3225,14316,315,0,99,8
Monza,20,82.592,3487,14339,316,0,99,8
Monza,20,82.592,3733,14359,318,0,99,8
Monza,20,82.592,3733,14359,318,0,99,8
Monza,20,82.592,4086,14390,319,0,99,8
Monza,20,82.592,4368,14412,320,0,99,8
Monza,20,82.592,4641,14430,320,0,99,8
Monza,20,82.592,4801,14440,321,0,99,8
Monza,20,82.592,4979,14449,322,0,99,8
Monza,20,82.592,5211,14460,322,0,99,8
Monza,20,82.592,5211,14460,322,0,99,8
Monza,20,82.592,5478,14471,320,0,99,8
Monza,20,82.592,5620,14477,316,100,99,8
Monza,20,82.592,5930,14489,286,100,0,8
Monza,20,82.592,5930,14489,252,100,0,8
Monza,20,82.592,6337,14504,197,100,0,8
Monza,20,82.592,6438,14513,167,100,0,7
Monza,20,82.592,6609,14546,153,100,0,5
Monza,20,82.592,6609,14546,136,100,0,3
Monza,20,82.592,6665,14563,130,100,0,3
Monza,20,82.592,6747,14597,123,100,0,3
Monza,20,82.592,6812,14635,118,100,0,3
Monza,20,82.592,6914,14769,113,0,3,3
Monza,20,82.592,6952,14849,112,0,39,3
Monza,20,82.592,6952,14849,113,0,49,3
Monza,20,82.592,6997,14912,120,0,46,3
Monza,20,82.592,7045,14959,123,0,12,3
Monza,20,82.592,7117,15010,120,0,27,3
Monza,20,82.592,7265,15080,123,0,59,3
Monza,20,82.592,7363,15109,133,0,81,3
Monza,20,82.592,7503,15140,142,0,97,3
Monza,20,82.592,7658,15168,153,0,99,3
Monza,20,82.592,7899,15219,171,0,99,4
Monza,20,82.592,7899,15219,181,0,99,4
Monza,20,82.592,7991,15244,192,0,99,5
Monza,20,82.592,8076,15270,203,0,99,5
Monza,20,82.592,8445,15384,216,0,99,5
Monza,20,82.592,8622,15448,228,0,99,5
Monza,20,82.592,8743,15495,233,0,99,6
Monza,20,82.592,8929,15567,238,0,99,6
Monza,20,82.592,9121,15638,242,0,99,6
Monza,20,82.592,9121,15638,249,0,99,6
Monza,20,82.592,9253,15683,251,0,99,6
Monza,20,82.592,9454,15751,257,0,99,6
Monza,20,82.592,9712,15833,259,100,97,6
Monza,20,82.592,9712,15833,254,100,97,6
Monza,20,82.592,9843,15865,246,100,97,6
Monza,20,82.592,10015,15883,234,100,0,6
Monza,20,82.592,10181,15872,218,100,0,5
Monza,20,82.592,10325,15836,202,100,0,5
Monza,20,82.592,10579,15691,195,100,0,5
Monza,20,82.592,10713,15546,189,0,41,5
Monza,20,82.592,10713,15546,187,0,71,5
Monza,20,82.592,10778,15438,191,0,76,5
Monza,20,82.592,10811,15369,195,0,80,5
Monza,20,82.592,10859,15234,201,0,94,5
Monza,20,82.592,10893,15090,207,0,99,5
Monza,20,82.592,10926,14868,213,0,99,5
Monza,20,82.592,10947,14658,218,0,99,5
Monza,20,82.592,10947,14658,224,0,99,5
Monza,20,82.592,10963,14454,229,0,99,5
Monza,20,82.592,10979,14215,239,0,99,6
Monza,20,82.592,10979,14215,243,0,99,6
Monza,20,82.592,10996,13967,249,0,99,6
Monza,20,82.592,11010,13804,253,0,99,6
Monza,20,82.592,11010,13804,258,0,99,6
Monza,20,82.592,11036,13531,260,0,99,6
Monza,20,82.592,11067,13109,241,100,0,6
Monza,20,82.592,11067,13109,220,100,0,6
Monza,20,82.592,11046,12842,199,100,0,5
Monza,20,82.592,11023,12761,191,100,0,5
Monza,20,82.592,10973,12652,185,0,31,5
Monza,20,82.592,10860,12508,180,0,64,5
Monza,20,82.592,10742,12411,181,0,61,5
Monza,20,82.592,10742,12411,185,0,58,5
Monza,20,82.592,10636,12343,185,0,59,5
Monza,20,82.592,10506,12272,193,0,99,5
Monza,20,82.592,10379,12208,205,0,99,5
Monza,20,82.592,10257,12147,205,0,99,5
Monza,20,82.592,10097,12066,221,0,99,5
Monza,20,82.592,9921,11973,226,0,99,5
Monza,20,82.592,9622,11811,237,0,99,6
Monza,20,82.592,9622,11811,242,0,99,6
Monza,20,82.592,9342,11661,249,0,99,6
Monza,20,82.592,9342,11661,251,0,99,6
Monza,20,82.592,9119,11535,256,0,99,6
Monza,20,82.592,9119,11535,257,0,99,6
Monza,20,82.592,8916,11418,263,0,99,6
Monza,20,82.592,8747,11322,270,0,99,6
Monza,20,82.592,8533,11203,278,0,99,7
Monza,20,82.592,8220,11026,284,0,99,7
Monza,20,82.592,8137,10979,287,0,99,7
Monza,20,82.592,7818,10791,293,0,99,7
Monza,20,82.592,7388,10495,298,0,99,8
Monza,20,82.592,7256,10390,302,0,99,8
Monza,20,82.592,7084,10249,305,0,99,8
Monza,20,82.592,7084,10249,306,0,99,8
Monza,20,82.592,6991,10175,309,0,99,8
Monza,20,82.592,6717,9940,311,0,99,8
Monza,20,82.592,6599,9837,312,0,99,8
Monza,20,82.592,6374,9642,315,0,99,8
Monza,20,82.592,6254,9537,319,0,99,8
Monza,20,82.592,6080,9386,321,0,99,8
Monza,20,82.592,5904,9233,322,0,99,8
Monza,20,82.592,5756,9104,322,0,98,8
Monza,20,82.592,5756,9104,324,0,99,8
Monza,20,82.592,5497,8879,325,0,99,8
Monza,20,82.592,5263,8676,327,0,99,8
Monza,20,82.592,5263,8676,328,0,99,8
Monza,20,82.592,5125,8556,329,0,99,8
Monza,20,82.592,5125,8556,329,0,99,8
Monza,20,82.592,5125,8556,330,0,99,8
Monza,20,82.592,4419,7942,330,0,99,8
Monza,20,82.592,3776,7383,335,0,99,8
Monza,20,82.592,3650,7273,334,0,99,8
Monza,20,82.592,3551,7188,336,0,99,8
Monza,20,82.592,3230,6908,332,0,99,8
Monza,20,82.592,3230,6908,315,100,0,8
Monza,20,82.592,3031,6735,299,100,0,8
Monza,20,82.592,2852,6573,267,100,0,8
Monza,20,82.592,2852,6573,238,100,0,8
Monza,20,82.592,2686,6404,218,100,0,6
Monza,20,82.592,2608,6286,203,100,0,5
Monza,20,82.592,2572,6193,191,0,0,5
Monza,20,82.592,2548,6047,187,0,12,5
Monza,20,82.592,2544,5929,182,0,32,5
Monza,20,82.592,2546,5794,181,0,55,5
Monza,20,82.592,2545,5671,192,0,99,5
Monza,20,82.592,2531,5487,200,0,83,5
Monza,20,82.592,2494,5325,202,0,71,5
Monza,20,82.592,2414,5121,210,0,85,5
Monza,20,82.592,2279,4911,218,0,98,5
Monza,20,82.592,2215,4836,220,0,99,5
Monza,20,82.592,2080,4699,228,0,99,5
Monza,20,82.592,1870,4405,235,0,99,6
Monza,20,82.592,1819,4264,247,0,99,6
Monza,20,82.592,1787,4141,247,0,99,6
Monza,20,82.592,1743,3893,252,0,99,6
Monza,20,82.592,1724,3691,261,0,99,6
Monza,20,82.592,1711,3546,265,0,99,6
Monza,20,82.592,1699,3414,265,0,99,7
Monza,20,82.592,1662,3041,273,0,99,7
Monza,20,82.592,1646,2863,274,0,99,7
Monza,20,82.592,1628,2663,277,0,99,7
Monza,20,82.592,1628,2663,282,0,99,7
Monza,20,82.592,1600,2350,286,0,99,7
Monza,20,82.592,1583,2176,287,0,99,7
Monza,20,82.592,1566,1984,289,0,99,7
Monza,20,82.592,1539,1694,294,0,99,7
Monza,20,82.592,1530,1596,294,0,99,7
Monza,20,82.592,1512,1401,295,0,99,7
Monza,20,82.592,1481,1056,297,0,99,7
Monza,20,82.592,1481,1056,301,0,99,8
Monza,20,82.592,1455,779,302,0,99,8
Monza,20,82.592,1432,526,304,0,99,8
Monza,20,82.592,1404,222,307,0,99,8
Monza,20,82.592,1387,34,307,0,98,8
Monza,20,82.592,1369,-153,309,0,99,8
Monza,20,82.592,1354,-324,309,0,99,8
Monza,20,82.592,1324,-649,310,0,99,8
Monza,20,82.592,1324,-649,311,0,99,8
Monza,20,82.592,1287,-1046,313,0,99,8
Monza,20,82.592,1271,-1219,312,0,99,8
Monza,20,82.592,1257,-1376,315,0,98,8
Monza,20,82.592,1235,-1620,316,0,99,8
Monza,20,82.592,1202,-1970,316,0,99,8
Monza,20,82.592,1173,-2288,319,0,99,8
Monza,20,82.592,1142,-2624,320,0,98,8
Monza,20,82.592,1134,-2713,321,0,99,8
Monza,20,82.592,1101,-3069,321,0,99,8
Monza,20,82.592,1080,-3301,322,0,99,8
Monza,20,82.592,1060,-3514,322,0,99,8
Monza,20,82.592,1050,-3621,322,0,99,8
Monza,20,82.592,1026,-3871,322,0,99,8
Monza,20,82.592,1010,-4032,324,0,99,8
Monza,20,82.592,964,-4460,323,0,99,8
Monza,20,82.592,945,-4602,321,100,99,8
Monza,20,82.592,924,-4740,312,100,0,8
Monza,20,82.592,896,-4890,312,100,0,8
Monza,20,82.592,806,-5223,250,100,0,8
Monza,20,82.592,806,-5223,234,100,0,6
Monza,20,82.592,465,-5678,221,100,0,6
Monza,20,82.592,465,-5678,215,100,0,5
Monza,20,82.592,465,-5678,206,0,0,5
Monza,20,82.592,324,-5749,199,0,19,5
Monza,20,82.592,165,-5792,199,0,60,5
Monza,20,82.592,12,-5802,195,0,67,5
Monza,20,82.592,-120,-5789,200,0,80,5
Monza,20,82.592,-165,-5781,203,0,84,5
Monza,20,82.592,-388,-5710,211,0,99,5
Monza,20,82.592,-538,-5634,222,0,99,5
Monza,20,82.592,-724,-5503,231,0,99,5
Monza,20,82.592,-928,-5299,237,0,99,6
Monza,20,82.592,-1027,-5171,242,0,99,6
Monza,20,82.592,-1102,-5056,245,0,99,6
Monza,20,82.592,-1232,-4807,251,0,99,6
Monza,20,82.592,-1232,-4807,253,0,99,6
Monza,20,82.592,-1343,-4510,259,0,99,6
Monza,20,82.592,-1343,-4510,264,0,99,6
Monza,20,82.592,-1440,-4106,269,0,99,7
Monza,20,82.592,-1440,-4106,272,0,99,7
Monza,20,82.592,-1477,-3818,276,0,99,7
Monza,20,82.592,-1490,-3633,282,0,99,7
Monza,20,82.592,-1497,-3413,284,0,99,7
Monza,20,82.592,-1499,-2998,289,0,99,7
Monza,20,82.592,-1499,-2998,291,0,99,7
Monza,20,82.592,-1497,-2820,292,0,99,7
Monza,20,82.592,-1493,-2657,295,0,99,7
Monza,20,82.592,-1487,-2450,297,0,99,7
Monza,20,82.592,-1472,-2085,299,0,99,8
Monza,20,82.592,-1472,-2085,302,0,99,8
Monza,20,82.592,-1461,-1884,302,0,99,8
Monza,20,82.592,-1448,-1665,304,0,99,8
Monza,20,82.592,-1436,-1479,307,0,99,8
Monza,20,82.592,-1418,-1230,307,0,99,8
Monza,20,82.592,-1393,-913,310,0,99,8
Monza,20,82.592,-1393,-913,312,0,99,8
Monza,22,81.594,-1364,-561,316,0,100,8
Monza,22,81.594,-1343,-315,317,0,100,8
Monza,22,81.594,-1321,-69,319,0,100,8
Monza,22,81.594,-1296,213,320,0,100,8
Monza,22,81.594,-1272,480,323,0,100,8
Monza,22,81.594,-1190,1436,329,0,100,8
Monza,22,81.594,-1178,1582,329,0,100,8
Monza,22,81.594,-1151,1894,332,0,100,8
Monza,22,81.594,-1125,2188,333,0,100,8
Monza,22,81.594,-1105,2427,334,0,100,8
Monza,22,81.594,-1086,2640,335,0,100,8
Monza,22,81.594,-1066,2872,337,0,100,8
Monza,22,81.594,-1036,3226,337,0,100,8
Monza,22,81.594,-1010,3525,338,0,100,8
Monza,22,81.594,-992,3731,338,0,100,8
Monza,22,81.594,-967,4031,339,0,100,8
Monza,22,81.594,-932,4427,340,0,100,8
Monza,22,81.594,-932,4427,340,0,100,8
Monza,22,81.594,-913,4653,341,0,100,8
Monza,22,81.594,-875,5088,342,0,100,8
Monza,22,81.594,-875,5088,343,0,100,8
Monza,22,81.594,-849,5392,343,0,100,8
Monza,22,81.594,-825,5678,344,0,100,8
Monza,22,81.594,-792,6060,345,0,100,8
Monza,22,81.594,-758,6469,345,0,100,8
Monza,22,81.594,-745,6621,344,0,100,8
Monza,22,81.594,-732,6773,343,0,100,8
Monza,22,81.594,-718,6944,342,100,91,8
Monza,22,81.594,-692,7246,298,100,0,8
Monza,22,81.594,-683,7356,298,100,0,8
Monza,22,81.594,-661,7625,231,100,0,8
Monza,22,81.594,-661,7625,204,100,0,7
Monza,22,81.594,-652,7731,193,100,0,5
Monza,22,81.594,-652,7731,164,100,0,5
Monza,22,81.594,-637,7878,154,100,0,3
Monza,22,81.594,-610,8036,143,100,0,3
Monza,22,81.594,-610,8036,120,100,0,2
Monza,22,81.594,-564,8161,101,100,0,2
Monza,22,81.594,-504,8243,92,100,0,2
Monza,22,81.594,-465,8274,81,0,0,2
Monza,22,81.594,-366,8309,81,0,3,2
Monza,22,81.594,-313,8319,77,0,11,2
Monza,22,81.594,-279,8327,77,0,36,2
Monza,22,81.594,-217,8357,81,0,0,2
Monza,22,81.594,-181,8396,77,0,0,2
Monza,22,81.594,-156,8453,75,0,1,2
Monza,22,81.594,-142,8545,70,0,23,2
Monza,22,81.594,-144,8637,74,0,40,2
Monza,22,81.594,-151,8688,82,0,48,2
Monza,22,81.594,-151,8688,86,0,57,2
Monza,22,81.594,-165,8757,89,0,63,2
Monza,22,81.594,-189,8852,100,0,70,2
Monza,22,81.594,-213,8939,119,0,80,2
Monza,22,81.594,-220,8966,123,0,81,2
Monza,22,81.594,-248,9073,132,0,84,3
Monza,22,81.594,-268,9151,147,0,100,3
Monza,22,81.594,-320,9360,167,0,100,4
Monza,22,81.594,-408,9871,207,0,100,5
Monza,22,81.594,-408,9871,210,0,100,5
Monza,22,81.594,-422,10086,217,0,100,5
Monza,22,81.594,-426,10248,226,0,100,5
Monza,22,81.594,-426,10495,236,0,100,5
Monza,22,81.594,-423,10629,239,0,100,6
Monza,22,81.594,-416,10779,248,0,100,6
Monza,22,81.594,-395,11059,253,0,100,6
Monza,22,81.594,-395,11059,256,0,100,6
Monza,22,81.594,-375,11245,262,0,100,6
Monza,22,81.594,-363,11332,266,0,100,6
Monza,22,81.594,-322,11580,267,0,100,7
Monza,22,81.594,-297,11698,272,0,100,7
Monza,22,81.594,-243,11903,273,0,100,7
Monza,22,81.594,-159,12152,280,0,100,7
Monza,22,81.594,-159,12152,281,0,100,7
Monza,22,81.594,26,12553,285,0,100,7
Monza,22,81.594,115,12705,289,0,100,7
Monza,22,81.594,465,13164,293,0,100,7
Monza,22,81.594,465,13164,294,0,100,7
Monza,22,81.594,510,13211,295,0,100,7
Monza,22,81.594,629,13325,297,0,100,8
Monza,22,81.594,794,13464,300,0,100,8
Monza,22,81.594,982,13604,302,0,100,8
Monza,22,81.594,1208,13748,303,0,100,8
Monza,22,81.594,1417,13861,305,0,100,8
Monza,22,81.594,1555,13927,306,0,100,8
Monza,22,81.594,1839,14043,308,0,100,8
Monza,22,81.594,2019,14101,309,0,100,8
Monza,22,81.594,2388,14192,311,0,100,8
Monza,22,81.594,2559,14224,312,0,100,8
Monza,22,81.594,2731,14252,312,0,100,8
Monza,22,81.594,2731,14252,314,0,100,8
Monza,22,81.594,3147,14307,315,0,100,8
Monza,22,81.594,3646,14352,316,0,100,8
Monza,22,81.594,3795,14364,318,0,100,8
Monza,22,81.594,4024,14384,319,0,100,8
Monza,22,81.594,4349,14410,321,0,100,8
Monza,22,81.594,4624,14429,320,0,100,8
Monza,22,81.594,4624,14429,322,0,100,8
Monza,22,81.594,4785,14439,322,0,100,8
Monza,22,81.594,5142,14457,323,0,100,8
Monza,22,81.594,5519,14472,323,0,100,8
Monza,22,81.594,5643,14478,323,100,0,8
Monza,22,81.594,5922,14488,275,100,0,8
Monza,22,81.594,6089,14494,246,100,0,7
Monza,22,81.594,6266,14501,201,100,0,5
Monza,22,81.594,6393,14508,170,100,0,4
Monza,22,81.594,6484,14519,159,100,0,4
Monza,22,81.594,6560,14533,146,100,0,3
Monza,22,81.594,6700,14576,125,100,0,3
Monza,22,81.594,6742,14594,117,100,0,3
Monza,22,81.594,6819,14640,112,0,0,3
Monza,22,81.594,6880,14706,107,0,19,3
Monza,22,81.594,6928,14802,103,0,35,3
Monza,22,81.594,6947,14842,112,0,60,3
Monza,22,81.594,7092,14994,120,0,47,3
Monza,22,81.594,7144,15026,121,0,61,3
Monza,22,81.594,7247,15073,127,0,78,3
Monza,22,81.594,7309,15094,141,0,84,3
Monza,22,81.594,7454,15130,141,0,100,3
Monza,22,81.594,7520,15144,162,0,100,3
Monza,22,81.594,7626,15162,169,0,100,4
Monza,22,81.594,7908,15221,195,0,100,4
Monza,22,81.594,8123,15284,209,0,100,5
Monza,22,81.594,8385,15365,215,0,100,5
Monza,22,81.594,8588,15435,227,0,100,5
Monza,22,81.594,8588,15435,230,0,100,5
Monza,22,81.594,8809,15521,235,0,100,5
Monza,22,81.594,8960,15579,242,0,100,6
Monza,22,81.594,9210,15668,250,0,100,6
Monza,22,81.594,9345,15714,256,0,100,6
Monza,22,81.594,9523,15774,260,0,100,6
Monza,22,81.594,9523,15774,262,0,5,6
Monza,22,81.594,9843,15865,241,100,0,6
Monza,22,81.594,9928,15878,228,100,0,6
Monza,22,81.594,10118,15879,217,100,0,5
Monza,22,81.594,10275,15852,207,0,0,5
Monza,22,81.594,10419,15796,201,0,16,5
Monza,22,81.594,10503,15747,193,0,78,5
Monza,22,81.594,10688,15579,197,0,87,5
Monza,22,81.594,10752,15487,202,0,96,5
Monza,22,81.594,10819,15352,207,0,100,5
Monza,22,81.594,10895,15083,215,0,100,5
Monza,22,81.594,10895,15083,220,0,100,5
Monza,22,81.594,10918,14935,229,0,100,5
Monza,22,81.594,10946,14678,235,0,100,6
Monza,22,81.594,10970,14344,242,0,100,6
Monza,22,81.594,10984,14136,248,0,100,6
Monza,22,81.594,10984,14136,253,0,100,6
Monza,22,81.594,11004,13863,256,0,100,6
Monza,22,81.594,11023,13660,260,0,100,6
Monza,22,81.594,11046,13424,265,0,100,6
Monza,22,81.594,11046,13424,267,0,79,6
Monza,22,81.594,11065,13173,234,100,0,6
Monza,22,81.594,11062,12941,208,100,0,5
Monza,22,81.594,11049,12857,196,100,0,5
Monza,22,81.594,11018,12747,189,0,0,5
Monza,22,81.594,10965,12640,185,0,0,5
Monza,22,81.594,10886,12535,180,0,76,5
Monza,22,81.594,10764,12427,184,0,92,5
Monza,22,81.594,10656,12355,191,0,100,5
Monza,22,81.594,10580,12312,193,0,100,5
Monza,22,81.594,10468,12253,206,0,100,5
Monza,22,81.594,10353,12195,209,0,100,5
Monza,22,81.594,10179,12108,223,0,100,5
Monza,22,81.594,10034,12033,228,0,100,5
Monza,22,81.594,9553,11775,251,0,100,6
Monza,22,81.594,9553,11775,255,0,100,6
Monza,22,81.594,8872,11393,259,0,100,6
Monza,22,81.594,8872,11393,266,0,100,6
Monza,22,81.594,8872,11393,270,0,100,7
Monza,22,81.594,8699,11296,274,0,100,7
Monza,22,81.594,8510,11190,279,0,100,7
Monza,22,81.594,8332,11090,283,0,100,7
Monza,22,81.594,8109,10963,290,0,100,7
Monza,22,81.594,7941,10865,293,0,100,7
Monza,22,81.594,7662,10691,296,0,100,7
Monza,22,81.594,7662,10691,298,0,100,8
Monza,22,81.594,7361,10475,304,0,100,8
Monza,22,81.594,7162,10313,307,0,100,8
Monza,22,81.594,6896,10096,311,0,100,8
Monza,22,81.594,6817,10028,312,0,100,8
Monza,22,81.594,6553,9798,315,0,100,8
Monza,22,81.594,6353,9623,317,0,100,8
Monza,22,81.594,6353,9623,319,0,100,8
Monza,22,81.594,5934,9259,323,0,100,8
Monza,22,81.594,5934,9259,324,0,100,8
Monza,22,81.594,5687,9045,326,0,100,8
Monza,22,81.594,5453,8841,329,0,100,8
Monza,22,81.594,5453,8841,331,0,100,8
Monza,22,81.594,5244,8660,332,0,100,8
Monza,22,81.594,5049,8490,333,0,100,8
Monza,22,81.594,4839,8308,334,0,100,8
Monza,22,81.594,4516,8026,336,0,100,8
Monza,22,81.594,4393,7919,336,0,100,8
Monza,22,81.594,4043,7616,338,0,100,8
Monza,22,81.594,4043,7616,338,0,100,8
Monza,22,81.594,3916,7505,338,0,100,8
Monza,22,81.594,3731,7344,338,0,100,8
Monza,22,81.594,3474,7121,340,0,100,8
Monza,22,81.594,3318,6985,340,0,100,8
Monza,22,81.594,3124,6817,329,100,0,8
Monza,22,81.594,2978,6689,295,100,0,8
Monza,22,81.594,2826,6549,236,100,0,8
Monza,22,81.594,2709,6430,217,100,0,6
Monza,22,81.594,2619,6306,198,0,0,5
Monza,22,81.594,2570,6185,196,0,0,5
Monza,22,81.594,2546,6027,192,0,5,5
Monza,22,81.594,2546,6027,188,0,44,5
Monza,22,81.594,2546,5740,185,0,77,5
Monza,22,81.594,2544,5644,191,0,94,5
Monza,22,81.594,2544,5644,199,0,97,5
Monza,22,81.594,2526,5458,205,0,87,5
Monza,22,81.594,2498,5336,208,0,90,5
Monza,22,81.594,2450,5202,213,0,100,6
Monza,22,81.594,2337,4989,219,0,100,6
Monza,22,81.594,2201,4821,225,0,100,6
Monza,22,81.594,2201,4821,230,0,100,6
Monza,22,81.594,1960,4560,238,0,85,6
Monza,22,81.594,1853,4363,243,0,79,6
Monza,22,81.594,1853,4363,245,0,100,6
Monza,22,81.594,1792,4163,245,0,100,6
Monza,22,81.594,1768,4053,248,0,100,6
Monza,22,81.594,1729,3744,256,0,100,6
Monza,22,81.594,1718,3615,259,0,100,6
Monza,22,81.594,1696,3383,264,0,100,6
Monza,22,81.594,1683,3250,267,0,100,7
Monza,22,81.594,1658,3001,272,0,100,7
Monza,22,81.594,1658,3001,275,0,100,7
Monza,22,81.594,1612,2490,279,0,100,7
Monza,22,81.594,1612,2490,282,0,100,7
Monza,22,81.594,1582,2157,286,0,100,7
Monza,22,81.594,1561,1931,291,0,100,7
Monza,22,81.594,1539,1688,294,0,100,7
Monza,22,81.594,1513,1409,295,0,100,7
Monza,22,81.594,1513,1409,297,0,100,7
Monza,22,81.594,1472,962,299,0,100,8
Monza,22,81.594,1472,962,304,0,100,8
Monza,22,81.594,1427,473,307,0,100,8
Monza,22,81.594,1418,371,308,0,100,8
Monza,22,81.594,1389,63,310,0,100,8
Monza,22,81.594,1366,-194,311,0,100,8
Monza,22,81.594,1366,-194,311,0,100,8
Monza,22,81.594,1332,-557,314,0,100,8
Monza,22,81.594,1313,-766,315,0,100,8
Monza,22,81.594,1274,-1188,317,0,100,8
Monza,22,81.594,1274,-1188,318,0,100,8
Monza,22,81.594,1249,-1461,320,0,100,8
Monza,22,81.594,1223,-1745,321,0,100,8
Monza,22,81.594,1194,-2065,322,0,100,8
Monza,22,81.594,1177,-2243,323,0,100,8
Monza,22,81.594,1158,-2457,323,0,100,8
Monza,22,81.594,1137,-2681,324,0,100,8
Monza,22,81.594,1099,-3095,324,0,100,8
Monza,22,81.594,1082,-3284,325,0,100,8
Monza,22,81.594,1034,-3789,325,0,100,8
Monza,22,81.594,1034,-3789,327,0,100,8
Monza,22,81.594,985,-4276,326,0,100,8
Monza,22,81.594,919,-4773,326,0,100,8
Monza,22,81.594,919,-4773,318,100,0,8
Monza,22,81.594,874,-4993,277,100,0,8
Monza,22,81.594,793,-5255,246,100,0,7
Monza,22,81.594,719,-5410,232,100,0,6
Monza,22,81.594,614,-5552,224,0,3,5
Monza,22,81.594,614,-5552,216,0,11,5
Monza,22,81.594,383,-5724,211,0,20,5
Monza,22,81.594,383,-5724,206,0,52,5
Monza,22,81.594,224,-5780,204,0,77,5
Monza,22,81.594,112,-5798,204,0,78,5
Monza,22,81.594,19,-5802,208,0,78,5
Monza,22,81.594,-132,-5787,209,0,88,5
Monza,22,81.594,-295,-5746,215,0,100,5
Monza,22,81.594,-399,-5706,222,0,100,5
Monza,22,81.594,-566,-5617,226,0,100,5
Monza,22,81.594,-802,-5433,234,0,100,5
Monza,22,81.594,-877,-5357,238,0,100,6
Monza,22,81.594,-877,-5357,242,0,100,6
Monza,22,81.594,-1047,-5142,249,0,100,6
Monza,22,81.594,-1135,-4999,253,0,100,6
Monza,22,81.594,-1276,-4702,260,0,100,6
Monza,22,81.594,-1359,-4459,264,0,100,6
Monza,22,81.594,-1402,-4293,270,0,100,7
Monza,22,81.594,-1433,-4145,273,0,100,7
Monza,22,81.594,-1478,-3813,279,0,100,7
Monza,22,81.594,-1491,-3602,281,0,100,7
Monza,22,81.594,-1497,-3421,283,0,100,7
Monza,22,81.594,-1500,-3166,286,0,100,7
Monza,22,81.594,-1500,-3166,288,0,100,7
Monza,22,81.594,-1498,-2924,290,0,100,7
Monza,22,81.594,-1493,-2663,294,0,100,7
Monza,22,81.594,-1489,-2513,295,0,100,8
Monza,22,81.594,-1489,-2513,299,0,100,8
Monza,22,81.594,-1481,-2281,301,0,100,8
Monza,22,81.594,-1467,-1996,301,0,100,8
Monza,22,81.594,-1467,-1996,303,0,100,8
Monza,22,81.594,-1443,-1590,308,0,100,8
Monza,22,81.594,-1434,-1453,310,0,100,8
Monza,22,81.594,-1411,-1136,310,0,100,8
Monza,22,81.594,-1395,-937,311,0,100,8
Monza,22,81.594,-1377,-710,313,0,100,8
Monza,23,80.76,-1362,-532,320,0,100,8
Monza,23,80.76,-1340,-284,320,0,100,8
Monza,23,80.76,-1324,-106,322,0,100,8
Monza,23,80.76,-1300,160,323,0,100,8
Monza,23,80.76,-1300,160,324,0,100,8
Monza,23,80.76,-1271,501,324,0,100,8
Monza,23,80.76,-1254,699,326,0,100,8
Monza,23,80.76,-1241,844,327,0,100,8
Monza,23,80.76,-1200,1319,330,0,100,8
Monza,23,80.76,-1183,1521,333,0,100,8
Monza,23,80.76,-1167,1706,334,0,100,8
Monza,23,80.76,-1167,1706,334,0,100,8
Monza,23,80.76,-1136,2059,336,0,100,8
Monza,23,80.76,-1107,2395,338,0,100,8
Monza,23,80.76,-1093,2564,339,0,100,8
Monza,23,80.76,-1060,2941,341,0,100,8
Monza,23,80.76,-1026,3338,342,0,100,8
Monza,23,80.76,-994,3717,343,0,100,8
Monza,23,80.76,-975,3927,344,0,100,8
Monza,23,80.76,-961,4099,345,0,100,8
Monza,23,80.76,-943,4309,345,0,100,8
Monza,23,80.76,-914,4635,346,0,100,8
Monza,23,80.76,-886,4961,347,0,100,8
Monza,23,80.76,-876,5076,348,0,100,8
Monza,23,80.76,-837,5538,349,0,100,8
Monza,23,80.76,-803,5924,348,0,100,8
Monza,23,80.76,-788,6104,348,0,100,8
Monza,23,80.76,-769,6339,349,0,100,8
Monza,23,80.76,-769,6339,348,0,100,8
Monza,23,80.76,-749,6566,348,0,100,8
Monza,23,80.76,-728,6816,347,0,100,8
Monza,23,80.76,-715,6969,342,0,0,8
Monza,23,80.76,-700,7150,294,100,0,8
Monza,23,80.76,-675,7460,258,100,0,8
Monza,23,80.76,-657,7673,241,100,0,7
Monza,23,80.76,-657,7673,189,100,0,7
Monza,23,80.76,-634,7902,142,100,0,4
Monza,23,80.76,-619,7997,130,100,0,3
Monza,23,80.76,-593,8095,114,100,0,3
Monza,23,80.76,-541,8199,104,100,0,2
Monza,23,80.76,-541,8199,99,100,0,2
Monza,23,80.76,-441,8287,90,100,0,2
Monza,23,80.76,-395,8303,85,0,5,2
Monza,23,80.76,-296,8323,81,0,11,2
Monza,23,80.76,-248,8339,85,0,21,2
Monza,23,80.76,-199,8373,82,100,0,2
Monza,23,80.76,-162,8434,79,0,0,2
Monza,23,80.76,-162,8434,75,0,0,2
Monza,23,80.76,-145,8507,73,0,4,2
Monza,23,80.76,-145,8507,73,0,6,2
Monza,23,80.76,-141,8590,73,0,14,2
Monza,23,80.76,-145,8642,79,0,26,2
Monza,23,80.76,-162,8742,90,0,45,2
Monza,23,80.76,-174,8794,101,0,59,2
Monza,23,80.76,-195,8875,111,0,70,2
Monza,23,80.76,-212,8935,121,0,74,2
Monza,23,80.76,-237,9030,130,0,80,3
Monza,23,80.76,-267,9146,135,0,87,3
Monza,23,80.76,-308,9313,165,0,100,4
Monza,23,80.76,-308,9313,170,0,100,4
Monza,23,80.76,-344,9470,180,0,100,4
Monza,23,80.76,-371,9605,188,0,100,4
Monza,23,80.76,-396,9759,201,0,100,5
Monza,23,80.76,-407,9852,215,0,100,5
Monza,23,80.76,-419,10008,218,0,100,6
Monza,23,80.76,-426,10235,224,0,100,6
Monza,23,80.76,-427,10431,231,0,100,6
Monza,23,80.76,-427,10431,239,0,100,6
Monza,23,80.76,-406,10929,252,0,100,7
Monza,23,80.76,-389,11116,258,0,100,7
Monza,23,80.76,-389,11116,263,0,100,7
Monza,23,80.76,-376,11233,266,0,100,7
Monza,23,80.76,-359,11363,271,0,100,7
Monza,23,80.76,-306,11657,275,0,100,7
Monza,23,80.76,-218,11985,279,0,100,7
Monza,23,80.76,-171,12118,283,0,100,8
Monza,23,80.76,-94,12309,287,0,100,8
Monza,23,80.76,-18,12469,290,0,100,8
Monza,23,80.76,134,12736,293,0,100,8
Monza,23,80.76,284,12952,295,0,100,8
Monza,23,80.76,444,13142,299,0,100,8
Monza,23,80.76,712,13397,301,0,100,8
Monza,23,80.76,870,13524,303,0,100,8
Monza,23,80.76,870,13524,304,0,100,8
Monza,23,80.76,1065,13660,306,0,100,8
Monza,23,80.76,1211,13749,307,0,100,8
Monza,23,80.76,1406,13856,308,0,100,8
Monza,23,80.76,1704,13991,311,0,100,8
Monza,23,80.76,1866,14052,311,0,100,8
Monza,23,80.76,1965,14085,313,0,100,8
Monza,23,80.76,2195,14149,314,0,100,8
Monza,23,80.76,2470,14208,316,0,100,8
Monza,23,80.76,2748,14255,316,0,100,8
Monza,23,80.76,2905,14277,318,0,100,8
Monza,23,80.76,3204,14314,319,0,100,8
Monza,23,80.76,3345,14327,320,0,100,8
Monza,23,80.76,3523,14342,321,0,100,8
Monza,23,80.76,3986,14381,322,0,100,8
Monza,23,80.76,4182,14397,323,0,100,8
Monza,23,80.76,4182,14397,323,0,100,8
Monza,23,80.76,4451,14417,323,0,100,8
Monza,23,80.76,4702,14434,323,0,100,8
Monza,23,80.76,4987,14450,323,0,100,8
Monza,23,80.76,5220,14461,322,0,100,8
Monza,23,80.76,5416,14469,322,0,100,8
Monza,23,80.76,5416,14469,321,0,100,8
Monza,23,80.76,5781,14483,315,100,5,8
Monza,23,80.76,5781,14483,287,100,0,8
Monza,23,80.76,6093,14494,254,100,0,8
Monza,23,80.76,6180,14497,224,100,0,8
Monza,23,80.76,6180,14497,198,100,0,8
Monza,23,80.76,6366,14506,169,100,0,8
Monza,23,80.76,6492,14520,160,100,0,8
Monza,23,80.76,6622,14550,130,100,0,3
Monza,23,80.76,6747,14597,122,100,0,3
Monza,23,80.76,6822,14643,114,0,0,3
Monza,23,80.76,6822,14643,110,0,0,3
Monza,23,80.76,6863,14682,107,0,11,3
Monza,23,80.76,6906,14751,108,0,24,3
Monza,23,80.76,6975,14884,119,0,54,3
Monza,23,80.76,7071,14979,130,0,35,3
Monza,23,80.76,7139,15024,133,0,35,3
Monza,23,80.76,7198,15054,134,0,36,3
Monza,23,80.76,7262,15079,139,0,53,3
Monza,23,80.76,7353,15107,153,0,91,3
Monza,23,80.76,7353,15107,160,0,91,4
Monza,23,80.76,7819,15199,175,0,100,4
Monza,23,80.76,7819,15199,178,0,100,5
Monza,23,80.76,7922,15224,190,0,100,5
Monza,23,80.76,8019,15252,202,0,100,5
Monza,23,80.76,8185,15303,216,0,100,5
Monza,23,80.76,8309,15341,221,0,100,6
Monza,23,80.76,8498,15402,224,0,100,6
Monza,23,80.76,8705,15480,233,0,100,6
Monza,23,80.76,8867,15544,241,0,100,6
Monza,23,80.76,9047,15611,250,0,100,6
Monza,23,80.76,9167,15654,252,0,100,6
Monza,23,80.76,9355,15718,256,0,100,6
Monza,23,80.76,9602,15799,259,0,100,6
Monza,23,80.76,9685,15825,263,100,44,6
Monza,23,80.76,9938,15879,248,100,0,6
Monza,23,80.76,10061,15883,229,100,2,6
Monza,23,80.76,10061,15883,221,100,5,5
Monza,23,80.76,10262,15855,216,0,6,5
Monza,23,80.76,10360,15823,210,0,11,5
Monza,23,80.76,10472,15767,204,0,24,5
Monza,23,80.76,10563,15704,199,0,42,5
Monza,23,80.76,10651,15622,196,0,45,5
Monza,23,80.76,10782,15432,196,0,55,5
Monza,23,80.76,10782,15432,198,0,62,5
Monza,23,80.76,10819,15350,203,0,63,5
Monza,23,80.76,10886,15128,208,0,98,5
Monza,23,80.76,10909,14999,216,0,100,6
Monza,23,80.76,10932,14815,221,0,100,6
Monza,23,80.76,10953,14587,229,0,100,6
Monza,23,80.76,10961,14483,235,0,100,6
Monza,23,80.76,10981,14175,240,0,100,6
Monza,23,80.76,10981,14175,245,0,100,6
Monza,23,80.76,10993,14009,249,0,100,6
Monza,23,80.76,10993,14009,252,0,100,6
Monza,23,80.76,11016,13741,254,0,100,6
Monza,23,80.76,11024,13656,257,0,100,6
Monza,23,80.76,11064,13192,242,100,4,6
Monza,23,80.76,11067,13027,224,100,0,6
Monza,23,80.76,11058,12908,200,100,0,5
Monza,23,80.76,11022,12758,187,0,4,5
Monza,23,80.76,10971,12650,183,0,8,5
Monza,23,80.76,10920,12575,183,0,43,5
Monza,23,80.76,10852,12500,183,0,63,5
Monza,23,80.76,10656,12355,194,0,89,5
Monza,23,80.76,10352,12195,206,0,100,5
Monza,23,80.76,10178,12108,220,0,100,6
Monza,23,80.76,9952,11989,232,0,100,6
Monza,23,80.76,9858,11939,238,0,100,6
Monza,23,80.76,9656,11829,247,0,100,6
Monza,23,80.76,9503,11748,254,0,100,7
Monza,23,80.76,9251,11611,258,0,100,7
Monza,23,80.76,9072,11508,270,0,100,7
Monza,23,80.76,8915,11418,273,0,100,7
Monza,23,80.76,8659,11273,280,0,100,7
Monza,23,80.76,8480,11173,283,0,100,8
Monza,23,80.76,8480,11173,285,0,100,8
Monza,23,80.76,8229,11031,291,0,100,8
Monza,23,80.76,7607,10654,302,0,100,8
Monza,23,80.76,7607,10654,305,0,100,8
Monza,23,80.76,7266,10399,309,0,100,8
Monza,23,80.76,7118,10277,313,0,100,8
Monza,23,80.76,6929,10124,315,0,100,8
Monza,23,80.76,6809,10021,318,0,100,8
Monza,23,80.76,6568,9811,319,0,100,8
Monza,23,80.76,6568,9811,322,0,100,8
Monza,23,80.76,6325,9599,322,0,100,8
Monza,23,80.76,6216,9504,325,0,100,8
Monza,23,80.76,6051,9361,327,0,100,8
Monza,23,80.76,5775,9121,330,0,100,8
Monza,23,80.76,5525,8903,334,0,100,8
Monza,23,80.76,5385,8782,334,0,100,8
Monza,23,80.76,5231,8648,335,0,100,8
Monza,23,80.76,4949,8403,336,0,100,8
Monza,23,80.76,4722,8206,338,0,100,8
Monza,23,80.76,4510,8021,339,0,100,8
Monza,23,80.76,4296,7835,339,0,100,8
Monza,23,80.76,4125,7686,338,0,100,8
Monza,23,80.76,4011,7588,339,0,100,8
Monza,23,80.76,4011,7588,338,0,100,8
Monza,23,80.76,3756,7366,338,0,100,8
Monza,23,80.76,3459,7108,338,0,100,8
Monza,23,80.76,3248,6924,337,100,94,8
Monza,23,80.76,2941,6655,312,100,0,8
Monza,23,80.76,2941,6655,266,100,0,8
Monza,23,80.76,2761,6486,249,100,0,8
Monza,23,80.76,2761,6486,249,100,0,6
Monza,23,80.76,2646,6351,201,100,0,5
Monza,23,80.76,2646,6351,197,0,0,5
Monza,23,80.76,2545,5877,191,0,10,5
Monza,23,80.76,2545,5877,186,0,27,5
Monza,23,80.76,2545,5877,187,0,27,5
Monza,23,80.76,2544,5649,189,0,72,5
Monza,23,80.76,2544,5649,197,0,98,5
Monza,23,80.76,2537,5536,206,0,100,5
Monza,23,80.76,2514,5400,213,0,87,5
Monza,23,80.76,2461,5229,216,0,90,6
Monza,23,80.76,2335,4986,224,0,100,6
Monza,23,80.76,2335,4986,227,0,100,6
Monza,23,80.76,2231,4854,237,0,100,6
Monza,23,80.76,2128,4747,241,0,100,6
Monza,23,80.76,1973,4578,247,0,100,6
Monza,23,80.76,1900,4464,250,0,100,6
Monza,23,80.76,1812,4242,252,0,100,7
Monza,23,80.76,1812,4242,256,0,100,7
Monza,23,80.76,1756,3985,260,0,100,7
Monza,23,80.76,1727,3720,266,0,100,7
Monza,23,80.76,1696,3378,273,0,100,7
Monza,23,80.76,1685,3272,277,0,100,7
Monza,23,80.76,1663,3057,279,0,100,7
Monza,23,80.76,1654,2960,283,0,100,7
Monza,23,80.76,1619,2563,288,0,100,8
Monza,23,80.76,1604,2402,293,0,100,8
Monza,23,80.76,1579,2125,295,0,100,8
Monza,23,80.76,1558,1894,298,0,100,8
Monza,23,80.76,1545,1761,300,0,100,8
Monza,23,80.76,1521,1494,304,0,100,8
Monza,23,80.76,1501,1274,306,0,100,8
Monza,23,80.76,1468,926,308,0,100,8
Monza,23,80.76,1468,926,310,0,100,8
Monza,23,80.76,1442,634,310,0,100,8
Monza,23,80.76,1410,288,312,0,100,8
Monza,23,80.76,1410,288,313,0,100,8
Monza,23,80.76,1402,201,315,0,100,8
Monza,23,80.76,1367,-183,316,0,100,8
Monza,23,80.76,1367,-183,318,0,100,8
Monza,23,80.76,1350,-359,319,0,100,8
Monza,23,80.76,1308,-818,319,0,100,8
Monza,23,80.76,1308,-818,320,0,100,8
Monza,23,80.76,1300,-906,320,0,100,8
Monza,23,80.76,1280,-1120,322,0,100,8
Monza,23,80.76,1262,-1315,322,0,100,8
Monza,23,80.76,1246,-1494,323,0,100,8
Monza,23,80.76,1198,-2012,325,0,100,8
Monza,23,80.76,1177,-2246,325,0,100,8
Monza,23,80.76,1157,-2463,326,0,100,8
Monza,23,80.76,1127,-2784,327,0,100,8
Monza,23,80.76,1084,-3253,328,0,100,8
Monza,23,80.76,1053,-3597,329,0,100,8
Monza,23,80.76,1021,-3923,327,0,100,8
Monza,23,80.76,959,-4500,326,0,100,8
Monza,23,80.76,934,-4676,312,100,0,8
Monza,23,80.76,862,-5041,264,100,0,7
Monza,23,80.76,801,-5236,249,100,0,7
Monza,23,80.76,739,-5375,238,100,1,6
Monza,23,80.76,739,-5375,230,100,3,6
Monza,23,80.76,615,-5551,221,100,4,6
Monza,23,80.76,529,-5632,217,0,5,6
Monza,23,80.76,510,-5646,216,0,9,6
Monza,23,80.76,422,-5703,211,0,35,6
Monza,23,80.76,185,-5788,207,0,57,6
Monza,23,80.76,185,-5788,210,0,61,6
Monza,23,80.76,-25,-5800,211,0,74,6
Monza,23,80.76,-84,-5795,212,0,81,6
Monza,23,80.76,-227,-5767,218,0,96,6
Monza,23,80.76,-425,-5694,226,0,100,6
Monza,23,80.76,-619,-5583,229,0,100,6
Monza,23,80.76,-723,-5503,235,0,100,6
Monza,23,80.76,-914,-5315,239,0,100,6
Monza,23,80.76,-914,-5315,242,0,100,6
Monza,23,80.76,-1000,-5209,247,0,100,7
Monza,23,80.76,-1177,-4922,254,0,100,7
Monza,23,80.76,-1232,-4805,258,0,100,7
Monza,23,80.76,-1327,-4560,265,0,100,7
Monza,23,80.76,-1404,-4287,271,0,100,7
Monza,23,80.76,-1474,-3848,276,0,100,7
Monza,23,80.76,-1474,-3848,281,0,100,8
Monza,23,80.76,-1497,-3438,286,0,100,8
Monza,23,80.76,-1499,-3278,289,0,100,8
Monza,23,80.76,-1499,-3002,290,0,100,8
Monza,23,80.76,-1495,-2723,298,0,100,8
Monza,23,80.76,-1488,-2494,300,0,100,8
Monza,23,80.76,-1488,-2494,302,0,100,8
Monza,23,80.76,-1471,-2073,305,0,100,8
Monza,23,80.76,-1466,-1971,307,0,100,8
Monza,23,80.76,-1444,-1612,308,0,100,8
Monza,23,80.76,-1444,-1612,309,0,100,8
Monza,23,80.76,-1421,-1284,309,0,100,8
Monza,23,80.76,-1421,-1284,310,0,100,8
Monza,23,80.76,-1403,-1042,311,0,100,8
Monza,23,80.76,-1396,-946,311,0,100,8
Monza,23,80.76,-1382,-773,312,0,100,8
Monza,24,82.39,-1358,-493,315,0,100,8
Monza,24,82.39,-1358,-493,316,0,100,8
Monza,24,82.39,-1345,-335,318,0,100,8
Monza,24,82.39,-1304,123,321,0,100,8
Monza,24,82.39,-1290,283,321,0,100,8
Monza,24,82.39,-1253,712,323,0,100,8
Monza,24,82.39,-1240,857,325,0,100,8
Monza,24,82.39,-1225,1038,327,0,100,8
Monza,24,82.39,-1225,1038,328,0,100,8
Monza,24,82.39,-1196,1366,329,0,100,8
Monza,24,82.39,-1169,1677,331,0,100,8
Monza,24,82.39,-1154,1862,334,0,100,8
Monza,24,82.39,-1136,2065,335,0,100,8
Monza,24,82.39,-1111,2362,336,0,100,8
Monza,24,82.39,-1096,2529,337,0,100,8
Monza,24,82.39,-1066,2882,338,0,100,8
Monza,24,82.39,-1025,3350,339,0,100,8
Monza,24,82.39,-1012,3501,341,0,100,8
Monza,24,82.39,-991,3747,342,0,100,8
Monza,24,82.39,-960,4107,342,0,100,8
Monza,24,82.39,-960,4107,343,0,100,8
Monza,24,82.39,-937,4372,343,0,100,8
Monza,24,82.39,-921,4562,343,0,100,8
Monza,24,82.39,-921,4562,344,0,100,8
Monza,24,82.39,-903,4771,343,0,100,8
Monza,24,82.39,-886,4962,344,0,100,8
Monza,24,82.39,-865,5210,344,0,100,8
Monza,24,82.39,-852,5362,345,0,100,8
Monza,24,82.39,-821,5724,344,0,100,8
Monza,24,82.39,-821,5724,345,0,100,8
Monza,24,82.39,-780,6202,345,0,100,8
Monza,24,82.39,-780,6202,345,0,100,8
Monza,24,82.39,-757,6471,346,0,100,8
Monza,24,82.39,-737,6719,343,0,100,8
Monza,24,82.39,-737,6719,343,0,100,8
Monza,24,82.39,-719,6928,342,0,89,8
Monza,24,82.39,-694,7229,295,100,0,8
Monza,24,82.39,-656,7688,233,100,0,8
Monza,24,82.39,-656,7688,210,100,0,8
Monza,24,82.39,-644,7809,187,100,0,8
Monza,24,82.39,-644,7809,168,100,0,8
Monza,24,82.39,-618,8004,142,100,0,4
Monza,24,82.39,-618,8004,130,100,0,3
Monza,24,82.39,-585,8116,117,100,0,3
Monza,24,82.39,-537,8204,104,100,0,2
Monza,24,82.39,-483,8263,96,100,0,2
Monza,24,82.39,-459,8278,87,100,0,2
Monza,24,82.39,-398,8303,83,0,0,2
Monza,24,82.39,-309,8320,81,0,9,2
Monza,24,82.39,-258,8335,80,0,17,2
Monza,24,82.39,-224,8352,80,100,0,2
Monza,24,82.39,-165,8430,74,100,0,2
Monza,24,82.39,-165,8430,71,0,0,2
Monza,24,82.39,-149,8486,68,0,1,2
Monza,24,82.39,-145,8516,66,0,9,2
Monza,24,82.39,-142,8611,68,0,30,2
Monza,24,82.39,-148,8665,77,0,44,2
Monza,24,82.39,-161,8737,86,0,55,2
Monza,24,82.39,-171,8781,94,0,64,2
Monza,24,82.39,-208,8920,115,0,77,2
Monza,24,82.39,-227,8992,120,0,79,2
Monza,24,82.39,-255,9098,130,0,84,3
Monza,24,82.39,-300,9276,144,0,100,3
Monza,24,82.39,-300,9276,155,0,100,3
Monza,24,82.39,-348,9485,175,0,100,4
Monza,24,82.39,-348,9485,185,0,100,4
Monza,24,82.39,-392,9730,192,0,100,5
Monza,24,82.39,-409,9879,208,0,100,5
Monza,24,82.39,-409,9879,211,0,100,5
Monza,24,82.39,-427,10302,225,0,100,5
Monza,24,82.39,-427,10302,232,0,100,6
Monza,24,82.39,-425,10539,240,0,100,6
Monza,24,82.39,-417,10758,246,0,100,6
Monza,24,82.39,-417,10758,249,0,100,6
Monza,24,82.39,-399,11013,258,0,100,6
Monza,24,82.39,-373,11259,261,0,100,6
Monza,24,82.39,-361,11350,264,0,100,7
Monza,24,82.39,-306,11656,267,0,100,7
Monza,24,82.39,-306,11656,273,0,100,7
Monza,24,82.39,-282,11760,276,0,100,7
Monza,24,82.39,-167,12130,283,0,100,7
Monza,24,82.39,-109,12276,285,0,100,7
Monza,24,82.39,-35,12434,285,0,100,7
Monza,24,82.39,47,12590,289,0,100,7
Monza,24,82.39,47,12590,290,0,100,7
Monza,24,82.39,503,13204,295,0,100,8
Monza,24,82.39,503,13204,299,0,100,8
Monza,24,82.39,763,13440,300,0,100,8
Monza,24,82.39,763,13440,301,0,100,8
Monza,24,82.39,965,13592,304,0,100,8
Monza,24,82.39,1091,13677,304,0,100,8
Monza,24,82.39,1091,13677,306,0,100,8
Monza,24,82.39,1282,13790,307,0,100,8
Monza,24,82.39,1620,13956,309,0,100,8
Monza,24,82.39,1779,14021,309,0,100,8
Monza,24,82.39,2041,14108,312,0,100,8
Monza,24,82.39,2194,14149,311,0,100,8
Monza,24,82.39,2554,14223,314,0,100,8
Monza,24,82.39,2554,14223,316,0,100,8
Monza,24,82.39,2953,14284,315,0,100,8
Monza,24,82.39,2953,14284,316,0,100,8
Monza,24,82.39,3198,14313,317,0,100,8
Monza,24,82.39,3462,14337,318,0,100,8
Monza,24,82.39,3745,14360,320,0,100,8
Monza,24,82.39,4046,14386,321,0,100,8
Monza,24,82.39,4414,14415,322,0,100,8
Monza,24,82.39,4679,14433,324,0,100,8
Monza,24,82.39,4823,14441,325,0,100,8
Monza,24,82.39,5075,14454,325,0,100,8
Monza,24,82.39,5471,14471,325,0,100,8
Monza,24,82.39,5471,14471,322,0,100,8
Monza,24,82.39,5995,14491,280,100,0,8
Monza,24,82.39,6087,14494,264,100,0,8
Monza,24,82.39,6215,14499,209,100,0,7
Monza,24,82.39,6357,14506,174,100,0,7
Monza,24,82.39,6520,14525,142,100,0,5
Monza,24,82.39,6668,14564,121,100,0,3
Monza,24,82.39,6716,14583,111,100,0,3
Monza,24,82.39,6843,14662,107,0,9,3
Monza,24,82.39,6885,14713,105,0,16,3
Monza,24,82.39,6922,14789,105,0,38,3
Monza,24,82.39,6963,14868,108,0,49,3
Monza,24,82.39,7047,14960,116,0,39,3
Monza,24,82.39,7100,14999,118,0,45,4
Monza,24,82.39,7146,15027,120,0,59,4
Monza,24,82.39,7287,15088,131,0,74,4
Monza,24,82.39,7485,15137,146,0,100,4
Monza,24,82.39,7528,15145,154,0,100,4
Monza,24,82.39,7721,15179,170,0,100,4
Monza,24,82.39,7721,15179,177,0,100,4
Monza,24,82.39,7951,15233,184,0,100,5
Monza,24,82.39,7951,15233,194,0,100,5
Monza,24,82.39,8122,15284,197,0,100,5
Monza,24,82.39,8122,15284,201,0,100,5
Monza,24,82.39,8256,15325,216,0,100,5
Monza,24,82.39,8451,15386,219,0,100,5
Monza,24,82.39,8451,15386,226,0,100,5
Monza,24,82.39,8726,15488,226,0,100,6
Monza,24,82.39,8726,15488,235,0,100,6
Monza,24,82.39,8978,15586,240,0,100,6
Monza,24,82.39,8978,15586,250,0,100,6
Monza,24,82.39,9215,15670,254,0,100,6
Monza,24,82.39,9296,15698,258,0,100,6
Monza,24,82.39,9664,15819,259,100,0,6
Monza,24,82.39,9852,15867,239,100,0,6
Monza,24,82.39,9852,15867,220,100,0,6
Monza,24,82.39,9852,15867,208,100,0,6
Monza,24,82.39,10271,15853,198,100,0,5
Monza,24,82.39,10399,15806,193,100,0,5
Monza,24,82.39,10571,15697,182,0,52,5
Monza,24,82.39,10854,15249,196,0,98,5
Monza,24,82.39,10854,15249,201,0,100,5
Monza,24,82.39,10881,15150,206,0,100,5
Monza,24,82.39,10926,14868,217,0,100,5
Monza,24,82.39,10945,14682,227,0,100,5
Monza,24,82.39,10957,14542,234,0,100,6
Monza,24,82.39,10970,14360,235,0,100,6
Monza,24,82.39,10980,14198,245,0,100,6
Monza,24,82.39,10990,14047,249,0,100,6
Monza,24,82.39,11034,13553,257,0,100,6
Monza,24,82.39,11054,13343,257,100,53,6
Monza,24,82.39,11063,13216,216,100,0,6
Monza,24,82.39,11066,13013,194,100,0,6
Monza,24,82.39,11054,12883,180,100,0,5
Monza,24,82.39,10964,12639,169,0,54,5
Monza,24,82.39,10903,12554,170,0,65,5
Monza,24,82.39,10807,12460,173,0,72,5
Monza,24,82.39,10807,12460,176,0,79,5
Monza,24,82.39,10637,12344,186,0,100,5
Monza,24,82.39,10464,12251,193,0,100,5
Monza,24,82.39,10464,12251,202,0,100,5
Monza,24,82.39,10268,12152,211,0,100,5
Monza,24,82.39,10268,12152,216,0,100,5
Monza,24,82.39,9973,12001,226,0,100,6
Monza,24,82.39,9973,12001,229,0,100,6
Monza,24,82.39,9672,11838,238,0,100,6
Monza,24,82.39,9452,11720,246,0,100,6
Monza,24,82.39,9341,11660,254,0,100,6
Monza,24,82.39,9078,11512,262,0,100,6
Monza,24,82.39,8963,11445,266,0,100,7
Monza,24,82.39,8807,11356,273,0,100,7
Monza,24,82.39,8512,11191,281,0,100,7
Monza,24,82.39,8251,11044,285,0,100,7
Monza,24,82.39,8112,10964,290,0,100,7
Monza,24,82.39,7888,10834,293,0,100,7
Monza,24,82.39,7597,10647,296,0,100,8
Monza,24,82.39,7597,10647,298,0,100,8
Monza,24,82.39,7341,10459,301,0,100,8
Monza,24,82.39,6809,10021,311,0,100,8
Monza,24,82.39,6677,9906,318,0,100,8
Monza,24,82.39,6518,9766,317,0,100,8
Monza,24,82.39,6196,9486,322,0,100,8
Monza,24,82.39,6033,9345,326,0,100,8
Monza,24,82.39,5814,9155,328,0,100,8
Monza,24,82.39,5359,8759,331,0,100,8
Monza,24,82.39,5359,8759,330,0,100,8
Monza,24,82.39,5024,8468,333,0,100,8
Monza,24,82.39,4955,8408,332,0,100,8
Monza,24,82.39,4955,8408,334,0,100,8
Monza,24,82.39,4688,8176,337,0,100,8
Monza,24,82.39,4406,7931,337,0,100,8
Monza,24,82.39,4132,7693,339,0,100,8
Monza,24,82.39,4132,7693,339,0,100,8
Monza,24,82.39,3990,7569,339,0,100,8
Monza,24,82.39,3677,7297,340,0,100,8
Monza,24,82.39,3478,7124,339,0,100,8
Monza,24,82.39,3171,6857,324,100,0,8
Monza,24,82.39,3058,6759,291,100,0,8
Monza,24,82.39,2836,6558,249,100,0,8
Monza,24,82.39,2836,6558,227,100,0,7
Monza,24,82.39,2624,6316,196,100,0,6
Monza,24,82.39,2553,6102,187,0,11,5
Monza,24,82.39,2544,5912,185,0,57,5
Monza,24,82.39,2546,5806,185,0,75,5
Monza,24,82.39,2544,5648,190,0,81,5
Monza,24,82.39,2538,5551,195,0,78,5
Monza,24,82.39,2500,5346,201,0,64,5
Monza,24,82.39,2429,5154,204,0,71,5
Monza,24,82.39,2277,4909,213,0,100,5
Monza,24,82.39,2197,4817,219,0,100,5
Monza,24,82.39,2197,4817,221,0,100,5
Monza,24,82.39,2020,4635,232,0,100,5
Monza,24,82.39,1916,4492,240,0,100,6
Monza,24,82.39,1863,4388,240,0,100,6
Monza,24,82.39,1863,4388,247,0,100,6
Monza,24,82.39,1745,3903,249,0,100,6
Monza,24,82.39,1718,3615,253,0,100,6
Monza,24,82.39,1718,3615,261,0,100,7
Monza,24,82.39,1699,3410,264,0,100,7
Monza,24,82.39,1699,3410,266,0,100,7
Monza,24,82.39,1665,3066,272,0,100,7
Monza,24,82.39,1634,2728,277,0,100,7
Monza,24,82.39,1621,2588,283,0,100,7
Monza,24,82.39,1608,2446,286,0,100,7
Monza,24,82.39,1591,2255,288,0,100,7
Monza,24,82.39,1552,1836,293,0,100,7
Monza,24,82.39,1542,1721,297,0,100,8
Monza,24,82.39,1507,1341,300,0,100,8
Monza,24,82.39,1495,1208,304,0,100,8
Monza,24,82.39,1475,989,305,0,100,8
Monza,24,82.39,1443,650,307,0,100,8
Monza,24,82.39,1426,462,309,0,100,8
Monza,24,82.39,1407,257,310,0,100,8
Monza,24,82.39,1393,101,312,0,100,8
Monza,24,82.39,1380,-36,314,0,100,8
Monza,24,82.39,1356,-297,317,0,100,8
Monza,24,82.39,1318,-717,318,0,100,8
Monza,24,82.39,1301,-893,320,0,100,8
Monza,24,82.39,1277,-1157,321,0,100,8
Monza,24,82.39,1243,-1531,323,0,100,8
Monza,24,82.39,1218,-1799,324,0,100,8
Monza,24,82.39,1218,-1799,324,0,100,8
Monza,24,82.39,1195,-2051,325,0,100,8
Monza,24,82.39,1195,-2051,325,0,100,8
Monza,24,82.39,1160,-2430,327,0,100,8
Monza,24,82.39,1149,-2557,327,0,100,8
Monza,24,82.39,1121,-2862,328,0,100,8
Monza,24,82.39,1092,-3170,328,0,100,8
Monza,24,82.39,1092,-3170,329,0,100,8
Monza,24,82.39,1075,-3352,329,0,100,8
Monza,24,82.39,1057,-3552,329,0,100,8
Monza,24,82.39,1057,-3552,330,0,100,8
Monza,24,82.39,1027,-3862,330,0,100,8
Monza,24,82.39,1013,-4008,329,0,100,8
Monza,24,82.39,996,-4172,328,0,100,8
Monza,24,82.39,977,-4352,327,0,100,8
Monza,24,82.39,946,-4601,318,100,0,8
Monza,24,82.39,881,-4963,273,100,0,8
Monza,24,82.39,881,-4963,241,100,0,7
Monza,24,82.39,834,-5138,227,100,0,7
Monza,24,82.39,785,-5275,220,100,0,6
Monza,24,82.39,692,-5454,211,100,0,6
Monza,24,82.39,610,-5557,205,0,21,6
Monza,24,82.39,546,-5617,199,0,44,6
Monza,24,82.39,421,-5704,199,0,70,6
Monza,24,82.39,311,-5754,201,0,70,6
Monza,24,82.39,136,-5796,204,0,83,6
Monza,24,82.39,9,-5802,211,0,80,6
Monza,24,82.39,-177,-5779,215,0,82,6
Monza,24,82.39,-362,-5721,220,0,100,6
Monza,24,82.39,-572,-5615,226,0,100,6
Monza,24,82.39,-707,-5517,232,0,100,6
Monza,24,82.39,-908,-5323,237,0,100,6
Monza,24,82.39,-1018,-5184,245,0,100,6
Monza,24,82.39,-1018,-5184,249,0,100,6
Monza,24,82.39,-1137,-4996,252,0,100,6
Monza,24,82.39,-1239,-4792,255,0,100,6
Monza,24,82.39,-1288,-4671,261,0,100,7
Monza,24,82.39,-1345,-4504,264,0,100,7
Monza,24,82.39,-1407,-4273,272,0,100,7
Monza,24,82.39,-1465,-3941,275,0,100,7
Monza,24,82.39,-1483,-3755,282,0,100,7
Monza,24,82.39,-1493,-3550,282,0,100,7
Monza,24,82.39,-1498,-3374,282,0,100,7
Monza,24,82.39,-1500,-3133,289,0,100,7
Monza,24,82.39,-1498,-2938,292,0,100,7
Monza,24,82.39,-1498,-2938,293,0,100,8
Monza,24,82.39,-1493,-2641,296,0,100,8
Monza,24,82.39,-1493,-2641,298,0,100,8
Monza,24,82.39,-1488,-2471,300,0,100,8
Monza,24,82.39,-1467,-1982,306,0,100,8
Monza,24,82.39,-1467,-1982,306,0,100,8
Monza,24,82.39,-1464,-1931,308,0,100,8
Monza,24,82.39,-1402,-1020,310,0,100,8
Monza,24,82.39,-1402,-1020,312,0,100,8
Monza,24,82.39,-1402,-1020,313,0,100,8
Monza,27,81.776,-1363,-550,313,0,100,8
Monza,27,81.776,-1351,-411,314,0,100,8
Monza,27,81.776,-1345,-341,315,0,100,8
Monza,27,81.776,-1307,78,315,0,100,8
Monza,27,81.776,-1298,184,318,0,100,8
Monza,27,81.776,-1223,1053,325,0,100,8
Monza,27,81.776,-1186,1485,327,0,100,8
Monza,27,81.776,-1167,1703,329,0,100,8
Monza,27,81.776,-1167,1703,330,0,100,8
Monza,27,81.776,-1115,2307,331,0,100,8
Monza,27,81.776,-1115,2307,332,0,100,8
Monza,27,81.776,-1081,2702,334,0,100,8
Monza,27,81.776,-1071,2819,335,0,100,8
Monza,27,81.776,-1039,3189,335,0,100,8
Monza,27,81.776,-1020,3412,336,0,100,8
Monza,27,81.776,-1009,3543,337,0,100,8
Monza,27,81.776,-981,3861,339,0,100,8
Monza,27,81.776,-960,4104,338,0,100,8
Monza,27,81.776,-933,4423,339,0,100,8
Monza,27,81.776,-915,4630,340,0,100,8
Monza,27,81.776,-879,5044,341,0,100,8
Monza,27,81.776,-866,5195,341,0,100,8
Monza,27,81.776,-852,5366,342,0,100,8
Monza,27,81.776,-819,5745,342,0,100,8
Monza,27,81.776,-799,5973,343,0,100,8
Monza,27,81.776,-768,6343,343,0,100,8
Monza,27,81.776,-768,6343,341,0,100,8
Monza,27,81.776,-748,6581,339,0,100,8
Monza,27,81.776,-732,6768,338,0,100,8
Monza,27,81.776,-714,6990,323,100,0,8
Monza,27,81.776,-691,7257,277,100,0,8
Monza,27,81.776,-680,7397,233,100,0,8
Monza,27,81.776,-661,7630,208,100,0,8
Monza,27,81.776,-661,7630,186,100,0,8
Monza,27,81.776,-638,7868,146,100,0,6
Monza,27,81.776,-626,7960,130,100,0,4
Monza,27,81.776,-604,8059,107,100,0,2
Monza,27,81.776,-599,8075,104,100,0,2
Monza,27,81.776,-545,8192,95,100,0,2
Monza,27,81.776,-503,8244,87,0,0,2
Monza,27,81.776,-468,8272,83,0,0,2
Monza,27,81.776,-452,8281,82,0,6,2
Monza,27,81.776,-362,8310,79,0,25,2
Monza,27,81.776,-302,8321,81,0,32,2
Monza,27,81.776,-302,8321,85,100,0,2
Monza,27,81.776,-231,8348,82,0,0,2
Monza,27,81.776,-190,8383,79,0,0,2
Monza,27,81.776,-154,8463,77,0,0,2
Monza,27,81.776,-154,8463,74,0,9,2
Monza,27,81.776,-142,8545,75,0,29,2
Monza,27,81.776,-142,8545,77,0,32,2
Monza,27,81.776,-144,8636,84,0,40,2
Monza,27,81.776,-152,8693,89,0,45,2
Monza,27,81.776,-166,8760,95,0,52,2
Monza,27,81.776,-166,8760,99,0,61,2
Monza,27,81.776,-192,8861,111,0,74,2
Monza,27,81.776,-227,8993,121,0,74,2
Monza,27,81.776,-227,8993,131,0,85,2
Monza,27,81.776,-271,9161,155,0,100,3
Monza,27,81.776,-367,9582,191,0,100,4
Monza,27,81.776,-397,9768,199,0,100,4
Monza,27,81.776,-397,9768,206,0,100,5
Monza,27,81.776,-418,9992,219,0,100,5
Monza,27,81.776,-426,10228,227,0,100,5
Monza,27,81.776,-426,10463,235,0,100,6
Monza,27,81.776,-424,10584,243,0,100,6
Monza,27,81.776,-415,10789,248,0,100,6
Monza,27,81.776,-404,10957,254,0,100,6
Monza,27,81.776,-404,10957,259,0,100,6
Monza,27,81.776,-378,11215,262,0,100,6
Monza,27,81.776,-338,11493,266,0,100,6
Monza,27,81.776,-338,11493,270,0,100,7
Monza,27,81.776,-282,11759,273,0,100,7
Monza,27,81.776,-246,11892,277,0,100,7
Monza,27,81.776,-204,12025,281,0,100,7
Monza,27,81.776,-122,12244,283,0,100,7
Monza,27,81.776,-22,12460,286,0,100,7
Monza,27,81.776,-22,12460,286,0,100,7
Monza,27,81.776,189,12818,290,0,100,7
Monza,27,81.776,189,12818,293,0,100,7
Monza,27,81.776,303,12976,294,0,100,7
Monza,27,81.776,590,13289,297,0,100,8
Monza,27,81.776,688,13377,298,0,100,8
Monza,27,81.776,924,13563,299,0,100,8
Monza,27,81.776,952,13583,302,0,99,8
Monza,27,81.776,1444,13875,304,0,99,8
Monza,27,81.776,1444,13875,306,0,100,8
Monza,27,81.776,1708,13993,306,0,99,8
Monza,27,81.776,1884,14059,308,0,100,8
Monza,27,81.776,2237,14159,310,0,100,8
Monza,27,81.776,2560,14224,312,0,99,8
Monza,27,81.776,2800,14262,313,0,100,8
Monza,27,81.776,3146,14307,313,0,100,8
Monza,27,81.776,3146,14307,314,0,99,8
Monza,27,81.776,3355,14328,315,0,100,8
Monza,27,81.776,3687,14355,316,0,100,8
Monza,27,81.776,3687,14355,317,0,100,8
Monza,27,81.776,3863,14370,318,0,100,8
Monza,27,81.776,4039,14386,318,0,100,8
Monza,27,81.776,4251,14403,320,0,100,8
Monza,27,81.776,4481,14419,320,0,100,8
Monza,27,81.776,4872,14444,321,0,100,8
Monza,27,81.776,5139,14457,321,0,100,8
Monza,27,81.776,5299,14464,319,0,100,8
Monza,27,81.776,5528,14473,314,0,100,8
Monza,27,81.776,5799,14484,314,100,100,8
Monza,27,81.776,5799,14484,271,100,0,8
Monza,27,81.776,5983,14490,243,100,0,8
Monza,27,81.776,6185,14497,216,100,0,8
Monza,27,81.776,6257,14500,185,100,0,6
Monza,27,81.776,6363,14506,156,100,0,5
Monza,27,81.776,6472,14517,143,100,0,4
Monza,27,81.776,6539,14529,136,100,0,4
Monza,27,81.776,6627,14551,122,100,0,4
Monza,27,81.776,6690,14572,116,0,0,4
Monza,27,81.776,6741,14594,111,0,0,4
Monza,27,81.776,6821,14642,108,0,13,4
Monza,27,81.776,6900,14740,110,0,26,4
Monza,27,81.776,6943,14832,120,0,62,4
Monza,27,81.776,6986,14899,123,0,50,4
Monza,27,81.776,7037,14952,128,0,46,4
Monza,27,81.776,7162,15037,131,0,62,4
Monza,27,81.776,7253,15076,144,0,100,4
Monza,27,81.776,7505,15141,162,0,100,4
Monza,27,81.776,7505,15141,170,0,100,4
Monza,27,81.776,7720,15179,179,0,100,4
Monza,27,81.776,7720,15179,188,0,100,4
Monza,27,81.776,7898,15218,198,0,100,5
Monza,27,81.776,7984,15242,198,0,100,5
Monza,27,81.776,8281,15332,218,0,100,5
Monza,27,81.776,8312,15342,223,0,100,5
Monza,27,81.776,8312,15342,229,0,100,5
Monza,27,81.776,8748,15497,242,0,100,6
Monza,27,81.776,8950,15575,243,0,100,6
Monza,27,81.776,9214,15670,253,0,100,6
Monza,27,81.776,9404,15734,260,0,100,6
Monza,27,81.776,9595,15797,255,100,48,6
Monza,27,81.776,9797,15855,239,100,0,6
Monza,27,81.776,9995,15883,226,100,0,6
Monza,27,81.776,10137,15877,208,100,0,6
Monza,27,81.776,10292,15847,200,0,8,5
Monza,27,81.776,10472,15767,195,0,48,5
Monza,27,81.776,10594,15678,196,0,63,5
Monza,27,81.776,10736,15512,199,0,77,5
Monza,27,81.776,10819,15350,204,0,71,5
Monza,27,81.776,10819,15350,205,0,78,5
Monza,27,81.776,10898,15067,212,0,99,5
Monza,27,81.776,10909,14994,218,0,100,5
Monza,27,81.776,10931,14823,227,0,100,5
Monza,27,81.776,10951,14619,238,0,100,6
Monza,27,81.776,10966,14421,243,0,100,6
Monza,27,81.776,10974,14285,245,0,100,6
Monza,27,81.776,10985,14121,252,0,100,6
Monza,27,81.776,10994,13995,255,0,100,6
Monza,27,81.776,11017,13723,261,0,100,6
Monza,27,81.776,11030,13593,263,0,100,7
Monza,27,81.776,11048,13406,256,100,3,7
Monza,27,81.776,11057,13299,235,100,0,7
Monza,27,81.776,11067,13139,207,100,0,7
Monza,27,81.776,11066,13005,194,100,0,6
Monza,27,81.776,11059,12922,181,100,0,6
Monza,27,81.776,11012,12734,180,0,0,5
Monza,27,81.776,10989,12682,173,0,21,5
Monza,27,81.776,10927,12585,175,0,62,5
Monza,27,81.776,10863,12511,179,0,79,5
Monza,27,81.776,10710,12389,186,0,100,5
Monza,27,81.776,10549,12295,197,0,100,5
Monza,27,81.776,10549,12295,203,0,100,5
Monza,27,81.776,10447,12242,210,0,100,5
Monza,27,81.776,10363,12200,216,0,100,5
Monza,27,81.776,10179,12108,222,0,100,5
Monza,27,81.776,10179,12108,224,0,100,5
Monza,27,81.776,10000,12015,230,0,100,6
Monza,27,81.776,9780,11897,241,0,100,6
Monza,27,81.776,9661,11832,245,0,100,6
Monza,27,81.776,9515,11754,253,0,100,6
Monza,27,81.776,9355,11668,255,0,100,6
Monza,27,81.776,9206,11585,262,0,100,6
Monza,27,81.776,9015,11475,264,0,100,6
Monza,27,81.776,9015,11475,268,0,100,7
Monza,27,81.776,8766,11333,276,0,100,7
Monza,27,81.776,8578,11228,277,0,100,7
Monza,27,81.776,8415,11137,282,0,100,7
Monza,27,81.776,8263,11051,287,0,100,7
Monza,27,81.776,8054,10931,290,0,100,7
Monza,27,81.776,7859,10816,295,0,100,7
Monza,27,81.776,7582,10637,298,0,100,8
Monza,27,81.776,7582,10637,299,0,100,8
Monza,27,81.776,7315,10438,303,0,100,8
Monza,27,81.776,7143,10298,307,0,100,8
Monza,27,81.776,6930,10125,308,0,100,8
Monza,27,81.776,6773,9990,312,0,100,8
Monza,27,81.776,6773,9990,313,0,100,8
Monza,27,81.776,6576,9817,317,0,100,8
Monza,27,81.776,6296,9574,319,0,100,8
Monza,27,81.776,6189,9480,322,0,100,8
Monza,27,81.776,5877,9210,324,0,100,8
Monza,27,81.776,5618,8984,327,0,100,8
Monza,27,81.776,5454,8841,327,0,100,8
Monza,27,81.776,5219,8638,330,0,100,8
Monza,27,81.776,5150,8578,332,0,100,8
Monza,27,81.776,4900,8360,332,0,100,8
Monza,27,81.776,4900,8360,333,0,100,8
Monza,27,81.776,4663,8154,334,0,100,8
Monza,27,81.776,4509,8020,334,0,100,8
Monza,27,81.776,4312,7849,335,0,100,8
Monza,27,81.776,4119,7682,335,0,100,8
Monza,27,81.776,3951,7535,336,0,100,8
Monza,27,81.776,3767,7376,336,0,100,8
Monza,27,81.776,3767,7376,336,0,100,8
Monza,27,81.776,3527,7167,336,0,100,8
Monza,27,81.776,3401,7057,335,0,100,8
Monza,27,81.776,3247,6924,332,100,64,8
Monza,27,81.776,3110,6804,307,100,0,8
Monza,27,81.776,2907,6624,262,100,0,8
Monza,27,81.776,2907,6624,236,100,0,8
Monza,27,81.776,2544,5953,184,0,44,5
Monza,27,81.776,2544,5953,185,0,61,5
Monza,27,81.776,2546,5814,187,0,70,5
Monza,27,81.776,2545,5695,192,0,76,5
Monza,27,81.776,2545,5695,200,0,100,5
Monza,27,81.776,2527,5462,205,0,82,5
Monza,27,81.776,2527,5462,209,0,99,5
Monza,27,81.776,2481,5282,214,0,99,5
Monza,27,81.776,2416,5125,220,0,100,5
Monza,27,81.776,2322,4967,228,0,99,5
Monza,27,81.776,2225,4847,232,0,100,6
Monza,27,81.776,2095,4714,243,0,100,6
Monza,27,81.776,1962,4563,245,0,100,6
Monza,27,81.776,1863,4388,247,0,100,6
Monza,27,81.776,1863,4388,249,0,100,6
Monza,27,81.776,1794,4173,256,0,100,6
Monza,27,81.776,1748,3933,258,0,100,6
Monza,27,81.776,1733,3788,260,0,100,6
Monza,27,81.776,1710,3525,263,0,100,7
Monza,27,81.776,1685,3273,267,0,100,7
Monza,27,81.776,1685,3273,275,0,100,7
Monza,27,81.776,1645,2857,276,0,100,7
Monza,27,81.776,1624,2623,282,0,100,7
Monza,27,81.776,1609,2449,288,0,100,7
Monza,27,81.776,1584,2178,291,0,100,7
Monza,27,81.776,1564,1967,294,0,100,7
Monza,27,81.776,1543,1739,296,0,100,7
Monza,27,81.776,1528,1575,297,0,100,8
Monza,27,81.776,1522,1509,299,0,100,8
Monza,27,81.776,1522,1509,301,0,100,8
Monza,27,81.776,1428,488,303,0,100,8
Monza,27,81.776,1428,488,306,0,100,8
Monza,27,81.776,1417,369,307,0,100,8
Monza,27,81.776,1380,-42,311,0,100,8
Monza,27,81.776,1354,-317,312,0,100,8
Monza,27,81.776,1354,-317,312,0,100,8
Monza,27,81.776,1341,-456,313,0,100,8
Monza,27,81.776,1327,-612,313,0,100,8
Monza,27,81.776,1314,-751,315,0,100,8
Monza,27,81.776,1286,-1064,315,0,100,8
Monza,27,81.776,1257,-1379,316,0,100,8
Monza,27,81.776,1244,-1518,316,0,100,8
Monza,27,81.776,1216,-1817,318,0,100,8
Monza,27,81.776,1190,-2100,320,0,100,8
Monza,27,81.776,1146,-2580,323,0,100,8
Monza,27,81.776,1121,-2853,323,0,100,8
Monza,27,81.776,1121,-2853,323,0,100,8
Monza,27,81.776,1088,-3211,324,0,100,8
Monza,27,81.776,1065,-3463,325,0,100,8
Monza,27,81.776,1028,-3858,325,0,100,8
Monza,27,81.776,995,-4181,323,0,100,8
Monza,27,81.776,978,-4341,322,0,100,8
Monza,27,81.776,957,-4518,320,100,51,8
Monza,27,81.776,910,-4820,294,100,0,8
Monza,27,81.776,910,-4820,274,100,0,8
Monza,27,81.776,774,-5301,248,100,0,7
Monza,27,81.776,692,-5454,229,100,0,6
Monza,27,81.776,692,-5454,223,100,0,6
Monza,27,81.776,619,-5547,217,0,0,6
Monza,27,81.776,346,-5741,209,0,3,6
Monza,27,81.776,115,-5798,205,0,85,6
Monza,27,81.776,115,-5798,207,0,89,6
Monza,27,81.776,-35,-5800,211,0,95,6
Monza,27,81.776,-165,-5781,218,0,100,6
Monza,27,81.776,-366,-5720,226,0,100,6
Monza,27,81.776,-568,-5616,230,0,100,6
Monza,27,81.776,-644,-5565,232,0,100,6
Monza,27,81.776,-737,-5492,236,0,100,6
Monza,27,81.776,-845,-5391,243,0,100,6
Monza,27,81.776,-970,-5247,248,0,99,6
Monza,27,81.776,-1119,-5028,252,0,100,6
Monza,27,81.776,-1180,-4915,257,0,100,6
Monza,27,81.776,-1259,-4745,263,0,100,6
Monza,27,81.776,-1311,-4608,266,0,100,7
Monza,27,81.776,-1384,-4367,267,0,100,7
Monza,27,81.776,-1384,-4367,271,0,100,7
Monza,27,81.776,-1444,-4086,271,0,100,7
Monza,27,81.776,-1468,-3906,277,0,100,7
Monza,27,81.776,-1484,-3727,283,0,100,7
Monza,27,81.776,-1494,-3523,283,0,100,7
Monza,27,81.776,-1498,-3333,286,0,100,7
Monza,27,81.776,-1498,-2949,290,0,100,7
Monza,27,81.776,-1498,-2949,292,0,100,7
Monza,27,81.776,-1498,-2949,298,0,100,7
Monza,27,81.776,-1473,-2111,298,0,100,8
Monza,27,81.776,-1473,-2111,301,0,100,8
Monza,27,81.776,-1462,-1893,303,0,100,8
Monza,27,81.776,-1445,-1622,306,0,100,8
Monza,27,81.776,-1445,-1622,307,0,100,8
Monza,27,81.776,-1414,-1180,309,0,100,8
Monza,27,81.776,-1390,-878,311,0,100,8
Monza,27,81.776,-1390,-878,311,0,100,8
Monza,31,82.548,-1364,-556,311,0,100,8
Monza,31,82.548,-1344,-331,313,0,100,8
Monza,31,82.548,-1327,-139,314,0,100,8
Monza,31,82.548,-1321,-70,315,0,100,8
Monza,31,82.548,-1282,368,318,0,100,8
Monza,31,82.548,-1259,633,319,0,100,8
Monza,31,82.548,-1229,990,322,0,100,8
Monza,31,82.548,-1229,990,324,0,100,8
Monza,31,82.548,-1191,1423,325,0,100,8
Monza,31,82.548,-1191,1423,328,0,100,8
Monza,31,82.548,-1171,1659,329,0,100,8
Monza,31,82.548,-1152,1878,331,0,100,8
Monza,31,82.548,-1117,2282,332,0,100,8
Monza,31,82.548,-1117,2282,333,0,100,8
Monza,31,82.548,-1089,2614,334,0,100,8
Monza,31,82.548,-1078,2742,335,0,100,8
Monza,31,82.548,-1046,3113,335,0,100,8
Monza,31,82.548,-1046,3113,336,0,100,8
Monza,31,82.548,-1022,3393,337,0,100,8
Monza,31,82.548,-1002,3618,338,0,100,8
Monza,31,82.548,-992,3731,340,0,100,8
Monza,31,82.548,-962,4088,340,0,100,8
Monza,31,82.548,-934,4409,341,0,100,8
Monza,31,82.548,-900,4806,342,0,100,8
Monza,31,82.548,-900,4806,343,0,100,8
Monza,31,82.548,-859,5282,344,0,100,8
Monza,31,82.548,-844,5453,344,0,100,8
Monza,31,82.548,-831,5606,345,0,100,8
Monza,31,82.548,-813,5816,346,0,100,8
Monza,31,82.548,-774,6280,346,0,100,8
Monza,31,82.548,-729,6806,347,0,100,8
Monza,31,82.548,-729,6806,347,0,100,8
Monza,31,82.548,-715,6978,346,0,100,8
Monza,31,82.548,-715,6978,335,100,0,8
Monza,31,82.548,-684,7351,282,100,0,8
Monza,31,82.548,-664,7587,210,100,0,6
Monza,31,82.548,-650,7750,189,100,0,6
Monza,31,82.548,-636,7888,159,100,0,4
Monza,31,82.548,-624,7973,133,100,0,3
Monza,31,82.548,-593,8095,120,100,0,3
Monza,31,82.548,-562,8164,111,100,0,2
Monza,31,82.548,-520,8226,100,100,0,2
Monza,31,82.548,-399,8302,89,100,0,2
Monza,31,82.548,-399,8302,86,100,0,2
Monza,31,82.548,-367,8310,82,0,0,2
Monza,31,82.548,-316,8318,79,0,17,2
Monza,31,82.548,-229,8349,82,0,0,2
Monza,31,82.548,-190,8384,76,100,0,2
Monza,31,82.548,-173,8411,73,0,0,2
Monza,31,82.548,-161,8440,69,100,0,2
Monza,31,82.548,-147,8503,65,0,0,2
Monza,31,82.548,-142,8546,64,0,10,2
Monza,31,82.548,-142,8582,64,0,16,2
Monza,31,82.548,-144,8628,69,0,37,2
Monza,31,82.548,-151,8685,74,0,49,2
Monza,31,82.548,-159,8729,83,0,53,2
Monza,31,82.548,-173,8788,89,0,59,2
Monza,31,82.548,-232,9011,114,0,79,2
Monza,31,82.548,-258,9111,127,0,85,3
Monza,31,82.548,-258,9111,141,0,85,3
Monza,31,82.548,-312,9328,154,0,94,3
Monza,31,82.548,-312,9328,164,0,100,3
Monza,31,82.548,-351,9502,178,0,100,4
Monza,31,82.548,-403,9817,194,0,100,4
Monza,31,82.548,-403,9817,201,0,100,4
Monza,31,82.548,-417,9976,205,0,100,5
Monza,31,82.548,-424,10157,221,0,100,5
Monza,31,82.548,-427,10345,227,0,100,5
Monza,31,82.548,-426,10474,232,0,100,5
Monza,31,82.548,-424,10593,237,0,100,6
Monza,31,82.548,-417,10754,240,0,100,6
Monza,31,82.548,-404,10947,249,0,100,6
Monza,31,82.548,-391,11102,255,0,100,6
Monza,31,82.548,-369,11287,261,0,100,6
Monza,31,82.548,-322,11581,267,0,100,6
Monza,31,82.548,-287,11741,271,0,100,7
Monza,31,82.548,-154,12165,276,0,100,7
Monza,31,82.548,-154,12165,279,0,100,7
Monza,31,82.548,-19,12465,281,0,100,7
Monza,31,82.548,-19,12465,284,0,100,7
Monza,31,82.548,96,12674,286,0,100,7
Monza,31,82.548,182,12809,288,0,100,7
Monza,31,82.548,257,12915,290,0,100,7
Monza,31,82.548,445,13144,293,0,100,7
Monza,31,82.548,638,13333,296,0,100,7
Monza,31,82.548,638,13333,297,0,100,7
Monza,31,82.548,777,13451,298,0,100,7
Monza,31,82.548,1046,13648,301,0,100,7
Monza,31,82.548,1188,13736,303,0,100,8
Monza,31,82.548,1321,13811,304,0,100,8
Monza,31,82.548,1735,14004,306,0,100,8
Monza,31,82.548,2143,14136,307,0,100,8
Monza,31,82.548,2143,14136,308,0,100,8
Monza,31,82.548,2143,14136,309,0,100,8
Monza,31,82.548,2380,14190,310,0,100,8
Monza,31,82.548,2705,14248,312,0,100,8
Monza,31,82.548,2928,14281,313,0,100,8
Monza,31,82.548,3102,14302,314,0,100,8
Monza,31,82.548,3398,14332,316,0,100,8
Monza,31,82.548,3661,14353,316,0,100,8
Monza,31,82.548,3854,14369,318,0,100,8
Monza,31,82.548,4066,14388,318,0,100,8
Monza,31,82.548,4385,14413,320,0,100,8
Monza,31,82.548,4543,14424,320,0,100,8
Monza,31,82.548,4987,14450,321,0,100,8
Monza,31,82.548,5147,14457,320,0,100,8
Monza,31,82.548,5147,14457,319,0,100,8
Monza,31,82.548,5482,14471,318,0,100,8
Monza,31,82.548,5742,14482,316,0,100,8
Monza,31,82.548,6020,14492,295,100,0,8
Monza,31,82.548,6020,14492,263,100,0,8
Monza,31,82.548,6020,14492,234,100,0,8
Monza,31,82.548,6207,14498,209,100,0,8
Monza,31,82.548,6259,14500,185,100,0,8
Monza,31,82.548,6365,14506,167,100,0,8
Monza,31,82.548,6527,14526,152,100,0,7
Monza,31,82.548,6527,14526,135,100,0,5
Monza,31,82.548,6635,14554,128,100,0,3
Monza,31,82.548,6732,14589,116,0,0,3
Monza,31,82.548,6769,14608,112,0,0,3
Monza,31,82.548,6851,14669,109,0,2,3
Monza,31,82.548,6915,14772,106,0,30,3
Monza,31,82.548,6936,14820,109,0,52,3
Monza,31,82.548,7027,14942,117,100,36,3
Monza,31,82.548,7027,14942,116,0,39,3
Monza,31,82.548,7116,15009,118,0,45,3
Monza,31,82.548,7220,15063,125,0,62,3
Monza,31,82.548,7290,15089,129,0,73,3
Monza,31,82.548,7382,15114,141,0,89,3
Monza,31,82.548,7492,15138,156,0,100,3
Monza,31,82.548,7601,15158,165,0,100,4
Monza,31,82.548,7788,15192,177,0,100,4
Monza,31,82.548,7788,15192,181,0,100,4
Monza,31,82.548,7933,15227,193,0,100,4
Monza,31,82.548,8050,15262,207,0,100,5
Monza,31,82.548,8397,15368,220,0,100,5
Monza,31,82.548,8516,15409,230,0,100,5
Monza,31,82.548,8516,15409,236,0,100,6
Monza,31,82.548,9210,15668,243,0,100,6
Monza,31,82.548,9210,15668,250,0,100,6
Monza,31,82.548,9465,15754,254,0,100,6
Monza,31,82.548,9613,15803,256,0,100,6
Monza,31,82.548,9613,15803,255,100,30,6
Monza,31,82.548,9744,15842,238,100,0,6
Monza,31,82.548,9896,15874,226,100,0,5
Monza,31,82.548,10076,15882,218,100,0,5
Monza,31,82.548,10281,15850,209,100,0,5
Monza,31,82.548,10333,15833,200,100,0,5
Monza,31,82.548,10515,15739,196,100,0,5
Monza,31,82.548,10515,15739,189,0,9,5
Monza,31,82.548,10612,15661,184,0,64,5
Monza,31,82.548,10714,15545,185,0,76,5
Monza,31,82.548,10764,15465,188,0,85,5
Monza,31,82.548,10828,15326,194,0,92,5
Monza,31,82.548,10828,15326,198,0,88,5
Monza,31,82.548,10901,15047,204,0,100,5
Monza,31,82.548,10901,15047,210,0,100,5
Monza,31,82.548,10917,14940,215,0,100,5
Monza,31,82.548,10942,14719,225,0,100,5
Monza,31,82.548,10954,14579,230,0,100,5
Monza,31,82.548,10969,14369,240,0,100,6
Monza,31,82.548,10983,14139,242,0,100,6
Monza,31,82.548,10983,14139,247,0,100,6
Monza,31,82.548,10997,13959,251,0,100,6
Monza,31,82.548,11026,13634,257,0,100,6
Monza,31,82.548,11057,13310,259,100,100,6
Monza,31,82.548,11057,13310,242,100,0,6
Monza,31,82.548,11068,13088,223,100,0,6
Monza,31,82.548,11065,12974,209,100,0,5
Monza,31,82.548,11065,12974,206,100,0,5
Monza,31,82.548,11045,12839,193,100,0,5
Monza,31,82.548,11000,12703,192,100,0,5
Monza,31,82.548,10935,12594,180,100,0,5
Monza,31,82.548,10866,12514,172,0,67,5
Monza,31,82.548,10808,12461,177,0,80,5
Monza,31,82.548,10611,12329,186,0,93,5
Monza,31,82.548,10526,12283,191,0,98,5
Monza,31,82.548,10407,12222,198,0,100,5
Monza,31,82.548,10407,12222,205,0,100,5
Monza,31,82.548,10122,12079,215,0,100,5
Monza,31,82.548,10122,12079,218,0,100,5
Monza,31,82.548,9958,11992,226,0,100,5
Monza,31,82.548,9730,11870,231,0,100,5
Monza,31,82.548,9649,11825,234,0,100,6
Monza,31,82.548,9649,11825,244,0,100,6
Monza,31,82.548,9342,11661,251,0,100,6
Monza,31,82.548,9193,11578,257,0,100,6
Monza,31,82.548,9042,11491,257,0,100,6
Monza,31,82.548,8927,11425,266,0,100,6
Monza,31,82.548,8705,11299,271,0,100,7
Monza,31,82.548,8585,11232,277,0,100,7
Monza,31,82.548,8355,11103,282,0,100,7
Monza,31,82.548,7981,10889,287,0,100,7
Monza,31,82.548,7731,10736,291,0,100,7
Monza,31,82.548,7731,10736,294,0,100,7
Monza,31,82.548,7414,10516,296,0,100,7
Monza,31,82.548,7414,10516,300,0,100,7
Monza,31,82.548,7256,10390,302,0,100,8
Monza,31,82.548,7256,10390,305,0,100,8
Monza,31,82.548,7110,10270,307,0,100,8
Monza,31,82.548,6858,10064,310,0,100,8
Monza,31,82.548,6701,9926,313,0,100,8
Monza,31,82.548,6397,9661,318,0,100,8
Monza,31,82.548,6006,9322,322,0,100,8
Monza,31,82.548,5884,9215,325,0,100,8
Monza,31,82.548,5624,8989,327,0,100,8
Monza,31,82.548,5347,8749,330,0,100,8
Monza,31,82.548,5194,8616,332,0,100,8
Monza,31,82.548,5194,8616,332,0,100,8
Monza,31,82.548,4943,8397,333,0,100,8
Monza,31,82.548,4718,8202,335,0,100,8
Monza,31,82.548,4606,8104,335,0,100,8
Monza,31,82.548,4479,7994,336,0,100,8
Monza,31,82.548,4412,7935,337,0,100,8
Monza,31,82.548,4155,7712,336,0,100,8
Monza,31,82.548,3971,7553,338,0,100,8
Monza,31,82.548,3787,7393,337,0,100,8
Monza,31,82.548,3604,7233,336,0,100,8
Monza,31,82.548,3295,6965,335,0,100,8
Monza,31,82.548,3131,6822,326,100,9,8
Monza,31,82.548,2998,6706,288,100,0,8
Monza,31,82.548,2715,6437,235,100,0,6
Monza,31,82.548,2715,6437,209,100,0,5
Monza,31,82.548,2650,6357,196,100,0,5
Monza,31,82.548,2574,6200,187,0,7,5
Monza,31,82.548,2546,6019,179,0,35,5
Monza,31,82.548,2546,5820,181,0,58,5
Monza,31,82.548,2546,5768,181,0,75,5
Monza,31,82.548,2545,5675,186,0,100,5
Monza,31,82.548,2545,5675,186,0,100,5
Monza,31,82.548,2526,5459,201,0,95,5
Monza,31,82.548,2481,5283,206,100,83,5
Monza,31,82.548,2461,5229,212,0,87,5
Monza,31,82.548,2362,5028,215,0,88,5
Monza,31,82.548,2186,4806,220,0,86,5
Monza,31,82.548,2023,4639,227,0,100,5
Monza,31,82.548,2023,4639,234,0,100,5
Monza,31,82.548,1911,4484,234,0,84,6
Monza,31,82.548,1864,4390,241,0,100,6
Monza,31,82.548,1818,4260,243,0,100,6
Monza,31,82.548,1786,4138,246,0,100,6
Monza,31,82.548,1746,3916,252,0,100,6
Monza,31,82.548,1725,3701,257,0,100,6
Monza,31,82.548,1712,3556,259,0,100,6
Monza,31,82.548,1698,3395,264,0,100,6
Monza,31,82.548,1698,3395,268,0,100,6
Monza,31,82.548,1651,2916,273,0,100,7
Monza,31,82.548,1651,2916,275,0,100,7
Monza,31,82.548,1626,2640,277,0,100,7
Monza,31,82.548,1606,2422,283,0,100,7
Monza,31,82.548,1592,2264,285,0,100,7
Monza,31,82.548,1568,2009,289,0,100,7
Monza,31,82.548,1533,1622,294,0,100,7
Monza,31,82.548,1507,1343,296,0,100,7
Monza,31,82.548,1486,1112,299,0,100,7
Monza,31,82.548,1467,911,301,0,100,7
Monza,31,82.548,1467,911,302,0,100,8
Monza,31,82.548,1427,475,303,0,100,8
Monza,31,82.548,1371,-137,310,0,100,8
Monza,31,82.548,1352,-343,311,0,100,8
Monza,31,82.548,1311,-792,313,0,100,8
Monza,31,82.548,1288,-1035,313,0,100,8
Monza,31,82.548,1288,-1035,313,0,100,8
Monza,31,82.548,1264,-1295,315,0,100,8
Monza,31,82.548,1248,-1470,316,0,100,8
Monza,31,82.548,1235,-1610,316,0,100,8
Monza,31,82.548,1200,-1996,317,0,100,8
Monza,31,82.548,1192,-2084,319,0,100,8
Monza,31,82.548,1155,-2490,320,0,100,8
Monza,31,82.548,1125,-2817,321,0,100,8
Monza,31,82.548,1125,-2817,321,0,100,8
Monza,31,82.548,1100,-3084,322,0,100,8
Monza,31,82.548,1084,-3262,323,0,100,8
Monza,31,82.548,1045,-3674,325,0,100,8
Monza,31,82.548,1019,-3942,323,0,100,8
Monza,31,82.548,983,-4298,321,0,100,8
Monza,31,82.548,934,-4682,319,100,100,8
Monza,31,82.548,934,-4682,307,100,65,8
Monza,31,82.548,901,-4871,293,100,0,8
Monza,31,82.548,876,-4982,269,100,0,8
Monza,31,82.548,821,-5177,252,100,0,8
Monza,31,82.548,772,-5306,233,100,0,6
Monza,31,82.548,680,-5471,222,100,0,5
Monza,31,82.548,550,-5614,213,100,0,5
Monza,31,82.548,515,-5642,210,100,0,5
Monza,31,82.548,280,-5765,200,0,34,5
Monza,31,82.548,280,-5765,197,0,45,5
Monza,31,82.548,162,-5792,198,0,70,5
Monza,31,82.548,51,-5802,201,0,73,5
Monza,31,82.548,-61,-5797,202,0,80,5
Monza,31,82.548,-255,-5758,208,0,90,5
Monza,31,82.548,-356,-5724,211,0,91,5
Monza,31,82.548,-356,-5724,215,0,93,5
Monza,31,82.548,-573,-5613,218,0,98,5
Monza,31,82.548,-822,-5414,228,0,100,5
Monza,31,82.548,-822,-5414,233,0,100,6
Monza,31,82.548,-939,-5287,239,0,100,6
Monza,31,82.548,-1044,-5146,246,0,100,6
Monza,31,82.548,-1139,-4992,250,0,100,6
Monza,31,82.548,-1192,-4892,253,0,100,6
Monza,31,82.548,-1257,-4749,259,0,100,6
Monza,31,82.548,-1407,-4275,267,0,100,6
Monza,31,82.548,-1425,-4187,267,0,100,6
Monza,31,82.548,-1425,-4187,271,0,100,7
Monza,31,82.548,-1458,-3994,271,0,100,7
Monza,31,82.548,-1498,-3341,287,0,100,7
Monza,31,82.548,-1500,-3149,289,0,100,7
Monza,31,82.548,-1497,-2843,290,0,100,7
Monza,31,82.548,-1494,-2696,292,0,100,7
Monza,31,82.548,-1490,-2518,296,0,100,7
Monza,31,82.548,-1479,-2236,298,0,100,7
Monza,31,82.548,-1476,-2170,300,0,100,8
Monza,31,82.548,-1450,-1699,304,0,100,8
Monza,31,82.548,-1450,-1699,304,0,100,8
Monza,31,82.548,-1420,-1257,307,0,100,8
Monza,31,82.548,-1407,-1086,309,0,100,8
Monza,31,82.548,-1382,-774,310,0,100,8
Monza,40,81.758,-1348,-379,319,0,100,8
Monza,40,81.758,-1337,-255,319,0,100,8
Monza,40,81.758,-1312,27,320,0,100,8
Monza,40,81.758,-1290,275,321,0,100,8
Monza,40,81.758,-1269,525,323,0,100,8
Monza,40,81.758,-1255,686,325,0,100,8
Monza,40,81.758,-1219,1101,328,0,100,8
Monza,40,81.758,-1203,1283,329,0,100,8
Monza,40,81.758,-1183,1521,332,0,100,8
Monza,40,81.758,-1146,1944,332,0,100,8
Monza,40,81.758,-1146,1944,334,0,100,8
Monza,40,81.758,-1127,2166,336,0,100,8
Monza,40,81.758,-1095,2538,337,0,100,8
Monza,40,81.758,-1055,3007,340,0,100,8
Monza,40,81.758,-1030,3290,340,0,100,8
Monza,40,81.758,-1030,3290,341,0,100,8
Monza,40,81.758,-999,3649,343,0,100,8
Monza,40,81.758,-977,3915,343,0,100,8
Monza,40,81.758,-950,4220,345,0,100,8
Monza,40,81.758,-950,4220,344,0,100,8
Monza,40,81.758,-921,4564,346,0,100,8
Monza,40,81.758,-888,4947,346,0,100,8
Monza,40,81.758,-874,5100,347,0,100,8
Monza,40,81.758,-856,5311,347,0,100,8
Monza,40,81.758,-836,5541,346,0,100,8
Monza,40,81.758,-815,5791,347,0,100,8
Monza,40,81.758,-784,6154,348,0,100,8
Monza,40,81.758,-765,6385,348,0,100,8
Monza,40,81.758,-752,6538,347,0,100,8
Monza,40,81.758,-734,6750,349,0,100,8
Monza,40,81.758,-716,6961,347,100,96,8
Monza,40,81.758,-692,7246,293,100,0,8
Monza,40,81.758,-676,7444,245,100,0,8
Monza,40,81.758,-635,7896,142,100,0,6
Monza,40,81.758,-635,7896,130,100,0,4
Monza,40,81.758,-525,8220,114,100,0,2
Monza,40,81.758,-525,8220,104,100,0,2
Monza,40,81.758,-525,8220,93,100,0,2
Monza,40,81.758,-480,8264,88,100,0,2
Monza,40,81.758,-423,8294,82,0,0,2
Monza,40,81.758,-366,8309,77,0,0,2
Monza,40,81.758,-297,8322,75,0,9,2
Monza,40,81.758,-250,8338,77,0,34,2
Monza,40,81.758,-186,8389,81,0,7,2
Monza,40,81.758,-186,8389,77,0,0,2
Monza,40,81.758,-151,8476,72,0,2,2
Monza,40,81.758,-143,8536,70,0,12,2
Monza,40,81.758,-143,8617,73,0,42,2
Monza,40,81.758,-145,8642,78,0,46,2
Monza,40,81.758,-160,8733,87,0,54,2
Monza,40,81.758,-178,8810,94,0,62,2
Monza,40,81.758,-178,8810,98,0,63,2
Monza,40,81.758,-227,8991,111,0,72,2
Monza,40,81.758,-227,8991,124,0,80,2
Monza,40,81.758,-259,9115,134,0,81,2
Monza,40,81.758,-293,9250,147,0,95,3
Monza,40,81.758,-293,9250,163,0,100,3
Monza,40,81.758,-325,9383,173,0,100,3
Monza,40,81.758,-354,9514,189,0,100,4
Monza,40,81.758,-382,9669,201,0,100,4
Monza,40,81.758,-413,9928,207,0,100,4
Monza,40,81.758,-420,10047,214,0,100,5
Monza,40,81.758,-427,10322,226,0,100,5
Monza,40,81.758,-427,10322,230,0,100,5
Monza,40,81.758,-427,10438,235,0,100,5
Monza,40,81.758,-423,10611,240,0,100,5
Monza,40,81.758,-411,10856,246,0,100,6
Monza,40,81.758,-399,11011,251,0,100,6
Monza,40,81.758,-379,11210,260,0,100,6
Monza,40,81.758,-355,11390,264,0,100,6
Monza,40,81.758,-316,11611,271,0,100,7
Monza,40,81.758,-267,11818,277,0,100,7
Monza,40,81.758,-200,12039,279,0,100,7
Monza,40,81.758,-129,12227,284,0,100,7
Monza,40,81.758,-31,12443,284,0,100,7
Monza,40,81.758,-31,12443,287,0,100,7
Monza,40,81.758,187,12816,290,0,100,7
Monza,40,81.758,272,12935,292,0,100,7
Monza,40,81.758,272,12935,294,0,100,7
Monza,40,81.758,449,13148,297,0,100,7
Monza,40,81.758,578,13277,298,0,100,8
Monza,40,81.758,727,13410,299,0,100,8
Monza,40,81.758,993,13612,302,0,100,8
Monza,40,81.758,1236,13764,303,0,100,8
Monza,40,81.758,1236,13764,305,0,100,8
Monza,40,81.758,1648,13968,308,0,100,8
Monza,40,81.758,1920,14071,309,0,100,8
Monza,40,81.758,1920,14071,309,0,100,8
Monza,40,81.758,2202,14151,311,0,100,8
Monza,40,81.758,2337,14181,312,0,100,8
Monza,40,81.758,2714,14250,314,0,100,8
Monza,40,81.758,2871,14273,315,0,100,8
Monza,40,81.758,3149,14308,316,0,100,8
Monza,40,81.758,3306,14324,318,0,100,8
Monza,40,81.758,3641,14351,319,0,100,8
Monza,40,81.758,3641,14351,320,0,100,8
Monza,40,81.758,4244,14402,321,0,100,8
Monza,40,81.758,4244,14402,322,0,100,8
Monza,40,81.758,4598,14427,322,0,100,8
Monza,40,81.758,4848,14442,322,0,100,8
Monza,40,81.758,5116,14456,322,0,100,8
Monza,40,81.758,5422,14469,324,0,100,8
Monza,40,81.758,5422,14469,324,0,100,8
Monza,40,81.758,5837,14485,305,100,0,8
Monza,40,81.758,5837,14485,273,100,0,8
Monza,40,81.758,6235,14499,214,100,0,8
Monza,40,81.758,6300,14502,180,100,0,8
Monza,40,81.758,6468,14516,163,100,0,6
Monza,40,81.758,6586,14539,142,100,0,5
Monza,40,81.758,6586,14539,133,100,0,3
Monza,40,81.758,6727,14587,121,100,0,3
Monza,40,81.758,6793,14622,115,0,0,3
Monza,40,81.758,6891,14722,109,0,0,3
Monza,40,81.758,6891,14722,106,0,9,3
Monza,40,81.758,6931,14809,105,0,27,3
Monza,40,81.758,6983,14895,113,0,53,3
Monza,40,81.758,7068,14977,123,0,53,3
Monza,40,81.758,7126,15015,126,0,46,3
Monza,40,81.758,7200,15054,127,0,49,3
Monza,40,81.758,7288,15088,136,0,84,3
Monza,40,81.758,7464,15132,153,0,100,3
Monza,40,81.758,7556,15150,164,0,100,4
Monza,40,81.758,7824,15200,185,0,100,4
Monza,40,81.758,7824,15200,190,0,100,4
Monza,40,81.758,8110,15280,207,0,100,5
Monza,40,81.758,8415,15374,216,0,100,5
Monza,40,81.758,8415,15374,225,0,100,5
Monza,40,81.758,8583,15433,231,0,100,5
Monza,40,81.758,8829,15529,239,0,100,5
Monza,40,81.758,9007,15597,245,0,100,6
Monza,40,81.758,9205,15667,252,0,100,6
Monza,40,81.758,9205,15667,256,0,100,6
Monza,40,81.758,9546,15781,262,0,100,6
Monza,40,81.758,9546,15781,264,100,100,6
Monza,40,81.758,9750,15843,256,100,0,6
Monza,40,81.758,9887,15873,240,100,0,6
Monza,40,81.758,9985,15882,227,100,0,6
Monza,40,81.758,10138,15877,220,100,0,5
Monza,40,81.758,10293,15846,205,100,0,5
Monza,40,81.758,10385,15812,194,0,0,5
Monza,40,81.758,10523,15734,186,0,20,5
Monza,40,81.758,10696,15569,189,0,81,5
Monza,40,81.758,10745,15498,194,0,82,5
Monza,40,81.758,10745,15498,199,0,82,5
Monza,40,81.758,10838,15298,199,0,88,5
Monza,40,81.758,10877,15165,210,0,100,5
Monza,40,81.758,10923,14892,224,0,100,5
Monza,40,81.758,10946,14674,228,0,100,5
Monza,40,81.758,10958,14526,237,0,100,5
Monza,40,81.758,10967,14393,243,0,100,6
Monza,40,81.758,10985,14122,252,0,100,6
Monza,40,81.758,10999,13926,256,0,100,6
Monza,40,81.758,11011,13795,260,0,100,6
Monza,40,81.758,11033,13563,262,0,100,6
Monza,40,81.758,11033,13563,267,0,100,6
Monza,40,81.758,11053,13347,260,100,0,6
Monza,40,81.758,11066,13145,219,100,0,6
Monza,40,81.758,11067,13029,205,100,0,5
Monza,40,81.758,11067,13029,194,100,0,5
Monza,40,81.758,11053,12882,186,100,0,5
Monza,40,81.758,11006,12718,183,0,0,5
Monza,40,81.758,11006,12718,177,0,0,5
Monza,40,81.758,10877,12526,177,0,56,5
Monza,40,81.758,10821,12472,178,0,80,5
Monza,40,81.758,10671,12365,184,0,100,5
Monza,40,81.758,10543,12292,184,0,100,5
Monza,40,81.758,10413,12225,199,0,100,5
Monza,40,81.758,10340,12189,213,0,100,5
Monza,40,81.758,10079,12057,219,0,100,5
Monza,40,81.758,10079,12057,224,0,100,5
Monza,40,81.758,9967,11997,231,0,100,5
Monza,40,81.758,9831,11924,231,0,100,6
Monza,40,81.758,9690,11848,243,0,100,6
Monza,40,81.758,9465,11727,252,0,100,6
Monza,40,81.758,9179,11570,257,0,100,6
Monza,40,81.758,9179,11570,257,0,100,6
Monza,40,81.758,8950,11438,262,0,100,6
Monza,40,81.758,8950,11438,267,0,100,7
Monza,40,81.758,8834,11371,271,0,100,7
Monza,40,81.758,8715,11305,275,0,100,7
Monza,40,81.758,8527,11199,280,0,100,7
Monza,40,81.758,8390,11123,284,0,100,7
Monza,40,81.758,8252,11044,287,0,100,7
Monza,40,81.758,8071,10941,292,0,100,7
Monza,40,81.758,7832,10800,295,0,100,7
Monza,40,81.758,7832,10800,295,0,100,7
Monza,40,81.758,7542,10609,300,0,100,8
Monza,40,81.758,7542,10609,303,0,100,8
Monza,40,81.758,7367,10480,304,0,100,8
Monza,40,81.758,7208,10351,308,0,100,8
Monza,40,81.758,7088,10253,309,0,100,8
Monza,40,81.758,6915,10112,312,0,100,8
Monza,40,81.758,6691,9918,317,0,100,8
Monza,40,81.758,6519,9768,318,0,100,8
Monza,40,81.758,6305,9581,321,0,100,8
Monza,40,81.758,6088,9393,324,0,100,8
Monza,40,81.758,5980,9299,325,0,100,8
Monza,40,81.758,5816,9156,328,0,100,8
Monza,40,81.758,5526,8904,330,0,100,8
Monza,40,81.758,5526,8904,331,0,100,8
Monza,40,81.758,5165,8590,333,0,100,8
Monza,40,81.758,4885,8347,334,0,100,8
Monza,40,81.758,4590,8091,335,0,100,8
Monza,40,81.758,4421,7944,336,0,100,8
Monza,40,81.758,4277,7818,337,0,100,8
Monza,40,81.758,3817,7419,336,0,100,8
Monza,40,81.758,3817,7419,337,0,100,8
Monza,40,81.758,3562,7197,338,0,100,8
Monza,40,81.758,3420,7074,338,0,100,8
Monza,40,81.758,3279,6951,338,100,100,8
Monza,40,81.758,3169,6855,320,100,0,8
Monza,40,81.758,2843,6565,246,100,0,8
Monza,40,81.758,2843,6565,238,100,0,8
Monza,40,81.758,2621,6310,204,100,0,7
Monza,40,81.758,2574,6200,192,0,0,5
Monza,40,81.758,2574,6200,191,0,0,5
Monza,40,81.758,2545,6010,186,0,51,5
Monza,40,81.758,2545,5838,187,0,60,5
Monza,40,81.758,2546,5711,191,0,80,5
Monza,40,81.758,2524,5449,201,0,100,5
Monza,40,81.758,2483,5291,213,0,100,5
Monza,40,81.758,2454,5212,218,0,90,5
Monza,40,81.758,2374,5048,220,0,91,5
Monza,40,81.758,2334,4985,226,0,100,5
Monza,40,81.758,2265,4894,230,0,100,5
Monza,40,81.758,2160,4779,235,0,100,6
Monza,40,81.758,1911,4485,245,0,100,6
Monza,40,81.758,1820,4268,252,0,100,6
Monza,40,81.758,1761,4017,257,0,100,6
Monza,40,81.758,1741,3875,257,0,100,6
Monza,40,81.758,1729,3744,262,0,100,6
Monza,40,81.758,1690,3318,267,0,100,7
Monza,40,81.758,1690,3318,272,0,100,7
Monza,40,81.758,1665,3077,274,0,100,7
Monza,40,81.758,1665,3077,277,0,100,7
Monza,40,81.758,1645,2856,282,0,100,7
Monza,40,81.758,1630,2684,284,0,100,7
Monza,40,81.758,1604,2399,288,0,100,7
Monza,40,81.758,1574,2077,292,0,100,7
Monza,40,81.758,1558,1898,294,0,100,7
Monza,40,81.758,1532,1619,297,0,100,7
Monza,40,81.758,1532,1619,298,0,100,8
Monza,40,81.758,1497,1238,302,0,100,8
Monza,40,81.758,1463,868,304,0,100,8
Monza,40,81.758,1448,699,305,0,100,8
Monza,40,81.758,1448,699,305,0,100,8
Monza,40,81.758,1426,461,308,0,100,8
Monza,40,81.758,1413,325,308,0,100,8
Monza,40,81.758,1372,-119,312,0,100,8
Monza,40,81.758,1372,-119,312,0,100,8
Monza,40,81.758,1345,-414,314,0,100,8
Monza,40,81.758,1329,-587,315,0,100,8
Monza,40,81.758,1307,-832,316,0,100,8
Monza,40,81.758,1275,-1181,318,0,100,8
Monza,40,81.758,1249,-1463,320,0,100,8
Monza,40,81.758,1226,-1710,319,0,100,8
Monza,40,81.758,1197,-2029,322,0,100,8
Monza,40,81.758,1182,-2189,322,0,100,8
Monza,40,81.758,1160,-2429,323,0,100,8
Monza,40,81.758,1112,-2951,324,0,100,8
Monza,40,81.758,1112,-2951,324,0,100,8
Monza,40,81.758,1096,-3130,325,0,100,8
Monza,40,81.758,1079,-3310,325,0,100,8
Monza,40,81.758,1054,-3580,325,0,100,8
Monza,40,81.758,1012,-4012,326,0,100,8
Monza,40,81.758,945,-4606,327,0,100,8
Monza,40,81.758,915,-4792,299,100,0,8
Monza,40,81.758,870,-5007,257,100,0,8
Monza,40,81.758,820,-5180,247,100,0,6
Monza,40,81.758,774,-5300,233,100,0,6
Monza,40,81.758,676,-5477,223,100,0,5
Monza,40,81.758,676,-5477,212,0,0,5
Monza,40,81.758,676,-5477,209,0,0,5
Monza,40,81.758,218,-5781,201,0,43,5
Monza,40,81.758,218,-5781,198,0,77,5
Monza,40,81.758,119,-5798,201,0,81,5
Monza,40,81.758,-109,-5791,209,0,87,5
Monza,40,81.758,-284,-5750,218,0,100,5
Monza,40,81.758,-386,-5711,223,0,100,5
Monza,40,81.758,-648,-5562,232,0,100,5
Monza,40,81.758,-909,-5321,238,0,100,5
Monza,40,81.758,-994,-5217,245,0,100,6
Monza,40,81.758,-1087,-5080,248,0,100,6
Monza,40,81.758,-1087,-5080,251,0,100,6
Monza,40,81.758,-1196,-4884,257,0,100,6
Monza,40,81.758,-1282,-4687,259,0,100,6
Monza,40,81.758,-1353,-4480,266,0,100,6
Monza,40,81.758,-1381,-4380,270,0,100,7
Monza,40,81.758,-1430,-4160,272,0,100,7
Monza,40,81.758,-1483,-3751,278,0,100,7
Monza,40,81.758,-1483,-3751,279,0,100,7
Monza,40,81.758,-1494,-3533,283,0,100,7
Monza,40,81.758,-1497,-3406,285,0,100,7
Monza,40,81.758,-1499,-3232,285,0,100,7
Monza,40,81.758,-1499,-3025,287,0,100,7
Monza,40,81.758,-1496,-2783,291,0,100,7
Monza,40,81.758,-1492,-2619,295,0,100,7
Monza,40,81.758,-1486,-2415,298,0,100,8
Monza,40,81.758,-1479,-2233,299,0,100,8
Monza,40,81.758,-1465,-1949,301,0,100,8
Monza,40,81.758,-1465,-1949,304,0,100,8
Monza,40,81.758,-1440,-1543,305,0,100,8
Monza,40,81.758,-1415,-1202,308,0,100,8
Monza,40,81.758,-1415,-1202,309,0,100,8
Monza,40,81.758,-1399,-980,309,0,100,8
Monza,40,81.758,-1388,-850,312,0,100,8
Monza,40,81.758,-1374,-677,313,0,100,8
Monza,44,80.82,-1368,-605,316,0,100,8
Monza,44,80.82,-1339,-273,318,0,100,8
Monza,44,80.82,-1304,114,319,0,100,8
Monza,44,80.82,-1290,274,321,0,100,8
Monza,44,80.82,-1270,505,322,0,100,8
Monza,44,80.82,-1253,702,324,0,100,8
Monza,44,80.82,-1224,1043,325,0,100,8
Monza,44,80.82,-1199,1332,327,0,100,8
Monza,44,80.82,-1176,1605,330,0,100,8
Monza,44,80.82,-1141,2007,330,0,100,8
Monza,44,80.82,-1122,2228,332,0,100,8
Monza,44,80.82,-1122,2228,332,0,100,8
Monza,44,80.82,-1100,2486,334,0,100,8
Monza,44,80.82,-1079,2722,334,0,100,8
Monza,44,80.82,-1058,2964,336,0,100,8
Monza,44,80.82,-1028,3317,336,0,100,8
Monza,44,80.82,-1012,3504,336,0,100,8
Monza,44,80.82,-1002,3615,336,0,100,8
Monza,44,80.82,-981,3858,338,0,100,8
Monza,44,80.82,-956,4157,338,0,100,8
Monza,44,80.82,-930,4457,339,0,100,8
Monza,44,80.82,-915,4626,339,0,100,8
Monza,44,80.82,-888,4945,340,0,100,8
Monza,44,80.82,-875,5095,340,0,100,8
Monza,44,80.82,-859,5283,340,0,100,8
Monza,44,80.82,-816,5773,340,0,100,8
Monza,44,80.82,-799,5980,341,0,100,8
Monza,44,80.82,-799,5980,341,0,100,8
Monza,44,80.82,-776,6249,340,0,100,8
Monza,44,80.82,-754,6516,338,0,100,8
Monza,44,80.82,-728,6815,339,0,100,8
Monza,44,80.82,-708,7057,336,0,100,8
Monza,44,80.82,-691,7257,320,100,0,8
Monza,44,80.82,-691,7257,284,100,0,8
Monza,44,80.82,-665,7572,251,100,0,8
Monza,44,80.82,-665,7572,235,100,0,8
Monza,44,80.82,-643,7824,208,100,0,8
Monza,44,80.82,-635,7891,171,100,0,8
Monza,44,80.82,-635,7891,171,100,0,8
Monza,44,80.82,-611,8035,135,100,0,7
Monza,44,80.82,-581,8127,128,100,0,5
Monza,44,80.82,-529,8215,104,100,0,3
Monza,44,80.82,-454,8281,92,0,0,3
Monza,44,80.82,-386,8306,88,0,0,3
Monza,44,80.82,-386,8306,83,0,0,3
Monza,44,80.82,-338,8314,81,0,1,3
Monza,44,80.82,-275,8328,82,0,20,3
Monza,44,80.82,-191,8382,82,100,0,3
Monza,44,80.82,-154,8460,73,0,3,3
Monza,44,80.82,-146,8504,68,0,12,3
Monza,44,80.82,-142,8539,69,0,18,3
Monza,44,80.82,-141,8575,72,0,30,3
Monza,44,80.82,-143,8624,81,0,47,3
Monza,44,80.82,-143,8624,87,0,54,3
Monza,44,80.82,-198,8883,98,0,62,3
Monza,44,80.82,-198,8883,102,0,72,3
Monza,44,80.82,-215,8947,115,0,81,3
Monza,44,80.82,-231,9009,135,0,87,3
Monza,44,80.82,-261,9122,150,0,100,3
Monza,44,80.82,-284,9213,160,0,100,3
Monza,44,80.82,-319,9356,160,0,100,4
Monza,44,80.82,-352,9505,175,0,100,4
Monza,44,80.82,-378,9642,192,0,100,4
Monza,44,80.82,-401,9799,207,0,100,5
Monza,44,80.82,-411,9904,210,0,100,5
Monza,44,80.82,-422,10075,223,0,100,5
Monza,44,80.82,-427,10304,226,0,100,6
Monza,44,80.82,-427,10382,234,0,100,6
Monza,44,80.82,-422,10635,239,0,100,6
Monza,44,80.82,-416,10773,249,0,100,6
Monza,44,80.82,-416,10773,253,0,100,7
Monza,44,80.82,-399,11012,255,0,100,7
Monza,44,80.82,-386,11142,261,0,100,7
Monza,44,80.82,-367,11301,267,0,100,7
Monza,44,80.82,-342,11471,271,0,100,7
Monza,44,80.82,-311,11633,273,0,100,7
Monza,44,80.82,-231,11943,274,0,100,7
Monza,44,80.82,-231,11943,276,0,100,7
Monza,44,80.82,-192,12061,281,0,100,7
Monza,44,80.82,-74,12352,284,0,100,8
Monza,44,80.82,2,12509,288,0,100,8
Monza,44,80.82,123,12717,289,0,100,8
Monza,44,80.82,289,12957,291,0,100,8
Monza,44,80.82,371,13059,295,0,100,8
Monza,44,80.82,635,13331,296,0,100,8
Monza,44,80.82,635,13331,298,0,100,8
Monza,44,80.82,787,13459,300,0,100,8
Monza,44,80.82,787,13459,301,0,100,8
Monza,44,80.82,1060,13656,303,0,100,8
Monza,44,80.82,1145,13710,304,0,100,8
Monza,44,80.82,1660,13973,306,0,100,8
Monza,44,80.82,1883,14058,308,0,100,8
Monza,44,80.82,2064,14114,309,0,100,8
Monza,44,80.82,2322,14178,311,0,100,8
Monza,44,80.82,2526,14218,312,0,100,8
Monza,44,80.82,2680,14244,313,0,100,8
Monza,44,80.82,2852,14270,313,0,100,8
Monza,44,80.82,3251,14318,315,0,100,8
Monza,44,80.82,3776,14363,316,0,100,8
Monza,44,80.82,4058,14387,318,0,100,8
Monza,44,80.82,4403,14414,319,0,100,8
Monza,44,80.82,4543,14424,320,0,100,8
Monza,44,80.82,4845,14442,321,0,100,8
Monza,44,80.82,5076,14454,321,0,100,8
Monza,44,80.82,5432,14469,320,0,100,8
Monza,44,80.82,5680,14479,319,0,100,8
Monza,44,80.82,5883,14487,312,100,2,8
Monza,44,80.82,6154,14496,245,100,0,8
Monza,44,80.82,6304,14502,216,100,0,8
Monza,44,80.82,6304,14502,216,100,0,8
Monza,44,80.82,6472,14517,159,100,0,8
Monza,44,80.82,6772,14609,121,0,0,3
Monza,44,80.82,6772,14609,118,0,0,3
Monza,44,80.82,6879,14703,113,0,17,3
Monza,44,80.82,6911,14763,110,0,37,3
Monza,44,80.82,6952,14848,113,0,67,3
Monza,44,80.82,6985,14898,125,0,78,3
Monza,44,80.82,7078,14985,130,0,38,4
Monza,44,80.82,7078,14985,132,0,37,4
Monza,44,80.82,7193,15052,133,0,48,4
Monza,44,80.82,7250,15075,137,0,73,4
Monza,44,80.82,7340,15104,142,0,83,4
Monza,44,80.82,7511,15142,159,0,100,4
Monza,44,80.82,7681,15172,181,0,100,4
Monza,44,80.82,7781,15191,189,0,100,4
Monza,44,80.82,7895,15217,193,0,100,4
Monza,44,80.82,8112,15281,204,0,100,5
Monza,44,80.82,8307,15340,216,0,100,5
Monza,44,80.82,8484,15397,224,0,100,6
Monza,44,80.82,8666,15464,233,0,100,6
Monza,44,80.82,8814,15523,238,0,100,6
Monza,44,80.82,8915,15562,243,0,100,6
Monza,44,80.82,8915,15562,245,0,100,6
Monza,44,80.82,9149,15648,252,0,100,6
Monza,44,80.82,9433,15743,255,0,100,6
Monza,44,80.82,9639,15811,261,0,29,7
Monza,44,80.82,9955,15881,245,100,7,7
Monza,44,80.82,9955,15881,231,100,6,7
Monza,44,80.82,10172,15873,221,100,6,7
Monza,44,80.82,10172,15873,213,100,9,5
Monza,44,80.82,10349,15827,204,0,10,5
Monza,44,80.82,10349,15827,200,0,59,5
Monza,44,80.82,10743,15502,197,0,70,5
Monza,44,80.82,10743,15502,198,0,78,5
Monza,44,80.82,10743,15502,201,0,85,5
Monza,44,80.82,10845,15279,205,0,100,5
Monza,44,80.82,10845,15279,211,0,100,5
Monza,44,80.82,10878,15162,216,0,100,5
Monza,44,80.82,10906,15015,223,0,100,6
Monza,44,80.82,10931,14827,227,0,100,6
Monza,44,80.82,10957,14539,234,0,100,6
Monza,44,80.82,10957,14539,239,0,100,6
Monza,44,80.82,10969,14363,246,0,100,6
Monza,44,80.82,10979,14211,250,0,100,6
Monza,44,80.82,10995,13973,254,0,100,7
Monza,44,80.82,11006,13850,256,0,100,7
Monza,44,80.82,11028,13609,259,0,100,7
Monza,44,80.82,11028,13609,261,0,100,7
Monza,44,80.82,11053,13349,264,100,7,7
Monza,44,80.82,11067,13117,221,100,0,7
Monza,44,80.82,11049,12859,195,100,0,5
Monza,44,80.82,11032,12789,190,0,3,5
Monza,44,80.82,10977,12659,186,0,30,5
Monza,44,80.82,10933,12592,181,0,60,5
Monza,44,80.82,10746,12414,186,0,85,5
Monza,44,80.82,10654,12354,195,0,100,5
Monza,44,80.82,10485,12262,202,0,100,5
Monza,44,80.82,10339,12188,208,0,100,5
Monza,44,80.82,10252,12145,218,0,100,5
Monza,44,80.82,10073,12054,231,0,100,6
Monza,44,80.82,9924,11974,238,0,100,6
Monza,44,80.82,9712,11860,241,0,100,6
Monza,44,80.82,9712,11860,245,0,100,6
Monza,44,80.82,9487,11739,250,0,100,6
Monza,44,80.82,9236,11602,255,0,100,7
Monza,44,80.82,9236,11602,259,0,100,7
Monza,44,80.82,9172,11566,265,0,100,7
Monza,44,80.82,8888,11402,268,0,100,7
Monza,44,80.82,8888,11402,272,0,100,7
Monza,44,80.82,8755,11327,277,0,100,7
Monza,44,80.82,8402,11129,279,0,100,7
Monza,44,80.82,8402,11129,282,0,100,7
Monza,44,80.82,8333,11090,286,0,100,8
Monza,44,80.82,8167,10996,288,0,100,8
Monza,44,80.82,8013,10907,291,0,100,8
Monza,44,80.82,7873,10824,295,0,100,8
Monza,44,80.82,7473,10559,300,0,100,8
Monza,44,80.82,7307,10432,301,0,100,8
Monza,44,80.82,7148,10301,306,0,100,8
Monza,44,80.82,6908,10106,310,0,100,8
Monza,44,80.82,6567,9810,313,0,100,8
Monza,44,80.82,6315,9590,318,0,100,8
Monza,44,80.82,6073,9380,321,0,100,8
Monza,44,80.82,5640,9003,324,0,100,8
Monza,44,80.82,5503,8885,326,0,100,8
Monza,44,80.82,5174,8598,328,0,100,8
Monza,44,80.82,4967,8418,328,0,100,8
Monza,44,80.82,4801,8274,330,0,100,8
Monza,44,80.82,4801,8274,331,0,100,8
Monza,44,80.82,4551,8057,331,0,100,8
Monza,44,80.82,4412,7936,332,0,100,8
Monza,44,80.82,4384,7912,332,0,100,8
Monza,44,80.82,4255,7800,332,0,100,8
Monza,44,80.82,3924,7512,333,0,100,8
Monza,44,80.82,3924,7512,333,0,100,8
Monza,44,80.82,3673,7293,334,0,100,8
Monza,44,80.82,3603,7232,334,0,100,8
Monza,44,80.82,3435,7087,333,0,100,8
Monza,44,80.82,3198,6881,331,0,96,8
Monza,44,80.82,3024,6729,322,100,5,8
Monza,44,80.82,2915,6631,273,100,0,8
Monza,44,80.82,2726,6449,247,100,0,8
Monza,44,80.82,2726,6449,228,100,0,8
Monza,44,80.82,2655,6364,220,100,0,8
Monza,44,80.82,2559,6138,198,100,3,5
Monza,44,80.82,2547,6039,193,0,41,5
Monza,44,80.82,2545,5842,188,0,83,5
Monza,44,80.82,2543,5634,199,0,100,5
Monza,44,80.82,2488,5304,211,0,100,5
Monza,44,80.82,2488,5304,218,0,100,5
Monza,44,80.82,2353,5014,225,0,100,5
Monza,44,80.82,2279,4911,230,0,100,6
Monza,44,80.82,2126,4745,234,0,100,6
Monza,44,80.82,1972,4576,247,0,100,6
Monza,44,80.82,1863,4388,250,0,100,6
Monza,44,80.82,1863,4388,252,0,100,6
Monza,44,80.82,1766,4042,259,0,100,7
Monza,44,80.82,1751,3956,260,0,100,7
Monza,44,80.82,1720,3645,264,0,100,7
Monza,44,80.82,1720,3645,268,0,100,7
Monza,44,80.82,1694,3362,267,0,100,7
Monza,44,80.82,1694,3362,272,0,100,7
Monza,44,80.82,1673,3149,276,0,100,7
Monza,44,80.82,1661,3032,277,0,100,7
Monza,44,80.82,1648,2891,280,0,100,7
Monza,44,80.82,1616,2529,286,0,100,8
Monza,44,80.82,1607,2434,289,0,100,8
Monza,44,80.82,1564,1964,294,0,100,8
Monza,44,80.82,1546,1768,296,0,100,8
Monza,44,80.82,1528,1570,297,0,100,8
Monza,44,80.82,1528,1570,299,0,100,8
Monza,44,80.82,1499,1253,300,0,100,8
Monza,44,80.82,1499,1253,303,0,100,8
Monza,44,80.82,1499,1253,303,0,100,8
Monza,44,80.82,1462,859,306,0,100,8
Monza,44,80.82,1444,655,307,0,100,8
Monza,44,80.82,1422,417,307,0,100,8
Monza,44,80.82,1398,160,308,0,100,8
Monza,44,80.82,1365,-201,311,0,100,8
Monza,44,80.82,1365,-201,312,0,100,8
Monza,44,80.82,1347,-391,312,0,100,8
Monza,44,80.82,1314,-756,314,0,100,8
Monza,44,80.82,1298,-931,316,0,100,8
Monza,44,80.82,1298,-931,316,0,100,8
Monza,44,80.82,1283,-1088,317,0,100,8
Monza,44,80.82,1262,-1316,318,0,100,8
Monza,44,80.82,1232,-1651,318,0,100,8
Monza,44,80.82,1215,-1828,320,0,100,8
Monza,44,80.82,1180,-2217,320,0,100,8
Monza,44,80.82,1167,-2359,321,0,100,8
Monza,44,80.82,1139,-2661,321,0,100,8
Monza,44,80.82,1126,-2797,322,0,100,8
Monza,44,80.82,1105,-3030,322,0,100,8
Monza,44,80.82,1090,-3191,323,0,100,8
Monza,44,80.82,1060,-3513,324,0,100,8
Monza,44,80.82,1040,-3727,324,0,100,8
Monza,44,80.82,1040,-3727,324,0,100,8
Monza,44,80.82,1001,-4120,323,0,100,8
Monza,44,80.82,973,-4386,321,0,100,8
Monza,44,80.82,933,-4686,320,100,3,8
Monza,44,80.82,885,-4944,285,100,0,8
Monza,44,80.82,833,-5141,254,100,0,8
Monza,44,80.82,762,-5327,244,100,0,7
Monza,44,80.82,632,-5532,226,100,2,6
Monza,44,80.82,632,-5532,211,0,44,6
Monza,44,80.82,67,-5802,208,0,76,6
Monza,44,80.82,67,-5802,212,0,80,6
Monza,44,80.82,-40,-5799,213,0,85,6
Monza,44,80.82,-160,-5782,216,0,100,6
Monza,44,80.82,-316,-5739,225,0,93,6
Monza,44,80.82,-646,-5563,230,0,100,6
Monza,44,80.82,-750,-5480,235,0,100,6
Monza,44,80.82,-750,-5480,239,0,100,6
Monza,44,80.82,-875,-5359,243,0,100,6
Monza,44,80.82,-1069,-5108,249,0,100,6
Monza,44,80.82,-1128,-5012,253,0,100,6
Monza,44,80.82,-1219,-4834,259,0,100,7
Monza,44,80.82,-1357,-4464,266,0,100,7
Monza,44,80.82,-1413,-4246,272,0,100,7
Monza,44,80.82,-1451,-4036,274,0,100,7
Monza,44,80.82,-1487,-3677,279,0,100,7
Monza,44,80.82,-1493,-3551,283,0,100,8
Monza,44,80.82,-1499,-3296,286,0,100,8
Monza,44,80.82,-1499,-3296,288,0,100,8
Monza,44,80.82,-1498,-2891,293,0,100,8
Monza,44,80.82,-1498,-2891,293,0,100,8
Monza,44,80.82,-1492,-2613,295,0,100,8
Monza,44,80.82,-1489,-2506,299,0,100,8
Monza,44,80.82,-1484,-2373,300,0,100,8
Monza,44,80.82,-1474,-2122,303,0,100,8
Monza,44,80.82,-1465,-1953,304,0,100,8
Monza,44,80.82,-1442,-1581,306,0,100,8
Monza,44,80.82,-1432,-1427,307,0,100,8
Monza,44,80.82,-1421,-1282,309,0,100,8
Monza,44,80.82,-1401,-1016,310,0,100,8
Monza,44,80.82,-1387,-834,311,0,100,8
Monza,55,80.294,-1297,192,318,0,100,8
Monza,55,80.294,-1297,192,321,0,100,8
Monza,55,80.294,-1297,192,321,0,100,8
Monza,55,80.294,-1297,192,322,0,100,8
Monza,55,80.294,-1283,353,324,0,100,8
Monza,55,80.294,-1283,353,325,0,99,8
Monza,55,80.294,-1255,677,328,0,100,8
Monza,55,80.294,-1226,1023,329,0,100,8
Monza,55,80.294,-1188,1463,332,0,100,8
Monza,55,80.294,-1170,1666,333,0,100,8
Monza,55,80.294,-1154,1851,335,0,100,8
Monza,55,80.294,-1130,2130,337,0,100,8
Monza,55,80.294,-1105,2429,338,0,99,8
Monza,55,80.294,-1072,2809,338,0,100,8
Monza,55,80.294,-1072,2809,340,0,100,8
Monza,55,80.294,-1030,3300,342,0,100,8
Monza,55,80.294,-995,3697,343,0,100,8
Monza,55,80.294,-985,3811,343,0,100,8
Monza,55,80.294,-971,3983,345,0,100,8
Monza,55,80.294,-939,4345,345,0,100,8
Monza,55,80.294,-939,4345,345,0,100,8
Monza,55,80.294,-893,4881,346,0,99,8
Monza,55,80.294,-870,5150,346,0,100,8
Monza,55,80.294,-845,5438,347,0,100,8
Monza,55,80.294,-827,5650,348,0,100,8
Monza,55,80.294,-796,6016,348,0,100,8
Monza,55,80.294,-779,6209,350,0,100,8
Monza,55,80.294,-779,6209,348,0,100,8
Monza,55,80.294,-749,6567,347,0,100,8
Monza,55,80.294,-704,7101,344,100,64,8
Monza,55,80.294,-687,7306,277,100,0,8
Monza,55,80.294,-676,7440,241,100,0,8
Monza,55,80.294,-659,7653,228,100,0,8
Monza,55,80.294,-647,7777,186,100,0,7
Monza,55,80.294,-621,7987,133,100,0,5
Monza,55,80.294,-608,8047,115,100,0,3
Monza,55,80.294,-585,8117,111,100,0,2
Monza,55,80.294,-515,8231,99,100,0,2
Monza,55,80.294,-484,8261,91,100,0,2
Monza,55,80.294,-484,8261,87,100,0,2
Monza,55,80.294,-396,8303,82,0,1,2
Monza,55,80.294,-350,8312,81,0,16,2
Monza,55,80.294,-229,8349,83,100,35,2
Monza,55,80.294,-164,8430,78,100,0,2
Monza,55,80.294,-145,8514,70,0,23,2
Monza,55,80.294,-141,8567,73,0,40,2
Monza,55,80.294,-144,8632,77,0,49,2
Monza,55,80.294,-191,8860,111,0,73,3
Monza,55,80.294,-219,8962,125,0,80,3
Monza,55,80.294,-254,9095,139,0,99,3
Monza,55,80.294,-307,9307,170,0,100,4
Monza,55,80.294,-339,9444,184,0,100,4
Monza,55,80.294,-392,9734,200,0,100,5
Monza,55,80.294,-405,9839,218,0,100,5
Monza,55,80.294,-426,10209,230,0,100,5
Monza,55,80.294,-427,10340,233,0,100,6
Monza,55,80.294,-427,10340,239,0,100,6
Monza,55,80.294,-426,10514,241,0,100,6
Monza,55,80.294,-419,10719,250,0,100,6
Monza,55,80.294,-408,10901,254,0,100,6
Monza,55,80.294,-392,11088,263,0,100,6
Monza,55,80.294,-373,11262,264,0,100,6
Monza,55,80.294,-340,11486,267,0,100,7
Monza,55,80.294,-308,11649,272,0,100,7
Monza,55,80.294,-308,11649,276,0,100,7
Monza,55,80.294,-243,11902,280,0,100,7
Monza,55,80.294,-123,12242,285,0,100,7
Monza,55,80.294,102,12684,290,0,100,7
Monza,55,80.294,102,12684,293,0,100,7
Monza,55,80.294,172,12793,294,0,100,7
Monza,55,80.294,306,12979,298,0,100,8
Monza,55,80.294,444,13142,299,0,100,8
Monza,55,80.294,605,13303,301,0,100,8
Monza,55,80.294,731,13414,303,0,100,8
Monza,55,80.294,931,13568,304,0,100,8
Monza,55,80.294,931,13568,305,0,100,8
Monza,55,80.294,1202,13744,307,0,100,8
Monza,55,80.294,1366,13835,310,0,100,8
Monza,55,80.294,1489,13896,309,0,100,8
Monza,55,80.294,1904,14065,311,0,100,8
Monza,55,80.294,2087,14121,314,0,100,8
Monza,55,80.294,2272,14167,313,0,100,8
Monza,55,80.294,2272,14167,315,0,100,8
Monza,55,80.294,2599,14231,316,0,100,8
Monza,55,80.294,2913,14279,318,0,99,8
Monza,55,80.294,3071,14299,319,0,100,8
Monza,55,80.294,3407,14333,320,0,100,8
Monza,55,80.294,3780,14363,321,0,100,8
Monza,55,80.294,4137,14394,323,0,100,8
Monza,55,80.294,4334,14409,324,0,100,8
Monza,55,80.294,4482,14419,324,0,100,8
Monza,55,80.294,4680,14433,326,0,100,8
Monza,55,80.294,4987,14450,326,0,100,8
Monza,55,80.294,5295,14464,326,0,99,8
Monza,55,80.294,5403,14469,323,0,99,8
Monza,55,80.294,5824,14485,289,100,4,8
Monza,55,80.294,6109,14495,257,100,0,8
Monza,55,80.294,6218,14499,226,100,0,8
Monza,55,80.294,6346,14505,192,100,0,8
Monza,55,80.294,6346,14505,173,100,0,8
Monza,55,80.294,6447,14514,165,100,0,8
Monza,55,80.294,6551,14531,142,100,0,6
Monza,55,80.294,6611,14546,135,100,0,4
Monza,55,80.294,6680,14568,127,100,0,4
Monza,55,80.294,6803,14628,117,100,0,4
Monza,55,80.294,6878,14701,115,0,5,4
Monza,55,80.294,6878,14701,112,0,45,4
Monza,55,80.294,6954,14852,118,0,65,4
Monza,55,80.294,7007,14923,130,0,53,4
Monza,55,80.294,7096,14997,132,0,45,4
Monza,55,80.294,7235,15069,134,0,63,4
Monza,55,80.294,7235,15069,139,0,68,4
Monza,55,80.294,7450,15130,156,0,100,4
Monza,55,80.294,7540,15147,173,0,100,4
Monza,55,80.294,7745,15184,183,0,99,4
Monza,55,80.294,7859,15208,191,0,99,5
Monza,55,80.294,8008,15249,202,0,100,5
Monza,55,80.294,8199,15307,208,0,100,5
Monza,55,80.294,8199,15307,218,0,100,5
Monza,55,80.294,8414,15374,222,0,100,5
Monza,55,80.294,8414,15374,226,0,100,5
Monza,55,80.294,8658,15461,233,0,100,6
Monza,55,80.294,8808,15520,243,0,100,6
Monza,55,80.294,9080,15623,250,0,100,6
Monza,55,80.294,9214,15670,255,0,100,6
Monza,55,80.294,9406,15735,262,0,100,6
Monza,55,80.294,9545,15781,264,0,100,6
Monza,55,80.294,9740,15841,257,100,17,6
Monza,55,80.294,9938,15879,239,100,1,6
Monza,55,80.294,10172,15873,223,100,0,5
Monza,55,80.294,10172,15873,212,100,0,5
Monza,55,80.294,10339,15831,205,100,0,5
Monza,55,80.294,10469,15769,199,100,0,5
Monza,55,80.294,10591,15680,196,0,75,5
Monza,55,80.294,10654,15619,202,0,80,5
Monza,55,80.294,10742,15502,204,0,83,5
Monza,55,80.294,10834,15312,211,0,99,5
Monza,55,80.294,10884,15136,213,0,100,5
Monza,55,80.294,10884,15136,222,0,100,5
Monza,55,80.294,10945,14679,230,0,99,6
Monza,55,80.294,10959,14505,240,0,99,6
Monza,55,80.294,10959,14505,244,0,99,6
Monza,55,80.294,10967,14396,249,0,99,6
Monza,55,80.294,10974,14285,255,0,99,6
Monza,55,80.294,10992,14018,261,0,99,6
Monza,55,80.294,11018,13714,265,0,99,6
Monza,55,80.294,11031,13582,266,0,100,6
Monza,55,80.294,11050,13391,266,100,19,6
Monza,55,80.294,11062,13239,238,100,1,6
Monza,55,80.294,11066,13004,212,100,0,6
Monza,55,80.294,11044,12834,196,100,0,5
Monza,55,80.294,10994,12691,187,0,0,5
Monza,55,80.294,10865,12512,179,0,59,5
Monza,55,80.294,10769,12430,189,0,78,5
Monza,55,80.294,10769,12430,191,0,99,5
Monza,55,80.294,10642,12347,195,0,99,5
Monza,55,80.294,10542,12291,204,0,99,5
Monza,55,80.294,10406,12221,213,0,99,5
Monza,55,80.294,10198,12118,223,0,99,5
Monza,55,80.294,10086,12060,232,0,99,6
Monza,55,80.294,10017,12025,237,0,99,6
Monza,55,80.294,9866,11943,241,0,99,6
Monza,55,80.294,9675,11840,249,0,99,6
Monza,55,80.294,9478,11735,254,0,99,6
Monza,55,80.294,9365,11673,259,0,99,7
Monza,55,80.294,9148,11552,264,0,99,7
Monza,55,80.294,9045,11492,270,0,99,7
Monza,55,80.294,8913,11417,276,0,99,7
Monza,55,80.294,8562,11219,281,0,99,7
Monza,55,80.294,8409,11133,286,0,100,7
Monza,55,80.294,8409,11133,289,0,100,7
Monza,55,80.294,8199,11014,291,0,99,7
Monza,55,80.294,8001,10900,297,0,99,7
Monza,55,80.294,7774,10763,299,0,99,8
Monza,55,80.294,7592,10643,304,0,99,8
Monza,55,80.294,7441,10536,307,0,100,8
Monza,55,80.294,7441,10536,307,0,100,8
Monza,55,80.294,7158,10310,311,0,99,8
Monza,55,80.294,7158,10310,312,0,99,8
Monza,55,80.294,6862,10067,314,0,99,8
Monza,55,80.294,6769,9986,317,0,99,8
Monza,55,80.294,6769,9986,317,0,99,8
Monza,55,80.294,6530,9777,321,0,100,8
Monza,55,80.294,6328,9601,322,0,100,8
Monza,55,80.294,6083,9388,325,0,99,8
Monza,55,80.294,5808,9150,329,0,99,8
Monza,55,80.294,5601,8970,330,0,99,8
Monza,55,80.294,5601,8970,330,0,99,8
Monza,55,80.294,5462,8849,332,0,99,8
Monza,55,80.294,5267,8679,334,0,99,8
Monza,55,80.294,4944,8398,337,0,100,8
Monza,55,80.294,4663,8154,336,0,100,8
Monza,55,80.294,4507,8019,337,0,99,8
Monza,55,80.294,4393,7919,339,0,99,8
Monza,55,80.294,4261,7805,339,0,99,8
Monza,55,80.294,4061,7631,340,0,99,8
Monza,55,80.294,4061,7631,341,0,99,8
Monza,55,80.294,3335,7000,340,0,99,8
Monza,55,80.294,3335,7000,339,0,99,8
Monza,55,80.294,3194,6877,339,0,99,8
Monza,55,80.294,3073,6772,286,100,5,8
Monza,55,80.294,2900,6618,243,100,2,8
Monza,55,80.294,2794,6518,225,100,3,8
Monza,55,80.294,2668,6381,217,100,3,8
Monza,55,80.294,2584,6231,202,100,3,5
Monza,55,80.294,2552,6096,196,0,50,5
Monza,55,80.294,2544,5935,196,0,72,5
Monza,55,80.294,2545,5832,198,0,74,5
Monza,55,80.294,2544,5671,206,0,99,5
Monza,55,80.294,2526,5460,213,0,99,5
Monza,55,80.294,2512,5390,219,100,84,5
Monza,55,80.294,2436,5169,223,0,89,5
Monza,55,80.294,2380,5057,226,0,100,6
Monza,55,80.294,2380,5057,228,0,100,6
Monza,55,80.294,2253,4879,235,0,100,6
Monza,55,80.294,2172,4791,234,0,100,6
Monza,55,80.294,2066,4684,247,0,99,6
Monza,55,80.294,1977,4583,251,0,100,6
Monza,55,80.294,1896,4458,253,0,100,6
Monza,55,80.294,1795,4177,253,0,99,6
Monza,55,80.294,1795,4177,256,0,100,6
Monza,55,80.294,1769,4062,260,0,99,7
Monza,55,80.294,1731,3771,264,0,99,7
Monza,55,80.294,1717,3608,268,0,99,7
Monza,55,80.294,1696,3383,272,0,99,7
Monza,55,80.294,1669,3109,277,0,99,7
Monza,55,80.294,1657,2985,280,0,99,7
Monza,55,80.294,1625,2623,284,0,99,7
Monza,55,80.294,1625,2623,287,0,99,7
Monza,55,80.294,1607,2431,290,0,99,7
Monza,55,80.294,1607,2431,292,0,99,7
Monza,55,80.294,1577,2106,295,0,99,7
Monza,55,80.294,1568,2008,297,0,99,7
Monza,55,80.294,1516,1444,301,0,99,8
Monza,55,80.294,1495,1209,303,0,99,8
Monza,55,80.294,1477,1022,307,0,99,8
Monza,55,80.294,1454,766,309,0,99,8
Monza,55,80.294,1435,560,311,0,99,8
Monza,55,80.294,1421,405,312,0,99,8
Monza,55,80.294,1405,232,313,0,99,8
Monza,55,80.294,1368,-167,315,0,99,8
Monza,55,80.294,1320,-693,318,0,99,8
Monza,55,80.294,1294,-975,318,0,99,8
Monza,55,80.294,1261,-1328,320,0,99,8
Monza,55,80.294,1248,-1470,321,0,99,8
Monza,55,80.294,1220,-1772,322,0,99,8
Monza,55,80.294,1199,-2004,323,0,99,8
Monza,55,80.294,1166,-2363,324,0,99,8
Monza,55,80.294,1143,-2614,325,0,99,8
Monza,55,80.294,1126,-2804,326,0,99,8
Monza,55,80.294,1094,-3143,326,0,99,8
Monza,55,80.294,1073,-3378,326,0,99,8
Monza,55,80.294,1073,-3378,327,0,100,8
Monza,55,80.294,1042,-3703,329,0,100,8
Monza,55,80.294,959,-4498,326,0,99,8
Monza,55,80.294,959,-4498,323,0,89,8
Monza,55,80.294,896,-4892,285,100,0,8
Monza,55,80.294,859,-5051,256,100,0,8
Monza,55,80.294,801,-5234,240,100,0,7
Monza,55,80.294,757,-5340,236,100,0,6
Monza,55,80.294,640,-5523,224,0,4,6
Monza,55,80.294,640,-5523,220,0,21,6
Monza,55,80.294,482,-5667,215,100,0,6
Monza,55,80.294,403,-5714,206,0,39,6
Monza,55,80.294,276,-5766,208,0,80,6
Monza,55,80.294,42,-5802,215,0,100,6
Monza,55,80.294,-176,-5779,223,0,100,6
Monza,55,80.294,-297,-5745,229,0,92,6
Monza,55,80.294,-428,-5693,230,0,100,6
Monza,55,80.294,-694,-5528,238,0,100,6
Monza,55,80.294,-854,-5382,245,0,100,6
Monza,55,80.294,-988,-5225,249,0,100,6
Monza,55,80.294,-1106,-5049,255,0,100,6
Monza,55,80.294,-1189,-4898,257,0,100,6
Monza,55,80.294,-1238,-4793,262,0,99,6
Monza,55,80.294,-1238,-4793,263,0,99,7
Monza,55,80.294,-1333,-4545,269,0,99,7
Monza,55,80.294,-1415,-4238,271,0,100,7
Monza,55,80.294,-1455,-4011,279,0,99,7
Monza,55,80.294,-1490,-3635,284,0,100,7
Monza,55,80.294,-1490,-3635,285,0,100,7
Monza,55,80.294,-1498,-3347,287,0,100,7
Monza,55,80.294,-1498,-3347,293,0,100,7
Monza,55,80.294,-1499,-3087,293,0,99,7
Monza,55,80.294,-1499,-3087,297,0,99,8
Monza,55,80.294,-1484,-2351,298,0,99,8
Monza,55,80.294,-1484,-2351,298,0,99,8
Monza,55,80.294,-1484,-2351,301,0,99,8
Monza,55,80.294,-1467,-1998,303,0,99,8
Monza,55,80.294,-1467,-1998,303,0,99,8
Monza,55,80.294,-1458,-1830,305,0,100,8
Monza,55,80.294,-1445,-1626,306,0,100,8
Monza,55,80.294,-1428,-1371,307,0,100,8
Monza,55,80.294,-1400,-996,308,0,100,8
Monza,55,80.294,-1400,-996,309,0,100,8
Monza,63,80.671,-1356,-468,315,0,100,8
Monza,63,80.671,-1334,-224,315,0,100,8
Monza,63,80.671,-1308,74,317,0,100,8
Monza,63,80.671,-1308,74,318,0,100,8
Monza,63,80.671,-1280,392,319,0,100,8
Monza,63,80.671,-1280,392,319,0,100,8
Monza,63,80.671,-1249,747,322,0,100,8
Monza,63,80.671,-1231,961,323,0,100,8
Monza,63,80.671,-1198,1340,325,0,100,8
Monza,63,80.671,-1183,1521,328,0,100,8
Monza,63,80.671,-1161,1776,330,0,100,8
Monza,63,80.671,-1145,1959,331,0,100,8
Monza,63,80.671,-1123,2215,331,0,100,8
Monza,63,80.671,-1099,2490,331,0,100,8
Monza,63,80.671,-1066,2880,334,0,100,8
Monza,63,80.671,-1066,2880,335,0,100,8
Monza,63,80.671,-1042,3158,335,0,100,8
Monza,63,80.671,-1021,3400,336,0,100,8
Monza,63,80.671,-998,3660,336,0,100,8
Monza,63,80.671,-986,3809,337,0,100,8
Monza,63,80.671,-965,4052,337,0,100,8
Monza,63,80.671,-936,4388,337,0,100,8
Monza,63,80.671,-912,4669,338,0,100,8
Monza,63,80.671,-912,4669,339,0,100,8
Monza,63,80.671,-853,5345,339,0,100,8
Monza,63,80.671,-832,5590,340,0,100,8
Monza,63,80.671,-832,5590,340,0,100,8
Monza,63,80.671,-819,5741,341,0,100,8
Monza,63,80.671,-806,5892,341,0,100,8
Monza,63,80.671,-776,6249,340,0,100,8
Monza,63,80.671,-741,6665,338,0,100,8
Monza,63,80.671,-727,6833,337,0,100,8
Monza,63,80.671,-707,7075,337,100,70,8
Monza,63,80.671,-690,7270,326,100,0,8
Monza,63,80.671,-668,7543,255,100,0,8
Monza,63,80.671,-651,7735,211,100,0,7
Monza,63,80.671,-637,7878,165,100,0,7
Monza,63,80.671,-609,8042,147,100,0,6
Monza,63,80.671,-586,8114,121,100,0,3
Monza,63,80.671,-586,8114,112,100,0,3
Monza,63,80.671,-549,8186,109,100,0,3
Monza,63,80.671,-517,8229,99,100,0,3
Monza,63,80.671,-469,8272,91,100,0,3
Monza,63,80.671,-385,8306,90,0,0,3
Monza,63,80.671,-339,8314,81,0,0,3
Monza,63,80.671,-312,8319,77,0,9,3
Monza,63,80.671,-258,8334,81,0,40,3
Monza,63,80.671,-201,8371,83,100,0,3
Monza,63,80.671,-165,8427,75,100,0,3
Monza,63,80.671,-154,8463,71,0,1,3
Monza,63,80.671,-143,8529,68,0,7,3
Monza,63,80.671,-142,8561,71,0,24,3
Monza,63,80.671,-142,8602,75,0,46,3
Monza,63,80.671,-157,8719,84,0,52,3
Monza,63,80.671,-170,8776,94,0,61,3
Monza,63,80.671,-170,8776,102,0,68,3
Monza,63,80.671,-192,8861,111,0,77,3
Monza,63,80.671,-216,8951,121,0,79,3
Monza,63,80.671,-247,9067,136,0,100,3
Monza,63,80.671,-273,9171,153,0,100,3
Monza,63,80.671,-297,9266,162,0,100,4
Monza,63,80.671,-297,9266,172,0,100,4
Monza,63,80.671,-341,9454,181,0,100,4
Monza,63,80.671,-341,9454,181,0,100,4
Monza,63,80.671,-385,9688,194,0,100,4
Monza,63,80.671,-396,9765,201,0,100,5
Monza,63,80.671,-396,9765,212,0,100,5
Monza,63,80.671,-417,9978,219,0,100,5
Monza,63,80.671,-425,10165,224,0,100,6
Monza,63,80.671,-427,10398,235,0,100,6
Monza,63,80.671,-421,10669,246,0,100,6
Monza,63,80.671,-409,10878,250,0,100,7
Monza,63,80.671,-409,10878,254,0,100,7
Monza,63,80.671,-398,11020,259,0,100,7
Monza,63,80.671,-377,11223,266,0,100,7
Monza,63,80.671,-323,11575,271,0,100,7
Monza,63,80.671,-252,11872,278,0,100,7
Monza,63,80.671,-201,12035,280,0,100,7
Monza,63,80.671,-153,12167,283,0,100,8
Monza,63,80.671,-98,12298,286,0,100,8
Monza,63,80.671,-17,12471,290,0,100,8
Monza,63,80.671,-17,12471,292,0,100,8
Monza,63,80.671,469,13169,294,0,100,8
Monza,63,80.671,469,13169,294,0,100,8
Monza,63,80.671,590,13289,299,0,100,8
Monza,63,80.671,702,13389,300,0,100,8
Monza,63,80.671,899,13545,303,0,100,8
Monza,63,80.671,1052,13651,304,0,100,8
Monza,63,80.671,1284,13790,305,0,100,8
Monza,63,80.671,1542,13921,306,0,100,8
Monza,63,80.671,1746,14008,308,0,100,8
Monza,63,80.671,1972,14087,309,0,100,8
Monza,63,80.671,2121,14130,309,0,100,8
Monza,63,80.671,2349,14183,311,0,100,8
Monza,63,80.671,2656,14240,312,0,100,8
Monza,63,80.671,2759,14256,313,0,100,8
Monza,63,80.671,3088,14301,314,0,100,8
Monza,63,80.671,3262,14319,315,0,100,8
Monza,63,80.671,3262,14319,315,0,100,8
Monza,63,80.671,3560,14345,316,0,100,8
Monza,63,80.671,3718,14358,317,0,100,8
Monza,63,80.671,3911,14375,318,0,100,8
Monza,63,80.671,4089,14390,318,0,100,8
Monza,63,80.671,4296,14406,319,0,100,8
Monza,63,80.671,4658,14431,320,0,100,8
Monza,63,80.671,4658,14431,320,0,100,8
Monza,63,80.671,4800,14440,319,0,100,8
Monza,63,80.671,5154,14458,319,0,100,8
Monza,63,80.671,5348,14466,318,0,100,8
Monza,63,80.671,5612,14476,317,0,100,8
Monza,63,80.671,5915,14488,294,100,0,8
Monza,63,80.671,6045,14492,294,100,0,8
Monza,63,80.671,6294,14502,222,100,0,8
Monza,63,80.671,6294,14502,199,100,0,7
Monza,63,80.671,6416,14510,188,100,0,6
Monza,63,80.671,6416,14510,160,100,0,6
Monza,63,80.671,6581,14538,155,100,0,6
Monza,63,80.671,6626,14551,138,100,0,4
Monza,63,80.671,6831,14650,122,100,0,3
Monza,63,80.671,6885,14712,113,0,0,3
Monza,63,80.671,6916,14774,109,0,17,3
Monza,63,80.671,6959,14862,115,0,59,3
Monza,63,80.671,7007,14923,120,0,46,3
Monza,63,80.671,7051,14963,122,0,43,3
Monza,63,80.671,7106,15003,124,0,49,3
Monza,63,80.671,7253,15076,133,0,73,3
Monza,63,80.671,7493,15138,155,0,100,3
Monza,63,80.671,7641,15165,171,0,100,4
Monza,63,80.671,7842,15204,185,0,100,4
Monza,63,80.671,7926,15225,196,0,100,5
Monza,63,80.671,8111,15281,210,0,100,5
Monza,63,80.671,8259,15326,220,0,100,6
Monza,63,80.671,8496,15402,229,0,100,6
Monza,63,80.671,8666,15465,236,0,100,6
Monza,63,80.671,8815,15523,243,0,100,6
Monza,63,80.671,9059,15616,250,0,100,6
Monza,63,80.671,9231,15676,251,0,100,6
Monza,63,80.671,9231,15676,254,0,100,6
Monza,63,80.671,9474,15757,257,0,100,6
Monza,63,80.671,10060,15883,233,100,16,6
Monza,63,80.671,10060,15883,220,100,17,6
Monza,63,80.671,10335,15832,205,100,18,5
Monza,63,80.671,10447,15781,199,0,45,5
Monza,63,80.671,10574,15695,199,0,68,5
Monza,63,80.671,10646,15627,201,0,76,5
Monza,63,80.671,10765,15464,204,0,100,5
Monza,63,80.671,10765,15464,204,0,100,5
Monza,63,80.671,10849,15268,212,0,100,5
Monza,63,80.671,10875,15174,217,0,100,5
Monza,63,80.671,10904,15028,221,0,100,5
Monza,63,80.671,10936,14775,233,0,100,6
Monza,63,80.671,10957,14538,244,0,100,6
Monza,63,80.671,10967,14402,247,0,100,6
Monza,63,80.671,10976,14251,249,0,100,6
Monza,63,80.671,10996,13971,254,0,100,7
Monza,63,80.671,11015,13744,259,0,100,7
Monza,63,80.671,11036,13528,261,0,100,7
Monza,63,80.671,11056,13313,253,100,0,7
Monza,63,80.671,11066,13157,242,100,0,7
Monza,63,80.671,11068,13060,222,100,0,7
Monza,63,80.671,11068,13060,210,100,0,7
Monza,63,80.671,11050,12861,199,100,0,5
Monza,63,80.671,10975,12657,193,0,2,5
Monza,63,80.671,10883,12532,189,0,75,5
Monza,63,80.671,10680,12370,193,0,83,5
Monza,63,80.671,10680,12370,199,0,83,5
Monza,63,80.671,10499,12269,202,0,100,5
Monza,63,80.671,10499,12269,211,0,100,5
Monza,63,80.671,10328,12182,217,0,100,5
Monza,63,80.671,10328,12182,227,0,100,6
Monza,63,80.671,9790,11902,229,0,100,6
Monza,63,80.671,9790,11902,233,0,100,6
Monza,63,80.671,9790,11902,243,0,100,6
Monza,63,80.671,9533,11764,246,0,100,6
Monza,63,80.671,9533,11764,254,0,100,7
Monza,63,80.671,9408,11697,258,0,100,7
Monza,63,80.671,9256,11613,265,0,100,7
Monza,63,80.671,9063,11503,268,0,100,7
Monza,63,80.671,8773,11337,272,0,100,7
Monza,63,80.671,8773,11337,277,0,100,7
Monza,63,80.671,8597,11238,282,0,100,7
Monza,63,80.671,8446,11154,287,0,100,8
Monza,63,80.671,8210,11020,289,0,100,8
Monza,63,80.671,8069,10940,292,0,100,8
Monza,63,80.671,7829,10798,295,0,100,8
Monza,63,80.671,7829,10798,298,0,100,8
Monza,63,80.671,7578,10634,301,0,100,8
Monza,63,80.671,7327,10448,304,0,100,8
Monza,63,80.671,7021,10198,310,0,100,8
Monza,63,80.671,6927,10122,311,0,100,8
Monza,63,80.671,6743,9963,315,0,100,8
Monza,63,80.671,6638,9871,315,0,100,8
Monza,63,80.671,6306,9582,320,0,100,8
Monza,63,80.671,6172,9466,322,0,100,8
Monza,63,80.671,5942,9266,323,0,100,8
Monza,63,80.671,5752,9101,324,0,100,8
Monza,63,80.671,5643,9006,325,0,100,8
Monza,63,80.671,5425,8816,328,0,100,8
Monza,63,80.671,5246,8661,330,0,100,8
Monza,63,80.671,4997,8445,329,0,100,8
Monza,63,80.671,4997,8445,330,0,100,8
Monza,63,80.671,4762,8240,331,0,100,8
Monza,63,80.671,4484,7998,331,0,100,8
Monza,63,80.671,4484,7998,332,0,100,8
Monza,63,80.671,4424,7947,333,0,100,8
Monza,63,80.671,4093,7659,334,0,100,8
Monza,63,80.671,4093,7659,333,0,100,8
Monza,63,80.671,3953,7537,333,0,100,8
Monza,63,80.671,3589,7221,334,0,100,8
Monza,63,80.671,3589,7221,333,0,100,8
Monza,63,80.671,3519,7160,333,0,100,8
Monza,63,80.671,3352,7015,333,0,100,8
Monza,63,80.671,3199,6882,330,100,48,8
Monza,63,80.671,3067,6767,285,100,0,8
Monza,63,80.671,2777,6502,238,100,0,7
Monza,63,80.671,2675,6390,222,100,0,6
Monza,63,80.671,2607,6285,204,100,0,5
Monza,63,80.671,2553,6102,197,0,50,5
Monza,63,80.671,2546,5805,196,0,87,5
Monza,63,80.671,2541,5590,210,0,100,5
Monza,63,80.671,2510,5380,221,0,100,5
Monza,63,80.671,2352,5011,227,0,100,6
Monza,63,80.671,2275,4906,234,0,100,6
Monza,63,80.671,2049,4667,244,0,100,6
Monza,63,80.671,1924,4507,251,0,100,6
Monza,63,80.671,1851,4358,254,0,100,7
Monza,63,80.671,1851,4358,256,0,100,7
Monza,63,80.671,1778,4105,259,0,100,7
Monza,63,80.671,1752,3961,261,0,100,7
Monza,63,80.671,1748,3932,261,0,100,7
Monza,63,80.671,1734,3800,264,0,100,7
Monza,63,80.671,1705,3472,267,0,100,7
Monza,63,80.671,1705,3472,273,0,100,7
Monza,63,80.671,1678,3198,278,0,100,7
Monza,63,80.671,1670,3121,279,0,100,7
Monza,63,80.671,1653,2946,283,0,100,8
Monza,63,80.671,1629,2678,288,0,100,8
Monza,63,80.671,1609,2454,290,0,100,8
Monza,63,80.671,1594,2292,292,0,100,8
Monza,63,80.671,1564,1965,296,0,100,8
Monza,63,80.671,1564,1965,296,0,100,8
Monza,63,80.671,1549,1800,300,0,100,8
Monza,63,80.671,1512,1400,301,0,100,8
Monza,63,80.671,1498,1248,305,0,100,8
Monza,63,80.671,1467,909,307,0,100,8
Monza,63,80.671,1437,584,311,0,100,8
Monza,63,80.671,1391,83,313,0,100,8
Monza,63,80.671,1391,83,314,0,100,8
Monza,63,80.671,1349,-369,316,0,100,8
Monza,63,80.671,1333,-544,316,0,100,8
Monza,63,80.671,1306,-843,317,0,100,8
Monza,63,80.671,1280,-1120,320,0,100,8
Monza,63,80.671,1254,-1403,320,0,100,8
Monza,63,80.671,1254,-1403,320,0,100,8
Monza,63,80.671,1214,-1846,321,0,100,8
Monza,63,80.671,1204,-1953,321,0,100,8
Monza,63,80.671,1170,-2326,322,0,100,8
Monza,63,80.671,1170,-2326,322,0,100,8
Monza,63,80.671,1139,-2664,322,0,100,8
Monza,63,80.671,1139,-2664,322,0,100,8
Monza,63,80.671,1116,-2914,322,0,100,8
Monza,63,80.671,1102,-3056,323,0,100,8
Monza,63,80.671,1086,-3235,323,0,100,8
Monza,63,80.671,1048,-3646,323,0,100,8
Monza,63,80.671,1038,-3753,322,0,100,8
Monza,63,80.671,986,-4269,322,0,100,8
Monza,63,80.671,961,-4482,321,0,100,8
Monza,63,80.671,932,-4691,320,100,100,8
Monza,63,80.671,932,-4691,309,100,3,8
Monza,63,80.671,874,-4993,286,100,2,8
Monza,63,80.671,874,-4993,279,100,2,8
Monza,63,80.671,874,-4993,263,100,3,7
Monza,63,80.671,780,-5287,245,100,4,6
Monza,63,80.671,712,-5422,233,100,6,6
Monza,63,80.671,610,-5557,223,100,9,5
Monza,63,80.671,475,-5671,216,0,10,5
Monza,63,80.671,256,-5772,207,0,63,5
Monza,63,80.671,256,-5772,207,0,72,5
Monza,63,80.671,129,-5797,212,0,89,5
Monza,63,80.671,-125,-5789,218,0,100,5
Monza,63,80.671,-248,-5761,223,0,100,5
Monza,63,80.671,-248,-5761,226,0,100,6
Monza,63,80.671,-357,-5723,226,0,100,6
Monza,63,80.671,-554,-5626,236,0,100,6
Monza,63,80.671,-757,-5474,240,0,100,6
Monza,63,80.671,-855,-5380,247,0,100,6
Monza,63,80.671,-1046,-5143,247,0,100,6
Monza,63,80.671,-1107,-5047,255,0,100,7
Monza,63,80.671,-1220,-4832,260,0,100,7
Monza,63,80.671,-1261,-4738,264,0,100,7
Monza,63,80.671,-1328,-4559,268,0,100,7
Monza,63,80.671,-1367,-4431,269,0,100,7
Monza,63,80.671,-1429,-4166,273,0,100,7
Monza,63,80.671,-1459,-3985,277,0,100,7
Monza,63,80.671,-1459,-3985,280,0,100,7
Monza,63,80.671,-1489,-3642,281,0,100,8
Monza,63,80.671,-1497,-3404,288,0,100,8
Monza,63,80.671,-1500,-3132,291,0,100,8
Monza,63,80.671,-1497,-2854,296,0,100,8
Monza,63,80.671,-1492,-2623,299,0,100,8
Monza,63,80.671,-1485,-2388,300,0,100,8
Monza,63,80.671,-1470,-2052,304,0,100,8
Monza,63,80.671,-1470,-2052,307,0,100,8
Monza,63,80.671,-1410,-1127,308,0,100,8
Monza,63,80.671,-1410,-1127,309,0,100,8
Monza,63,80.671,-1398,-979,310,0,100,8
Monza,63,80.671,-1387,-842,311,0,100,8
Monza,77,81.94,-1348,-378,316,0,100,8
Monza,77,81.94,-1348,-378,317,0,100,8
Monza,77,81.94,-1320,-60,318,0,100,8
Monza,77,81.94,-1293,240,321,0,100,8
Monza,77,81.94,-1293,240,321,0,100,8
Monza,77,81.94,-1270,508,325,0,100,8
Monza,77,81.94,-1248,761,326,0,100,8
Monza,77,81.94,-1225,1032,328,0,100,8
Monza,77,81.94,-1189,1451,330,0,100,8
Monza,77,81.94,-1173,1634,331,0,100,8
Monza,77,81.94,-1138,2041,333,0,100,8
Monza,77,81.94,-1138,2041,334,0,100,8
Monza,77,81.94,-1124,2208,335,0,100,8
Monza,77,81.94,-1103,2449,336,0,100,8
Monza,77,81.94,-1074,2785,337,0,100,8
Monza,77,81.94,-1056,2992,339,0,100,8
Monza,77,81.94,-1033,3257,343,0,100,8
Monza,77,81.94,-1014,3484,342,0,100,8
Monza,77,81.94,-989,3768,343,0,100,8
Monza,77,81.94,-966,4035,346,0,100,8
Monza,77,81.94,-941,4322,346,0,100,8
Monza,77,81.94,-920,4571,345,0,100,8
Monza,77,81.94,-895,4859,347,0,100,8
Monza,77,81.94,-895,4859,347,0,100,8
Monza,77,81.94,-850,5379,349,0,100,8
Monza,77,81.94,-835,5553,349,0,100,8
Monza,77,81.94,-835,5553,349,0,100,8
Monza,77,81.94,-807,5881,349,0,100,8
Monza,77,81.94,-785,6145,350,0,100,8
Monza,77,81.94,-765,6377,349,0,100,8
Monza,77,81.94,-733,6760,348,0,100,8
Monza,77,81.94,-706,7077,346,100,100,8
Monza,77,81.94,-706,7077,327,100,3,8
Monza,77,81.94,-673,7482,242,100,3,8
Monza,77,81.94,-657,7675,215,100,3,8
Monza,77,81.94,-657,7675,179,100,3,8
Monza,77,81.94,-643,7819,179,100,3,8
Monza,77,81.94,-636,7885,137,100,2,5
Monza,77,81.94,-610,8037,115,100,3,3
Monza,77,81.94,-595,8088,107,100,3,2
Monza,77,81.94,-560,8168,97,100,3,2
Monza,77,81.94,-535,8206,89,100,3,2
Monza,77,81.94,-474,8268,86,100,3,2
Monza,77,81.94,-474,8268,81,100,3,2
Monza,77,81.94,-331,8315,78,0,5,2
Monza,77,81.94,-331,8315,77,0,25,2
Monza,77,81.94,-243,8341,81,0,16,2
Monza,77,81.94,-196,8376,80,0,0,2
Monza,77,81.94,-164,8429,76,0,0,2
Monza,77,81.94,-147,8498,74,0,0,2
Monza,77,81.94,-147,8498,72,0,10,2
Monza,77,81.94,-141,8596,72,0,20,2
Monza,77,81.94,-141,8596,76,0,37,2
Monza,77,81.94,-158,8726,84,0,48,2
Monza,77,81.94,-165,8756,95,0,53,2
Monza,77,81.94,-189,8853,103,0,61,2
Monza,77,81.94,-214,8943,111,0,71,2
Monza,77,81.94,-214,8943,120,0,78,2
Monza,77,81.94,-252,9088,134,0,82,2
Monza,77,81.94,-276,9181,154,0,100,3
Monza,77,81.94,-329,9398,169,0,100,3
Monza,77,81.94,-329,9398,179,0,100,4
Monza,77,81.94,-359,9541,187,0,100,4
Monza,77,81.94,-389,9711,191,0,100,5
Monza,77,81.94,-413,9917,211,0,100,5
Monza,77,81.94,-420,10037,223,0,100,5
Monza,77,81.94,-425,10186,228,0,100,5
Monza,77,81.94,-427,10353,237,0,100,6
Monza,77,81.94,-421,10660,248,0,100,6
Monza,77,81.94,-415,10798,250,0,100,6
Monza,77,81.94,-381,11194,260,0,100,6
Monza,77,81.94,-381,11194,264,0,100,6
Monza,77,81.94,-316,11611,274,0,100,7
Monza,77,81.94,-204,12026,278,0,100,7
Monza,77,81.94,-204,12026,279,0,100,7
Monza,77,81.94,-127,12232,284,0,100,7
Monza,77,81.94,8,12520,288,0,100,7
Monza,77,81.94,122,12716,291,0,100,7
Monza,77,81.94,259,12918,293,0,100,7
Monza,77,81.94,259,12918,295,0,100,7
Monza,77,81.94,542,13244,298,0,100,8
Monza,77,81.94,542,13244,300,0,100,8
Monza,77,81.94,729,13412,301,0,100,8
Monza,77,81.94,861,13517,304,0,100,8
Monza,77,81.94,970,13596,303,0,100,8
Monza,77,81.94,1155,13717,306,0,100,8
Monza,77,81.94,1364,13834,308,0,100,8
Monza,77,81.94,1502,13903,309,0,100,8
Monza,77,81.94,1739,14005,311,0,100,8
Monza,77,81.94,2119,14129,313,0,100,8
Monza,77,81.94,2256,14163,314,0,100,8
Monza,77,81.94,2256,14163,316,0,100,8
Monza,77,81.94,2600,14231,317,0,100,8
Monza,77,81.94,2809,14264,318,0,100,8
Monza,77,81.94,3213,14315,319,0,100,8
Monza,77,81.94,3533,14343,322,0,100,8
Monza,77,81.94,3729,14359,322,0,100,8
Monza,77,81.94,3907,14374,324,0,100,8
Monza,77,81.94,4255,14403,325,0,100,8
Monza,77,81.94,4500,14421,324,0,100,8
Monza,77,81.94,4699,14434,326,0,100,8
Monza,77,81.94,4989,14450,326,0,100,8
Monza,77,81.94,4989,14450,327,0,100,8
Monza,77,81.94,5261,14462,327,0,100,8
Monza,77,81.94,5550,14474,326,0,100,8
Monza,77,81.94,5726,14481,317,0,26,8
Monza,77,81.94,5726,14481,288,100,8,8
Monza,77,81.94,5945,14489,258,100,7,8
Monza,77,81.94,6164,14497,228,100,7,8
Monza,77,81.94,6164,14497,215,100,7,8
Monza,77,81.94,6404,14509,157,100,6,8
Monza,77,81.94,6469,14516,144,100,5,6
Monza,77,81.94,6596,14542,128,100,4,5
Monza,77,81.94,6685,14570,122,100,4,3
Monza,77,81.94,6758,14602,114,100,2,3
Monza,77,81.94,6793,14622,107,100,0,3
Monza,77,81.94,6887,14715,105,0,22,3
Monza,77,81.94,6887,14715,105,0,25,3
Monza,77,81.94,6913,14768,105,0,47,3
Monza,77,81.94,6947,14840,112,0,53,3
Monza,77,81.94,6990,14903,119,0,49,3
Monza,77,81.94,7072,14980,125,0,49,4
Monza,77,81.94,7215,15061,127,0,55,4
Monza,77,81.94,7215,15061,132,0,65,4
Monza,77,81.94,7347,15105,135,0,65,4
Monza,77,81.94,7347,15105,142,0,85,4
Monza,77,81.94,7419,15123,153,0,98,4
Monza,77,81.94,7496,15139,161,0,100,4
Monza,77,81.94,7624,15162,175,0,100,4
Monza,77,81.94,7721,15179,183,0,100,4
Monza,77,81.94,7822,15200,190,0,100,4
Monza,77,81.94,7957,15234,199,0,100,5
Monza,77,81.94,8143,15291,205,0,100,5
Monza,77,81.94,8143,15291,212,0,100,5
Monza,77,81.94,8379,15363,218,0,100,5
Monza,77,81.94,8379,15363,224,0,100,5
Monza,77,81.94,8535,15415,230,0,100,6
Monza,77,81.94,8680,15470,236,0,100,6
Monza,77,81.94,8791,15514,240,0,100,6
Monza,77,81.94,8957,15578,248,0,100,6
Monza,77,81.94,9181,15658,256,0,100,6
Monza,77,81.94,9357,15718,261,0,100,6
Monza,77,81.94,9577,15791,262,100,100,6
Monza,77,81.94,9803,15857,236,100,2,6
Monza,77,81.94,9905,15875,217,100,0,6
Monza,77,81.94,10045,15883,210,100,0,5
Monza,77,81.94,10273,15852,198,0,1,5
Monza,77,81.94,10273,15852,192,0,1,5
Monza,77,81.94,10519,15736,188,0,36,5
Monza,77,81.94,10672,15598,187,0,67,5
Monza,77,81.94,10792,15412,191,0,85,5
Monza,77,81.94,10845,15278,202,0,94,5
Monza,77,81.94,10877,15168,207,0,100,5
Monza,77,81.94,10931,14824,218,0,100,5
Monza,77,81.94,10931,14824,224,0,100,5
Monza,77,81.94,10952,14597,229,0,100,5
Monza,77,81.94,10962,14467,235,0,100,6
Monza,77,81.94,10971,14334,242,0,100,6
Monza,77,81.94,10978,14226,242,0,100,6
Monza,77,81.94,11007,13840,256,0,100,6
Monza,77,81.94,11007,13840,258,0,100,6
Monza,77,81.94,11048,13408,262,0,100,6
Monza,77,81.94,11061,13247,237,100,0,6
Monza,77,81.94,11061,13247,218,100,0,6
Monza,77,81.94,11067,13037,197,100,0,6
Monza,77,81.94,11051,12871,185,100,0,5
Monza,77,81.94,11021,12757,185,0,1,5
Monza,77,81.94,10906,12558,174,0,53,5
Monza,77,81.94,10808,12461,178,0,68,5
Monza,77,81.94,10751,12417,181,0,79,5
Monza,77,81.94,10618,12333,184,0,99,5
Monza,77,81.94,10561,12301,194,0,99,5
Monza,77,81.94,10473,12255,206,0,100,5
Monza,77,81.94,10350,12193,212,0,100,5
Monza,77,81.94,10038,12035,224,0,100,5
Monza,77,81.94,9844,11931,235,0,100,6
Monza,77,81.94,9632,11816,243,0,100,6
Monza,77,81.94,9494,11743,252,0,100,6
Monza,77,81.94,9383,11683,256,0,100,6
Monza,77,81.94,9018,11477,263,0,100,6
Monza,77,81.94,9018,11477,267,0,100,7
Monza,77,81.94,8810,11357,272,0,100,7
Monza,77,81.94,8810,11357,276,0,100,7
Monza,77,81.94,8554,11214,279,0,100,7
Monza,77,81.94,8403,11130,284,0,100,7
Monza,77,81.94,8154,10988,288,0,100,7
Monza,77,81.94,7873,10824,295,0,100,7
Monza,77,81.94,7719,10728,298,0,100,8
Monza,77,81.94,7485,10568,302,0,100,8
Monza,77,81.94,7485,10568,303,0,100,8
Monza,77,81.94,7177,10325,308,0,100,8
Monza,77,81.94,6909,10107,313,0,100,8
Monza,77,81.94,6777,9993,313,0,100,8
Monza,77,81.94,6777,9993,315,0,100,8
Monza,77,81.94,6591,9830,318,0,100,8
Monza,77,81.94,6484,9737,319,0,100,8
Monza,77,81.94,6132,9432,323,0,100,8
Monza,77,81.94,6132,9432,325,0,100,8
Monza,77,81.94,5900,9229,328,0,100,8
Monza,77,81.94,5762,9109,330,0,100,8
Monza,77,81.94,5568,8941,333,0,100,8
Monza,77,81.94,5288,8698,334,0,100,8
Monza,77,81.94,5064,8502,336,0,100,8
Monza,77,81.94,4866,8331,338,0,100,8
Monza,77,81.94,4611,8109,338,0,100,8
Monza,77,81.94,4483,7998,338,0,100,8
Monza,77,81.94,4307,7844,340,0,100,8
Monza,77,81.94,3868,7464,342,0,100,8
Monza,77,81.94,3868,7464,341,0,100,8
Monza,77,81.94,3725,7339,343,0,100,8
Monza,77,81.94,3582,7215,341,0,100,8
Monza,77,81.94,3368,7028,340,0,100,8
Monza,77,81.94,3049,6751,285,100,6,8
Monza,77,81.94,2747,6471,219,100,4,8
Monza,77,81.94,2671,6384,200,100,3,8
Monza,77,81.94,2592,6252,183,0,7,5
Monza,77,81.94,2557,6129,182,0,21,5
Monza,77,81.94,2546,6026,177,0,40,5
Monza,77,81.94,2545,5850,180,0,67,5
Monza,77,81.94,2545,5850,183,0,75,5
Monza,77,81.94,2545,5850,186,0,98,5
Monza,77,81.94,2492,5317,200,0,95,5
Monza,77,81.94,2492,5317,207,0,90,5
Monza,77,81.94,2456,5217,212,0,90,5
Monza,77,81.94,2347,5003,220,0,100,5
Monza,77,81.94,2231,4855,229,0,100,5
Monza,77,81.94,2151,4770,238,0,100,6
Monza,77,81.94,1972,4576,243,0,100,6
Monza,77,81.94,1814,4247,248,0,100,6
Monza,77,81.94,1779,4107,254,0,100,6
Monza,77,81.94,1749,3939,256,0,100,6
Monza,77,81.94,1749,3939,256,0,100,6
Monza,77,81.94,1726,3708,262,0,100,6
Monza,77,81.94,1706,3487,267,0,100,7
Monza,77,81.94,1684,3263,274,0,100,7
Monza,77,81.94,1673,3157,276,0,100,7
Monza,77,81.94,1653,2946,280,0,100,7
Monza,77,81.94,1615,2522,286,0,100,7
Monza,77,81.94,1615,2522,289,0,100,7
Monza,77,81.94,1595,2299,290,0,100,7
Monza,77,81.94,1583,2170,292,0,100,7
Monza,77,81.94,1566,1991,294,0,100,7
Monza,77,81.94,1547,1778,298,0,100,8
Monza,77,81.94,1524,1529,300,0,100,8
Monza,77,81.94,1509,1362,302,0,100,8
Monza,77,81.94,1489,1144,304,0,100,8
Monza,77,81.94,1468,918,307,0,100,8
Monza,77,81.94,1441,628,308,0,100,8
Monza,77,81.94,1441,628,308,0,100,8
Monza,77,81.94,1403,216,310,0,100,8
Monza,77,81.94,1371,-130,314,0,100,8
Monza,77,81.94,1371,-130,315,0,100,8
Monza,77,81.94,1351,-357,315,0,100,8
Monza,77,81.94,1335,-532,316,0,100,8
Monza,77,81.94,1318,-707,317,0,100,8
Monza,77,81.94,1296,-955,319,0,100,8
Monza,77,81.94,1296,-955,319,0,100,8
Monza,77,81.94,1257,-1380,322,0,100,8
Monza,77,81.94,1257,-1380,323,0,100,8
Monza,77,81.94,1257,-1380,325,0,100,8
Monza,77,81.94,1153,-2512,325,0,100,8
Monza,77,81.94,1153,-2512,326,0,100,8
Monza,77,81.94,1153,-2512,326,0,100,8
Monza,77,81.94,1153,-2512,325,0,100,8
Monza,77,81.94,1118,-2889,328,0,100,8
Monza,77,81.94,1083,-3271,329,0,100,8
Monza,77,81.94,1063,-3489,329,0,100,8
Monza,77,81.94,1046,-3671,329,0,100,8
Monza,77,81.94,1017,-3963,330,0,100,8
Monza,77,81.94,1010,-4036,329,0,100,8
Monza,77,81.94,969,-4419,330,0,100,8
Monza,77,81.94,941,-4633,297,100,7,8
Monza,77,81.94,917,-4780,269,100,2,8
Monza,77,81.94,882,-4958,250,100,1,8
Monza,77,81.94,800,-5238,232,100,1,8
Monza,77,81.94,611,-5555,214,100,1,6
Monza,77,81.94,430,-5699,203,100,0,6
Monza,77,81.94,353,-5737,198,0,42,6
Monza,77,81.94,260,-5771,199,0,78,6
Monza,77,81.94,-111,-5791,206,0,83,6
Monza,77,81.94,-203,-5772,210,0,100,6
Monza,77,81.94,-432,-5690,218,0,100,6
Monza,77,81.94,-432,-5690,223,0,100,6
Monza,77,81.94,-715,-5510,231,0,100,6
Monza,77,81.94,-851,-5385,238,0,100,6
Monza,77,81.94,-949,-5274,242,0,100,6
Monza,77,81.94,-1023,-5176,247,0,100,6
Monza,77,81.94,-1142,-4987,255,0,100,6
Monza,77,81.94,-1237,-4795,257,0,100,6
Monza,77,81.94,-1335,-4537,264,0,100,6
Monza,77,81.94,-1335,-4537,267,0,100,7
Monza,77,81.94,-1399,-4307,272,0,100,7
Monza,77,81.94,-1463,-3949,279,0,100,7
Monza,77,81.94,-1492,-3581,285,0,100,7
Monza,77,81.94,-1499,-3326,291,0,100,7
Monza,77,81.94,-1499,-3083,292,0,100,7
Monza,77,81.94,-1496,-2806,296,0,100,7
Monza,77,81.94,-1487,-2441,301,0,100,8
Monza,77,81.94,-1482,-2307,304,0,100,8
Monza,77,81.94,-1459,-1851,306,0,100,8
Monza,77,81.94,-1450,-1698,307,0,100,8
Monza,77,81.94,-1450,-1698,307,0,100,8
Monza,77,81.94,-1429,-1392,308,0,100,8
Monza,77,81.94,-1421,-1271,309,0,100,8
Monza,77,81.94,-1398,-973,313,0,100,8
Monza,77,81.94,-1381,-765,312,0,100,8
Monza,81,80.785,-1346,-353,316,0,99,8
Monza,81,80.785,-1324,-108,316,0,99,8
Monza,81,80.785,-1301,155,318,0,100,8
Monza,81,80.785,-1284,349,320,0,100,8
Monza,81,80.785,-1255,686,321,0,99,8
Monza,81,80.785,-1239,865,323,0,99,8
Monza,81,80.785,-1239,865,325,0,99,8
Monza,81,80.785,-1213,1171,326,0,99,8
Monza,81,80.785,-1169,1678,328,0,99,8
Monza,81,80.785,-1150,1897,331,0,100,8
Monza,81,80.785,-1136,2062,332,0,99,8
Monza,81,80.785,-1109,2375,332,0,100,8
Monza,81,80.785,-1090,2596,333,0,99,8
Monza,81,80.785,-1051,3049,336,0,99,8
Monza,81,80.785,-1037,3216,336,0,100,8
Monza,81,80.785,-1017,3439,336,0,100,8
Monza,81,80.785,-977,3906,338,0,99,8
Monza,81,80.785,-963,4075,339,0,100,8
Monza,81,80.785,-963,4075,339,0,99,8
Monza,81,80.785,-929,4470,340,0,99,8
Monza,81,80.785,-912,4658,340,0,100,8
Monza,81,80.785,-867,5185,341,0,99,8
Monza,81,80.785,-826,5657,341,0,100,8
Monza,81,80.785,-792,6054,342,0,99,8
Monza,81,80.785,-772,6300,342,0,100,8
Monza,81,80.785,-746,6601,341,0,99,8
Monza,81,80.785,-683,7357,277,100,0,8
Monza,81,80.785,-665,7571,208,100,0,8
Monza,81,80.785,-648,7770,183,100,0,8
Monza,81,80.785,-623,7977,135,100,0,7
Monza,81,80.785,-598,8079,117,100,0,4
Monza,81,80.785,-532,8211,100,100,0,2
Monza,81,80.785,-502,8245,90,0,0,2
Monza,81,80.785,-377,8307,83,0,0,2
Monza,81,80.785,-330,8316,84,0,3,2
Monza,81,80.785,-330,8316,80,0,17,2
Monza,81,80.785,-272,8329,82,0,24,2
Monza,81,80.785,-214,8360,83,0,0,2
Monza,81,80.785,-178,8401,79,0,0,2
Monza,81,80.785,-156,8453,73,0,3,2
Monza,81,80.785,-146,8503,71,0,11,2
Monza,81,80.785,-141,8560,74,0,27,2
Monza,81,80.785,-142,8607,78,0,38,2
Monza,81,80.785,-142,8607,80,0,40,2
Monza,81,80.785,-151,8684,87,0,54,2
Monza,81,80.785,-176,8803,102,0,68,2
Monza,81,80.785,-229,8999,120,0,79,2
Monza,81,80.785,-229,8999,130,0,89,2
Monza,81,80.785,-244,9057,139,0,99,3
Monza,81,80.785,-272,9166,153,0,99,3
Monza,81,80.785,-300,9276,167,0,99,4
Monza,81,80.785,-334,9423,177,0,99,4
Monza,81,80.785,-355,9523,186,0,99,4
Monza,81,80.785,-384,9681,194,0,99,4
Monza,81,80.785,-384,9681,198,0,99,4
Monza,81,80.785,-411,9896,209,0,99,5
Monza,81,80.785,-420,10028,219,0,99,5
Monza,81,80.785,-424,10127,222,0,99,5
Monza,81,80.785,-426,10462,233,0,99,6
Monza,81,80.785,-423,10609,243,0,99,6
Monza,81,80.785,-417,10746,246,0,99,6
Monza,81,80.785,-417,10746,251,0,99,6
Monza,81,80.785,-399,11012,257,0,99,6
Monza,81,80.785,-371,11271,263,0,99,7
Monza,81,80.785,-352,11406,268,0,99,7
Monza,81,80.785,-299,11686,274,0,99,7
Monza,81,80.785,-214,11997,278,0,99,7
Monza,81,80.785,-102,12290,283,0,99,7
Monza,81,80.785,-28,12448,287,0,99,7
Monza,81,80.785,38,12575,289,0,99,7
Monza,81,80.785,129,12727,292,0,99,7
Monza,81,80.785,286,12954,294,0,99,7
Monza,81,80.785,464,13163,297,0,99,8
Monza,81,80.785,532,13233,300,0,99,8
Monza,81,80.785,835,13497,302,0,99,8
Monza,81,80.785,1112,13690,304,0,99,8
Monza,81,80.785,1243,13768,305,0,99,8
Monza,81,80.785,1424,13864,306,0,99,8
Monza,81,80.785,1424,13864,308,0,99,8
Monza,81,80.785,1594,13945,309,0,99,8
Monza,81,80.785,1801,14029,310,0,99,8
Monza,81,80.785,1931,14074,311,0,99,8
Monza,81,80.785,2097,14123,312,0,99,8
Monza,81,80.785,2460,14206,313,0,99,8
Monza,81,80.785,2770,14258,314,0,99,8
Monza,81,80.785,2770,14258,315,0,99,8
Monza,81,80.785,3206,14314,317,0,99,8
Monza,81,80.785,3433,14335,318,0,99,8
Monza,81,80.785,3715,14357,318,0,99,8
Monza,81,80.785,4088,14390,319,0,99,8
Monza,81,80.785,4088,14390,320,0,99,8
Monza,81,80.785,4570,14425,321,0,99,8
Monza,81,80.785,4749,14437,321,0,99,8
Monza,81,80.785,5123,14456,321,0,99,8
Monza,81,80.785,5318,14465,320,0,99,8
Monza,81,80.785,5566,14474,319,0,99,8
Monza,81,80.785,5849,14486,304,100,0,8
Monza,81,80.785,5849,14486,273,100,0,8
Monza,81,80.785,6103,14494,246,100,0,8
Monza,81,80.785,6103,14494,220,100,0,8
Monza,81,80.785,6316,14503,186,100,0,7
Monza,81,80.785,6428,14511,167,100,0,5
Monza,81,80.785,6592,14541,139,100,0,4
Monza,81,80.785,6662,14562,128,100,0,3
Monza,81,80.785,6749,14598,123,100,0,3
Monza,81,80.785,6804,14629,120,0,0,3
Monza,81,80.785,6866,14685,115,0,6,3
Monza,81,80.785,6913,14766,113,0,17,3
Monza,81,80.785,6972,14880,116,0,48,3
Monza,81,80.785,6972,14880,121,0,24,3
Monza,81,80.785,7039,14953,121,0,22,3
Monza,81,80.785,7110,15006,122,0,34,3
Monza,81,80.785,7195,15052,127,0,58,3
Monza,81,80.785,7249,15074,135,0,74,3
Monza,81,80.785,7344,15104,143,0,87,3
Monza,81,80.785,7489,15138,151,0,94,3
Monza,81,80.785,7625,15162,162,0,99,3
Monza,81,80.785,7625,15162,174,0,99,4
Monza,81,80.785,7990,15244,190,0,99,4
Monza,81,80.785,8133,15287,206,0,99,5
Monza,81,80.785,8133,15287,209,0,99,5
Monza,81,80.785,8224,15315,215,0,99,5
Monza,81,80.785,8317,15343,224,0,99,5
Monza,81,80.785,8542,15418,233,0,99,6
Monza,81,80.785,8813,15522,241,0,99,6
Monza,81,80.785,8928,15567,248,0,99,6
Monza,81,80.785,9097,15629,252,0,99,6
Monza,81,80.785,9244,15680,255,0,99,6
Monza,81,80.785,9502,15767,259,0,99,6
Monza,81,80.785,9721,15835,261,100,19,6
Monza,81,80.785,9915,15877,236,100,0,6
Monza,81,80.785,10188,15871,228,100,0,5
Monza,81,80.785,10327,15836,220,0,1,5
Monza,81,80.785,10327,15836,214,0,3,5
Monza,81,80.785,10473,15767,209,0,20,5
Monza,81,80.785,10566,15701,204,0,46,5
Monza,81,80.785,10672,15599,204,0,67,5
Monza,81,80.785,10790,15416,207,0,86,5
Monza,81,80.785,10836,15306,212,0,92,5
Monza,81,80.785,10858,15238,216,0,99,5
Monza,81,80.785,10895,15084,224,0,99,5
Monza,81,80.785,10924,14884,227,0,99,6
Monza,81,80.785,10945,14680,232,0,99,6
Monza,81,80.785,10955,14560,242,0,99,6
Monza,81,80.785,10971,14330,247,0,99,6
Monza,81,80.785,10978,14219,251,0,99,6
Monza,81,80.785,10987,14078,259,0,99,6
Monza,81,80.785,11018,13710,260,0,99,7
Monza,81,80.785,11034,13550,263,0,99,7
Monza,81,80.785,11034,13550,266,0,74,7
Monza,81,80.785,11055,13332,260,100,0,7
Monza,81,80.785,11066,13149,238,100,0,7
Monza,81,80.785,11063,12961,212,100,0,7
Monza,81,80.785,11040,12819,208,0,0,5
Monza,81,80.785,11001,12707,200,0,0,5
Monza,81,80.785,11001,12707,195,0,5,5
Monza,81,80.785,10877,12524,189,0,46,5
Monza,81,80.785,10877,12524,191,0,71,5
Monza,81,80.785,10690,12376,192,0,74,5
Monza,81,80.785,10622,12335,196,0,94,5
Monza,81,80.785,10622,12335,205,0,99,5
Monza,81,80.785,10438,12237,213,0,99,5
Monza,81,80.785,10276,12156,218,0,99,5
Monza,81,80.785,10075,12055,229,0,99,6
Monza,81,80.785,9843,11931,240,0,99,6
Monza,81,80.785,9663,11833,245,0,99,6
Monza,81,80.785,9663,11833,248,0,99,6
Monza,81,80.785,9541,11768,253,0,99,6
Monza,81,80.785,9365,11674,260,0,99,6
Monza,81,80.785,9072,11508,264,0,99,7
Monza,81,80.785,8810,11358,272,0,99,7
Monza,81,80.785,8662,11275,279,0,99,7
Monza,81,80.785,8539,11206,282,0,99,7
Monza,81,80.785,8416,11137,285,0,99,7
Monza,81,80.785,8249,11043,291,0,99,7
Monza,81,80.785,8249,11043,295,0,99,7
Monza,81,80.785,7535,10604,299,0,99,8
Monza,81,80.785,7535,10604,300,0,99,8
Monza,81,80.785,7400,10505,304,0,99,8
Monza,81,80.785,7281,10410,308,0,99,8
Monza,81,80.785,7081,10247,310,0,99,8
Monza,81,80.785,6933,10127,311,0,99,8
Monza,81,80.785,6723,9946,313,0,99,8
Monza,81,80.785,6497,9749,317,0,99,8
Monza,81,80.785,6324,9598,319,0,100,8
Monza,81,80.785,6136,9434,322,0,99,8
Monza,81,80.785,6014,9329,322,0,100,8
Monza,81,80.785,5824,9164,324,0,100,8
Monza,81,80.785,5578,8949,326,0,100,8
Monza,81,80.785,5495,8878,329,0,99,8
Monza,81,80.785,5233,8650,329,0,99,8
Monza,81,80.785,5095,8530,330,0,100,8
Monza,81,80.785,5095,8530,331,0,100,8
Monza,81,80.785,4859,8325,331,0,99,8
Monza,81,80.785,4734,8216,332,0,99,8
Monza,81,80.785,4581,8083,332,0,99,8
Monza,81,80.785,4441,7961,333,0,99,8
Monza,81,80.785,4316,7852,334,0,100,8
Monza,81,80.785,3974,7555,334,0,99,8
Monza,81,80.785,3974,7555,334,0,100,8
Monza,81,80.785,3862,7458,334,0,99,8
Monza,81,80.785,3582,7215,333,0,100,8
Monza,81,80.785,3429,7082,332,0,100,8
Monza,81,80.785,3220,6900,331,0,39,8
Monza,81,80.785,3007,6714,289,100,0,8
Monza,81,80.785,2919,6636,262,100,0,8
Monza,81,80.785,2708,6430,242,100,0,8
Monza,81,80.785,2708,6430,225,100,0,8
Monza,81,80.785,2631,6327,215,100,0,6
Monza,81,80.785,2631,6327,206,0,0,5
Monza,81,80.785,2557,6131,201,0,7,5
Monza,81,80.785,2548,6064,198,0,16,5
Monza,81,80.785,2545,5680,196,0,82,5
Monza,81,80.785,2535,5521,207,0,92,5
Monza,81,80.785,2513,5395,213,0,90,5
Monza,81,80.785,2459,5223,214,0,92,5
Monza,81,80.785,2397,5089,226,0,99,6
Monza,81,80.785,2339,4992,231,0,99,6
Monza,81,80.785,2261,4889,232,0,99,6
Monza,81,80.785,2048,4666,245,0,99,6
Monza,81,80.785,1837,4321,251,0,99,6
Monza,81,80.785,1777,4097,257,0,99,6
Monza,81,80.785,1735,3809,260,0,99,7
Monza,81,80.785,1724,3690,266,0,99,7
Monza,81,80.785,1701,3436,271,0,99,7
Monza,81,80.785,1682,3238,279,0,99,7
Monza,81,80.785,1652,2931,281,0,99,7
Monza,81,80.785,1632,2710,287,0,99,7
Monza,81,80.785,1615,2518,290,0,99,7
Monza,81,80.785,1587,2211,294,0,99,7
Monza,81,80.785,1567,2000,294,0,99,7
Monza,81,80.785,1567,2000,297,0,99,8
Monza,81,80.785,1540,1703,299,0,99,8
Monza,81,80.785,1469,927,306,0,100,8
Monza,81,80.785,1469,927,307,0,99,8
Monza,81,80.785,1431,518,310,0,99,8
Monza,81,80.785,1414,329,311,0,99,8
Monza,81,80.785,1391,87,313,0,99,8
Monza,81,80.785,1377,-68,314,0,100,8
Monza,81,80.785,1348,-381,315,0,99,8
Monza,81,80.785,1348,-381,316,0,100,8
Monza,81,80.785,1319,-696,317,0,99,8
Monza,81,80.785,1306,-836,317,0,100,8
Monza,81,80.785,1293,-989,318,0,100,8
Monza,81,80.785,1261,-1333,319,0,100,8
Monza,81,80.785,1231,-1652,321,0,100,8
Monza,81,80.785,1215,-1830,322,0,100,8
Monza,81,80.785,1197,-2026,322,0,100,8
Monza,81,80.785,1164,-2382,323,0,100,8
Monza,81,80.785,1138,-2668,323,0,100,8
Monza,81,80.785,1107,-3003,324,0,100,8
Monza,81,80.785,1083,-3272,324,0,100,8
Monza,81,80.785,1063,-3487,325,0,100,8
Monza,81,80.785,1049,-3631,325,0,100,8
Monza,81,80.785,1049,-3631,326,0,100,8
Monza,81,80.785,1018,-3955,326,0,100,8
Monza,81,80.785,979,-4334,327,0,99,8
Monza,81,80.785,945,-4602,317,100,1,8
Monza,81,80.785,880,-4964,291,100,0,8
Monza,81,80.785,880,-4964,271,100,0,8
Monza,81,80.785,811,-5208,257,100,0,8
Monza,81,80.785,811,-5208,242,100,0,6
Monza,81,80.785,728,-5395,234,0,0,5
Monza,81,80.785,728,-5395,229,0,4,5
Monza,81,80.785,309,-5755,222,0,4,5
Monza,81,80.785,309,-5755,217,0,11,5
Monza,81,80.785,309,-5755,213,0,54,5
Monza,81,80.785,64,-5802,214,0,64,5
Monza,81,80.785,64,-5802,215,0,78,5
Monza,81,80.785,-56,-5798,217,0,90,5
Monza,81,80.785,-202,-5773,223,0,99,5
Monza,81,80.785,-381,-5713,228,0,99,5
Monza,81,80.785,-655,-5557,232,0,99,6
Monza,81,80.785,-655,-5557,238,0,99,6
Monza,81,80.785,-788,-5446,243,0,99,6
Monza,81,80.785,-893,-5339,247,0,99,6
Monza,81,80.785,-1039,-5154,250,0,99,6
Monza,81,80.785,-1115,-5034,254,0,99,6
Monza,81,80.785,-1227,-4817,259,0,99,6
Monza,81,80.785,-1227,-4817,261,0,99,7
Monza,81,80.785,-1324,-4571,267,0,99,7
Monza,81,80.785,-1398,-4312,273,0,99,7
Monza,81,80.785,-1461,-3966,279,0,99,7
Monza,81,80.785,-1474,-3856,282,0,99,7
Monza,81,80.785,-1490,-3636,284,0,99,7
Monza,81,80.785,-1495,-3509,287,0,99,7
Monza,81,80.785,-1500,-3107,291,0,99,7
Monza,81,80.785,-1498,-2944,296,0,99,8
Monza,81,80.785,-1493,-2664,298,0,99,8
Monza,81,80.785,-1487,-2447,299,0,99,8
Monza,81,80.785,-1482,-2313,299,0,99,8
Monza,81,80.785,-1470,-2044,305,0,99,8
Monza,81,80.785,-1458,-1823,308,0,99,8
Monza,81,80.785,-1438,-1515,309,0,99,8
Monza,81,80.785,-1438,-1515,311,0,99,8
Monza,81,80.785,-1417,-1222,312,0,99,8
Monza,81,80.785,-1392,-902,313,0,99,8
Monza,81,80.785,-1392,-902,313,0,99,8
Monza,81,80.785,-1385,-815,314,0,99,8
Monza,81,80.785,-1385,-815,316,0,99,8
Singapore,1,92.173,1046,-261,269,0,100,6
Singapore,1,92.173,1005,-4,273,0,100,7
Singapore,1,92.173,1005,-4,275,0,100,7
Singapore,1,92.173,1005,-4,278,0,100,7
Singapore,1,92.173,962,272,279,0,100,7
Singapore,1,92.173,929,492,285,0,100,7
Singapore,1,92.173,898,698,288,0,100,7
Singapore,1,92.173,898,698,291,0,100,7
Singapore,1,92.173,851,1036,294,0,100,7
Singapore,1,92.173,813,1314,297,0,100,7
Singapore,1,92.173,813,1314,297,0,100,8
Singapore,1,92.173,788,1511,300,0,100,8
Singapore,1,92.173,750,1807,301,0,100,8
Singapore,1,92.173,734,1941,304,0,100,8
Singapore,1,92.173,700,2232,304,0,100,8
Singapore,1,92.173,674,2467,304,0,100,8
Singapore,1,92.173,657,2617,302,100,0,8
Singapore,1,92.173,631,2836,261,100,0,8
Singapore,1,92.173,598,3043,221,100,0,8
Singapore,1,92.173,571,3175,190,100,0,8
Singapore,1,92.173,539,3289,175,100,0,6
Singapore,1,92.173,496,3387,156,100,0,4
Singapore,1,92.173,411,3502,148,100,6,4
Singapore,1,92.173,311,3575,146,0,21,4
Singapore,1,92.173,268,3593,139,0,42,4
Singapore,1,92.173,176,3620,138,0,57,4
Singapore,1,92.173,97,3637,144,0,78,4
Singapore,1,92.173,-124,3689,158,0,100,4
Singapore,1,92.173,-211,3729,163,0,43,4
Singapore,1,92.173,-321,3806,159,0,12,4
Singapore,1,92.173,-469,3933,153,100,4,4
Singapore,1,92.173,-535,3988,139,100,0,4
Singapore,1,92.173,-535,3988,128,100,0,3
Singapore,1,92.173,-659,4067,122,100,0,3
Singapore,1,92.173,-659,4067,110,100,0,3
Singapore,1,92.173,-841,4081,96,0,0,3
Singapore,1,92.173,-932,4038,92,100,0,3
Singapore,1,92.173,-987,3986,85,0,2,3
Singapore,1,92.173,-1020,3939,85,0,18,3
Singapore,1,92.173,-1020,3939,86,0,34,3
Singapore,1,92.173,-1039,3904,90,0,38,3
Singapore,1,92.173,-1079,3801,98,0,55,3
Singapore,1,92.173,-1105,3693,104,0,63,3
Singapore,1,92.173,-1105,3693,107,0,68,3
Singapore,1,92.173,-1123,3583,119,0,77,3
Singapore,1,92.173,-1123,3583,122,0,81,3
Singapore,1,92.173,-1133,3434,132,0,100,3
Singapore,1,92.173,-1131,3351,153,0,100,3
Singapore,1,92.173,-1131,3351,158,0,100,3
Singapore,1,92.173,-1117,3196,166,0,100,3
Singapore,1,92.173,-1096,3080,175,0,100,4
Singapore,1,92.173,-1015,2802,194,0,100,4
Singapore,1,92.173,-1015,2802,197,0,100,4
Singapore,1,92.173,-958,2650,206,0,100,4
Singapore,1,92.173,-904,2517,214,0,100,5
Singapore,1,92.173,-904,2517,220,0,100,5
Singapore,1,92.173,-803,2278,224,0,100,5
Singapore,1,92.173,-763,2184,231,0,100,5
Singapore,1,92.173,-695,2016,234,0,100,5
Singapore,1,92.173,-652,1905,238,0,100,6
Singapore,1,92.173,-606,1779,242,0,100,6
Singapore,1,92.173,-563,1651,245,0,100,6
Singapore,1,92.173,-490,1385,251,0,100,6
Singapore,1,92.173,-462,1248,253,0,100,6
Singapore,1,92.173,-440,1094,244,100,0,6
Singapore,1,92.173,-464,572,200,100,0,6
Singapore,1,92.173,-464,572,185,100,0,5
Singapore,1,92.173,-473,546,175,100,1,4
Singapore,1,92.173,-574,381,167,100,5,4
Singapore,1,92.173,-574,381,164,100,16,4
Singapore,1,92.173,-675,303,153,0,52,4
Singapore,1,92.173,-836,233,155,0,77,4
Singapore,1,92.173,-941,204,160,0,65,4
Singapore,1,92.173,-1013,189,165,0,100,4
Singapore,1,92.173,-1145,169,173,0,100,4
Singapore,1,92.173,-1285,156,184,0,100,4
Singapore,1,92.173,-1477,152,191,0,100,4
Singapore,1,92.173,-1477,152,198,0,100,4
Singapore,1,92.173,-1643,159,198,0,100,4
Singapore,1,92.173,-1780,170,211,0,100,4
Singapore,1,92.173,-1998,191,221,0,100,5
Singapore,1,92.173,-2181,207,221,0,100,5
Singapore,1,92.173,-2181,207,221,0,100,5
Singapore,1,92.173,-2310,219,235,0,100,5
Singapore,1,92.173,-2710,253,252,0,100,6
Singapore,1,92.173,-2852,264,257,0,100,6
Singapore,1,92.173,-2852,264,260,0,100,6
Singapore,1,92.173,-3011,277,264,0,100,6
Singapore,1,92.173,-3290,297,267,0,100,7
Singapore,1,92.173,-3425,308,270,0,100,7
Singapore,1,92.173,-3613,323,273,0,100,7
Singapore,1,92.173,-3786,337,277,0,100,7
Singapore,1,92.173,-3894,345,281,0,100,7
Singapore,1,92.173,-4145,365,284,0,100,7
Singapore,1,92.173,-4304,378,287,0,100,7
Singapore,1,92.173,-4464,392,290,0,100,7
Singapore,1,92.173,-4609,406,292,0,100,7
Singapore,1,92.173,-4754,423,294,0,100,7
Singapore,1,92.173,-4754,423,296,0,100,7
Singapore,1,92.173,-5346,550,298,0,100,8
Singapore,1,92.173,-5346,550,299,0,100,8
Singapore,1,92.173,-5699,701,301,0,100,8
Singapore,1,92.173,-5907,814,303,0,100,8
Singapore,1,92.173,-6054,899,305,0,100,8
Singapore,1,92.173,-6492,1165,308,0,100,8
Singapore,1,92.173,-6580,1218,309,0,100,8
Singapore,1,92.173,-6864,1393,311,0,100,8
Singapore,1,92.173,-6864,1393,311,0,100,8
Singapore,1,92.173,-7146,1575,311,0,100,8
Singapore,1,92.173,-7304,1679,307,100,0,8
Singapore,1,92.173,-7442,1770,296,100,0,8
Singapore,1,92.173,-7645,1907,254,100,0,8
Singapore,1,92.173,-7645,1907,227,100,0,8
Singapore,1,92.173,-7794,2003,204,100,0,8
Singapore,1,92.173,-7898,2053,180,100,0,8
Singapore,1,92.173,-8042,2107,158,100,0,6
Singapore,1,92.173,-8221,2145,145,100,0,3
Singapore,1,92.173,-8221,2145,129,100,1,3
Singapore,1,92.173,-8320,2142,123,0,2,3
Singapore,1,92.173,-8395,2123,115,0,5,3
Singapore,1,92.173,-8458,2093,114,0,25,3
Singapore,1,92.173,-8526,2044,114,0,38,3
Singapore,1,92.173,-8569,2005,115,0,52,3
Singapore,1,92.173,-8569,2005,119,0,62,3
Singapore,1,92.173,-8657,1909,126,0,100,3
Singapore,1,92.173,-8740,1802,148,0,100,3
Singapore,1,92.173,-8813,1696,157,0,100,3
Singapore,1,92.173,-8813,1696,161,0,100,3
Singapore,1,92.173,-8893,1569,173,0,100,4
Singapore,1,92.173,-8994,1380,189,0,100,4
Singapore,1,92.173,-9069,1220,195,0,100,4
Singapore,1,92.173,-9132,1074,201,0,100,4
Singapore,1,92.173,-9132,1074,205,100,0,4
Singapore,1,92.173,-9252,802,166,100,0,4
Singapore,1,92.173,-9252,802,153,100,0,4
Singapore,1,92.173,-9297,719,139,100,0,3
Singapore,1,92.173,-9297,719,113,100,0,3
Singapore,1,92.173,-9492,530,99,100,0,3
Singapore,1,92.173,-9492,530,92,100,0,3
Singapore,1,92.173,-9492,530,88,100,0,3
Singapore,1,92.173,-9537,524,83,0,0,3
Singapore,1,92.173,-9537,524,79,0,0,3
Singapore,1,92.173,-9612,544,75,0,9,3
Singapore,1,92.173,-9665,575,76,0,16,3
Singapore,1,92.173,-9665,575,77,0,21,3
Singapore,1,92.173,-9721,618,80,0,29,3
Singapore,1,92.173,-9765,660,86,0,39,3
Singapore,1,92.173,-9845,745,93,0,51,3
Singapore,1,92.173,-9845,745,99,0,50,3
Singapore,1,92.173,-9877,782,105,0,72,3
Singapore,1,92.173,-9948,875,111,0,71,3
Singapore,1,92.173,-9948,875,124,0,71,3
Singapore,1,92.173,-10041,997,146,0,100,3
Singapore,1,92.173,-10113,1088,156,0,100,3
Singapore,1,92.173,-10194,1185,164,0,100,3
Singapore,1,92.173,-10392,1395,177,0,100,4
Singapore,1,92.173,-10392,1395,188,0,100,4
Singapore,1,92.173,-10590,1550,180,100,0,4
Singapore,1,92.173,-10717,1611,156,100,0,4
Singapore,1,92.173,-10893,1657,143,100,1,4
Singapore,1,92.173,-11023,1650,135,0,3,4
Singapore,1,92.173,-11113,1619,130,0,20,4
Singapore,1,92.173,-11227,1554,131,0,51,4
Singapore,1,92.173,-11312,1480,134,0,54,4
Singapore,1,92.173,-11312,1480,139,0,70,4
Singapore,1,92.173,-11430,1333,146,0,92,4
Singapore,1,92.173,-11430,1333,154,0,93,4
Singapore,1,92.173,-11504,1222,166,0,100,4
Singapore,1,92.173,-11597,1064,179,0,100,4
Singapore,1,92.173,-11669,928,191,0,100,4
Singapore,1,92.173,-11669,928,197,0,100,4
Singapore,1,92.173,-11733,800,203,0,100,4
Singapore,1,92.173,-11837,595,213,0,100,5
Singapore,1,92.173,-11965,346,218,0,100,5
Singapore,1,92.173,-11965,346,224,0,100,5
Singapore,1,92.173,-12047,188,230,0,100,6
Singapore,1,92.173,-12083,120,235,0,100,6
Singapore,1,92.173,-12170,-40,241,0,100,6
Singapore,1,92.173,-12295,-264,248,0,100,6
Singapore,1,92.173,-12428,-508,253,0,100,6
Singapore,1,92.173,-12563,-758,254,0,100,6
Singapore,1,92.173,-12563,-758,258,0,100,6
Singapore,1,92.173,-12627,-871,261,0,100,6
Singapore,1,92.173,-12804,-1155,263,0,100,6
Singapore,1,92.173,-12936,-1351,266,100,0,7
Singapore,1,92.173,-13017,-1482,230,100,0,7
Singapore,1,92.173,-13098,-1618,203,100,0,7
Singapore,1,92.173,-13119,-1655,194,100,0,7
Singapore,1,92.173,-13186,-1795,164,100,0,6
Singapore,1,92.173,-13202,-1950,147,100,1,4
Singapore,1,92.173,-13198,-1999,138,0,37,4
Singapore,1,92.173,-13032,-2408,138,0,53,4
Singapore,1,92.173,-13032,-2408,144,0,55,4
Singapore,1,92.173,-12917,-2522,154,0,81,4
Singapore,1,92.173,-12917,-2522,157,0,81,4
Singapore,1,92.173,-12843,-2573,162,0,85,4
Singapore,1,92.173,-12541,-2706,174,100,78,4
Singapore,1,92.173,-12469,-2730,155,100,0,4
Singapore,1,92.173,-12469,-2730,148,100,0,4
Singapore,1,92.173,-12394,-2762,129,100,0,3
Singapore,1,92.173,-12286,-2861,117,0,12,3
Singapore,1,92.173,-12242,-2952,112,0,16,3
Singapore,1,92.173,-12242,-2952,111,0,21,3
Singapore,1,92.173,-12214,-3043,111,0,37,3
Singapore,1,92.173,-12197,-3117,113,0,47,3
Singapore,1,92.173,-12186,-3175,121,0,67,3
Singapore,1,92.173,-12171,-3265,125,0,82,3
Singapore,1,92.173,-12153,-3373,140,0,100,3
Singapore,1,92.173,-12112,-3564,158,0,100,3
Singapore,1,92.173,-12045,-3688,169,0,92,4
Singapore,1,92.173,-11889,-3836,176,0,89,4
Singapore,1,92.173,-11889,-3836,181,0,93,4
Singapore,1,92.173,-11889,-3836,188,0,100,4
Singapore,1,92.173,-11714,-3977,195,0,100,4
Singapore,1,92.173,-11602,-4068,200,0,100,4
Singapore,1,92.173,-11523,-4134,206,0,100,5
Singapore,1,92.173,-11482,-4169,212,0,100,5
Singapore,1,92.173,-11385,-4257,211,0,0,5
Singapore,1,92.173,-11205,-4456,187,100,0,5
Singapore,1,92.173,-11154,-4528,164,100,0,5
Singapore,1,92.173,-11101,-4611,148,100,0,3
Singapore,1,92.173,-11043,-4703,124,100,0,3
Singapore,1,92.173,-10971,-4799,124,100,0,2
Singapore,1,92.173,-10944,-4827,101,100,0,2
Singapore,1,92.173,-10900,-4864,96,100,0,2
Singapore,1,92.173,-10818,-4902,79,100,0,2
Singapore,1,92.173,-10746,-4900,76,0,0,2
Singapore,1,92.173,-10688,-4867,71,0,1,2
Singapore,1,92.173,-10653,-4826,71,0,10,2
Singapore,1,92.173,-10653,-4826,69,0,29,2
Singapore,1,92.173,-10635,-4796,75,0,35,2
Singapore,1,92.173,-10567,-4596,77,0,46,2
Singapore,1,92.173,-10567,-4596,92,0,55,2
Singapore,1,92.173,-10562,-4570,103,0,70,2
Singapore,1,92.173,-10543,-4472,107,0,100,2
Singapore,1,92.173,-10523,-4355,137,0,100,3
Singapore,1,92.173,-10511,-4277,142,0,100,3
Singapore,1,92.173,-10488,-4097,153,0,100,3
Singapore,1,92.173,-10488,-4097,163,0,100,3
Singapore,1,92.173,-10470,-3956,172,0,100,4
Singapore,1,92.173,-10450,-3815,185,0,100,4
Singapore,1,92.173,-10450,-3815,189,0,100,4
Singapore,1,92.173,-10414,-3574,207,0,100,4
Singapore,1,92.173,-10374,-3327,220,0,100,5
Singapore,1,92.173,-10360,-3242,224,0,100,5
Singapore,1,92.173,-10343,-3129,232,0,100,5
Singapore,1,92.173,-10312,-2936,237,0,100,5
Singapore,1,92.173,-10245,-2546,242,0,100,6
Singapore,1,92.173,-10227,-2449,255,0,100,6
Singapore,1,92.173,-10188,-2253,259,0,100,6
Singapore,1,92.173,-10122,-1939,265,0,100,6
Singapore,1,92.173,-10087,-1794,265,0,100,7
Singapore,1,92.173,-10055,-1662,272,0,100,7
Singapore,1,92.173,-9983,-1384,275,0,100,7
Singapore,1,92.173,-9919,-1162,279,0,100,7
Singapore,1,92.173,-9852,-952,283,0,100,7
Singapore,1,92.173,-9852,-952,284,0,100,7
Singapore,1,92.173,-9746,-642,278,100,0,7
Singapore,1,92.173,-9717,-562,249,100,0,7
Singapore,1,92.173,-9650,-383,205,100,0,7
Singapore,1,92.173,-9590,-229,181,100,0,6
Singapore,1,92.173,-9590,-229,160,100,0,5
Singapore,1,92.173,-9549,-134,135,100,0,4
Singapore,1,92.173,-9477,2,123,100,0,3
Singapore,1,92.173,-9405,80,110,100,0,3
Singapore,1,92.173,-9329,119,99,100,0,3
Singapore,1,92.173,-9295,126,91,0,0,3
Singapore,1,92.173,-9207,123,89,0,16,3
Singapore,1,92.173,-9137,101,87,0,29,3
Singapore,1,92.173,-9109,89,91,0,41,3
Singapore,1,92.173,-9040,50,100,0,51,3
Singapore,1,92.173,-9040,50,106,0,54,3
Singapore,1,92.173,-9040,50,116,0,74,3
Singapore,1,92.173,-8787,-145,124,0,86,3
Singapore,1,92.173,-8787,-145,129,0,86,3
Singapore,1,92.173,-8787,-145,137,0,86,3
Singapore,1,92.173,-8733,-191,153,0,100,3
Singapore,1,92.173,-8587,-319,167,0,100,3
Singapore,1,92.173,-8481,-418,176,0,100,4
Singapore,1,92.173,-8481,-418,183,0,100,4
Singapore,1,92.173,-8282,-610,198,0,100,4
Singapore,1,92.173,-8215,-671,207,0,100,5
Singapore,1,92.173,-8103,-773,213,0,100,5
Singapore,1,92.173,-8004,-861,219,0,100,5
Singapore,1,92.173,-7919,-932,227,0,100,5
Singapore,1,92.173,-7770,-1050,233,0,100,5
Singapore,1,92.173,-7531,-1210,237,0,100,6
Singapore,1,92.173,-7363,-1296,243,0,100,6
Singapore,1,92.173,-7363,-1296,245,0,100,6
Singapore,1,92.173,-7262,-1337,250,0,100,6
Singapore,1,92.173,-7262,-1337,254,0,100,6
Singapore,1,92.173,-6529,-1455,259,0,100,6
Singapore,1,92.173,-6412,-1462,263,0,100,6
Singapore,1,92.173,-6207,-1475,265,0,100,7
Singapore,1,92.173,-6207,-1475,267,0,100,7
Singapore,1,92.173,-5894,-1496,270,0,100,7
Singapore,1,92.173,-5623,-1514,271,0,100,7
Singapore,1,92.173,-5623,-1514,274,0,100,7
Singapore,1,92.173,-5470,-1524,276,0,100,7
Singapore,1,92.173,-5470,-1524,277,0,100,7
Singapore,1,92.173,-5101,-1548,279,0,100,7
Singapore,1,92.173,-4883,-1562,281,0,100,7
Singapore,1,92.173,-4743,-1570,283,0,100,7
Singapore,1,92.173,-4601,-1577,284,0,100,7
Singapore,1,92.173,-4127,-1596,285,0,100,7
Singapore,1,92.173,-3935,-1599,287,0,100,7
Singapore,1,92.173,-3935,-1599,287,0,100,7
Singapore,1,92.173,-3615,-1607,289,0,100,7
Singapore,1,92.173,-3615,-1607,289,0,100,7
Singapore,1,92.173,-3374,-1613,289,0,100,7
Singapore,1,92.173,-3251,-1617,259,100,0,7
Singapore,1,92.173,-3133,-1624,227,100,0,7
Singapore,1,92.173,-2961,-1636,186,100,0,7
Singapore,1,92.173,-2789,-1653,166,100,0,7
Singapore,1,92.173,-2708,-1667,159,100,0,6
Singapore,1,92.173,-2652,-1682,139,100,0,4
Singapore,1,92.173,-2555,-1730,122,100,0,3
Singapore,1,92.173,-2513,-1774,117,100,0,3
Singapore,1,92.173,-2474,-1858,109,0,15,3
Singapore,1,92.173,-2465,-1889,108,0,31,3
Singapore,1,92.173,-2429,-2032,113,0,57,3
Singapore,1,92.173,-2394,-2128,131,0,89,3
Singapore,1,92.173,-2359,-2201,134,0,22,4
Singapore,1,92.173,-2321,-2265,134,0,22,4
Singapore,1,92.173,-2283,-2319,133,0,23,4
Singapore,1,92.173,-2226,-2385,133,0,36,4
Singapore,1,92.173,-2175,-2429,136,0,54,4
Singapore,1,92.173,-2106,-2477,141,0,67,4
Singapore,1,92.173,-1981,-2534,146,0,79,4
Singapore,1,92.173,-1981,-2534,149,0,87,4
Singapore,1,92.173,-1745,-2588,161,0,100,4
Singapore,1,92.173,-1745,-2588,167,0,100,4
Singapore,1,92.173,-1638,-2600,176,0,100,4
Singapore,1,92.173,-1431,-2610,183,0,100,4
Singapore,1,92.173,-1431,-2610,195,0,100,4
Singapore,1,92.173,-1283,-2611,203,0,100,4
Singapore,1,92.173,-988,-2615,215,0,100,5
Singapore,1,92.173,-767,-2622,225,0,100,5
Singapore,1,92.173,-486,-2636,232,0,100,5
Singapore,1,92.173,-253,-2651,238,0,100,6
Singapore,1,92.173,-118,-2660,241,0,100,6
Singapore,1,92.173,58,-2671,247,0,100,6
Singapore,1,92.173,210,-2674,250,0,100,6
Singapore,1,92.173,466,-2644,234,100,3,6
Singapore,1,92.173,671,-2554,220,0,12,5
Singapore,1,92.173,843,-2402,214,0,84,5
Singapore,1,92.173,843,-2402,214,0,82,5
Singapore,1,92.173,997,-2188,223,0,100,5
Singapore,1,92.173,1084,-2020,230,0,100,5
Singapore,1,92.173,1120,-1925,230,0,100,5
Singapore,1,92.173,1179,-1670,236,0,100,6
Singapore,1,92.173,1188,-1591,239,0,100,6
Singapore,1,92.173,1196,-1416,244,0,100,6
Singapore,1,92.173,1182,-1137,248,0,100,6
Singapore,1,92.173,1145,-857,253,0,100,6
Singapore,1,92.173,1145,-857,258,0,100,6
Singapore,1,92.173,1102,-600,262,0,100,6
Singapore,1,92.173,1066,-382,265,0,100,6
Singapore,2,93.252,1019,-95,270,0,100,7
Singapore,2,93.252,977,175,275,0,100,7
Singapore,2,93.252,939,421,284,0,100,7
Singapore,2,93.252,877,845,286,0,100,8
Singapore,2,93.252,877,845,289,0,100,8
Singapore,2,93.252,850,1037,291,0,100,8
Singapore,2,93.252,778,1589,299,0,100,8
Singapore,2,93.252,740,1890,300,0,100,8
Singapore,2,93.252,717,2080,301,0,100,8
Singapore,2,93.252,698,2247,303,0,100,8
Singapore,2,93.252,677,2432,305,0,100,8
Singapore,2,93.252,647,2700,304,100,100,8
Singapore,2,93.252,616,2939,262,100,2,8
Singapore,2,93.252,592,3079,246,100,0,7
Singapore,2,93.252,554,3243,191,100,0,7
Singapore,2,93.252,514,3351,163,100,0,7
Singapore,2,93.252,459,3447,147,100,0,5
Singapore,2,93.252,392,3519,137,0,0,4
Singapore,2,93.252,295,3581,136,0,7,4
Singapore,2,93.252,217,3609,133,0,29,4
Singapore,2,93.252,134,3629,137,0,47,4
Singapore,2,93.252,-12,3658,144,0,72,4
Singapore,2,93.252,-140,3695,156,0,76,4
Singapore,2,93.252,-216,3732,160,0,38,4
Singapore,2,93.252,-291,3782,161,100,23,4
Singapore,2,93.252,-433,3902,142,100,0,4
Singapore,2,93.252,-554,4002,122,100,0,3
Singapore,2,93.252,-554,4002,118,100,0,3
Singapore,2,93.252,-672,4072,105,100,0,3
Singapore,2,93.252,-745,4089,101,100,0,3
Singapore,2,93.252,-813,4086,96,100,0,3
Singapore,2,93.252,-863,4074,92,0,0,3
Singapore,2,93.252,-863,4074,91,0,0,3
Singapore,2,93.252,-932,4038,87,0,10,3
Singapore,2,93.252,-1029,3923,92,0,31,3
Singapore,2,93.252,-1089,3767,101,0,46,3
Singapore,2,93.252,-1089,3767,108,0,50,3
Singapore,2,93.252,-1099,3723,114,0,60,3
Singapore,2,93.252,-1113,3650,122,0,72,3
Singapore,2,93.252,-1113,3650,122,0,76,3
Singapore,2,93.252,-1127,3541,141,0,88,3
Singapore,2,93.252,-1133,3436,147,0,100,3
Singapore,2,93.252,-1127,3286,161,0,100,3
Singapore,2,93.252,-1120,3221,171,0,100,4
Singapore,2,93.252,-1103,3113,183,0,100,4
Singapore,2,93.252,-1052,2911,187,0,100,4
Singapore,2,93.252,-1007,2780,208,0,100,5
Singapore,2,93.252,-953,2638,210,0,100,5
Singapore,2,93.252,-908,2527,221,0,100,5
Singapore,2,93.252,-835,2354,229,0,100,6
Singapore,2,93.252,-741,2129,237,0,100,6
Singapore,2,93.252,-676,1969,241,0,100,6
Singapore,2,93.252,-676,1969,243,0,100,6
Singapore,2,93.252,-619,1817,247,0,100,6
Singapore,2,93.252,-530,1541,250,0,100,6
Singapore,2,93.252,-530,1541,251,0,100,6
Singapore,2,93.252,-457,1224,254,0,100,6
Singapore,2,93.252,-439,1087,242,100,0,6
Singapore,2,93.252,-429,861,207,100,0,6
Singapore,2,93.252,-432,758,187,100,0,5
Singapore,2,93.252,-442,672,174,100,0,5
Singapore,2,93.252,-541,420,156,100,0,4
Singapore,2,93.252,-669,306,154,0,4,4
Singapore,2,93.252,-824,237,148,0,47,4
Singapore,2,93.252,-1015,188,152,0,68,4
Singapore,2,93.252,-1015,188,159,0,86,4
Singapore,2,93.252,-1206,162,172,0,100,4
Singapore,2,93.252,-1206,162,180,0,100,4
Singapore,2,93.252,-1373,153,191,0,100,4
Singapore,2,93.252,-1557,154,194,0,100,5
Singapore,2,93.252,-1760,168,212,0,100,5
Singapore,2,93.252,-1927,184,219,0,100,5
Singapore,2,93.252,-2001,191,221,0,100,5
Singapore,2,93.252,-2001,191,221,0,100,6
Singapore,2,93.252,-2314,219,228,0,100,6
Singapore,2,93.252,-2378,225,236,0,100,6
Singapore,2,93.252,-2522,237,243,0,100,6
Singapore,2,93.252,-2812,261,261,0,100,7
Singapore,2,93.252,-3104,284,267,0,100,7
Singapore,2,93.252,-3374,303,271,0,100,7
Singapore,2,93.252,-3641,325,279,0,100,7
Singapore,2,93.252,-4013,355,284,0,100,7
Singapore,2,93.252,-4203,370,288,0,100,8
Singapore,2,93.252,-4477,393,291,0,100,8
Singapore,2,93.252,-4671,413,295,0,100,8
Singapore,2,93.252,-4851,436,298,0,100,8
Singapore,2,93.252,-5094,480,300,0,100,8
Singapore,2,93.252,-5287,531,301,0,100,8
Singapore,2,93.252,-5491,604,303,0,100,8
Singapore,2,93.252,-5797,752,305,0,100,8
Singapore,2,93.252,-5990,862,305,0,100,8
Singapore,2,93.252,-6268,1028,307,0,100,8
Singapore,2,93.252,-6415,1117,309,0,100,8
Singapore,2,93.252,-6605,1234,309,0,100,8
Singapore,2,93.252,-6646,1259,312,0,100,8
Singapore,2,93.252,-6855,1387,312,0,100,8
Singapore,2,93.252,-7268,1655,313,0,100,8
Singapore,2,93.252,-7268,1655,314,0,100,8
Singapore,2,93.252,-7591,1871,253,100,0,8
Singapore,2,93.252,-7591,1871,219,100,0,8
Singapore,2,93.252,-8078,2117,166,100,0,7
Singapore,2,93.252,-8078,2117,145,100,0,5
Singapore,2,93.252,-8078,2117,128,100,0,3
Singapore,2,93.252,-8266,2146,116,0,0,3
Singapore,2,93.252,-8374,2129,112,0,16,3
Singapore,2,93.252,-8425,2109,112,0,27,3
Singapore,2,93.252,-8485,2075,115,0,42,3
Singapore,2,93.252,-8583,1991,123,0,53,3
Singapore,2,93.252,-8637,1933,130,0,62,3
Singapore,2,93.252,-8709,1843,134,0,100,3
Singapore,2,93.252,-8749,1791,154,0,100,3
Singapore,2,93.252,-8874,1600,168,0,100,4
Singapore,2,93.252,-8874,1600,176,0,100,4
Singapore,2,93.252,-8982,1404,184,0,100,4
Singapore,2,93.252,-9062,1235,197,0,100,4
Singapore,2,93.252,-9116,1111,205,100,30,4
Singapore,2,93.252,-9196,925,163,100,0,4
Singapore,2,93.252,-9249,809,132,100,0,4
Singapore,2,93.252,-9308,701,132,100,0,4
Singapore,2,93.252,-9308,701,111,100,0,3
Singapore,2,93.252,-9342,650,99,100,0,3
Singapore,2,93.252,-9381,602,93,100,0,3
Singapore,2,93.252,-9406,579,87,100,0,3
Singapore,2,93.252,-9475,536,84,100,0,3
Singapore,2,93.252,-9517,526,77,0,0,3
Singapore,2,93.252,-9569,530,75,0,6,3
Singapore,2,93.252,-9569,530,74,0,12,3
Singapore,2,93.252,-9648,564,78,0,26,3
Singapore,2,93.252,-9697,599,81,0,31,3
Singapore,2,93.252,-9749,644,89,0,37,3
Singapore,2,93.252,-9783,677,94,0,48,3
Singapore,2,93.252,-9863,766,107,0,52,3
Singapore,2,93.252,-9907,819,118,0,65,3
Singapore,2,93.252,-9968,902,127,0,80,3
Singapore,2,93.252,-10024,975,142,0,87,3
Singapore,2,93.252,-10152,1136,160,0,100,4
Singapore,2,93.252,-10249,1247,170,0,100,4
Singapore,2,93.252,-10249,1247,178,0,100,4
Singapore,2,93.252,-10354,1359,188,100,100,4
Singapore,2,93.252,-10758,1626,139,100,0,4
Singapore,2,93.252,-10867,1653,133,0,0,4
Singapore,2,93.252,-11041,1645,126,0,0,4
Singapore,2,93.252,-11067,1637,125,0,28,4
Singapore,2,93.252,-11202,1571,130,0,50,4
Singapore,2,93.252,-11261,1528,132,0,57,4
Singapore,2,93.252,-11343,1445,141,0,73,4
Singapore,2,93.252,-11375,1407,148,0,86,4
Singapore,2,93.252,-11421,1345,161,0,100,4
Singapore,2,93.252,-11524,1190,171,0,100,4
Singapore,2,93.252,-11596,1065,188,0,100,4
Singapore,2,93.252,-11655,954,194,0,100,5
Singapore,2,93.252,-11735,795,202,0,100,5
Singapore,2,93.252,-11735,795,205,0,100,5
Singapore,2,93.252,-11825,618,214,0,100,5
Singapore,2,93.252,-11902,466,219,0,100,6
Singapore,2,93.252,-11965,345,222,0,100,6
Singapore,2,93.252,-11965,345,222,0,100,6
Singapore,2,93.252,-12068,148,222,0,100,6
Singapore,2,93.252,-12134,25,241,0,100,6
Singapore,2,93.252,-12305,-283,247,0,100,6
Singapore,2,93.252,-12380,-418,253,0,100,7
Singapore,2,93.252,-12529,-696,261,0,100,7
Singapore,2,93.252,-12666,-937,264,0,100,7
Singapore,2,93.252,-12833,-1198,266,0,100,7
Singapore,2,93.252,-12833,-1198,267,0,100,7
Singapore,2,93.252,-12890,-1283,245,100,0,7
Singapore,2,93.252,-13047,-1533,218,100,0,7
Singapore,2,93.252,-13130,-1674,182,100,0,7
Singapore,2,93.252,-13175,-1766,162,100,0,6
Singapore,2,93.252,-13175,-1766,151,100,0,6
Singapore,2,93.252,-13202,-1928,143,0,0,6
Singapore,2,93.252,-13173,-2122,142,0,0,6
Singapore,2,93.252,-13173,-2122,136,0,0,6
Singapore,2,93.252,-13138,-2226,134,100,0,6
Singapore,2,93.252,-13138,-2226,132,0,0,6
Singapore,2,93.252,-13051,-2382,129,0,6,5
Singapore,2,93.252,-12951,-2492,127,0,16,4
Singapore,2,93.252,-12951,-2492,127,0,28,4
Singapore,2,93.252,-12917,-2521,133,0,57,4
Singapore,2,93.252,-12834,-2577,142,0,69,4
Singapore,2,93.252,-12731,-2633,156,0,81,4
Singapore,2,93.252,-12509,-2717,153,100,0,4
Singapore,2,93.252,-12373,-2774,123,100,0,3
Singapore,2,93.252,-12278,-2874,113,100,0,3
Singapore,2,93.252,-12242,-2952,106,0,9,3
Singapore,2,93.252,-12242,-2952,107,0,17,3
Singapore,2,93.252,-12218,-3028,109,0,30,3
Singapore,2,93.252,-12202,-3095,118,0,55,3
Singapore,2,93.252,-12151,-3386,130,0,78,3
Singapore,2,93.252,-12151,-3386,141,0,92,3
Singapore,2,93.252,-12133,-3486,152,0,72,3
Singapore,2,93.252,-12094,-3610,164,0,74,4
Singapore,2,93.252,-12041,-3692,168,0,64,4
Singapore,2,93.252,-11867,-3854,172,0,64,4
Singapore,2,93.252,-11796,-3912,178,0,81,4
Singapore,2,93.252,-11664,-4017,188,0,100,4
Singapore,2,93.252,-11664,-4017,197,0,100,5
Singapore,2,93.252,-11544,-4116,207,0,100,5
Singapore,2,93.252,-11435,-4210,210,0,100,5
Singapore,2,93.252,-11317,-4325,213,0,100,5
Singapore,2,93.252,-11317,-4325,209,100,0,5
Singapore,2,93.252,-11158,-4521,192,100,0,5
Singapore,2,93.252,-11049,-4693,176,100,0,5
Singapore,2,93.252,-11049,-4693,138,100,0,5
Singapore,2,93.252,-10992,-4774,121,100,0,5
Singapore,2,93.252,-10929,-4841,103,100,0,2
Singapore,2,93.252,-10893,-4868,93,100,0,2
Singapore,2,93.252,-10824,-4900,81,100,0,2
Singapore,2,93.252,-10769,-4905,75,0,0,2
Singapore,2,93.252,-10707,-4882,70,0,0,2
Singapore,2,93.252,-10689,-4868,69,0,1,2
Singapore,2,93.252,-10659,-4833,67,0,17,2
Singapore,2,93.252,-10627,-4780,70,0,20,2
Singapore,2,93.252,-10604,-4728,74,0,30,2
Singapore,2,93.252,-10587,-4677,82,0,41,2
Singapore,2,93.252,-10571,-4611,88,0,48,2
Singapore,2,93.252,-10555,-4537,96,0,52,2
Singapore,2,93.252,-10544,-4479,107,0,69,3
Singapore,2,93.252,-10522,-4347,116,0,77,3
Singapore,2,93.252,-10508,-4250,137,0,100,3
Singapore,2,93.252,-10508,-4250,148,0,100,3
Singapore,2,93.252,-10485,-4070,163,0,100,4
Singapore,2,93.252,-10478,-4015,173,0,100,4
Singapore,2,93.252,-10437,-3725,186,0,100,4
Singapore,2,93.252,-10437,-3725,194,0,100,5
Singapore,2,93.252,-10415,-3581,209,0,100,5
Singapore,2,93.252,-10389,-3420,215,0,100,6
Singapore,2,93.252,-10358,-3226,225,0,100,6
Singapore,2,93.252,-10314,-2946,231,0,100,6
Singapore,2,93.252,-10314,-2946,239,0,100,6
Singapore,2,93.252,-10283,-2760,244,0,100,6
Singapore,2,93.252,-10254,-2597,251,0,100,7
Singapore,2,93.252,-10231,-2473,253,0,100,7
Singapore,2,93.252,-10201,-2319,259,0,100,7
Singapore,2,93.252,-10193,-2277,262,0,100,7
Singapore,2,93.252,-10193,-2277,265,0,100,7
Singapore,2,93.252,-10006,-1470,269,0,100,7
Singapore,2,93.252,-10006,-1470,275,0,100,7
Singapore,2,93.252,-9982,-1381,279,0,100,7
Singapore,2,93.252,-9949,-1261,279,0,100,7
Singapore,2,93.252,-9882,-1042,283,0,100,7
Singapore,2,93.252,-9837,-906,286,0,100,7
Singapore,2,93.252,-9786,-755,288,0,100,7
Singapore,2,93.252,-9720,-571,285,100,0,7
Singapore,2,93.252,-9720,-571,255,100,0,7
Singapore,2,93.252,-9649,-381,211,100,0,6
Singapore,2,93.252,-9572,-186,172,100,0,6
Singapore,2,93.252,-9538,-109,138,100,0,5
Singapore,2,93.252,-9538,-109,126,100,0,4
Singapore,2,93.252,-9463,22,112,100,0,3
Singapore,2,93.252,-9374,101,102,100,0,3
Singapore,2,93.252,-9299,126,94,0,0,3
Singapore,2,93.252,-9217,125,91,0,6,3
Singapore,2,93.252,-9172,114,91,0,17,3
Singapore,2,93.252,-9100,85,92,0,21,3
Singapore,2,93.252,-9035,47,97,0,27,3
Singapore,2,93.252,-8983,11,102,0,44,3
Singapore,2,93.252,-8893,-57,104,0,54,3
Singapore,2,93.252,-8832,-107,123,0,76,3
Singapore,2,93.252,-8686,-231,137,0,87,3
Singapore,2,93.252,-8609,-299,149,0,100,3
Singapore,2,93.252,-8583,-323,163,0,100,3
Singapore,2,93.252,-8493,-407,177,0,100,4
Singapore,2,93.252,-8365,-529,177,0,100,4
Singapore,2,93.252,-8301,-591,196,0,100,5
Singapore,2,93.252,-8203,-682,206,0,100,5
Singapore,2,93.252,-7943,-912,221,0,100,5
Singapore,2,93.252,-7943,-912,221,0,100,6
Singapore,2,93.252,-7500,-1227,243,0,100,6
Singapore,2,93.252,-7291,-1326,246,0,100,6
Singapore,2,93.252,-7146,-1375,253,0,100,7
Singapore,2,93.252,-7010,-1407,254,0,100,7
Singapore,2,93.252,-6839,-1432,259,0,100,7
Singapore,2,93.252,-6551,-1453,261,0,100,7
Singapore,2,93.252,-6330,-1467,268,0,100,7
Singapore,2,93.252,-5988,-1490,272,0,100,7
Singapore,2,93.252,-5607,-1515,277,0,100,7
Singapore,2,93.252,-5530,-1520,279,0,100,7
Singapore,2,93.252,-5141,-1546,283,0,100,8
Singapore,2,93.252,-4953,-1558,284,0,100,8
Singapore,2,93.252,-4636,-1575,287,0,100,8
Singapore,2,93.252,-4492,-1582,287,0,100,8
Singapore,2,93.252,-4365,-1588,288,0,100,8
Singapore,2,93.252,-4204,-1595,290,0,100,8
Singapore,2,93.252,-3898,-1599,290,0,100,8
Singapore,2,93.252,-3591,-1608,291,0,100,8
Singapore,2,93.252,-3368,-1614,290,100,100,8
Singapore,2,93.252,-3196,-1620,226,100,0,8
Singapore,2,93.252,-3065,-1628,211,100,0,8
Singapore,2,93.252,-2942,-1637,164,100,0,8
Singapore,2,93.252,-2807,-1650,140,100,0,5
Singapore,2,93.252,-2740,-1661,140,100,0,4
Singapore,2,93.252,-2661,-1679,128,100,0,4
Singapore,2,93.252,-2581,-1713,118,100,0,3
Singapore,2,93.252,-2513,-1775,115,0,0,3
Singapore,2,93.252,-2463,-1896,109,0,6,3
Singapore,2,93.252,-2445,-1972,112,0,37,3
Singapore,2,93.252,-2428,-2035,119,0,51,3
Singapore,2,93.252,-2389,-2138,132,0,36,3
Singapore,2,93.252,-2124,-2466,134,0,27,4
Singapore,2,93.252,-2124,-2466,133,0,35,4
Singapore,2,93.252,-2124,-2466,135,0,38,4
Singapore,2,93.252,-2124,-2466,136,0,55,4
Singapore,2,93.252,-2035,-2513,142,0,46,4
Singapore,2,93.252,-2035,-2513,145,0,48,4
Singapore,2,93.252,-1935,-2549,147,0,56,4
Singapore,2,93.252,-1853,-2569,147,0,80,4
Singapore,2,93.252,-1615,-2602,168,0,100,4
Singapore,2,93.252,-1615,-2602,179,0,100,4
Singapore,2,93.252,-1484,-2608,189,0,100,4
Singapore,2,93.252,-1356,-2610,192,0,100,5
Singapore,2,93.252,-1092,-2612,206,0,100,5
Singapore,2,93.252,-853,-2619,218,0,100,5
Singapore,2,93.252,-704,-2624,226,0,100,6
Singapore,2,93.252,-408,-2640,234,0,100,6
Singapore,2,93.252,254,-2672,239,100,0,6
Singapore,2,93.252,254,-2672,222,100,0,6
Singapore,2,93.252,515,-2629,207,100,0,6
Singapore,2,93.252,536,-2622,202,0,12,5
Singapore,2,93.252,766,-2479,197,0,51,5
Singapore,2,93.252,928,-2295,197,0,69,5
Singapore,2,93.252,928,-2295,201,0,100,5
Singapore,2,93.252,955,-2254,206,0,100,5
Singapore,2,93.252,1124,-1914,218,0,100,6
Singapore,2,93.252,1124,-1914,221,0,100,6
Singapore,2,93.252,1159,-1783,221,0,100,6
Singapore,2,93.252,1193,-1519,221,0,100,6
Singapore,2,93.252,1193,-1519,231,0,100,6
Singapore,2,93.252,1195,-1336,236,0,100,6
Singapore,2,93.252,1185,-1176,236,0,100,6
Singapore,2,93.252,1172,-1041,248,0,100,6
Singapore,2,93.252,1127,-749,252,0,100,7
Singapore,2,93.252,1080,-469,258,0,100,7
Singapore,2,93.252,1080,-469,261,0,100,7
Singapore,4,91.27,1067,-388,269,0,99,7
Singapore,4,91.27,1026,-135,272,0,99,7
Singapore,4,91.27,995,61,276,0,99,7
Singapore,4,91.27,995,61,279,0,99,7
Singapore,4,91.27,961,276,283,0,99,7
Singapore,4,91.27,907,637,288,0,99,7
Singapore,4,91.27,889,764,290,0,99,7
Singapore,4,91.27,844,1085,295,0,99,7
Singapore,4,91.27,826,1215,297,0,99,8
Singapore,4,91.27,792,1477,298,0,99,8
Singapore,4,91.27,736,1925,302,0,99,8
Singapore,4,91.27,698,2243,304,0,99,8
Singapore,4,91.27,698,2243,305,0,99,8
Singapore,4,91.27,676,2446,306,0,99,8
Singapore,4,91.27,651,2666,304,0,92,8
Singapore,4,91.27,621,2904,289,100,0,8
Singapore,4,91.27,592,3076,225,100,0,8
Singapore,4,91.27,562,3214,194,100,0,8
Singapore,4,91.27,517,3347,186,100,0,8
Singapore,4,91.27,488,3402,172,100,0,8
Singapore,4,91.27,450,3459,166,100,0,8
Singapore,4,91.27,336,3561,154,100,0,7
Singapore,4,91.27,336,3561,149,0,0,4
Singapore,4,91.27,208,3612,145,0,9,3
Singapore,4,91.27,208,3612,141,0,30,3
Singapore,4,91.27,15,3652,143,0,54,3
Singapore,4,91.27,15,3652,147,0,75,3
Singapore,4,91.27,-132,3692,159,0,77,3
Singapore,4,91.27,-287,3779,166,0,70,3
Singapore,4,91.27,-287,3779,160,100,0,3
Singapore,4,91.27,-356,3835,152,100,0,3
Singapore,4,91.27,-446,3913,139,100,0,3
Singapore,4,91.27,-504,3963,128,100,0,3
Singapore,4,91.27,-601,4036,123,100,0,2
Singapore,4,91.27,-700,4081,106,100,0,2
Singapore,4,91.27,-700,4081,101,100,0,2
Singapore,4,91.27,-800,4088,98,100,0,2
Singapore,4,91.27,-860,4075,92,0,0,2
Singapore,4,91.27,-922,4045,87,0,20,2
Singapore,4,91.27,-970,4005,87,0,31,2
Singapore,4,91.27,-1014,3949,91,0,45,2
Singapore,4,91.27,-1073,3821,101,0,60,2
Singapore,4,91.27,-1085,3779,116,0,70,2
Singapore,4,91.27,-1116,3632,123,0,79,2
Singapore,4,91.27,-1125,3564,148,0,99,3
Singapore,4,91.27,-1132,3362,157,0,99,3
Singapore,4,91.27,-1132,3362,162,0,100,4
Singapore,4,91.27,-1116,3191,171,0,100,4
Singapore,4,91.27,-1116,3191,184,0,100,4
Singapore,4,91.27,-1062,2944,192,0,100,4
Singapore,4,91.27,-1009,2783,205,0,100,5
Singapore,4,91.27,-981,2707,212,0,100,5
Singapore,4,91.27,-900,2506,212,0,100,5
Singapore,4,91.27,-900,2506,220,0,100,5
Singapore,4,91.27,-826,2332,225,0,100,5
Singapore,4,91.27,-826,2332,230,0,100,6
Singapore,4,91.27,-771,2202,236,0,100,6
Singapore,4,91.27,-711,2056,238,0,100,6
Singapore,4,91.27,-652,1906,245,0,100,6
Singapore,4,91.27,-541,1581,250,0,100,6
Singapore,4,91.27,-491,1392,254,0,100,6
Singapore,4,91.27,-469,1288,255,0,100,6
Singapore,4,91.27,-432,972,253,100,0,6
Singapore,4,91.27,-487,511,168,100,0,4
Singapore,4,91.27,-587,368,164,0,0,4
Singapore,4,91.27,-640,324,155,0,45,4
Singapore,4,91.27,-852,228,156,0,55,4
Singapore,4,91.27,-852,228,158,0,76,4
Singapore,4,91.27,-952,201,162,0,76,4
Singapore,4,91.27,-952,201,165,0,89,4
Singapore,4,91.27,-952,201,174,0,99,4
Singapore,4,91.27,-1237,160,185,0,100,4
Singapore,4,91.27,-1384,153,196,0,100,4
Singapore,4,91.27,-1563,154,206,0,100,5
Singapore,4,91.27,-1690,162,213,0,100,5
Singapore,4,91.27,-2042,195,222,0,99,5
Singapore,4,91.27,-2144,204,237,0,99,6
Singapore,4,91.27,-2275,216,237,0,99,6
Singapore,4,91.27,-2275,216,247,0,100,6
Singapore,4,91.27,-2521,237,252,0,99,6
Singapore,4,91.27,-2788,259,255,0,99,6
Singapore,4,91.27,-3050,280,262,0,99,7
Singapore,4,91.27,-3050,280,266,0,100,7
Singapore,4,91.27,-3318,299,273,0,100,7
Singapore,4,91.27,-3485,312,276,0,99,7
Singapore,4,91.27,-3702,330,281,0,99,7
Singapore,4,91.27,-3953,350,283,0,99,7
Singapore,4,91.27,-4207,370,286,0,99,7
Singapore,4,91.27,-4207,370,289,0,100,7
Singapore,4,91.27,-4335,381,291,0,100,7
Singapore,4,91.27,-4481,394,294,0,99,7
Singapore,4,91.27,-4888,442,297,0,100,8
Singapore,4,91.27,-4888,442,298,0,100,8
Singapore,4,91.27,-5098,481,298,0,100,8
Singapore,4,91.27,-5258,522,300,0,100,8
Singapore,4,91.27,-5447,587,302,0,100,8
Singapore,4,91.27,-5678,690,303,0,100,8
Singapore,4,91.27,-5917,819,304,0,100,8
Singapore,4,91.27,-6284,1038,306,0,99,8
Singapore,4,91.27,-6284,1038,307,0,99,8
Singapore,4,91.27,-6488,1162,308,0,99,8
Singapore,4,91.27,-6488,1162,310,0,99,8
Singapore,4,91.27,-6753,1324,311,0,99,8
Singapore,4,91.27,-6957,1452,313,0,99,8
Singapore,4,91.27,-7074,1528,313,0,99,8
Singapore,4,91.27,-7292,1671,313,0,99,8
Singapore,4,91.27,-7606,1881,306,100,0,8
Singapore,4,91.27,-7606,1881,253,100,0,8
Singapore,4,91.27,-7830,2022,197,100,0,8
Singapore,4,91.27,-7866,2039,165,100,0,8
Singapore,4,91.27,-7985,2087,156,100,0,8
Singapore,4,91.27,-8054,2110,138,100,0,6
Singapore,4,91.27,-8169,2138,133,100,0,3
Singapore,4,91.27,-8232,2145,126,0,0,3
Singapore,4,91.27,-8369,2131,122,0,0,3
Singapore,4,91.27,-8468,2086,117,0,43,3
Singapore,4,91.27,-8533,2038,123,0,57,3
Singapore,4,91.27,-8615,1958,131,0,88,3
Singapore,4,91.27,-8720,1830,140,0,100,3
Singapore,4,91.27,-8796,1722,164,0,100,3
Singapore,4,91.27,-8889,1577,177,0,100,4
Singapore,4,91.27,-8957,1454,184,0,100,4
Singapore,4,91.27,-8994,1378,194,0,100,4
Singapore,4,91.27,-9060,1239,201,0,100,4
Singapore,4,91.27,-9142,1052,205,0,37,4
Singapore,4,91.27,-9195,927,177,100,0,4
Singapore,4,91.27,-9225,858,147,100,0,4
Singapore,4,91.27,-9279,751,138,100,0,3
Singapore,4,91.27,-9317,687,124,100,0,3
Singapore,4,91.27,-9369,615,102,100,0,2
Singapore,4,91.27,-9418,569,94,100,0,2
Singapore,4,91.27,-9449,548,89,100,0,2
Singapore,4,91.27,-9492,531,85,100,0,2
Singapore,4,91.27,-9532,525,79,0,0,2
Singapore,4,91.27,-9640,559,77,0,16,2
Singapore,4,91.27,-9662,573,79,0,25,2
Singapore,4,91.27,-9692,594,81,0,31,2
Singapore,4,91.27,-9770,664,85,0,39,2
Singapore,4,91.27,-9827,725,92,0,53,2
Singapore,4,91.27,-9842,741,102,0,62,2
Singapore,4,91.27,-9929,848,105,0,76,2
Singapore,4,91.27,-9973,909,122,0,81,2
Singapore,4,91.27,-10052,1012,144,0,99,3
Singapore,4,91.27,-10098,1070,149,0,99,3
Singapore,4,91.27,-10098,1070,159,0,99,3
Singapore,4,91.27,-10318,1322,185,0,99,4
Singapore,4,91.27,-10430,1431,190,100,0,4
Singapore,4,91.27,-10508,1495,184,100,0,4
Singapore,4,91.27,-10685,1598,163,100,0,3
Singapore,4,91.27,-10685,1598,148,100,0,3
Singapore,4,91.27,-10761,1627,146,100,0,3
Singapore,4,91.27,-10859,1652,139,100,0,3
Singapore,4,91.27,-10918,1658,134,100,0,3
Singapore,4,91.27,-11010,1652,128,0,13,3
Singapore,4,91.27,-11118,1617,129,0,42,3
Singapore,4,91.27,-11263,1526,138,0,59,3
Singapore,4,91.27,-11364,1421,148,0,86,3
Singapore,4,91.27,-11468,1277,169,0,100,3
Singapore,4,91.27,-11581,1091,182,0,100,4
Singapore,4,91.27,-11634,995,189,0,100,4
Singapore,4,91.27,-11745,776,200,0,100,5
Singapore,4,91.27,-11745,776,207,0,100,5
Singapore,4,91.27,-11836,596,213,0,100,5
Singapore,4,91.27,-11920,432,221,0,100,5
Singapore,4,91.27,-11960,354,231,0,100,6
Singapore,4,91.27,-12014,251,235,0,100,6
Singapore,4,91.27,-12215,-122,235,0,100,6
Singapore,4,91.27,-12215,-122,243,0,100,6
Singapore,4,91.27,-12337,-340,252,0,100,6
Singapore,4,91.27,-12417,-488,254,0,100,6
Singapore,4,91.27,-12512,-664,258,0,100,6
Singapore,4,91.27,-12684,-967,263,0,100,6
Singapore,4,91.27,-12910,-1311,265,0,99,6
Singapore,4,91.27,-13037,-1516,240,100,0,6
Singapore,4,91.27,-13105,-1631,189,100,0,5
Singapore,4,91.27,-13190,-1810,163,100,0,4
Singapore,4,91.27,-13201,-1883,153,0,0,3
Singapore,4,91.27,-13180,-2096,144,0,0,3
Singapore,4,91.27,-13180,-2096,140,0,7,3
Singapore,4,91.27,-13140,-2221,138,0,29,3
Singapore,4,91.27,-13107,-2292,142,0,56,3
Singapore,4,91.27,-13075,-2347,145,0,63,3
Singapore,4,91.27,-12958,-2486,151,0,69,3
Singapore,4,91.27,-12904,-2531,161,0,84,3
Singapore,4,91.27,-12761,-2619,168,0,90,3
Singapore,4,91.27,-12761,-2619,173,0,91,3
Singapore,4,91.27,-12615,-2681,178,100,42,4
Singapore,4,91.27,-12438,-2742,159,100,0,4
Singapore,4,91.27,-12373,-2774,124,100,0,3
Singapore,4,91.27,-12327,-2811,123,100,0,3
Singapore,4,91.27,-12277,-2873,116,0,0,3
Singapore,4,91.27,-12226,-2998,111,0,16,3
Singapore,4,91.27,-12200,-3104,113,0,45,3
Singapore,4,91.27,-12200,-3104,122,0,69,3
Singapore,4,91.27,-12147,-3407,146,0,99,3
Singapore,4,91.27,-12121,-3535,158,0,99,3
Singapore,4,91.27,-12121,-3535,165,0,90,3
Singapore,4,91.27,-12046,-3686,165,0,70,3
Singapore,4,91.27,-12046,-3686,169,0,70,4
Singapore,4,91.27,-12000,-3737,174,0,81,4
Singapore,4,91.27,-11839,-3877,180,0,93,4
Singapore,4,91.27,-11650,-4029,196,0,100,4
Singapore,4,91.27,-11507,-4147,205,0,100,5
Singapore,4,91.27,-11464,-4185,214,0,100,5
Singapore,4,91.27,-11253,-4395,218,100,0,5
Singapore,4,91.27,-11253,-4395,218,100,0,5
Singapore,4,91.27,-11105,-4605,187,100,0,4
Singapore,4,91.27,-11105,-4605,167,100,0,4
Singapore,4,91.27,-11072,-4657,160,100,0,4
Singapore,4,91.27,-10979,-4791,126,100,0,3
Singapore,4,91.27,-10921,-4848,101,100,0,2
Singapore,4,91.27,-10853,-4890,91,100,0,2
Singapore,4,91.27,-10774,-4906,82,100,0,2
Singapore,4,91.27,-10717,-4888,77,100,0,2
Singapore,4,91.27,-10717,-4888,69,0,0,2
Singapore,4,91.27,-10665,-4841,68,0,7,2
Singapore,4,91.27,-10635,-4795,64,0,16,2
Singapore,4,91.27,-10635,-4795,65,0,21,2
Singapore,4,91.27,-10602,-4721,70,0,37,2
Singapore,4,91.27,-10581,-4654,76,0,49,2
Singapore,4,91.27,-10572,-4616,86,0,56,2
Singapore,4,91.27,-10560,-4562,99,0,72,2
Singapore,4,91.27,-10525,-4372,118,0,78,2
Singapore,4,91.27,-10525,-4372,128,0,83,2
Singapore,4,91.27,-10510,-4265,144,0,99,3
Singapore,4,91.27,-10505,-4225,155,0,99,3
Singapore,4,91.27,-10486,-4075,166,0,99,3
Singapore,4,91.27,-10486,-4075,170,0,100,4
Singapore,4,91.27,-10462,-3899,179,0,100,4
Singapore,4,91.27,-10441,-3752,191,0,99,4
Singapore,4,91.27,-10433,-3698,203,0,100,5
Singapore,4,91.27,-10376,-3338,217,0,100,5
Singapore,4,91.27,-10376,-3338,223,0,100,6
Singapore,4,91.27,-10346,-3152,232,0,100,6
Singapore,4,91.27,-10246,-2555,250,0,99,6
Singapore,4,91.27,-10229,-2458,254,0,100,6
Singapore,4,91.27,-10195,-2289,260,0,99,6
Singapore,4,91.27,-10162,-2119,266,0,100,7
Singapore,4,91.27,-10126,-1960,269,0,99,7
Singapore,4,91.27,-10022,-1531,274,0,99,7
Singapore,4,91.27,-9990,-1410,280,0,100,7
Singapore,4,91.27,-9898,-1094,282,0,99,7
Singapore,4,91.27,-9898,-1094,284,0,99,7
Singapore,4,91.27,-9809,-822,288,0,100,7
Singapore,4,91.27,-9762,-686,288,100,1,7
Singapore,4,91.27,-9710,-543,263,100,0,7
Singapore,4,91.27,-9710,-543,216,100,0,7
Singapore,4,91.27,-9468,15,174,100,0,7
Singapore,4,91.27,-9468,15,151,100,0,7
Singapore,4,91.27,-9468,15,128,100,0,7
Singapore,4,91.27,-9386,94,112,100,0,5
Singapore,4,91.27,-9386,94,105,100,0,3
Singapore,4,91.27,-9287,128,98,100,0,2
Singapore,4,91.27,-9205,123,92,0,0,2
Singapore,4,91.27,-9205,123,90,0,11,2
Singapore,4,91.27,-9090,79,93,0,37,2
Singapore,4,91.27,-9015,34,97,0,45,2
Singapore,4,91.27,-8963,-2,106,0,56,2
Singapore,4,91.27,-8919,-36,113,0,69,2
Singapore,4,91.27,-8858,-86,126,0,85,2
Singapore,4,91.27,-8687,-230,147,0,100,3
Singapore,4,91.27,-8687,-230,158,0,100,3
Singapore,4,91.27,-8523,-378,167,0,100,3
Singapore,4,91.27,-8523,-378,177,0,100,4
Singapore,4,91.27,-8413,-483,185,0,100,4
Singapore,4,91.27,-8336,-557,196,0,100,5
Singapore,4,91.27,-8222,-665,203,0,100,5
Singapore,4,91.27,-8138,-741,216,0,100,5
Singapore,4,91.27,-7986,-876,216,0,99,5
Singapore,4,91.27,-7784,-1038,226,0,99,6
Singapore,4,91.27,-7784,-1038,231,0,99,6
Singapore,4,91.27,-7711,-1093,237,0,99,6
Singapore,4,91.27,-7413,-1273,244,0,99,6
Singapore,4,91.27,-7413,-1273,248,0,99,6
Singapore,4,91.27,-7209,-1355,251,0,99,6
Singapore,4,91.27,-6908,-1423,252,0,99,6
Singapore,4,91.27,-6552,-1453,260,0,99,7
Singapore,4,91.27,-6362,-1465,264,0,100,7
Singapore,4,91.27,-6362,-1465,266,0,100,7
Singapore,4,91.27,-5901,-1495,270,0,100,7
Singapore,4,91.27,-5901,-1495,272,0,100,7
Singapore,4,91.27,-5795,-1502,274,0,100,7
Singapore,4,91.27,-5458,-1525,274,0,100,7
Singapore,4,91.27,-5458,-1525,277,0,99,7
Singapore,4,91.27,-5289,-1536,279,0,99,7
Singapore,4,91.27,-5134,-1546,282,0,99,7
Singapore,4,91.27,-4915,-1560,283,0,99,7
Singapore,4,91.27,-4600,-1577,284,0,99,7
Singapore,4,91.27,-4426,-1586,286,0,99,7
Singapore,4,91.27,-4251,-1593,287,0,99,7
Singapore,4,91.27,-3995,-1598,288,0,99,7
Singapore,4,91.27,-3995,-1598,288,0,99,7
Singapore,4,91.27,-3675,-1605,288,0,99,7
Singapore,4,91.27,-3419,-1612,287,0,99,7
Singapore,4,91.27,-3238,-1618,244,100,0,7
Singapore,4,91.27,-3057,-1629,230,100,0,7
Singapore,4,91.27,-2851,-1645,174,100,0,7
Singapore,4,91.27,-2714,-1666,145,100,0,7
Singapore,4,91.27,-2714,-1666,132,100,0,7
Singapore,4,91.27,-2649,-1683,129,100,0,5
Singapore,4,91.27,-2649,-1683,126,100,0,4
Singapore,4,91.27,-2591,-1708,120,100,0,3
Singapore,4,91.27,-2529,-1755,118,0,0,3
Singapore,4,91.27,-2466,-1885,114,0,0,3
Singapore,4,91.27,-2434,-2014,112,0,29,3
Singapore,4,91.27,-2420,-2059,119,0,65,3
Singapore,4,91.27,-2420,-2059,123,0,82,3
Singapore,4,91.27,-2360,-2200,136,0,50,3
Singapore,4,91.27,-2282,-2322,137,0,36,3
Singapore,4,91.27,-2226,-2385,141,0,51,3
Singapore,4,91.27,-2033,-2514,148,0,62,3
Singapore,4,91.27,-2033,-2514,150,0,58,3
Singapore,4,91.27,-1936,-2549,155,0,80,3
Singapore,4,91.27,-1813,-2577,163,0,100,3
Singapore,4,91.27,-1688,-2595,181,0,100,4
Singapore,4,91.27,-1607,-2603,187,0,100,4
Singapore,4,91.27,-1429,-2610,194,0,100,4
Singapore,4,91.27,-1163,-2611,201,0,100,4
Singapore,4,91.27,-1163,-2611,208,0,100,5
Singapore,4,91.27,-886,-2618,220,0,100,5
Singapore,4,91.27,-760,-2622,225,0,100,6
Singapore,4,91.27,-659,-2627,230,0,100,6
Singapore,4,91.27,-410,-2640,234,0,100,6
Singapore,4,91.27,-410,-2640,240,0,100,6
Singapore,4,91.27,-123,-2660,241,0,100,6
Singapore,4,91.27,0,-2668,248,0,100,6
Singapore,4,91.27,27,-2669,249,0,91,6
Singapore,4,91.27,357,-2664,227,100,0,5
Singapore,4,91.27,585,-2602,221,0,1,5
Singapore,4,91.27,696,-2537,213,0,57,5
Singapore,4,91.27,796,-2451,210,0,57,5
Singapore,4,91.27,878,-2361,215,0,90,5
Singapore,4,91.27,960,-2247,223,0,100,5
Singapore,4,91.27,1036,-2118,224,0,100,5
Singapore,4,91.27,1086,-2016,224,0,100,6
Singapore,4,91.27,1140,-1861,224,0,100,6
Singapore,4,91.27,1167,-1747,235,0,100,6
Singapore,4,91.27,1192,-1549,239,0,100,6
Singapore,4,91.27,1182,-1137,245,0,100,6
Singapore,4,91.27,1151,-894,252,0,100,6
Singapore,4,91.27,1151,-894,256,0,100,6
Singapore,4,91.27,1108,-633,262,0,100,6
Singapore,4,91.27,1108,-633,265,0,100,7
Singapore,10,92.274,1056,-319,265,0,100,6
Singapore,10,92.274,1001,22,273,0,100,6
Singapore,10,92.274,975,189,276,0,100,7
Singapore,10,92.274,975,189,279,0,100,7
Singapore,10,92.274,923,529,283,0,100,7
Singapore,10,92.274,923,529,285,0,100,7
Singapore,10,92.274,846,1067,289,0,100,7
Singapore,10,92.274,803,1391,294,0,100,7
Singapore,10,92.274,770,1653,296,0,100,7
Singapore,10,92.274,747,1833,299,0,100,7
Singapore,10,92.274,747,1833,300,0,100,7
Singapore,10,92.274,731,1965,301,0,100,7
Singapore,10,92.274,690,2316,304,0,100,7
Singapore,10,92.274,655,2634,303,0,100,7
Singapore,10,92.274,655,2634,304,0,100,7
Singapore,10,92.274,619,2919,298,100,100,7
Singapore,10,92.274,619,2919,298,100,0,7
Singapore,10,92.274,570,3181,233,100,0,6
Singapore,10,92.274,542,3281,206,100,0,6
Singapore,10,92.274,542,3281,167,100,0,5
Singapore,10,92.274,499,3380,162,100,0,4
Singapore,10,92.274,446,3464,153,0,0,4
Singapore,10,92.274,261,3596,148,0,0,4
Singapore,10,92.274,261,3596,144,0,1,4
Singapore,10,92.274,128,3631,140,0,35,4
Singapore,10,92.274,35,3649,137,0,60,4
Singapore,10,92.274,35,3649,140,0,81,4
Singapore,10,92.274,-127,3691,150,0,81,4
Singapore,10,92.274,-187,3717,153,0,47,4
Singapore,10,92.274,-288,3781,155,0,37,4
Singapore,10,92.274,-330,3815,154,0,37,4
Singapore,10,92.274,-397,3870,153,0,45,4
Singapore,10,92.274,-461,3926,152,100,0,4
Singapore,10,92.274,-577,4020,122,100,0,3
Singapore,10,92.274,-633,4054,119,100,0,3
Singapore,10,92.274,-692,4080,104,0,0,3
Singapore,10,92.274,-933,4038,100,0,0,3
Singapore,10,92.274,-933,4038,96,0,0,3
Singapore,10,92.274,-945,4028,93,0,0,3
Singapore,10,92.274,-1019,3942,90,0,39,3
Singapore,10,92.274,-1019,3942,93,0,51,3
Singapore,10,92.274,-1055,3870,99,0,57,3
Singapore,10,92.274,-1091,3759,104,0,71,3
Singapore,10,92.274,-1107,3687,110,0,80,3
Singapore,10,92.274,-1116,3633,129,0,87,3
Singapore,10,92.274,-1128,3531,134,0,100,3
Singapore,10,92.274,-1133,3420,155,0,100,3
Singapore,10,92.274,-1124,3258,165,0,100,3
Singapore,10,92.274,-1124,3258,169,0,100,3
Singapore,10,92.274,-1103,3113,178,0,100,3
Singapore,10,92.274,-1075,2991,190,0,100,4
Singapore,10,92.274,-1016,2802,199,0,100,4
Singapore,10,92.274,-975,2692,206,0,100,4
Singapore,10,92.274,-975,2692,212,0,100,4
Singapore,10,92.274,-931,2582,214,0,100,5
Singapore,10,92.274,-787,2239,226,0,100,5
Singapore,10,92.274,-737,2119,233,0,100,5
Singapore,10,92.274,-737,2119,236,0,100,5
Singapore,10,92.274,-683,1985,241,0,100,6
Singapore,10,92.274,-594,1745,246,0,100,6
Singapore,10,92.274,-556,1627,248,0,100,6
Singapore,10,92.274,-510,1467,251,0,100,6
Singapore,10,92.274,-472,1305,254,0,100,6
Singapore,10,92.274,-455,1208,252,100,96,6
Singapore,10,92.274,-433,990,252,100,0,6
Singapore,10,92.274,-429,867,213,100,0,6
Singapore,10,92.274,-432,756,193,100,0,5
Singapore,10,92.274,-443,662,187,100,0,4
Singapore,10,92.274,-462,577,180,100,0,4
Singapore,10,92.274,-462,577,167,100,0,4
Singapore,10,92.274,-654,315,163,0,21,4
Singapore,10,92.274,-654,315,160,0,61,4
Singapore,10,92.274,-847,229,160,0,64,4
Singapore,10,92.274,-972,197,164,0,79,4
Singapore,10,92.274,-1064,180,167,0,61,4
Singapore,10,92.274,-1355,153,176,0,100,4
Singapore,10,92.274,-1415,152,181,0,100,4
Singapore,10,92.274,-1535,154,195,0,100,4
Singapore,10,92.274,-1535,154,202,0,100,5
Singapore,10,92.274,-1764,169,216,0,100,5
Singapore,10,92.274,-1895,181,216,0,100,5
Singapore,10,92.274,-2014,192,216,0,100,5
Singapore,10,92.274,-2230,212,230,0,100,5
Singapore,10,92.274,-2230,212,236,0,100,5
Singapore,10,92.274,-2428,229,246,0,100,6
Singapore,10,92.274,-2577,241,250,0,100,6
Singapore,10,92.274,-2815,261,252,0,100,6
Singapore,10,92.274,-3165,288,263,0,100,6
Singapore,10,92.274,-3165,288,266,0,100,6
Singapore,10,92.274,-3390,305,273,0,100,6
Singapore,10,92.274,-3686,329,277,0,100,7
Singapore,10,92.274,-3856,342,280,0,100,7
Singapore,10,92.274,-4058,358,282,0,100,7
Singapore,10,92.274,-4199,370,284,0,100,7
Singapore,10,92.274,-4199,370,286,0,100,7
Singapore,10,92.274,-4501,396,290,0,100,7
Singapore,10,92.274,-4789,427,292,0,100,7
Singapore,10,92.274,-5029,467,293,0,100,7
Singapore,10,92.274,-5029,467,294,0,100,7
Singapore,10,92.274,-5282,530,296,0,100,7
Singapore,10,92.274,-5605,655,299,0,100,7
Singapore,10,92.274,-5843,778,300,0,100,7
Singapore,10,92.274,-6047,896,301,0,100,7
Singapore,10,92.274,-6047,896,302,0,100,7
Singapore,10,92.274,-6480,1158,304,0,100,7
Singapore,10,92.274,-6480,1158,306,0,100,8
Singapore,10,92.274,-6650,1261,308,0,100,8
Singapore,10,92.274,-6650,1261,309,0,100,8
Singapore,10,92.274,-7339,1702,310,0,100,8
Singapore,10,92.274,-7339,1702,310,0,100,8
Singapore,10,92.274,-7339,1702,310,0,100,8
Singapore,10,92.274,-7480,1796,290,100,23,8
Singapore,10,92.274,-7480,1796,272,100,0,8
Singapore,10,92.274,-7697,1943,238,100,0,8
Singapore,10,92.274,-7832,2023,210,100,0,8
Singapore,10,92.274,-7832,2023,183,100,0,8
Singapore,10,92.274,-7974,2083,165,100,0,8
Singapore,10,92.274,-8077,2117,145,100,0,6
Singapore,10,92.274,-8248,2147,140,100,0,3
Singapore,10,92.274,-8248,2147,140,100,0,3
Singapore,10,92.274,-8309,2144,130,0,0,3
Singapore,10,92.274,-8433,2106,126,0,0,3
Singapore,10,92.274,-8433,2106,122,0,0,3
Singapore,10,92.274,-8547,2026,117,0,50,3
Singapore,10,92.274,-8614,1958,122,0,64,3
Singapore,10,92.274,-8678,1883,127,0,72,3
Singapore,10,92.274,-8816,1692,146,0,100,3
Singapore,10,92.274,-8816,1692,156,0,100,3
Singapore,10,92.274,-8938,1490,177,0,100,3
Singapore,10,92.274,-9010,1346,188,0,100,4
Singapore,10,92.274,-9115,1116,201,0,100,4
Singapore,10,92.274,-9191,935,189,100,1,4
Singapore,10,92.274,-9242,823,160,100,0,4
Singapore,10,92.274,-9305,706,123,100,0,3
Singapore,10,92.274,-9356,632,115,100,0,2
Singapore,10,92.274,-9356,632,102,100,0,2
Singapore,10,92.274,-9442,552,94,100,0,2
Singapore,10,92.274,-9442,552,90,100,0,2
Singapore,10,92.274,-9507,527,86,100,0,2
Singapore,10,92.274,-9590,535,82,0,0,2
Singapore,10,92.274,-9652,566,78,0,0,2
Singapore,10,92.274,-9652,566,76,0,30,2
Singapore,10,92.274,-9698,600,80,0,37,2
Singapore,10,92.274,-9766,661,86,0,50,2
Singapore,10,92.274,-9845,746,90,0,57,2
Singapore,10,92.274,-9845,746,100,0,70,2
Singapore,10,92.274,-9897,806,104,0,75,2
Singapore,10,92.274,-9918,834,112,0,81,2
Singapore,10,92.274,-9974,909,131,0,100,3
Singapore,10,92.274,-10060,1022,146,0,100,3
Singapore,10,92.274,-10169,1156,161,0,100,3
Singapore,10,92.274,-10283,1284,165,0,100,3
Singapore,10,92.274,-10283,1284,174,0,100,3
Singapore,10,92.274,-10346,1350,185,0,100,4
Singapore,10,92.274,-10520,1504,181,100,0,4
Singapore,10,92.274,-10644,1580,163,100,0,4
Singapore,10,92.274,-10744,1621,145,100,0,3
Singapore,10,92.274,-10851,1651,145,0,0,3
Singapore,10,92.274,-10882,1655,141,100,0,3
Singapore,10,92.274,-11006,1654,135,0,0,3
Singapore,10,92.274,-11134,1609,125,0,1,3
Singapore,10,92.274,-11171,1589,129,0,61,3
Singapore,10,92.274,-11473,1271,135,0,74,3
Singapore,10,92.274,-11473,1271,154,0,100,3
Singapore,10,92.274,-11565,1119,166,0,100,3
Singapore,10,92.274,-11565,1119,176,0,100,3
Singapore,10,92.274,-11615,1031,184,0,100,4
Singapore,10,92.274,-11787,693,195,0,100,4
Singapore,10,92.274,-11834,600,208,0,100,5
Singapore,10,92.274,-11834,600,208,0,100,5
Singapore,10,92.274,-11893,483,222,0,100,5
Singapore,10,92.274,-12026,228,231,0,100,5
Singapore,10,92.274,-12123,46,233,0,100,5
Singapore,10,92.274,-12123,46,237,0,100,5
Singapore,10,92.274,-12218,-127,241,0,100,6
Singapore,10,92.274,-12297,-268,241,0,100,6
Singapore,10,92.274,-12357,-376,246,0,100,6
Singapore,10,92.274,-12443,-537,253,0,100,6
Singapore,10,92.274,-12538,-712,257,0,100,6
Singapore,10,92.274,-12704,-1000,262,0,100,6
Singapore,10,92.274,-12832,-1197,265,0,100,6
Singapore,10,92.274,-12992,-1441,265,100,96,6
Singapore,10,92.274,-12992,-1441,248,100,96,6
Singapore,10,92.274,-12992,-1441,220,100,0,6
Singapore,10,92.274,-13112,-1644,190,100,0,4
Singapore,10,92.274,-13169,-1752,172,100,0,4
Singapore,10,92.274,-13193,-1823,162,0,0,4
Singapore,10,92.274,-13202,-1892,158,0,0,4
Singapore,10,92.274,-13199,-1989,150,0,0,4
Singapore,10,92.274,-13155,-2184,147,0,28,4
Singapore,10,92.274,-13128,-2251,145,0,36,4
Singapore,10,92.274,-13086,-2329,145,0,61,4
Singapore,10,92.274,-13020,-2422,149,0,64,4
Singapore,10,92.274,-12910,-2527,155,0,70,4
Singapore,10,92.274,-12860,-2562,157,0,77,4
Singapore,10,92.274,-12774,-2612,165,0,85,4
Singapore,10,92.274,-12599,-2687,172,100,39,4
Singapore,10,92.274,-12444,-2740,158,100,0,4
Singapore,10,92.274,-12338,-2800,137,100,0,3
Singapore,10,92.274,-12279,-2871,126,100,0,3
Singapore,10,92.274,-12279,-2871,113,100,0,3
Singapore,10,92.274,-12254,-2920,108,0,0,3
Singapore,10,92.274,-12183,-3193,105,0,35,3
Singapore,10,92.274,-12183,-3193,110,0,57,3
Singapore,10,92.274,-12174,-3242,115,0,70,3
Singapore,10,92.274,-12156,-3355,134,0,100,3
Singapore,10,92.274,-12131,-3494,150,0,100,3
Singapore,10,92.274,-12108,-3576,158,0,100,3
Singapore,10,92.274,-12005,-3731,166,0,100,4
Singapore,10,92.274,-12005,-3731,170,0,75,4
Singapore,10,92.274,-11895,-3831,173,0,82,4
Singapore,10,92.274,-11785,-3921,178,0,100,4
Singapore,10,92.274,-11785,-3921,187,0,100,4
Singapore,10,92.274,-11602,-4068,196,0,100,4
Singapore,10,92.274,-11467,-4183,209,0,100,4
Singapore,10,92.274,-11405,-4238,213,0,100,5
Singapore,10,92.274,-11329,-4313,216,0,100,5
Singapore,10,92.274,-11215,-4442,198,100,0,5
Singapore,10,92.274,-11061,-4675,162,100,0,4
Singapore,10,92.274,-11031,-4720,135,100,0,4
Singapore,10,92.274,-10973,-4797,121,100,0,3
Singapore,10,92.274,-10881,-4876,97,100,0,2
Singapore,10,92.274,-10837,-4897,90,0,0,2
Singapore,10,92.274,-10798,-4906,85,100,0,2
Singapore,10,92.274,-10736,-4897,79,100,0,2
Singapore,10,92.274,-10684,-4864,74,0,0,2
Singapore,10,92.274,-10648,-4820,72,0,0,2
Singapore,10,92.274,-10648,-4820,71,0,20,2
Singapore,10,92.274,-10610,-4745,71,0,34,2
Singapore,10,92.274,-10602,-4721,77,0,48,2
Singapore,10,92.274,-10582,-4658,82,0,53,2
Singapore,10,92.274,-10564,-4584,88,0,61,2
Singapore,10,92.274,-10564,-4584,92,0,67,2
Singapore,10,92.274,-10556,-4544,109,0,83,2
Singapore,10,92.274,-10531,-4406,123,0,84,2
Singapore,10,92.274,-10509,-4264,140,0,100,3
Singapore,10,92.274,-10491,-4119,156,0,100,3
Singapore,10,92.274,-10483,-4055,166,0,100,3
Singapore,10,92.274,-10460,-3881,179,0,100,4
Singapore,10,92.274,-10437,-3722,195,0,100,4
Singapore,10,92.274,-10426,-3657,206,0,100,4
Singapore,10,92.274,-10399,-3486,209,0,100,5
Singapore,10,92.274,-10399,-3486,219,0,100,5
Singapore,10,92.274,-10399,-3486,225,0,100,5
Singapore,10,92.274,-10302,-2877,231,0,100,5
Singapore,10,92.274,-10302,-2877,236,0,100,5
Singapore,10,92.274,-10302,-2877,241,0,100,5
Singapore,10,92.274,-10282,-2758,245,0,100,6
Singapore,10,92.274,-10229,-2459,252,0,100,6
Singapore,10,92.274,-10188,-2250,256,0,100,6
Singapore,10,92.274,-10188,-2250,261,0,100,6
Singapore,10,92.274,-10100,-1849,266,0,100,6
Singapore,10,92.274,-10073,-1733,271,0,100,6
Singapore,10,92.274,-10025,-1542,274,0,100,7
Singapore,10,92.274,-9982,-1379,276,0,100,7
Singapore,10,92.274,-9943,-1245,281,0,100,7
Singapore,10,92.274,-9874,-1020,283,0,100,7
Singapore,10,92.274,-9764,-692,284,0,100,7
Singapore,10,92.274,-9697,-508,259,100,0,7
Singapore,10,92.274,-9697,-508,231,100,0,7
Singapore,10,92.274,-9662,-415,193,100,0,7
Singapore,10,92.274,-9662,-415,170,100,0,6
Singapore,10,92.274,-9488,-15,133,100,0,4
Singapore,10,92.274,-9461,24,112,100,0,3
Singapore,10,92.274,-9406,80,105,100,0,3
Singapore,10,92.274,-9406,80,102,100,0,3
Singapore,10,92.274,-9307,125,97,0,0,3
Singapore,10,92.274,-9215,125,92,0,0,3
Singapore,10,92.274,-9215,125,90,0,34,3
Singapore,10,92.274,-9165,112,91,0,39,3
Singapore,10,92.274,-9165,112,94,0,46,3
Singapore,10,92.274,-9048,56,97,0,53,3
Singapore,10,92.274,-8980,9,109,0,75,3
Singapore,10,92.274,-8934,-24,114,0,82,3
Singapore,10,92.274,-8887,-62,126,0,84,3
Singapore,10,92.274,-8706,-214,153,0,100,3
Singapore,10,92.274,-8625,-285,163,0,100,3
Singapore,10,92.274,-8625,-285,163,0,100,3
Singapore,10,92.274,-8482,-417,180,0,100,4
Singapore,10,92.274,-8482,-417,188,0,100,4
Singapore,10,92.274,-8368,-527,191,0,100,4
Singapore,10,92.274,-8305,-587,205,0,100,4
Singapore,10,92.274,-8219,-668,211,0,100,5
Singapore,10,92.274,-8088,-786,219,0,100,5
Singapore,10,92.274,-7921,-930,225,0,100,5
Singapore,10,92.274,-7822,-1010,229,0,100,5
Singapore,10,92.274,-7740,-1072,234,0,100,5
Singapore,10,92.274,-7554,-1196,242,0,100,6
Singapore,10,92.274,-7437,-1261,244,0,100,6
Singapore,10,92.274,-7248,-1342,250,0,100,6
Singapore,10,92.274,-7183,-1364,251,0,100,6
Singapore,10,92.274,-6865,-1429,257,0,100,6
Singapore,10,92.274,-6649,-1448,260,0,100,6
Singapore,10,92.274,-6488,-1457,263,0,100,6
Singapore,10,92.274,-6342,-1466,265,0,100,6
Singapore,10,92.274,-6210,-1475,266,0,100,6
Singapore,10,92.274,-6033,-1487,269,0,100,6
Singapore,10,92.274,-5898,-1496,270,0,100,7
Singapore,10,92.274,-5733,-1507,272,0,100,7
Singapore,10,92.274,-5476,-1524,274,0,100,7
Singapore,10,92.274,-5476,-1524,274,0,100,7
Singapore,10,92.274,-5062,-1551,277,0,100,7
Singapore,10,92.274,-5062,-1551,279,0,100,7
Singapore,10,92.274,-4891,-1562,279,0,100,7
Singapore,10,92.274,-4578,-1578,282,0,100,7
Singapore,10,92.274,-4578,-1578,284,0,100,7
Singapore,10,92.274,-4405,-1587,285,0,100,7
Singapore,10,92.274,-4008,-1598,287,0,100,7
Singapore,10,92.274,-3720,-1604,289,0,100,7
Singapore,10,92.274,-3369,-1614,288,0,100,7
Singapore,10,92.274,-3150,-1623,243,100,0,7
Singapore,10,92.274,-3029,-1631,213,100,0,7
Singapore,10,92.274,-2896,-1641,186,100,0,6
Singapore,10,92.274,-2800,-1651,164,100,0,4
Singapore,10,92.274,-2656,-1681,130,100,0,3
Singapore,10,92.274,-2551,-1734,124,100,0,3
Singapore,10,92.274,-2484,-1829,120,0,0,3
Singapore,10,92.274,-2484,-1829,115,0,0,3
Singapore,10,92.274,-2441,-1988,111,0,28,3
Singapore,10,92.274,-2412,-2082,122,0,72,3
Singapore,10,92.274,-2391,-2134,130,0,78,3
Singapore,10,92.274,-2323,-2263,134,0,42,3
Singapore,10,92.274,-2298,-2299,133,0,49,3
Singapore,10,92.274,-2238,-2373,136,0,58,3
Singapore,10,92.274,-2126,-2465,139,0,71,3
Singapore,10,92.274,-1981,-2535,147,0,82,3
Singapore,10,92.274,-1981,-2535,154,0,100,3
Singapore,10,92.274,-1825,-2575,162,0,100,3
Singapore,10,92.274,-1682,-2596,171,0,100,3
Singapore,10,92.274,-1540,-2606,185,0,100,4
Singapore,10,92.274,-1379,-2610,191,0,100,4
Singapore,10,92.274,-1379,-2610,198,0,100,4
Singapore,10,92.274,-1077,-2613,204,0,100,4
Singapore,10,92.274,-1077,-2613,211,0,100,5
Singapore,10,92.274,-800,-2621,218,0,100,5
Singapore,10,92.274,-637,-2628,228,0,100,5
Singapore,10,92.274,-392,-2641,234,0,100,5
Singapore,10,92.274,-246,-2651,243,0,100,6
Singapore,10,92.274,-112,-2661,245,0,100,6
Singapore,10,92.274,9,-2668,247,0,100,6
Singapore,10,92.274,290,-2671,232,100,0,6
Singapore,10,92.274,462,-2645,227,0,0,5
Singapore,10,92.274,617,-2586,219,0,0,5
Singapore,10,92.274,813,-2434,216,0,8,5
Singapore,10,92.274,813,-2434,210,0,74,5
Singapore,10,92.274,899,-2335,211,0,85,5
Singapore,10,92.274,899,-2335,218,0,100,5
Singapore,10,92.274,899,-2335,220,0,90,5
Singapore,10,92.274,1135,-1878,223,0,100,5
Singapore,10,92.274,1135,-1878,223,0,100,5
Singapore,10,92.274,1191,-1558,235,0,100,5
Singapore,10,92.274,1191,-1558,238,0,100,6
Singapore,10,92.274,1195,-1343,242,0,100,6
Singapore,10,92.274,1189,-1219,245,0,100,6
Singapore,10,92.274,1148,-874,252,0,100,6
Singapore,10,92.274,1136,-803,257,0,100,6
Singapore,10,92.274,1111,-650,259,0,100,6
Singapore,10,92.274,1088,-512,262,0,100,6
Singapore,11,92.099,1062,-357,268,0,100,6
Singapore,11,92.099,1024,-122,271,0,100,6
Singapore,11,92.099,1002,12,274,0,100,7
Singapore,11,92.099,967,239,276,0,100,7
Singapore,11,92.099,934,455,282,0,100,7
Singapore,11,92.099,909,626,283,0,100,7
Singapore,11,92.099,866,925,289,0,100,7
Singapore,11,92.099,840,1117,291,0,100,7
Singapore,11,92.099,786,1523,295,0,100,7
Singapore,11,92.099,760,1732,298,0,100,8
Singapore,11,92.099,752,1798,300,0,100,8
Singapore,11,92.099,724,2022,302,0,100,8
Singapore,11,92.099,689,2323,302,0,100,8
Singapore,11,92.099,667,2525,305,0,100,8
Singapore,11,92.099,644,2727,307,0,100,8
Singapore,11,92.099,580,3139,250,100,0,8
Singapore,11,92.099,580,3139,221,100,0,8
Singapore,11,92.099,417,3497,146,100,0,3
Singapore,11,92.099,311,3574,146,100,0,3
Singapore,11,92.099,232,3605,133,0,46,3
Singapore,11,92.099,158,3624,132,0,46,3
Singapore,11,92.099,67,3642,135,0,63,3
Singapore,11,92.099,-63,3671,144,0,87,3
Singapore,11,92.099,-180,3713,161,0,63,3
Singapore,11,92.099,-329,3813,166,0,62,3
Singapore,11,92.099,-497,3956,153,100,0,4
Singapore,11,92.099,-528,3982,135,100,0,4
Singapore,11,92.099,-671,4072,113,100,0,2
Singapore,11,92.099,-736,4089,100,100,0,2
Singapore,11,92.099,-841,4081,92,100,0,2
Singapore,11,92.099,-883,4066,89,0,0,2
Singapore,11,92.099,-918,4048,87,0,8,2
Singapore,11,92.099,-955,4019,83,0,35,2
Singapore,11,92.099,-1014,3949,89,0,46,2
Singapore,11,92.099,-1058,3860,97,0,51,2
Singapore,11,92.099,-1084,3784,102,0,67,2
Singapore,11,92.099,-1102,3712,122,0,83,2
Singapore,11,92.099,-1117,3625,132,0,94,2
Singapore,11,92.099,-1128,3536,148,0,100,3
Singapore,11,92.099,-1133,3404,158,0,100,3
Singapore,11,92.099,-1130,3324,162,0,100,3
Singapore,11,92.099,-1119,3214,166,0,100,4
Singapore,11,92.099,-1095,3077,186,0,100,4
Singapore,11,92.099,-1052,2913,193,0,100,4
Singapore,11,92.099,-974,2689,205,0,100,5
Singapore,11,92.099,-921,2558,217,0,100,5
Singapore,11,92.099,-874,2445,222,0,100,5
Singapore,11,92.099,-796,2261,232,0,100,5
Singapore,11,92.099,-530,1541,238,0,100,6
Singapore,11,92.099,-530,1541,242,0,100,6
Singapore,11,92.099,-530,1541,244,0,100,6
Singapore,11,92.099,-530,1541,246,0,100,6
Singapore,11,92.099,-485,1367,252,0,100,6
Singapore,11,92.099,-485,1367,253,0,100,6
Singapore,11,92.099,-455,1204,255,0,100,6
Singapore,11,92.099,-437,1065,250,0,0,6
Singapore,11,92.099,-433,743,206,100,0,6
Singapore,11,92.099,-433,743,197,100,0,5
Singapore,11,92.099,-453,611,177,100,0,5
Singapore,11,92.099,-489,507,168,100,3,4
Singapore,11,92.099,-596,360,159,0,7,4
Singapore,11,92.099,-740,269,152,0,42,4
Singapore,11,92.099,-838,232,152,0,56,4
Singapore,11,92.099,-1040,184,163,0,83,4
Singapore,11,92.099,-1447,152,192,0,100,4
Singapore,11,92.099,-1447,152,192,0,100,4
Singapore,11,92.099,-1709,164,212,0,100,5
Singapore,11,92.099,-1732,166,218,0,100,5
Singapore,11,92.099,-2039,194,225,0,100,5
Singapore,11,92.099,-2319,220,233,0,100,5
Singapore,11,92.099,-2319,220,236,0,100,6
Singapore,11,92.099,-2425,229,246,0,100,6
Singapore,11,92.099,-2870,266,259,0,100,6
Singapore,11,92.099,-2870,266,263,0,100,6
Singapore,11,92.099,-3030,278,266,0,100,6
Singapore,11,92.099,-3342,301,266,0,100,7
Singapore,11,92.099,-3342,301,271,0,100,7
Singapore,11,92.099,-3573,320,273,0,100,7
Singapore,11,92.099,-3814,339,277,0,100,7
Singapore,11,92.099,-3970,351,285,0,100,7
Singapore,11,92.099,-4318,380,288,0,100,7
Singapore,11,92.099,-4640,410,290,0,100,7
Singapore,11,92.099,-4640,410,292,0,100,7
Singapore,11,92.099,-4817,431,294,0,100,7
Singapore,11,92.099,-5043,470,297,0,100,8
Singapore,11,92.099,-5251,520,298,0,100,8
Singapore,11,92.099,-5251,520,299,0,100,8
Singapore,11,92.099,-5424,578,300,0,100,8
Singapore,11,92.099,-5578,642,301,0,100,8
Singapore,11,92.099,-5775,741,302,0,100,8
Singapore,11,92.099,-6012,875,304,0,100,8
Singapore,11,92.099,-6143,953,306,0,100,8
Singapore,11,92.099,-6377,1094,307,0,100,8
Singapore,11,92.099,-6666,1271,309,0,100,8
Singapore,11,92.099,-6851,1384,312,0,100,8
Singapore,11,92.099,-6956,1451,313,0,100,8
Singapore,11,92.099,-7262,1651,313,0,100,8
Singapore,11,92.099,-7407,1747,306,0,100,8
Singapore,11,92.099,-7621,1891,271,100,0,8
Singapore,11,92.099,-7793,2003,225,100,0,7
Singapore,11,92.099,-7857,2034,183,100,0,7
Singapore,11,92.099,-7970,2082,159,100,0,6
Singapore,11,92.099,-8119,2128,137,100,0,3
Singapore,11,92.099,-8271,2147,128,0,1,3
Singapore,11,92.099,-8377,2129,122,0,1,3
Singapore,11,92.099,-8426,2109,123,0,32,3
Singapore,11,92.099,-8479,2080,119,0,48,3
Singapore,11,92.099,-8569,2006,124,0,51,3
Singapore,11,92.099,-8623,1948,126,0,71,3
Singapore,11,92.099,-8686,1873,134,0,80,3
Singapore,11,92.099,-8721,1829,146,0,100,3
Singapore,11,92.099,-8823,1681,156,0,100,3
Singapore,11,92.099,-8823,1681,160,0,100,3
Singapore,11,92.099,-8900,1557,172,0,100,4
Singapore,11,92.099,-8958,1452,180,0,100,4
Singapore,11,92.099,-8967,1433,195,0,100,4
Singapore,11,92.099,-9076,1204,198,0,100,4
Singapore,11,92.099,-9131,1078,207,0,100,4
Singapore,11,92.099,-9187,946,183,100,0,5
Singapore,11,92.099,-9229,848,161,100,0,5
Singapore,11,92.099,-9276,757,143,100,0,4
Singapore,11,92.099,-9341,651,115,100,0,3
Singapore,11,92.099,-9402,581,103,100,0,2
Singapore,11,92.099,-9489,531,95,100,0,2
Singapore,11,92.099,-9543,525,87,100,0,2
Singapore,11,92.099,-9543,525,80,0,0,2
Singapore,11,92.099,-9674,582,75,0,10,2
Singapore,11,92.099,-9701,602,74,0,29,2
Singapore,11,92.099,-9754,649,80,0,34,2
Singapore,11,92.099,-9807,703,82,0,48,2
Singapore,11,92.099,-9849,750,91,0,56,2
Singapore,11,92.099,-9895,804,106,0,75,2
Singapore,11,92.099,-9895,804,113,0,75,2
Singapore,11,92.099,-9949,875,131,0,100,2
Singapore,11,92.099,-10080,1047,147,0,100,3
Singapore,11,92.099,-10158,1143,152,0,100,3
Singapore,11,92.099,-10265,1264,174,0,100,4
Singapore,11,92.099,-10321,1324,177,0,100,4
Singapore,11,92.099,-10403,1406,192,0,79,4
Singapore,11,92.099,-10490,1482,195,100,0,4
Singapore,11,92.099,-10490,1482,170,100,0,4
Singapore,11,92.099,-10872,1654,154,100,0,4
Singapore,11,92.099,-10872,1654,134,100,0,4
Singapore,11,92.099,-11007,1653,131,0,0,3
Singapore,11,92.099,-11061,1639,125,0,37,3
Singapore,11,92.099,-11156,1598,124,0,51,3
Singapore,11,92.099,-11156,1598,124,0,60,3
Singapore,11,92.099,-11310,1481,132,0,73,3
Singapore,11,92.099,-11331,1459,141,0,80,3
Singapore,11,92.099,-11403,1371,151,0,100,3
Singapore,11,92.099,-11478,1262,155,0,100,3
Singapore,11,92.099,-11543,1158,172,0,100,4
Singapore,11,92.099,-11543,1158,172,0,100,4
Singapore,11,92.099,-11671,923,188,0,100,4
Singapore,11,92.099,-11751,765,196,0,100,4
Singapore,11,92.099,-11751,765,201,0,100,5
Singapore,11,92.099,-11868,535,208,0,100,5
Singapore,11,92.099,-11917,437,217,0,100,5
Singapore,11,92.099,-11917,437,220,0,100,5
Singapore,11,92.099,-12056,170,231,0,100,5
Singapore,11,92.099,-12056,170,233,0,100,6
Singapore,11,92.099,-12136,21,237,0,100,6
Singapore,11,92.099,-12201,-96,237,0,100,6
Singapore,11,92.099,-12307,-286,247,0,100,6
Singapore,11,92.099,-12388,-432,250,0,100,6
Singapore,11,92.099,-12473,-594,254,0,100,6
Singapore,11,92.099,-12640,-894,258,0,100,6
Singapore,11,92.099,-12810,-1164,263,0,100,6
Singapore,11,92.099,-12893,-1287,265,0,100,6
Singapore,11,92.099,-12893,-1287,267,100,24,6
Singapore,11,92.099,-13136,-1685,200,100,0,5
Singapore,11,92.099,-13170,-1753,180,100,0,5
Singapore,11,92.099,-13199,-1855,156,100,0,4
Singapore,11,92.099,-13202,-1958,149,0,1,4
Singapore,11,92.099,-13193,-2032,145,0,5,4
Singapore,11,92.099,-13140,-2223,139,0,32,4
Singapore,11,92.099,-13099,-2307,139,0,52,4
Singapore,11,92.099,-13018,-2425,144,0,65,4
Singapore,11,92.099,-12935,-2507,152,0,67,4
Singapore,11,92.099,-12880,-2548,155,0,82,4
Singapore,11,92.099,-12738,-2629,166,100,100,4
Singapore,11,92.099,-12596,-2688,175,100,0,4
Singapore,11,92.099,-12596,-2688,165,100,0,4
Singapore,11,92.099,-12596,-2688,150,100,0,4
Singapore,11,92.099,-12304,-2836,130,100,0,3
Singapore,11,92.099,-12304,-2836,118,100,0,3
Singapore,11,92.099,-12256,-2916,112,100,2,3
Singapore,11,92.099,-12256,-2916,111,0,21,3
Singapore,11,92.099,-12220,-3019,107,0,38,3
Singapore,11,92.099,-12199,-3109,108,0,55,3
Singapore,11,92.099,-12189,-3158,114,0,62,3
Singapore,11,92.099,-12179,-3218,119,0,67,3
Singapore,11,92.099,-12169,-3279,128,0,98,3
Singapore,11,92.099,-12158,-3345,140,0,100,3
Singapore,11,92.099,-12143,-3431,150,0,100,3
Singapore,11,92.099,-12131,-3497,157,0,94,3
Singapore,11,92.099,-12097,-3603,163,0,96,4
Singapore,11,92.099,-12063,-3663,168,0,100,4
Singapore,11,92.099,-11919,-3811,181,0,100,4
Singapore,11,92.099,-11730,-3964,191,0,100,4
Singapore,11,92.099,-11644,-4033,199,0,100,5
Singapore,11,92.099,-11459,-4190,214,0,100,5
Singapore,11,92.099,-11321,-4321,217,100,100,5
Singapore,11,92.099,-11152,-4530,186,100,0,5
Singapore,11,92.099,-11107,-4602,180,100,0,5
Singapore,11,92.099,-11071,-4658,140,100,0,4
Singapore,11,92.099,-10992,-4774,134,100,0,3
Singapore,11,92.099,-10960,-4811,112,100,0,2
Singapore,11,92.099,-10913,-4854,102,100,0,2
Singapore,11,92.099,-10868,-4883,91,100,0,2
Singapore,11,92.099,-10828,-4899,86,100,0,2
Singapore,11,92.099,-10828,-4899,81,100,0,2
Singapore,11,92.099,-10731,-4895,75,0,4,2
Singapore,11,92.099,-10644,-4813,69,0,5,2
Singapore,11,92.099,-10620,-4767,70,0,23,2
Singapore,11,92.099,-10620,-4767,72,0,32,2
Singapore,11,92.099,-10593,-4695,77,0,45,2
Singapore,11,92.099,-10593,-4695,80,0,46,2
Singapore,11,92.099,-10569,-4604,89,0,54,2
Singapore,11,92.099,-10558,-4554,93,0,61,2
Singapore,11,92.099,-10558,-4554,101,0,78,2
Singapore,11,92.099,-10536,-4438,111,0,95,2
Singapore,11,92.099,-10514,-4299,126,0,100,2
Singapore,11,92.099,-10504,-4217,143,0,100,3
Singapore,11,92.099,-10487,-4083,164,0,100,3
Singapore,11,92.099,-10470,-3959,172,0,100,4
Singapore,11,92.099,-10470,-3959,181,0,100,4
Singapore,11,92.099,-10461,-3889,185,0,100,4
Singapore,11,92.099,-10416,-3587,197,0,100,4
Singapore,11,92.099,-10385,-3392,208,0,100,5
Singapore,11,92.099,-10385,-3392,218,0,100,5
Singapore,11,92.099,-10363,-3258,224,0,100,5
Singapore,11,92.099,-10321,-2991,230,0,100,5
Singapore,11,92.099,-10321,-2991,235,0,100,6
Singapore,11,92.099,-10284,-2767,242,0,100,6
Singapore,11,92.099,-10255,-2605,250,0,100,6
Singapore,11,92.099,-10209,-2355,258,0,100,6
Singapore,11,92.099,-10142,-2027,263,0,100,6
Singapore,11,92.099,-10138,-2012,266,0,100,6
Singapore,11,92.099,-10063,-1692,268,0,100,7
Singapore,11,92.099,-9998,-1441,271,0,100,7
Singapore,11,92.099,-9927,-1187,279,0,100,7
Singapore,11,92.099,-9855,-962,285,0,100,7
Singapore,11,92.099,-9795,-781,287,0,100,7
Singapore,11,92.099,-9744,-637,287,100,1,7
Singapore,11,92.099,-9654,-392,232,100,0,7
Singapore,11,92.099,-9654,-392,206,100,0,6
Singapore,11,92.099,-9583,-213,171,100,0,6
Singapore,11,92.099,-9546,-127,152,100,0,6
Singapore,11,92.099,-9507,-47,129,100,0,3
Singapore,11,92.099,-9477,2,113,100,0,3
Singapore,11,92.099,-9477,2,104,100,0,3
Singapore,11,92.099,-9271,128,99,100,0,3
Singapore,11,92.099,-9271,128,92,0,1,3
Singapore,11,92.099,-9217,125,87,0,25,3
Singapore,11,92.099,-9122,95,90,0,35,3
Singapore,11,92.099,-9080,74,93,0,37,3
Singapore,11,92.099,-9010,31,96,0,47,3
Singapore,11,92.099,-8968,0,109,0,58,3
Singapore,11,92.099,-8852,-90,123,0,78,3
Singapore,11,92.099,-8732,-192,135,0,100,3
Singapore,11,92.099,-8617,-293,152,0,100,3
Singapore,11,92.099,-8555,-349,166,0,100,3
Singapore,11,92.099,-8555,-349,169,0,100,4
Singapore,11,92.099,-8440,-458,186,0,100,4
Singapore,11,92.099,-8339,-555,193,0,100,4
Singapore,11,92.099,-8261,-629,204,0,100,5
Singapore,11,92.099,-8099,-777,216,0,100,5
Singapore,11,92.099,-8008,-857,219,0,100,5
Singapore,11,92.099,-7884,-960,224,0,100,5
Singapore,11,92.099,-7794,-1031,229,0,100,5
Singapore,11,92.099,-7711,-1093,234,0,100,6
Singapore,11,92.099,-7501,-1227,239,0,100,6
Singapore,11,92.099,-7320,-1314,248,0,100,6
Singapore,11,92.099,-7043,-1400,252,0,100,6
Singapore,11,92.099,-6745,-1441,256,0,100,6
Singapore,11,92.099,-6523,-1455,259,0,100,6
Singapore,11,92.099,-6259,-1472,263,0,100,7
Singapore,11,92.099,-6259,-1472,265,0,100,7
Singapore,11,92.099,-6007,-1488,267,0,100,7
Singapore,11,92.099,-5857,-1498,271,0,100,7
Singapore,11,92.099,-5662,-1511,272,0,100,7
Singapore,11,92.099,-5404,-1528,275,0,100,7
Singapore,11,92.099,-5143,-1546,277,0,100,7
Singapore,11,92.099,-5020,-1554,277,0,100,7
Singapore,11,92.099,-4849,-1564,281,0,100,7
Singapore,11,92.099,-4567,-1579,281,0,100,7
Singapore,11,92.099,-4567,-1579,283,0,100,7
Singapore,11,92.099,-4315,-1591,284,0,100,7
Singapore,11,92.099,-4045,-1598,286,0,100,7
Singapore,11,92.099,-3886,-1600,287,0,100,7
Singapore,11,92.099,-3886,-1600,287,0,100,7
Singapore,11,92.099,-3566,-1608,288,0,100,7
Singapore,11,92.099,-3406,-1613,289,100,100,7
Singapore,11,92.099,-3193,-1620,275,100,0,7
Singapore,11,92.099,-3035,-1630,225,100,0,6
Singapore,11,92.099,-3035,-1630,197,100,0,6
Singapore,11,92.099,-2812,-1650,173,100,0,5
Singapore,11,92.099,-2719,-1665,147,100,0,5
Singapore,11,92.099,-2719,-1665,140,100,0,4
Singapore,11,92.099,-2664,-1678,130,100,0,3
Singapore,11,92.099,-2552,-1733,121,100,1,3
Singapore,11,92.099,-2505,-1786,115,100,2,3
Singapore,11,92.099,-2475,-1854,106,0,20,3
Singapore,11,92.099,-2454,-1933,106,0,26,3
Singapore,11,92.099,-2440,-1993,107,0,50,3
Singapore,11,92.099,-2440,-1993,115,0,68,3
Singapore,11,92.099,-2359,-2201,128,0,95,3
Singapore,11,92.099,-2359,-2201,131,0,44,3
Singapore,11,92.099,-2311,-2281,130,0,29,4
Singapore,11,92.099,-2267,-2339,132,0,37,4
Singapore,11,92.099,-2213,-2397,132,0,50,4
Singapore,11,92.099,-2097,-2482,135,0,64,4
Singapore,11,92.099,-2002,-2527,143,0,79,4
Singapore,11,92.099,-1929,-2551,150,0,85,4
Singapore,11,92.099,-1840,-2572,169,0,100,4
Singapore,11,92.099,-1668,-2598,174,0,100,4
Singapore,11,92.099,-1628,-2601,182,0,100,4
Singapore,11,92.099,-1504,-2608,193,0,100,4
Singapore,11,92.099,-1067,-2613,201,0,100,5
Singapore,11,92.099,-886,-2618,216,0,100,5
Singapore,11,92.099,-886,-2618,221,0,100,5
Singapore,11,92.099,-775,-2622,225,0,100,5
Singapore,11,92.099,-674,-2626,227,0,100,5
Singapore,11,92.099,-559,-2632,232,0,100,5
Singapore,11,92.099,-315,-2646,237,0,100,6
Singapore,11,92.099,38,-2670,245,0,100,6
Singapore,11,92.099,175,-2674,250,0,100,6
Singapore,11,92.099,324,-2668,245,100,0,6
Singapore,11,92.099,529,-2625,227,100,0,5
Singapore,11,92.099,635,-2576,216,0,0,5
Singapore,11,92.099,722,-2517,208,0,0,5
Singapore,11,92.099,816,-2431,201,0,59,5
Singapore,11,92.099,943,-2273,205,0,100,5
Singapore,11,92.099,1023,-2143,214,0,100,5
Singapore,11,92.099,1108,-1959,216,0,100,5
Singapore,11,92.099,1139,-1864,227,0,100,5
Singapore,11,92.099,1178,-1678,231,0,100,5
Singapore,11,92.099,1196,-1457,233,0,100,5
Singapore,11,92.099,1188,-1204,240,0,100,6
Singapore,11,92.099,1176,-1082,246,0,100,6
Singapore,11,92.099,1153,-904,251,0,100,6
Singapore,11,92.099,1116,-679,257,0,100,6
Singapore,11,92.099,1106,-622,260,0,100,6
Singapore,14,91.615,1046,-256,266,0,100,7
Singapore,14,91.615,1046,-256,271,0,100,7
Singapore,14,91.615,1014,-61,275,0,99,7
Singapore,14,91.615,1014,-61,276,0,99,7
Singapore,14,91.615,976,181,279,0,100,7
Singapore,14,91.615,966,243,281,0,99,8
Singapore,14,91.615,919,555,285,0,100,8
Singapore,14,91.615,871,888,290,0,99,8
Singapore,14,91.615,825,1228,295,0,100,8
Singapore,14,91.615,782,1555,300,0,99,8
Singapore,14,91.615,748,1823,301,0,99,8
Singapore,14,91.615,724,2023,303,0,99,8
Singapore,14,91.615,691,2308,305,0,99,8
Singapore,14,91.615,676,2443,306,0,99,8
Singapore,14,91.615,651,2663,306,0,100,8
Singapore,14,91.615,604,3014,287,100,1,8
Singapore,14,91.615,582,3127,222,100,0,8
Singapore,14,91.615,512,3357,178,100,0,7
Singapore,14,91.615,437,3475,149,100,1,4
Singapore,14,91.615,392,3520,146,100,0,3
Singapore,14,91.615,331,3564,139,100,1,3
Singapore,14,91.615,172,3621,132,0,28,3
Singapore,14,91.615,172,3621,133,0,42,3
Singapore,14,91.615,3,3655,137,0,57,3
Singapore,14,91.615,-51,3668,148,0,75,3
Singapore,14,91.615,-216,3732,156,0,76,3
Singapore,14,91.615,-216,3732,164,0,67,4
Singapore,14,91.615,-366,3843,168,0,55,4
Singapore,14,91.615,-461,3926,164,100,0,4
Singapore,14,91.615,-565,4011,127,100,0,3
Singapore,14,91.615,-627,4051,116,100,0,3
Singapore,14,91.615,-627,4051,111,100,0,2
Singapore,14,91.615,-789,4089,100,0,0,2
Singapore,14,91.615,-845,4079,92,0,0,2
Singapore,14,91.615,-921,4045,86,0,14,2
Singapore,14,91.615,-962,4012,87,0,38,2
Singapore,14,91.615,-1062,3851,97,0,48,2
Singapore,14,91.615,-1062,3851,101,0,49,2
Singapore,14,91.615,-1078,3806,108,0,55,2
Singapore,14,91.615,-1101,3713,111,0,68,3
Singapore,14,91.615,-1124,3577,133,0,83,3
Singapore,14,91.615,-1133,3434,147,0,93,3
Singapore,14,91.615,-1132,3362,163,0,100,3
Singapore,14,91.615,-1124,3261,176,0,99,4
Singapore,14,91.615,-1107,3138,181,0,99,4
Singapore,14,91.615,-1092,3063,188,0,99,4
Singapore,14,91.615,-1076,2995,199,0,99,5
Singapore,14,91.615,-1005,2775,209,0,99,5
Singapore,14,91.615,-849,2386,227,0,100,6
Singapore,14,91.615,-773,2207,238,0,99,6
Singapore,14,91.615,-708,2048,241,0,99,6
Singapore,14,91.615,-654,1910,243,0,99,6
Singapore,14,91.615,-527,1531,250,0,99,7
Singapore,14,91.615,-484,1359,253,0,99,7
Singapore,14,91.615,-456,1219,255,0,99,7
Singapore,14,91.615,-432,976,242,100,8,7
Singapore,14,91.615,-432,976,221,100,0,7
Singapore,14,91.615,-429,809,221,100,0,7
Singapore,14,91.615,-437,703,189,100,0,6
Singapore,14,91.615,-456,597,183,100,0,5
Singapore,14,91.615,-536,426,164,0,2,4
Singapore,14,91.615,-633,329,156,0,30,4
Singapore,14,91.615,-749,265,156,0,50,4
Singapore,14,91.615,-749,265,159,0,60,4
Singapore,14,91.615,-923,208,165,0,74,4
Singapore,14,91.615,-1024,187,165,0,87,4
Singapore,14,91.615,-1100,174,178,0,99,4
Singapore,14,91.615,-1311,155,181,0,100,4
Singapore,14,91.615,-1311,155,185,0,99,4
Singapore,14,91.615,-1494,152,185,0,100,4
Singapore,14,91.615,-1494,152,199,0,100,4
Singapore,14,91.615,-1615,157,206,0,100,4
Singapore,14,91.615,-1725,165,206,0,99,5
Singapore,14,91.615,-1946,186,222,0,99,5
Singapore,14,91.615,-2065,197,228,0,100,5
Singapore,14,91.615,-2279,216,228,0,99,6
Singapore,14,91.615,-2448,231,236,0,99,6
Singapore,14,91.615,-2448,231,239,0,99,6
Singapore,14,91.615,-2634,246,250,0,99,7
Singapore,14,91.615,-2962,273,266,0,100,7
Singapore,14,91.615,-3079,282,270,0,99,7
Singapore,14,91.615,-3379,304,275,0,99,7
Singapore,14,91.615,-3501,314,276,0,100,7
Singapore,14,91.615,-3807,338,282,0,99,7
Singapore,14,91.615,-4233,372,288,0,99,8
Singapore,14,91.615,-4538,399,291,0,100,8
Singapore,14,91.615,-4538,399,293,0,99,8
Singapore,14,91.615,-4732,420,296,0,100,8
Singapore,14,91.615,-4943,451,297,0,100,8
Singapore,14,91.615,-5184,502,298,0,99,8
Singapore,14,91.615,-5389,565,298,0,100,8
Singapore,14,91.615,-5574,641,302,0,99,8
Singapore,14,91.615,-5801,754,302,0,99,8
Singapore,14,91.615,-5919,821,302,0,99,8
Singapore,14,91.615,-6036,889,303,0,100,8
Singapore,14,91.615,-6313,1056,304,0,100,8
Singapore,14,91.615,-6313,1056,307,0,100,8
Singapore,14,91.615,-6567,1210,309,0,100,8
Singapore,14,91.615,-6567,1210,309,0,99,8
Singapore,14,91.615,-6913,1423,310,0,99,8
Singapore,14,91.615,-6913,1423,310,0,99,8
Singapore,14,91.615,-7174,1593,311,0,100,8
Singapore,14,91.615,-7459,1782,312,100,100,8
Singapore,14,91.615,-7459,1782,279,100,5,8
Singapore,14,91.615,-7598,1875,230,100,1,8
Singapore,14,91.615,-7750,1978,201,100,0,8
Singapore,14,91.615,-7843,2028,189,100,0,8
Singapore,14,91.615,-7999,2092,159,100,0,6
Singapore,14,91.615,-8142,2133,137,100,0,4
Singapore,14,91.615,-8142,2133,135,0,1,3
Singapore,14,91.615,-8276,2146,129,100,0,3
Singapore,14,91.615,-8355,2135,121,0,19,3
Singapore,14,91.615,-8442,2102,120,0,30,3
Singapore,14,91.615,-8515,2053,120,0,41,3
Singapore,14,91.615,-8589,1986,128,0,48,3
Singapore,14,91.615,-8710,1842,137,0,63,3
Singapore,14,91.615,-8744,1797,152,0,99,3
Singapore,14,91.615,-8852,1636,157,0,99,3
Singapore,14,91.615,-8896,1563,178,0,99,4
Singapore,14,91.615,-9010,1346,184,0,99,4
Singapore,14,91.615,-9010,1346,190,0,99,4
Singapore,14,91.615,-9092,1168,199,0,99,5
Singapore,14,91.615,-9092,1168,205,0,100,5
Singapore,14,91.615,-9195,927,188,100,77,5
Singapore,14,91.615,-9251,804,156,100,0,5
Singapore,14,91.615,-9277,755,139,100,0,4
Singapore,14,91.615,-9341,651,121,100,0,3
Singapore,14,91.615,-9341,651,111,100,0,2
Singapore,14,91.615,-9396,587,101,100,0,2
Singapore,14,91.615,-9396,587,94,100,0,2
Singapore,14,91.615,-9439,554,90,100,0,2
Singapore,14,91.615,-9490,531,86,0,0,2
Singapore,14,91.615,-9544,525,83,0,4,2
Singapore,14,91.615,-9648,563,77,0,7,2
Singapore,14,91.615,-9697,599,76,0,27,2
Singapore,14,91.615,-9725,622,82,0,30,2
Singapore,14,91.615,-9803,699,89,0,44,2
Singapore,14,91.615,-9973,908,128,0,74,3
Singapore,14,91.615,-10065,1028,142,0,89,3
Singapore,14,91.615,-10106,1079,157,0,99,3
Singapore,14,91.615,-10251,1249,166,0,99,3
Singapore,14,91.615,-10251,1249,174,0,99,4
Singapore,14,91.615,-10325,1329,178,0,99,4
Singapore,14,91.615,-10325,1329,185,0,99,4
Singapore,14,91.615,-10325,1329,190,0,99,5
Singapore,14,91.615,-10551,1526,183,100,0,5
Singapore,14,91.615,-10665,1590,158,100,0,4
Singapore,14,91.615,-10799,1639,141,100,0,3
Singapore,14,91.615,-10883,1655,138,100,0,3
Singapore,14,91.615,-11088,1630,125,0,25,3
Singapore,14,91.615,-11140,1606,127,0,47,3
Singapore,14,91.615,-11203,1570,131,0,52,3
Singapore,14,91.615,-11203,1570,133,0,63,3
Singapore,14,91.615,-11306,1485,143,0,76,4
Singapore,14,91.615,-11405,1368,149,0,79,4
Singapore,14,91.615,-11493,1240,159,0,81,4
Singapore,14,91.615,-11493,1240,169,0,99,4
Singapore,14,91.615,-11582,1091,182,0,99,4
Singapore,14,91.615,-11635,992,189,0,99,4
Singapore,14,91.615,-11699,868,197,0,99,5
Singapore,14,91.615,-11780,706,200,0,99,5
Singapore,14,91.615,-11867,537,215,0,99,5
Singapore,14,91.615,-11867,537,221,0,99,5
Singapore,14,91.615,-11910,451,224,0,99,5
Singapore,14,91.615,-11961,352,232,0,99,6
Singapore,14,91.615,-12113,64,236,0,99,6
Singapore,14,91.615,-12113,64,239,0,99,6
Singapore,14,91.615,-12196,-87,244,0,99,6
Singapore,14,91.615,-12262,-206,245,0,99,7
Singapore,14,91.615,-12343,-350,253,0,99,7
Singapore,14,91.615,-12443,-536,255,0,99,7
Singapore,14,91.615,-12552,-737,259,0,99,7
Singapore,14,91.615,-12736,-1051,264,0,99,7
Singapore,14,91.615,-12736,-1051,264,0,99,7
Singapore,14,91.615,-12850,-1224,267,0,99,7
Singapore,14,91.615,-12850,-1224,267,0,99,7
Singapore,14,91.615,-12988,-1435,239,100,3,7
Singapore,14,91.615,-13079,-1586,196,100,2,6
Singapore,14,91.615,-13120,-1657,167,100,4,5
Singapore,14,91.615,-13180,-1778,156,100,5,5
Singapore,14,91.615,-13200,-1970,152,100,6,4
Singapore,14,91.615,-13200,-1970,141,0,6,4
Singapore,14,91.615,-13167,-2147,135,0,30,4
Singapore,14,91.615,-13158,-2176,137,0,47,4
Singapore,14,91.615,-13116,-2275,141,0,47,4
Singapore,14,91.615,-13081,-2337,145,0,55,4
Singapore,14,91.615,-13004,-2440,147,0,74,5
Singapore,14,91.615,-12951,-2493,158,0,86,5
Singapore,14,91.615,-12795,-2601,163,0,92,5
Singapore,14,91.615,-12648,-2669,170,0,85,5
Singapore,14,91.615,-12543,-2706,154,100,0,5
Singapore,14,91.615,-12422,-2749,127,100,0,4
Singapore,14,91.615,-12309,-2829,120,100,1,3
Singapore,14,91.615,-12259,-2909,112,0,18,3
Singapore,14,91.615,-12220,-3017,113,0,35,3
Singapore,14,91.615,-12199,-3106,115,0,47,3
Singapore,14,91.615,-12189,-3158,124,0,75,3
Singapore,14,91.615,-12171,-3262,133,0,89,3
Singapore,14,91.615,-12148,-3405,151,0,95,3
Singapore,14,91.615,-12126,-3517,164,0,93,3
Singapore,14,91.615,-12104,-3586,172,0,76,4
Singapore,14,91.615,-12033,-3703,173,0,76,5
Singapore,14,91.615,-11953,-3781,176,0,68,5
Singapore,14,91.615,-11834,-3881,183,0,99,5
Singapore,14,91.615,-11728,-3966,191,0,100,5
Singapore,14,91.615,-11660,-4021,198,0,99,5
Singapore,14,91.615,-11573,-4091,206,0,99,5
Singapore,14,91.615,-11509,-4145,213,0,99,5
Singapore,14,91.615,-11290,-4354,213,100,29,5
Singapore,14,91.615,-11246,-4404,193,100,0,5
Singapore,14,91.615,-11195,-4470,168,100,0,5
Singapore,14,91.615,-11081,-4642,160,100,0,5
Singapore,14,91.615,-11017,-4741,133,100,0,3
Singapore,14,91.615,-11001,-4762,111,100,0,2
Singapore,14,91.615,-10913,-4854,95,100,1,2
Singapore,14,91.615,-10870,-4882,91,100,0,2
Singapore,14,91.615,-10803,-4905,75,100,1,2
Singapore,14,91.615,-10769,-4905,70,0,1,2
Singapore,14,91.615,-10769,-4905,68,0,0,2
Singapore,14,91.615,-10657,-4831,67,0,28,2
Singapore,14,91.615,-10627,-4781,73,0,37,2
Singapore,14,91.615,-10609,-4743,77,0,42,2
Singapore,14,91.615,-10577,-4639,87,0,48,2
Singapore,14,91.615,-10577,-4639,94,0,47,2
Singapore,14,91.615,-10567,-4595,101,0,58,2
Singapore,14,91.615,-10553,-4529,110,0,71,2
Singapore,14,91.615,-10544,-4479,115,0,81,2
Singapore,14,91.615,-10529,-4392,130,0,88,2
Singapore,14,91.615,-10511,-4277,146,0,88,2
Singapore,14,91.615,-10487,-4084,162,0,99,3
Singapore,14,91.615,-10464,-3908,189,0,99,4
Singapore,14,91.615,-10432,-3694,204,0,99,5
Singapore,14,91.615,-10392,-3440,217,0,99,5
Singapore,14,91.615,-10373,-3319,217,0,99,6
Singapore,14,91.615,-10329,-3041,229,0,99,6
Singapore,14,91.615,-10329,-3041,235,0,99,6
Singapore,14,91.615,-10292,-2817,242,0,99,6
Singapore,14,91.615,-10257,-2614,247,0,99,7
Singapore,14,91.615,-10239,-2517,256,0,99,7
Singapore,14,91.615,-10216,-2392,260,0,99,7
Singapore,14,91.615,-10120,-1934,266,0,99,7
Singapore,14,91.615,-10120,-1934,269,0,99,7
Singapore,14,91.615,-10057,-1670,273,0,99,7
Singapore,14,91.615,-10000,-1449,277,0,99,7
Singapore,14,91.615,-9940,-1232,281,0,99,7
Singapore,14,91.615,-9823,-863,286,0,99,8
Singapore,14,91.615,-9681,-465,273,100,51,8
Singapore,14,91.615,-9606,-268,213,100,0,7
Singapore,14,91.615,-9559,-154,164,100,0,6
Singapore,14,91.615,-9481,-3,131,100,0,5
Singapore,14,91.615,-9447,41,119,100,0,3
Singapore,14,91.615,-9329,120,100,100,0,2
Singapore,14,91.615,-9329,120,97,100,2,2
Singapore,14,91.615,-9240,128,94,0,1,2
Singapore,14,91.615,-9189,119,89,0,16,2
Singapore,14,91.615,-9150,107,90,0,29,2
Singapore,14,91.615,-9048,55,93,0,39,2
Singapore,14,91.615,-9011,31,98,0,43,2
Singapore,14,91.615,-8928,-30,101,0,56,2
Singapore,14,91.615,-8928,-30,108,0,56,2
Singapore,14,91.615,-8847,-95,121,0,67,2
Singapore,14,91.615,-8726,-197,142,0,99,2
Singapore,14,91.615,-8663,-252,158,0,99,3
Singapore,14,91.615,-8603,-305,163,0,99,3
Singapore,14,91.615,-8522,-379,176,0,99,4
Singapore,14,91.615,-8369,-526,184,0,99,4
Singapore,14,91.615,-8263,-627,205,0,99,5
Singapore,14,91.615,-8263,-627,217,0,99,5
Singapore,14,91.615,-7875,-968,230,0,99,6
Singapore,14,91.615,-7721,-1085,232,0,99,6
Singapore,14,91.615,-7721,-1085,235,0,99,6
Singapore,14,91.615,-7511,-1221,239,0,99,6
Singapore,14,91.615,-7511,-1221,241,0,99,6
Singapore,14,91.615,-7429,-1265,244,0,99,6
Singapore,14,91.615,-7163,-1370,248,0,99,6
Singapore,14,91.615,-6846,-1431,254,0,99,7
Singapore,14,91.615,-6602,-1450,259,0,99,7
Singapore,14,91.615,-6486,-1457,262,0,100,7
Singapore,14,91.615,-6120,-1481,265,0,99,7
Singapore,14,91.615,-6120,-1481,265,0,99,7
Singapore,14,91.615,-5748,-1506,270,0,99,7
Singapore,14,91.615,-5748,-1506,272,0,99,7
Singapore,14,91.615,-5642,-1513,275,0,99,7
Singapore,14,91.615,-5305,-1535,276,0,99,7
Singapore,14,91.615,-5089,-1549,280,0,99,8
Singapore,14,91.615,-4840,-1565,281,0,99,8
Singapore,14,91.615,-4541,-1580,284,0,99,8
Singapore,14,91.615,-4304,-1591,285,0,100,8
Singapore,14,91.615,-4304,-1591,287,0,99,8
Singapore,14,91.615,-4001,-1598,287,0,99,8
Singapore,14,91.615,-3763,-1602,287,0,99,8
Singapore,14,91.615,-3763,-1602,286,0,99,8
Singapore,14,91.615,-3429,-1612,286,0,99,8
Singapore,14,91.615,-3191,-1620,267,100,14,8
Singapore,14,91.615,-3098,-1626,233,100,0,8
Singapore,14,91.615,-2951,-1637,191,100,0,8
Singapore,14,91.615,-2684,-1673,153,100,0,8
Singapore,14,91.615,-2684,-1673,140,100,0,7
Singapore,14,91.615,-2596,-1705,123,100,1,3
Singapore,14,91.615,-2569,-1720,119,100,1,3
Singapore,14,91.615,-2500,-1795,119,0,2,3
Singapore,14,91.615,-2500,-1795,114,0,3,3
Singapore,14,91.615,-2460,-1906,110,0,29,3
Singapore,14,91.615,-2439,-1996,115,0,44,3
Singapore,14,91.615,-2430,-2028,120,0,58,3
Singapore,14,91.615,-2344,-2228,132,0,26,3
Singapore,14,91.615,-2344,-2228,132,0,27,4
Singapore,14,91.615,-2284,-2319,133,0,38,4
Singapore,14,91.615,-2009,-2524,149,0,78,4
Singapore,14,91.615,-1954,-2543,149,0,86,4
Singapore,14,91.615,-1849,-2570,168,0,99,4
Singapore,14,91.615,-1734,-2590,177,0,99,4
Singapore,14,91.615,-1622,-2602,187,0,99,4
Singapore,14,91.615,-1293,-2611,195,0,100,4
Singapore,14,91.615,-1205,-2611,211,0,100,5
Singapore,14,91.615,-955,-2615,216,0,99,5
Singapore,14,91.615,-955,-2615,222,0,100,6
Singapore,14,91.615,-730,-2623,228,0,100,6
Singapore,14,91.615,-615,-2629,235,0,99,6
Singapore,14,91.615,-484,-2636,240,0,99,6
Singapore,14,91.615,-484,-2636,244,0,99,6
Singapore,14,91.615,398,-2658,246,0,99,6
Singapore,14,91.615,398,-2658,248,0,99,7
Singapore,14,91.615,398,-2658,239,100,0,7
Singapore,14,91.615,623,-2583,228,100,0,7
Singapore,14,91.615,623,-2583,220,100,0,6
Singapore,14,91.615,808,-2439,209,0,68,5
Singapore,14,91.615,931,-2292,213,0,100,5
Singapore,14,91.615,931,-2292,219,0,100,5
Singapore,14,91.615,1053,-2085,227,0,100,6
Singapore,14,91.615,1128,-1899,230,0,99,6
Singapore,14,91.615,1164,-1761,234,0,99,6
Singapore,14,91.615,1183,-1644,238,0,100,6
Singapore,14,91.615,1195,-1483,244,0,99,6
Singapore,14,91.615,1175,-1068,247,0,99,6
Singapore,14,91.615,1175,-1068,255,0,99,7
Singapore,14,91.615,1127,-744,255,0,99,7
Singapore,14,91.615,1127,-744,260,0,100,7
Singapore,14,91.615,1089,-520,263,0,100,7
Singapore,16,91.063,1014,-63,268,0,99,7
Singapore,16,91.063,1014,-63,268,0,100,7
Singapore,16,91.063,986,119,280,0,100,7
Singapore,16,91.063,952,336,285,0,100,7
Singapore,16,91.063,921,540,287,0,100,7
Singapore,16,91.063,890,755,289,0,100,7
Singapore,16,91.063,834,1160,295,0,99,7
Singapore,16,91.063,818,1275,298,0,100,8
Singapore,16,91.063,770,1648,301,0,99,8
Singapore,16,91.063,752,1792,305,0,99,8
Singapore,16,91.063,704,2193,305,0,99,8
Singapore,16,91.063,704,2193,308,0,99,8
Singapore,16,91.063,670,2499,309,0,99,8
Singapore,16,91.063,670,2499,307,100,64,8
Singapore,16,91.063,624,2889,281,100,4,8
Singapore,16,91.063,592,3077,220,100,0,7
Singapore,16,91.063,575,3161,209,100,0,7
Singapore,16,91.063,522,3335,191,100,0,7
Singapore,16,91.063,522,3335,182,100,0,7
Singapore,16,91.063,469,3433,163,100,1,5
Singapore,16,91.063,469,3433,159,100,1,4
Singapore,16,91.063,413,3501,147,0,3,4
Singapore,16,91.063,339,3559,142,0,22,4
Singapore,16,91.063,255,3598,140,0,59,4
Singapore,16,91.063,54,3645,144,0,74,4
Singapore,16,91.063,-60,3670,156,0,90,4
Singapore,16,91.063,-126,3690,158,100,56,4
Singapore,16,91.063,-305,3794,164,0,53,4
Singapore,16,91.063,-591,4029,120,100,0,3
Singapore,16,91.063,-698,4081,110,100,0,3
Singapore,16,91.063,-741,4089,103,100,0,3
Singapore,16,91.063,-870,4071,95,0,0,3
Singapore,16,91.063,-870,4071,92,0,4,3
Singapore,16,91.063,-921,4046,90,0,13,3
Singapore,16,91.063,-921,4046,90,0,24,3
Singapore,16,91.063,-921,4046,89,0,44,3
Singapore,16,91.063,-1020,3939,93,0,51,3
Singapore,16,91.063,-1054,3871,100,0,67,3
Singapore,16,91.063,-1087,3773,113,0,74,3
Singapore,16,91.063,-1103,3704,125,0,78,3
Singapore,16,91.063,-1131,3491,143,0,99,3
Singapore,16,91.063,-1133,3423,159,0,99,3
Singapore,16,91.063,-1131,3338,163,0,99,4
Singapore,16,91.063,-1131,3338,172,0,99,4
Singapore,16,91.063,-1111,3160,181,0,99,4
Singapore,16,91.063,-1069,2972,193,0,99,4
Singapore,16,91.063,-1006,2775,196,0,99,5
Singapore,16,91.063,-1006,2775,205,0,99,5
Singapore,16,91.063,-928,2576,217,0,99,5
Singapore,16,91.063,-877,2451,225,0,99,5
Singapore,16,91.063,-816,2307,226,0,99,5
Singapore,16,91.063,-733,2111,234,0,99,6
Singapore,16,91.063,-655,1913,238,0,99,6
Singapore,16,91.063,-655,1913,243,0,99,6
Singapore,16,91.063,-617,1811,245,0,99,6
Singapore,16,91.063,-577,1695,250,0,100,6
Singapore,16,91.063,-484,1358,254,0,99,6
Singapore,16,91.063,-484,1358,255,0,99,6
Singapore,16,91.063,-454,1203,255,100,99,6
Singapore,16,91.063,-437,1058,248,100,5,6
Singapore,16,91.063,-429,902,214,100,2,6
Singapore,16,91.063,-433,741,189,100,4,5
Singapore,16,91.063,-459,588,175,100,5,4
Singapore,16,91.063,-561,395,163,100,5,4
Singapore,16,91.063,-561,395,155,0,14,4
Singapore,16,91.063,-649,319,152,0,57,4
Singapore,16,91.063,-649,319,155,0,69,4
Singapore,16,91.063,-793,248,159,0,76,4
Singapore,16,91.063,-922,208,167,0,82,4
Singapore,16,91.063,-1002,191,173,0,85,4
Singapore,16,91.063,-1149,168,180,0,99,4
Singapore,16,91.063,-1403,152,190,0,100,4
Singapore,16,91.063,-1403,152,196,0,100,4
Singapore,16,91.063,-1607,157,204,0,100,5
Singapore,16,91.063,-1655,160,218,0,100,5
Singapore,16,91.063,-1827,174,227,0,100,5
Singapore,16,91.063,-1934,184,233,0,100,6
Singapore,16,91.063,-2148,204,241,0,100,6
Singapore,16,91.063,-2262,215,244,0,100,6
Singapore,16,91.063,-2557,240,251,0,100,6
Singapore,16,91.063,-2800,260,261,0,100,6
Singapore,16,91.063,-2968,274,268,0,100,7
Singapore,16,91.063,-3213,291,269,0,100,7
Singapore,16,91.063,-3532,316,273,0,100,7
Singapore,16,91.063,-3758,334,284,0,100,7
Singapore,16,91.063,-4043,357,288,0,100,7
Singapore,16,91.063,-4269,375,291,0,100,7
Singapore,16,91.063,-4406,387,294,0,100,8
Singapore,16,91.063,-4651,411,297,0,100,8
Singapore,16,91.063,-4945,451,299,0,100,8
Singapore,16,91.063,-5156,495,301,0,100,8
Singapore,16,91.063,-5285,530,303,0,100,8
Singapore,16,91.063,-5521,617,304,0,100,8
Singapore,16,91.063,-5683,693,304,0,100,8
Singapore,16,91.063,-5916,819,308,0,100,8
Singapore,16,91.063,-6102,928,309,0,100,8
Singapore,16,91.063,-6228,1004,310,0,100,8
Singapore,16,91.063,-6376,1093,311,0,100,8
Singapore,16,91.063,-6509,1175,313,0,100,8
Singapore,16,91.063,-6895,1412,314,0,100,8
Singapore,16,91.063,-6983,1469,316,0,100,8
Singapore,16,91.063,-7094,1541,316,0,99,8
Singapore,16,91.063,-7422,1756,315,0,99,8
Singapore,16,91.063,-7634,1900,305,100,2,8
Singapore,16,91.063,-7679,1931,240,100,1,8
Singapore,16,91.063,-7909,2057,198,100,0,7
Singapore,16,91.063,-8008,2096,167,100,1,6
Singapore,16,91.063,-8137,2132,143,100,0,4
Singapore,16,91.063,-8204,2143,136,100,0,4
Singapore,16,91.063,-8204,2143,130,100,0,4
Singapore,16,91.063,-8450,2098,121,0,38,4
Singapore,16,91.063,-8533,2038,124,0,57,4
Singapore,16,91.063,-8585,1989,127,0,65,4
Singapore,16,91.063,-8696,1861,132,0,81,4
Singapore,16,91.063,-8696,1861,144,0,82,4
Singapore,16,91.063,-8748,1792,148,0,97,4
Singapore,16,91.063,-8812,1699,162,0,100,4
Singapore,16,91.063,-8852,1636,171,0,100,4
Singapore,16,91.063,-8917,1528,184,0,100,4
Singapore,16,91.063,-8993,1380,194,0,100,4
Singapore,16,91.063,-9099,1151,200,0,100,5
Singapore,16,91.063,-9176,971,195,100,0,5
Singapore,16,91.063,-9253,799,142,100,0,4
Singapore,16,91.063,-9329,669,120,100,0,4
Singapore,16,91.063,-9366,619,108,100,0,3
Singapore,16,91.063,-9450,548,96,100,0,3
Singapore,16,91.063,-9450,548,90,100,0,3
Singapore,16,91.063,-9520,526,85,100,0,3
Singapore,16,91.063,-9584,534,78,0,5,3
Singapore,16,91.063,-9611,544,76,0,25,3
Singapore,16,91.063,-9646,563,77,0,39,3
Singapore,16,91.063,-9762,657,82,0,47,3
Singapore,16,91.063,-9762,657,89,0,54,3
Singapore,16,91.063,-9825,722,98,0,68,3
Singapore,16,91.063,-9870,774,104,0,71,3
Singapore,16,91.063,-9926,844,116,0,79,3
Singapore,16,91.063,-10031,984,138,0,100,3
Singapore,16,91.063,-10187,1176,159,0,100,3
Singapore,16,91.063,-10307,1310,177,0,100,4
Singapore,16,91.063,-10396,1399,191,0,100,4
Singapore,16,91.063,-10568,1537,176,100,1,5
Singapore,16,91.063,-10640,1578,158,100,0,5
Singapore,16,91.063,-10837,1648,145,100,0,4
Singapore,16,91.063,-10837,1648,145,100,0,4
Singapore,16,91.063,-10965,1658,134,0,0,4
Singapore,16,91.063,-11032,1648,130,0,25,4
Singapore,16,91.063,-11089,1629,130,0,54,4
Singapore,16,91.063,-11231,1551,133,0,56,4
Singapore,16,91.063,-11274,1516,133,0,68,4
Singapore,16,91.063,-11374,1408,142,0,70,4
Singapore,16,91.063,-11374,1408,148,0,86,4
Singapore,16,91.063,-11455,1297,155,0,100,4
Singapore,16,91.063,-11557,1133,174,0,100,4
Singapore,16,91.063,-11607,1046,189,0,100,4
Singapore,16,91.063,-11641,981,193,0,100,4
Singapore,16,91.063,-11698,870,203,0,100,5
Singapore,16,91.063,-11807,654,213,0,100,5
Singapore,16,91.063,-11903,465,218,0,100,5
Singapore,16,91.063,-11903,465,231,0,100,5
Singapore,16,91.063,-12163,-28,242,0,100,6
Singapore,16,91.063,-12262,-206,245,0,100,6
Singapore,16,91.063,-12262,-206,246,0,100,6
Singapore,16,91.063,-12391,-438,246,0,100,6
Singapore,16,91.063,-12391,-438,252,0,100,6
Singapore,16,91.063,-12437,-525,256,0,100,6
Singapore,16,91.063,-12581,-790,259,0,100,6
Singapore,16,91.063,-12754,-1079,265,0,100,7
Singapore,16,91.063,-12895,-1289,268,100,99,7
Singapore,16,91.063,-12957,-1385,241,100,1,7
Singapore,16,91.063,-13106,-1633,201,100,1,7
Singapore,16,91.063,-13106,-1633,180,100,0,6
Singapore,16,91.063,-13197,-1842,165,100,0,5
Singapore,16,91.063,-13197,-1842,161,100,0,4
Singapore,16,91.063,-13202,-1902,154,100,0,4
Singapore,16,91.063,-13183,-2081,143,0,29,4
Singapore,16,91.063,-13155,-2184,140,0,51,4
Singapore,16,91.063,-13101,-2303,143,0,57,4
Singapore,16,91.063,-13018,-2425,146,0,60,4
Singapore,16,91.063,-12924,-2516,150,0,67,4
Singapore,16,91.063,-12924,-2516,155,0,79,4
Singapore,16,91.063,-12785,-2607,161,0,91,4
Singapore,16,91.063,-12661,-2663,173,0,100,4
Singapore,16,91.063,-12661,-2663,180,0,35,4
Singapore,16,91.063,-12478,-2727,158,100,0,4
Singapore,16,91.063,-12373,-2774,140,100,1,4
Singapore,16,91.063,-12330,-2808,127,100,1,3
Singapore,16,91.063,-12277,-2874,117,100,0,3
Singapore,16,91.063,-12211,-3053,113,0,48,3
Singapore,16,91.063,-12211,-3053,113,0,48,3
Singapore,16,91.063,-12192,-3143,121,0,71,3
Singapore,16,91.063,-12186,-3177,127,0,80,3
Singapore,16,91.063,-12165,-3299,136,0,100,3
Singapore,16,91.063,-12165,-3299,142,0,100,3
Singapore,16,91.063,-12140,-3447,148,0,100,3
Singapore,16,91.063,-12111,-3569,164,0,80,4
Singapore,16,91.063,-12096,-3606,171,0,81,4
Singapore,16,91.063,-11889,-3835,181,0,99,4
Singapore,16,91.063,-11889,-3835,188,0,100,4
Singapore,16,91.063,-11765,-3937,195,0,100,4
Singapore,16,91.063,-11368,-4274,217,0,100,5
Singapore,16,91.063,-11312,-4330,219,0,100,5
Singapore,16,91.063,-11216,-4442,206,100,0,5
Singapore,16,91.063,-11144,-4542,179,100,1,5
Singapore,16,91.063,-11085,-4635,158,100,0,4
Singapore,16,91.063,-10963,-4808,139,100,0,3
Singapore,16,91.063,-10932,-4838,103,100,0,2
Singapore,16,91.063,-10843,-4895,94,100,0,2
Singapore,16,91.063,-10843,-4895,88,100,0,2
Singapore,16,91.063,-10762,-4905,82,100,0,2
Singapore,16,91.063,-10727,-4894,78,0,0,2
Singapore,16,91.063,-10692,-4871,72,0,0,2
Singapore,16,91.063,-10692,-4871,69,0,11,2
Singapore,16,91.063,-10579,-4645,69,0,38,2
Singapore,16,91.063,-10579,-4645,72,0,45,2
Singapore,16,91.063,-10579,-4645,79,0,53,2
Singapore,16,91.063,-10564,-4582,87,0,61,2
Singapore,16,91.063,-10564,-4582,91,0,69,2
Singapore,16,91.063,-10542,-4466,114,0,81,2
Singapore,16,91.063,-10522,-4352,124,0,85,2
Singapore,16,91.063,-10522,-4352,140,0,99,3
Singapore,16,91.063,-10496,-4158,156,0,100,3
Singapore,16,91.063,-10478,-4018,172,0,99,4
Singapore,16,91.063,-10463,-3903,184,0,100,4
Singapore,16,91.063,-10450,-3816,192,0,100,4
Singapore,16,91.063,-10430,-3680,204,0,100,5
Singapore,16,91.063,-10377,-3343,218,0,100,5
Singapore,16,91.063,-10377,-3343,225,0,99,5
Singapore,16,91.063,-10330,-3048,230,0,100,5
Singapore,16,91.063,-10330,-3048,235,0,100,6
Singapore,16,91.063,-10298,-2851,241,0,100,6
Singapore,16,91.063,-10274,-2710,248,0,100,6
Singapore,16,91.063,-10232,-2476,253,0,100,6
Singapore,16,91.063,-10205,-2336,261,0,100,6
Singapore,16,91.063,-10153,-2079,263,0,100,7
Singapore,16,91.063,-10082,-1772,266,0,100,7
Singapore,16,91.063,-10082,-1772,271,0,100,7
Singapore,16,91.063,-10057,-1669,275,0,100,7
Singapore,16,91.063,-9946,-1254,282,0,100,7
Singapore,16,91.063,-9946,-1254,285,0,100,7
Singapore,16,91.063,-9869,-1004,288,0,100,7
Singapore,16,91.063,-9754,-664,289,100,99,7
Singapore,16,91.063,-9652,-388,227,100,2,7
Singapore,16,91.063,-9600,-253,197,100,1,6
Singapore,16,91.063,-9600,-253,175,100,1,6
Singapore,16,91.063,-9491,-20,145,100,0,5
Singapore,16,91.063,-9491,-20,145,100,0,5
Singapore,16,91.063,-9466,17,120,100,0,3
Singapore,16,91.063,-9375,101,113,100,0,3
Singapore,16,91.063,-9375,101,107,100,0,3
Singapore,16,91.063,-9320,123,101,100,0,3
Singapore,16,91.063,-9264,129,94,0,16,3
Singapore,16,91.063,-9193,120,93,0,30,3
Singapore,16,91.063,-9094,82,94,0,44,3
Singapore,16,91.063,-9041,51,99,0,53,3
Singapore,16,91.063,-8989,16,103,0,68,3
Singapore,16,91.063,-8907,-45,114,0,74,3
Singapore,16,91.063,-8907,-45,114,0,72,3
Singapore,16,91.063,-8801,-133,128,0,93,3
Singapore,16,91.063,-8708,-213,151,0,99,3
Singapore,16,91.063,-8625,-285,162,0,100,3
Singapore,16,91.063,-8514,-387,176,0,100,4
Singapore,16,91.063,-8366,-529,188,0,100,4
Singapore,16,91.063,-8221,-666,199,0,100,5
Singapore,16,91.063,-8221,-666,203,0,100,5
Singapore,16,91.063,-8135,-745,210,0,100,5
Singapore,16,91.063,-8135,-745,215,0,100,5
Singapore,16,91.063,-8050,-821,221,0,100,5
Singapore,16,91.063,-7923,-928,223,0,100,5
Singapore,16,91.063,-7690,-1108,232,0,100,6
Singapore,16,91.063,-7470,-1244,236,0,100,6
Singapore,16,91.063,-7379,-1289,245,0,100,6
Singapore,16,91.063,-7379,-1289,246,0,100,6
Singapore,16,91.063,-7107,-1386,251,0,100,6
Singapore,16,91.063,-6840,-1432,256,0,100,6
Singapore,16,91.063,-6681,-1446,259,0,100,7
Singapore,16,91.063,-6306,-1469,266,0,100,7
Singapore,16,91.063,-6306,-1469,269,0,100,7
Singapore,16,91.063,-6134,-1480,270,0,100,7
Singapore,16,91.063,-5923,-1494,275,0,99,7
Singapore,16,91.063,-5724,-1507,277,0,99,7
Singapore,16,91.063,-5594,-1516,278,0,100,7
Singapore,16,91.063,-5330,-1533,281,0,100,7
Singapore,16,91.063,-5001,-1555,282,0,99,7
Singapore,16,91.063,-5001,-1555,283,0,100,7
Singapore,16,91.063,-4637,-1575,284,0,100,7
Singapore,16,91.063,-4477,-1583,288,0,100,7
Singapore,16,91.063,-4357,-1589,289,0,100,7
Singapore,16,91.063,-4043,-1598,290,0,100,7
Singapore,16,91.063,-4043,-1598,291,0,100,7
Singapore,16,91.063,-3736,-1603,291,0,100,7
Singapore,16,91.063,-3590,-1608,292,0,99,7
Singapore,16,91.063,-3558,-1609,292,100,36,7
Singapore,16,91.063,-3176,-1621,232,100,1,7
Singapore,16,91.063,-2945,-1637,203,100,0,7
Singapore,16,91.063,-2841,-1646,190,100,1,6
Singapore,16,91.063,-2750,-1659,144,100,0,5
Singapore,16,91.063,-2679,-1674,133,100,0,5
Singapore,16,91.063,-2588,-1709,122,100,4,4
Singapore,16,91.063,-2534,-1750,118,0,4,4
Singapore,16,91.063,-2502,-1792,113,0,16,4
Singapore,16,91.063,-2470,-1871,111,0,25,4
Singapore,16,91.063,-2455,-1929,112,0,52,4
Singapore,16,91.063,-2431,-2025,116,0,73,4
Singapore,16,91.063,-2352,-2213,132,0,67,4
Singapore,16,91.063,-2277,-2327,137,0,59,4
Singapore,16,91.063,-2277,-2327,140,0,59,4
Singapore,16,91.063,-2170,-2434,142,0,64,4
Singapore,16,91.063,-2170,-2434,146,0,62,4
Singapore,16,91.063,-1913,-2555,154,0,85,4
Singapore,16,91.063,-1913,-2555,160,0,79,4
Singapore,16,91.063,-1725,-2591,165,0,100,4
Singapore,16,91.063,-1610,-2602,173,0,100,5
Singapore,16,91.063,-1457,-2609,187,0,100,5
Singapore,16,91.063,-1425,-2610,194,0,100,5
Singapore,16,91.063,-1220,-2611,198,0,100,5
Singapore,16,91.063,-1220,-2611,207,0,100,5
Singapore,16,91.063,-1030,-2614,210,0,100,5
Singapore,16,91.063,-928,-2616,219,0,100,5
Singapore,16,91.063,-744,-2623,223,0,100,5
Singapore,16,91.063,-430,-2639,233,0,100,6
Singapore,16,91.063,-430,-2639,237,0,100,6
Singapore,16,91.063,-430,-2639,241,0,100,6
Singapore,16,91.063,171,-2674,247,0,100,6
Singapore,16,91.063,171,-2674,247,100,26,6
Singapore,16,91.063,801,-2446,212,0,52,5
Singapore,16,91.063,850,-2394,207,0,68,5
Singapore,16,91.063,951,-2262,209,0,100,5
Singapore,16,91.063,1002,-2180,218,0,100,5
Singapore,16,91.063,1104,-1970,223,0,100,5
Singapore,16,91.063,1162,-1768,230,0,100,6
Singapore,16,91.063,1191,-1560,236,0,100,6
Singapore,16,91.063,1194,-1303,243,0,100,6
Singapore,16,91.063,1194,-1303,245,0,100,6
Singapore,16,91.063,1183,-1153,247,0,100,6
Singapore,16,91.063,1161,-958,257,0,100,6
Singapore,16,91.063,1144,-852,257,0,100,6
Singapore,16,91.063,1110,-646,261,0,100,6
Singapore,18,93.397,1023,-118,268,0,99,7
Singapore,18,93.397,978,165,271,0,99,7
Singapore,18,93.397,978,165,273,0,99,7
Singapore,18,93.397,941,410,280,0,99,7
Singapore,18,93.397,906,643,283,0,99,7
Singapore,18,93.397,906,643,284,0,99,8
Singapore,18,93.397,877,848,289,0,99,8
Singapore,18,93.397,857,991,290,0,99,8
Singapore,18,93.397,820,1265,297,0,99,8
Singapore,18,93.397,771,1644,301,0,99,8
Singapore,18,93.397,718,2073,304,0,99,8
Singapore,18,93.397,718,2073,305,0,99,8
Singapore,18,93.397,689,2326,307,0,99,8
Singapore,18,93.397,651,2662,300,100,98,8
Singapore,18,93.397,630,2843,254,100,0,8
Singapore,18,93.397,605,3006,239,100,0,8
Singapore,18,93.397,605,3006,215,100,0,8
Singapore,18,93.397,573,3168,202,100,0,8
Singapore,18,93.397,500,3376,155,100,0,5
Singapore,18,93.397,481,3413,147,100,0,4
Singapore,18,93.397,427,3485,141,100,0,4
Singapore,18,93.397,427,3485,138,0,0,4
Singapore,18,93.397,291,3583,131,0,16,4
Singapore,18,93.397,148,3626,130,0,44,4
Singapore,18,93.397,81,3639,139,0,63,4
Singapore,18,93.397,-119,3688,150,0,63,4
Singapore,18,93.397,-181,3713,157,0,72,4
Singapore,18,93.397,-240,3747,160,0,52,4
Singapore,18,93.397,-368,3846,160,0,5,4
Singapore,18,93.397,-368,3846,157,100,0,4
Singapore,18,93.397,-447,3913,151,100,0,4
Singapore,18,93.397,-524,3979,138,100,0,3
Singapore,18,93.397,-574,4018,126,100,0,3
Singapore,18,93.397,-639,4057,111,100,1,3
Singapore,18,93.397,-712,4084,104,100,1,3
Singapore,18,93.397,-775,4090,98,100,1,3
Singapore,18,93.397,-831,4083,93,100,0,3
Singapore,18,93.397,-877,4068,88,0,0,3
Singapore,18,93.397,-957,4018,86,0,21,3
Singapore,18,93.397,-957,4018,84,0,32,3
Singapore,18,93.397,-992,3979,90,0,35,3
Singapore,18,93.397,-1028,3925,94,0,47,3
Singapore,18,93.397,-1060,3856,100,0,53,3
Singapore,18,93.397,-1079,3801,107,0,51,3
Singapore,18,93.397,-1096,3736,120,0,74,3
Singapore,18,93.397,-1107,3684,125,0,72,3
Singapore,18,93.397,-1128,3531,139,0,95,3
Singapore,18,93.397,-1133,3436,144,0,99,3
Singapore,18,93.397,-1132,3371,160,0,99,3
Singapore,18,93.397,-1097,3085,178,0,99,4
Singapore,18,93.397,-1097,3085,182,0,99,4
Singapore,18,93.397,-1048,2899,197,0,99,5
Singapore,18,93.397,-1006,2776,203,0,99,5
Singapore,18,93.397,-956,2645,212,0,99,5
Singapore,18,93.397,-897,2500,220,0,99,5
Singapore,18,93.397,-819,2316,227,0,99,5
Singapore,18,93.397,-819,2316,230,0,99,5
Singapore,18,93.397,-694,2013,238,0,99,6
Singapore,18,93.397,-617,1811,244,0,99,6
Singapore,18,93.397,-552,1615,249,0,99,6
Singapore,18,93.397,-459,1233,252,0,99,6
Singapore,18,93.397,-433,1003,245,100,26,6
Singapore,18,93.397,-433,1003,233,100,0,6
Singapore,18,93.397,-480,528,166,100,0,4
Singapore,18,93.397,-510,467,154,0,0,4
Singapore,18,93.397,-597,360,150,0,9,4
Singapore,18,93.397,-697,290,148,0,37,4
Singapore,18,93.397,-882,219,150,0,55,4
Singapore,18,93.397,-882,219,156,0,74,4
Singapore,18,93.397,-934,206,163,0,91,4
Singapore,18,93.397,-1138,169,174,0,99,4
Singapore,18,93.397,-1340,154,186,0,99,4
Singapore,18,93.397,-1340,154,189,0,99,4
Singapore,18,93.397,-1522,153,192,0,99,5
Singapore,18,93.397,-1611,157,200,0,99,5
Singapore,18,93.397,-1806,173,206,0,99,5
Singapore,18,93.397,-2010,192,217,0,99,5
Singapore,18,93.397,-2257,214,219,0,99,6
Singapore,18,93.397,-2533,238,228,0,99,6
Singapore,18,93.397,-2533,238,242,0,99,6
Singapore,18,93.397,-2641,247,244,0,99,6
Singapore,18,93.397,-2780,258,256,0,99,6
Singapore,18,93.397,-3113,285,265,0,99,7
Singapore,18,93.397,-3308,298,272,0,99,7
Singapore,18,93.397,-3566,319,275,0,99,7
Singapore,18,93.397,-3769,335,278,0,99,7
Singapore,18,93.397,-4019,355,283,0,99,8
Singapore,18,93.397,-4162,367,286,0,99,8
Singapore,18,93.397,-4370,384,290,0,99,8
Singapore,18,93.397,-4370,384,292,0,99,8
Singapore,18,93.397,-4775,426,294,0,99,8
Singapore,18,93.397,-4775,426,296,0,99,8
Singapore,18,93.397,-5018,465,298,0,99,8
Singapore,18,93.397,-5163,497,300,0,99,8
Singapore,18,93.397,-5694,698,302,0,99,8
Singapore,18,93.397,-5694,698,304,0,100,8
Singapore,18,93.397,-5889,803,305,0,99,8
Singapore,18,93.397,-6140,951,308,0,99,8
Singapore,18,93.397,-6315,1057,308,0,99,8
Singapore,18,93.397,-6315,1057,309,0,99,8
Singapore,18,93.397,-6491,1164,311,0,99,8
Singapore,18,93.397,-6687,1284,311,0,99,8
Singapore,18,93.397,-6835,1374,311,0,99,8
Singapore,18,93.397,-6996,1477,313,0,99,8
Singapore,18,93.397,-7215,1620,314,0,99,8
Singapore,18,93.397,-7481,1796,292,100,7,8
Singapore,18,93.397,-7694,1941,241,100,5,8
Singapore,18,93.397,-7694,1941,225,100,3,8
Singapore,18,93.397,-7857,2034,198,100,2,8
Singapore,18,93.397,-7857,2034,175,100,2,8
Singapore,18,93.397,-7917,2061,167,100,1,8
Singapore,18,93.397,-7989,2089,144,100,0,8
Singapore,18,93.397,-8049,2109,137,100,0,6
Singapore,18,93.397,-8210,2143,129,100,2,4
Singapore,18,93.397,-8210,2143,123,100,0,3
Singapore,18,93.397,-8332,2140,119,0,0,3
Singapore,18,93.397,-8462,2090,118,0,29,3
Singapore,18,93.397,-8531,2040,114,0,43,3
Singapore,18,93.397,-8531,2040,124,0,58,3
Singapore,18,93.397,-8612,1961,131,0,69,3
Singapore,18,93.397,-8720,1829,150,0,99,3
Singapore,18,93.397,-8786,1737,160,0,99,3
Singapore,18,93.397,-8902,1554,172,0,99,4
Singapore,18,93.397,-8959,1449,187,0,99,4
Singapore,18,93.397,-8996,1374,187,0,99,4
Singapore,18,93.397,-9034,1296,194,0,99,5
Singapore,18,93.397,-9075,1206,202,0,99,5
Singapore,18,93.397,-9129,1081,194,100,31,5
Singapore,18,93.397,-9306,704,117,100,0,3
Singapore,18,93.397,-9345,647,101,100,0,3
Singapore,18,93.397,-9399,585,92,0,0,3
Singapore,18,93.397,-9499,529,85,0,0,3
Singapore,18,93.397,-9546,525,80,0,0,3
Singapore,18,93.397,-9604,541,74,0,2,3
Singapore,18,93.397,-9604,541,74,0,18,3
Singapore,18,93.397,-9604,541,76,0,23,3
Singapore,18,93.397,-9790,685,78,0,25,3
Singapore,18,93.397,-9790,685,85,0,39,3
Singapore,18,93.397,-9790,685,90,0,44,3
Singapore,18,93.397,-9851,752,95,0,50,3
Singapore,18,93.397,-9851,752,101,0,57,3
Singapore,18,93.397,-9951,879,118,0,71,3
Singapore,18,93.397,-9951,879,126,0,73,3
Singapore,18,93.397,-10031,984,131,0,72,3
Singapore,18,93.397,-10031,984,146,0,99,3
Singapore,18,93.397,-10346,1351,165,0,99,3
Singapore,18,93.397,-10346,1351,173,0,99,4
Singapore,18,93.397,-10443,1443,188,100,59,4
Singapore,18,93.397,-10443,1443,184,100,0,4
Singapore,18,93.397,-10625,1570,154,100,0,4
Singapore,18,93.397,-10806,1640,142,100,0,3
Singapore,18,93.397,-10936,1659,135,100,0,3
Singapore,18,93.397,-10936,1659,131,100,0,3
Singapore,18,93.397,-11019,1651,127,0,0,3
Singapore,18,93.397,-11124,1614,126,0,10,3
Singapore,18,93.397,-11173,1588,123,0,43,3
Singapore,18,93.397,-11266,1523,128,0,55,3
Singapore,18,93.397,-11320,1471,137,0,60,3
Singapore,18,93.397,-11381,1400,142,0,74,3
Singapore,18,93.397,-11473,1270,142,0,89,3
Singapore,18,93.397,-11512,1208,169,0,99,3
Singapore,18,93.397,-11602,1054,169,0,99,3
Singapore,18,93.397,-11708,850,186,0,99,3
Singapore,18,93.397,-11708,850,196,0,99,5
Singapore,18,93.397,-11757,753,196,0,99,5
Singapore,18,93.397,-11818,631,204,0,99,5
Singapore,18,93.397,-11877,515,216,0,99,5
Singapore,18,93.397,-11932,408,229,0,99,6
Singapore,18,93.397,-12008,262,231,0,99,6
Singapore,18,93.397,-12105,78,236,0,99,6
Singapore,18,93.397,-12168,-37,245,0,99,6
Singapore,18,93.397,-12348,-360,248,0,99,7
Singapore,18,93.397,-12382,-421,251,0,99,7
Singapore,18,93.397,-12488,-621,258,0,99,7
Singapore,18,93.397,-12644,-899,262,0,99,7
Singapore,18,93.397,-12644,-899,264,0,99,7
Singapore,18,93.397,-12823,-1184,264,100,93,7
Singapore,18,93.397,-12902,-1300,242,100,8,7
Singapore,18,93.397,-13057,-1549,215,100,0,7
Singapore,18,93.397,-13057,-1549,180,100,0,6
Singapore,18,93.397,-13107,-1634,166,100,0,6
Singapore,18,93.397,-13186,-1795,152,100,0,5
Singapore,18,93.397,-13200,-1876,140,100,0,4
Singapore,18,93.397,-13199,-1975,134,0,0,4
Singapore,18,93.397,-13174,-2118,127,0,31,4
Singapore,18,93.397,-13135,-2234,131,0,53,4
Singapore,18,93.397,-13091,-2321,133,0,58,4
Singapore,18,93.397,-13091,-2321,137,0,71,4
Singapore,18,93.397,-13015,-2428,148,0,73,4
Singapore,18,93.397,-12969,-2476,156,0,82,4
Singapore,18,93.397,-12858,-2563,163,0,99,4
Singapore,18,93.397,-12742,-2628,169,0,99,4
Singapore,18,93.397,-12742,-2628,175,100,99,4
Singapore,18,93.397,-12422,-2749,155,100,0,4
Singapore,18,93.397,-12422,-2749,136,100,0,3
Singapore,18,93.397,-12356,-2786,125,100,0,3
Singapore,18,93.397,-12257,-2912,112,0,0,3
Singapore,18,93.397,-12257,-2912,109,0,1,3
Singapore,18,93.397,-12216,-3035,106,0,24,3
Singapore,18,93.397,-12216,-3035,108,0,27,3
Singapore,18,93.397,-12185,-3180,111,0,46,3
Singapore,18,93.397,-12171,-3266,122,0,76,3
Singapore,18,93.397,-12147,-3408,142,0,99,3
Singapore,18,93.397,-12117,-3549,156,0,84,3
Singapore,18,93.397,-12027,-3709,164,0,68,4
Singapore,18,93.397,-11907,-3821,169,0,60,4
Singapore,18,93.397,-11907,-3821,171,0,77,4
Singapore,18,93.397,-11729,-3965,182,0,99,4
Singapore,18,93.397,-11729,-3965,188,0,99,4
Singapore,18,93.397,-11615,-4057,194,0,99,5
Singapore,18,93.397,-11522,-4134,199,0,99,5
Singapore,18,93.397,-11360,-4281,211,100,49,5
Singapore,18,93.397,-11274,-4371,197,100,0,5
Singapore,18,93.397,-11207,-4453,190,100,0,5
Singapore,18,93.397,-11207,-4453,177,100,0,5
Singapore,18,93.397,-11097,-4618,158,100,0,4
Singapore,18,93.397,-11097,-4618,149,100,0,3
Singapore,18,93.397,-10999,-4764,118,100,0,3
Singapore,18,93.397,-10999,-4764,112,100,0,2
Singapore,18,93.397,-10907,-4858,90,100,0,2
Singapore,18,93.397,-10814,-4903,79,100,0,2
Singapore,18,93.397,-10763,-4904,75,100,0,2
Singapore,18,93.397,-10730,-4894,72,0,0,2
Singapore,18,93.397,-10674,-4851,65,0,14,2
Singapore,18,93.397,-10649,-4819,65,0,21,2
Singapore,18,93.397,-10620,-4766,69,0,35,2
Singapore,18,93.397,-10600,-4716,74,0,40,2
Singapore,18,93.397,-10587,-4677,83,0,44,2
Singapore,18,93.397,-10575,-4629,95,0,54,2
Singapore,18,93.397,-10556,-4542,103,0,67,2
Singapore,18,93.397,-10530,-4402,120,0,71,2
Singapore,18,93.397,-10530,-4402,120,0,71,3
Singapore,18,93.397,-10510,-4265,136,0,99,3
Singapore,18,93.397,-10510,-4265,136,0,98,3
Singapore,18,93.397,-10495,-4145,162,0,99,3
Singapore,18,93.397,-10478,-4014,171,0,99,4
Singapore,18,93.397,-10458,-3873,180,0,99,4
Singapore,18,93.397,-10458,-3873,188,0,98,4
Singapore,18,93.397,-10435,-3713,196,0,99,5
Singapore,18,93.397,-10420,-3613,207,0,98,5
Singapore,18,93.397,-10388,-3415,217,0,99,5
Singapore,18,93.397,-10367,-3282,217,0,99,6
Singapore,18,93.397,-10345,-3145,232,0,99,6
Singapore,18,93.397,-10331,-3055,238,0,99,6
Singapore,18,93.397,-10277,-2725,242,0,98,6
Singapore,18,93.397,-10262,-2643,249,0,99,6
Singapore,18,93.397,-10217,-2395,255,0,99,7
Singapore,18,93.397,-10200,-2310,259,0,99,7
Singapore,18,93.397,-10108,-1880,266,0,99,7
Singapore,18,93.397,-10108,-1880,270,0,99,7
Singapore,18,93.397,-10008,-1478,271,0,99,7
Singapore,18,93.397,-10008,-1478,271,0,99,7
Singapore,18,93.397,-10008,-1478,277,0,99,7
Singapore,18,93.397,-9988,-1404,279,0,99,7
Singapore,18,93.397,-9882,-1044,283,0,99,7
Singapore,18,93.397,-9843,-924,284,0,99,7
Singapore,18,93.397,-9752,-660,285,100,99,7
Singapore,18,93.397,-9752,-660,263,100,18,7
Singapore,18,93.397,-9752,-660,247,100,0,7
Singapore,18,93.397,-9571,-184,190,100,0,7
Singapore,18,93.397,-9571,-184,158,100,0,6
Singapore,18,93.397,-9492,-22,118,100,0,3
Singapore,18,93.397,-9463,21,106,100,0,3
Singapore,18,93.397,-9401,84,99,100,0,3
Singapore,18,93.397,-9401,84,93,100,0,3
Singapore,18,93.397,-9305,125,85,0,0,3
Singapore,18,93.397,-9254,128,83,0,9,3
Singapore,18,93.397,-9146,105,83,0,38,3
Singapore,18,93.397,-9020,37,94,0,53,3
Singapore,18,93.397,-9020,37,104,0,53,3
Singapore,18,93.397,-8927,-30,110,0,59,3
Singapore,18,93.397,-8865,-80,119,0,64,3
Singapore,18,93.397,-8540,-363,171,0,99,4
Singapore,18,93.397,-8376,-519,171,0,99,4
Singapore,18,93.397,-8323,-570,194,0,99,4
Singapore,18,93.397,-8209,-677,208,0,99,5
Singapore,18,93.397,-8059,-812,214,0,99,5
Singapore,18,93.397,-8059,-812,219,0,99,5
Singapore,18,93.397,-7928,-924,226,0,99,6
Singapore,18,93.397,-7810,-1019,229,0,99,6
Singapore,18,93.397,-7652,-1133,234,0,99,6
Singapore,18,93.397,-7652,-1133,237,0,99,6
Singapore,18,93.397,-7471,-1243,241,0,99,6
Singapore,18,93.397,-7386,-1285,244,0,99,6
Singapore,18,93.397,-7247,-1342,247,0,99,7
Singapore,18,93.397,-6994,-1410,253,0,99,7
Singapore,18,93.397,-6866,-1429,257,0,99,7
Singapore,18,93.397,-6550,-1453,258,0,99,7
Singapore,18,93.397,-6421,-1461,258,0,99,7
Singapore,18,93.397,-6088,-1483,264,0,99,7
Singapore,18,93.397,-5970,-1491,269,0,99,7
Singapore,18,93.397,-5761,-1505,271,0,99,7
Singapore,18,93.397,-5369,-1531,274,0,99,7
Singapore,18,93.397,-5060,-1551,278,0,99,7
Singapore,18,93.397,-4796,-1567,280,0,99,7
Singapore,18,93.397,-4624,-1576,282,0,99,7
Singapore,18,93.397,-4388,-1587,285,0,99,7
Singapore,18,93.397,-4230,-1594,286,0,99,7
Singapore,18,93.397,-3721,-1604,287,0,99,7
Singapore,18,93.397,-3594,-1608,287,0,99,7
Singapore,18,93.397,-3594,-1608,287,100,99,7
Singapore,18,93.397,-3200,-1620,232,100,0,7
Singapore,18,93.397,-3046,-1630,206,100,0,7
Singapore,18,93.397,-2908,-1640,158,100,0,7
Singapore,18,93.397,-2755,-1658,141,100,0,7
Singapore,18,93.397,-2755,-1658,136,100,0,5
Singapore,18,93.397,-2646,-1684,128,100,0,3
Singapore,18,93.397,-2545,-1740,115,100,0,3
Singapore,18,93.397,-2506,-1784,111,0,0,3
Singapore,18,93.397,-2450,-1951,108,0,29,3
Singapore,18,93.397,-2450,-1951,109,0,48,3
Singapore,18,93.397,-2411,-2086,115,0,57,3
Singapore,18,93.397,-2380,-2159,131,0,67,3
Singapore,18,93.397,-2380,-2159,130,100,52,3
Singapore,18,93.397,-2263,-2344,127,100,24,3
Singapore,18,93.397,-2263,-2344,124,0,29,3
Singapore,18,93.397,-2167,-2436,125,0,55,3
Singapore,18,93.397,-2064,-2499,136,0,57,3
Singapore,18,93.397,-2064,-2499,138,0,67,3
Singapore,18,93.397,-1890,-2561,153,0,78,3
Singapore,18,93.397,-1890,-2561,157,0,99,3
Singapore,18,93.397,-1890,-2561,173,0,99,4
Singapore,18,93.397,-1890,-2561,182,0,99,4
Singapore,18,93.397,-1306,-2611,188,0,99,4
Singapore,18,93.397,-1306,-2611,197,0,99,5
Singapore,18,93.397,-1202,-2611,204,0,99,5
Singapore,18,93.397,-1016,-2614,213,0,99,5
Singapore,18,93.397,-883,-2618,216,0,99,5
Singapore,18,93.397,-723,-2624,221,0,99,6
Singapore,18,93.397,-467,-2637,230,0,99,6
Singapore,18,93.397,-467,-2637,234,0,99,6
Singapore,18,93.397,-254,-2651,238,0,99,6
Singapore,18,93.397,-121,-2660,240,0,99,6
Singapore,18,93.397,211,-2674,243,100,51,6
Singapore,18,93.397,413,-2656,231,100,1,6
Singapore,18,93.397,630,-2579,215,0,0,5
Singapore,18,93.397,630,-2579,212,0,0,5
Singapore,18,93.397,751,-2493,207,0,21,5
Singapore,18,93.397,817,-2430,200,0,65,5
Singapore,18,93.397,945,-2270,204,0,99,5
Singapore,18,93.397,988,-2202,212,0,99,5
Singapore,18,93.397,1040,-2110,216,0,99,5
Singapore,18,93.397,1087,-2013,216,0,99,5
Singapore,18,93.397,1154,-1804,222,0,99,6
Singapore,18,93.397,1172,-1719,225,0,99,6
Singapore,18,93.397,1195,-1474,234,0,99,6
Singapore,18,93.397,1194,-1301,238,0,99,6
Singapore,18,93.397,1194,-1301,240,0,99,6
Singapore,18,93.397,1149,-879,247,0,99,6
Singapore,18,93.397,1149,-879,253,0,99,6
Singapore,18,93.397,1124,-726,255,0,99,7
Singapore,18,93.397,1095,-556,261,0,99,7
Singapore,20,91.575,1048,-274,269,0,100,6
Singapore,20,91.575,1048,-274,272,0,100,7
Singapore,20,91.575,1005,-3,277,0,100,7
Singapore,20,91.575,976,180,283,0,100,7
Singapore,20,91.575,952,336,286,0,100,7
Singapore,20,91.575,898,699,288,0,100,7
Singapore,20,91.575,878,843,291,0,100,7
Singapore,20,91.575,855,1004,295,0,100,7
Singapore,20,91.575,811,1330,297,0,99,7
Singapore,20,91.575,811,1330,298,0,100,8
Singapore,20,91.575,766,1681,300,0,100,8
Singapore,20,91.575,766,1681,302,0,100,8
Singapore,20,91.575,739,1899,303,0,100,8
Singapore,20,91.575,703,2201,305,0,100,8
Singapore,20,91.575,680,2404,307,0,100,8
Singapore,20,91.575,680,2404,307,0,100,8
Singapore,20,91.575,617,2933,298,100,100,8
Singapore,20,91.575,582,3130,251,100,0,8
Singapore,20,91.575,532,3311,205,100,0,8
Singapore,20,91.575,510,3360,188,100,0,8
Singapore,20,91.575,475,3424,165,100,0,4
Singapore,20,91.575,365,3542,152,0,0,4
Singapore,20,91.575,264,3595,146,0,31,4
Singapore,20,91.575,162,3624,146,0,47,4
Singapore,20,91.575,38,3648,148,0,52,4
Singapore,20,91.575,-103,3682,152,0,60,4
Singapore,20,91.575,-196,3721,155,0,65,4
Singapore,20,91.575,-299,3789,158,0,27,4
Singapore,20,91.575,-416,3886,157,100,36,4
Singapore,20,91.575,-416,3886,155,100,32,4
Singapore,20,91.575,-498,3958,141,100,0,4
Singapore,20,91.575,-631,4053,112,100,0,3
Singapore,20,91.575,-683,4076,100,100,0,2
Singapore,20,91.575,-734,4088,94,0,0,2
Singapore,20,91.575,-811,4086,91,0,0,2
Singapore,20,91.575,-873,4070,88,0,0,2
Singapore,20,91.575,-920,4046,85,0,29,2
Singapore,20,91.575,-964,4011,88,0,32,2
Singapore,20,91.575,-1013,3951,91,0,37,2
Singapore,20,91.575,-1033,3917,98,0,49,2
Singapore,20,91.575,-1068,3836,103,0,60,2
Singapore,20,91.575,-1097,3735,110,0,64,2
Singapore,20,91.575,-1112,3656,118,0,73,2
Singapore,20,91.575,-1121,3597,127,0,81,2
Singapore,20,91.575,-1128,3534,137,0,99,3
Singapore,20,91.575,-1133,3441,148,0,100,3
Singapore,20,91.575,-1131,3344,163,0,100,3
Singapore,20,91.575,-1122,3241,176,0,100,4
Singapore,20,91.575,-1109,3148,184,0,99,4
Singapore,20,91.575,-1054,2919,191,0,99,4
Singapore,20,91.575,-1054,2919,198,0,100,4
Singapore,20,91.575,-1000,2760,204,0,99,5
Singapore,20,91.575,-930,2580,209,0,100,5
Singapore,20,91.575,-930,2580,209,0,100,5
Singapore,20,91.575,-857,2405,221,0,100,5
Singapore,20,91.575,-783,2231,229,0,99,6
Singapore,20,91.575,-699,2026,236,0,100,6
Singapore,20,91.575,-642,1878,239,0,100,6
Singapore,20,91.575,-562,1647,244,0,100,6
Singapore,20,91.575,-508,1462,247,0,100,6
Singapore,20,91.575,-508,1462,250,0,100,6
Singapore,20,91.575,-461,1245,254,0,99,6
Singapore,20,91.575,-442,1106,254,100,80,6
Singapore,20,91.575,-431,964,233,100,0,6
Singapore,20,91.575,-429,860,211,100,0,6
Singapore,20,91.575,-436,717,184,100,0,6
Singapore,20,91.575,-508,469,165,100,0,4
Singapore,20,91.575,-600,355,159,0,0,4
Singapore,20,91.575,-676,302,155,0,2,4
Singapore,20,91.575,-722,278,151,0,51,4
Singapore,20,91.575,-973,197,157,0,73,4
Singapore,20,91.575,-973,197,162,0,86,4
Singapore,20,91.575,-1157,167,181,0,100,4
Singapore,20,91.575,-1489,152,192,0,100,5
Singapore,20,91.575,-1538,154,206,0,100,5
Singapore,20,91.575,-1630,158,213,0,100,5
Singapore,20,91.575,-1932,184,220,0,100,5
Singapore,20,91.575,-1932,184,220,0,100,5
Singapore,20,91.575,-2153,205,228,0,100,5
Singapore,20,91.575,-2434,229,237,0,100,6
Singapore,20,91.575,-2434,229,240,0,100,6
Singapore,20,91.575,-2613,244,250,0,100,6
Singapore,20,91.575,-2613,244,256,0,100,6
Singapore,20,91.575,-2842,263,260,0,99,6
Singapore,20,91.575,-2892,268,261,0,99,7
Singapore,20,91.575,-3192,290,261,0,100,7
Singapore,20,91.575,-3503,314,276,0,99,7
Singapore,20,91.575,-3944,349,283,0,99,7
Singapore,20,91.575,-4261,375,287,0,100,7
Singapore,20,91.575,-4502,396,290,0,99,7
Singapore,20,91.575,-4696,416,294,0,99,7
Singapore,20,91.575,-4971,456,295,0,99,7
Singapore,20,91.575,-5100,482,298,0,99,8
Singapore,20,91.575,-5307,537,299,0,99,8
Singapore,20,91.575,-5640,672,302,0,99,8
Singapore,20,91.575,-5783,745,304,0,99,8
Singapore,20,91.575,-6122,940,304,0,99,8
Singapore,20,91.575,-6371,1091,308,0,99,8
Singapore,20,91.575,-6488,1162,310,0,99,8
Singapore,20,91.575,-6635,1252,312,0,99,8
Singapore,20,91.575,-6957,1452,313,0,99,8
Singapore,20,91.575,-6957,1452,315,0,100,8
Singapore,20,91.575,-7280,1663,315,0,100,8
Singapore,20,91.575,-7374,1725,313,0,99,8
Singapore,20,91.575,-7653,1913,289,100,99,8
Singapore,20,91.575,-7653,1913,257,100,0,8
Singapore,20,91.575,-7864,2038,195,100,0,8
Singapore,20,91.575,-8056,2111,156,100,1,8
Singapore,20,91.575,-8184,2140,137,100,0,4
Singapore,20,91.575,-8260,2147,128,100,0,3
Singapore,20,91.575,-8260,2147,123,0,0,3
Singapore,20,91.575,-8448,2098,119,0,6,3
Singapore,20,91.575,-8507,2059,116,0,36,3
Singapore,20,91.575,-8590,1984,121,0,51,3
Singapore,20,91.575,-8644,1925,125,0,81,3
Singapore,20,91.575,-8816,1692,145,0,100,3
Singapore,20,91.575,-8816,1692,155,0,100,3
Singapore,20,91.575,-8856,1630,160,0,100,3
Singapore,20,91.575,-8930,1504,177,0,100,3
Singapore,20,91.575,-9007,1351,177,0,100,4
Singapore,20,91.575,-9092,1166,201,0,100,5
Singapore,20,91.575,-9131,1077,207,100,16,5
Singapore,20,91.575,-9180,962,179,100,0,5
Singapore,20,91.575,-9226,855,159,100,0,5
Singapore,20,91.575,-9255,797,139,100,0,4
Singapore,20,91.575,-9281,748,123,100,0,4
Singapore,20,91.575,-9362,624,98,100,0,2
Singapore,20,91.575,-9502,528,86,100,0,2
Singapore,20,91.575,-9569,529,81,100,0,2
Singapore,20,91.575,-9625,551,75,0,18,2
Singapore,20,91.575,-9666,575,76,0,30,2
Singapore,20,91.575,-9764,659,79,0,30,2
Singapore,20,91.575,-9795,690,88,0,52,2
Singapore,20,91.575,-9825,723,94,0,59,2
Singapore,20,91.575,-9893,801,100,0,59,2
Singapore,20,91.575,-9893,801,112,0,59,3
Singapore,20,91.575,-9950,876,120,0,77,3
Singapore,20,91.575,-9993,934,124,0,100,3
Singapore,20,91.575,-10045,1002,146,0,100,3
Singapore,20,91.575,-10159,1144,165,0,100,3
Singapore,20,91.575,-10251,1249,178,0,100,4
Singapore,20,91.575,-10356,1361,182,0,100,4
Singapore,20,91.575,-10356,1361,187,100,100,4
Singapore,20,91.575,-10510,1497,180,100,0,4
Singapore,20,91.575,-10595,1553,161,100,0,4
Singapore,20,91.575,-10653,1584,156,100,0,4
Singapore,20,91.575,-10820,1644,146,100,0,4
Singapore,20,91.575,-10820,1644,141,100,0,4
Singapore,20,91.575,-10955,1659,137,100,0,4
Singapore,20,91.575,-10955,1659,136,0,0,4
Singapore,20,91.575,-11034,1647,133,0,3,4
Singapore,20,91.575,-11103,1624,130,0,44,4
Singapore,20,91.575,-11232,1551,136,0,60,4
Singapore,20,91.575,-11289,1502,140,0,69,4
Singapore,20,91.575,-11381,1400,146,0,79,4
Singapore,20,91.575,-11446,1310,150,0,99,4
Singapore,20,91.575,-11446,1310,162,0,100,4
Singapore,20,91.575,-11515,1204,175,0,100,4
Singapore,20,91.575,-11627,1008,191,0,100,4
Singapore,20,91.575,-11668,928,198,0,100,5
Singapore,20,91.575,-11770,727,211,0,100,5
Singapore,20,91.575,-11812,643,217,0,100,5
Singapore,20,91.575,-11897,476,223,0,100,5
Singapore,20,91.575,-12059,165,234,0,99,6
Singapore,20,91.575,-12179,-56,241,0,99,6
Singapore,20,91.575,-12179,-56,242,0,99,6
Singapore,20,91.575,-12257,-198,247,0,99,6
Singapore,20,91.575,-12345,-354,252,0,99,6
Singapore,20,91.575,-12444,-539,253,0,100,6
Singapore,20,91.575,-12529,-695,259,0,99,6
Singapore,20,91.575,-12617,-853,262,0,99,7
Singapore,20,91.575,-12726,-1035,263,0,99,7
Singapore,20,91.575,-12789,-1134,265,0,99,7
Singapore,20,91.575,-12856,-1232,266,0,99,7
Singapore,20,91.575,-13012,-1474,267,0,99,7
Singapore,20,91.575,-13012,-1474,222,100,0,7
Singapore,20,91.575,-13113,-1645,209,100,0,7
Singapore,20,91.575,-13113,-1645,187,100,0,7
Singapore,20,91.575,-13197,-1844,170,100,0,7
Singapore,20,91.575,-13197,-1844,160,100,0,5
Singapore,20,91.575,-13198,-1998,148,0,0,4
Singapore,20,91.575,-13164,-2155,143,0,7,4
Singapore,20,91.575,-13164,-2155,140,0,47,4
Singapore,20,91.575,-13135,-2235,141,0,48,4
Singapore,20,91.575,-13084,-2333,143,0,52,4
Singapore,20,91.575,-13039,-2399,145,0,61,4
Singapore,20,91.575,-12935,-2507,151,0,63,4
Singapore,20,91.575,-12798,-2600,162,0,86,4
Singapore,20,91.575,-12798,-2600,170,0,100,4
Singapore,20,91.575,-12625,-2678,178,100,100,4
Singapore,20,91.575,-12516,-2715,164,100,29,4
Singapore,20,91.575,-12408,-2755,139,100,0,4
Singapore,20,91.575,-12336,-2802,127,100,0,3
Singapore,20,91.575,-12279,-2871,118,100,0,3
Singapore,20,91.575,-12220,-3021,109,0,30,3
Singapore,20,91.575,-12208,-3068,113,0,41,3
Singapore,20,91.575,-12180,-3209,118,0,59,3
Singapore,20,91.575,-12170,-3271,138,0,100,3
Singapore,20,91.575,-12139,-3455,150,0,100,3
Singapore,20,91.575,-12139,-3455,154,0,100,3
Singapore,20,91.575,-12095,-3607,162,0,87,3
Singapore,20,91.575,-12095,-3607,170,0,75,4
Singapore,20,91.575,-11946,-3787,175,0,76,4
Singapore,20,91.575,-11828,-3886,183,0,83,4
Singapore,20,91.575,-11771,-3932,190,0,100,4
Singapore,20,91.575,-11618,-4054,190,0,99,4
Singapore,20,91.575,-11618,-4054,199,0,100,5
Singapore,20,91.575,-11504,-4150,205,0,100,5
Singapore,20,91.575,-11504,-4150,211,0,100,5
Singapore,20,91.575,-11423,-4221,217,0,100,5
Singapore,20,91.575,-11320,-4322,219,0,100,5
Singapore,20,91.575,-11224,-4430,214,100,7,5
Singapore,20,91.575,-11075,-4652,172,100,0,5
Singapore,20,91.575,-11012,-4748,137,100,0,5
Singapore,20,91.575,-10976,-4793,120,100,0,4
Singapore,20,91.575,-10879,-4877,95,100,0,2
Singapore,20,91.575,-10703,-4878,66,0,5,2
Singapore,20,91.575,-10653,-4826,62,0,20,2
Singapore,20,91.575,-10638,-4801,65,0,28,2
Singapore,20,91.575,-10597,-4708,69,0,37,2
Singapore,20,91.575,-10597,-4708,74,0,43,2
Singapore,20,91.575,-10582,-4659,80,0,45,2
Singapore,20,91.575,-10582,-4659,83,0,51,2
Singapore,20,91.575,-10582,-4659,94,0,59,2
Singapore,20,91.575,-10549,-4507,107,0,72,2
Singapore,20,91.575,-10533,-4419,125,0,83,3
Singapore,20,91.575,-10514,-4297,141,0,99,3
Singapore,20,91.575,-10503,-4209,152,0,100,3
Singapore,20,91.575,-10469,-3948,177,0,100,4
Singapore,20,91.575,-10458,-3868,189,0,100,4
Singapore,20,91.575,-10444,-3769,194,0,100,4
Singapore,20,91.575,-10444,-3769,201,0,100,5
Singapore,20,91.575,-10412,-3565,212,0,100,5
Singapore,20,91.575,-10377,-3342,218,0,98,5
Singapore,20,91.575,-10342,-3126,225,0,98,5
Singapore,20,91.575,-10342,-3126,231,0,100,6
Singapore,20,91.575,-10304,-2888,240,0,100,6
Singapore,20,91.575,-10280,-2742,245,0,100,6
Singapore,20,91.575,-10249,-2572,250,0,100,6
Singapore,20,91.575,-10206,-2342,256,0,100,6
Singapore,20,91.575,-10161,-2115,261,0,100,6
Singapore,20,91.575,-10161,-2115,265,0,100,7
Singapore,20,91.575,-10135,-2000,267,0,100,7
Singapore,20,91.575,-10105,-1869,273,0,100,7
Singapore,20,91.575,-10013,-1498,275,0,100,7
Singapore,20,91.575,-10013,-1498,275,0,100,7
Singapore,20,91.575,-9963,-1311,279,0,100,7
Singapore,20,91.575,-9912,-1141,284,0,100,7
Singapore,20,91.575,-9852,-951,287,0,100,7
Singapore,20,91.575,-9778,-733,287,100,0,7
Singapore,20,91.575,-9695,-503,252,100,0,7
Singapore,20,91.575,-9593,-236,222,100,0,7
Singapore,20,91.575,-9593,-236,181,100,0,7
Singapore,20,91.575,-9545,-123,159,100,0,7
Singapore,20,91.575,-9545,-123,148,100,0,7
Singapore,20,91.575,-9485,-9,121,100,0,4
Singapore,20,91.575,-9430,59,110,100,0,3
Singapore,20,91.575,-9394,89,104,100,0,3
Singapore,20,91.575,-9322,122,99,0,0,3
Singapore,20,91.575,-9198,121,95,0,2,3
Singapore,20,91.575,-9198,121,89,0,16,3
Singapore,20,91.575,-9087,78,91,0,35,3
Singapore,20,91.575,-9068,67,98,0,44,3
Singapore,20,91.575,-9002,25,98,0,51,3
Singapore,20,91.575,-8960,-5,107,0,60,3
Singapore,20,91.575,-8881,-67,117,0,85,3
Singapore,20,91.575,-8836,-103,131,0,91,3
Singapore,20,91.575,-8709,-211,142,0,100,3
Singapore,20,91.575,-8597,-310,158,0,100,4
Singapore,20,91.575,-8517,-384,177,0,100,4
Singapore,20,91.575,-8398,-498,189,0,100,4
Singapore,20,91.575,-8259,-631,196,0,100,5
Singapore,20,91.575,-8135,-745,216,0,100,5
Singapore,20,91.575,-7970,-889,223,0,100,5
Singapore,20,91.575,-7834,-1000,229,0,100,6
Singapore,20,91.575,-7747,-1067,235,0,100,6
Singapore,20,91.575,-7585,-1177,239,0,100,6
Singapore,20,91.575,-7372,-1291,246,0,100,6
Singapore,20,91.575,-7206,-1356,249,0,99,6
Singapore,20,91.575,-7100,-1387,253,0,99,6
Singapore,20,91.575,-6892,-1425,254,0,99,6
Singapore,20,91.575,-6742,-1441,256,0,99,6
Singapore,20,91.575,-6517,-1455,260,0,99,7
Singapore,20,91.575,-6337,-1467,262,0,100,7
Singapore,20,91.575,-6212,-1475,266,0,100,7
Singapore,20,91.575,-6065,-1485,270,0,100,7
Singapore,20,91.575,-5930,-1493,270,0,99,7
Singapore,20,91.575,-5537,-1520,275,0,99,7
Singapore,20,91.575,-5444,-1526,277,0,100,7
Singapore,20,91.575,-5329,-1533,279,0,99,7
Singapore,20,91.575,-4981,-1556,280,0,100,7
Singapore,20,91.575,-4739,-1570,281,0,100,7
Singapore,20,91.575,-4676,-1573,285,0,99,7
Singapore,20,91.575,-4311,-1591,286,0,100,7
Singapore,20,91.575,-4127,-1596,287,0,99,7
Singapore,20,91.575,-3863,-1600,289,0,99,7
Singapore,20,91.575,-3718,-1604,290,0,99,7
Singapore,20,91.575,-3718,-1604,289,0,100,7
Singapore,20,91.575,-3134,-1624,251,100,0,7
Singapore,20,91.575,-2946,-1637,203,100,0,7
Singapore,20,91.575,-2848,-1646,163,100,0,7
Singapore,20,91.575,-2666,-1678,147,100,0,7
Singapore,20,91.575,-2666,-1678,136,100,0,5
Singapore,20,91.575,-2603,-1701,127,100,0,3
Singapore,20,91.575,-2538,-1745,119,100,0,3
Singapore,20,91.575,-2507,-1783,116,0,0,3
Singapore,20,91.575,-2473,-1859,111,0,40,3
Singapore,20,91.575,-2447,-1963,114,0,49,3
Singapore,20,91.575,-2401,-2111,123,0,65,3
Singapore,20,91.575,-2345,-2226,136,0,42,3
Singapore,20,91.575,-2258,-2351,134,0,45,3
Singapore,20,91.575,-2134,-2459,137,0,49,3
Singapore,20,91.575,-2067,-2498,140,0,54,3
Singapore,20,91.575,-1898,-2559,146,0,74,3
Singapore,20,91.575,-1898,-2559,152,0,83,3
Singapore,20,91.575,-1753,-2587,160,0,100,3
Singapore,20,91.575,-1603,-2603,178,0,100,4
Singapore,20,91.575,-1538,-2606,189,0,100,4
Singapore,20,91.575,-1439,-2609,196,0,100,4
Singapore,20,91.575,-1078,-2613,206,0,100,5
Singapore,20,91.575,-1078,-2613,215,0,100,5
Singapore,20,91.575,-868,-2618,223,0,100,5
Singapore,20,91.575,-719,-2624,228,0,100,5
Singapore,20,91.575,-533,-2633,235,0,100,6
Singapore,20,91.575,-161,-2657,241,0,100,6
Singapore,20,91.575,222,-2673,249,0,100,6
Singapore,20,91.575,450,-2648,246,100,0,6
Singapore,20,91.575,583,-2603,215,0,1,6
Singapore,20,91.575,792,-2455,211,0,69,5
Singapore,20,91.575,865,-2377,210,0,81,5
Singapore,20,91.575,1011,-2164,216,0,100,5
Singapore,20,91.575,1011,-2164,219,0,100,5
Singapore,20,91.575,1104,-1970,224,0,100,5
Singapore,20,91.575,1141,-1854,232,0,100,6
Singapore,20,91.575,1167,-1747,233,0,100,6
Singapore,20,91.575,1196,-1458,239,0,100,6
Singapore,20,91.575,1195,-1356,243,0,100,6
Singapore,20,91.575,1177,-1089,247,0,100,6
Singapore,20,91.575,1177,-1089,249,0,100,6
Singapore,20,91.575,1148,-873,256,0,100,6
Singapore,20,91.575,1099,-581,262,0,100,6
Singapore,22,91.991,1043,-240,263,0,100,6
Singapore,22,91.991,1012,-47,271,0,100,7
Singapore,22,91.991,979,161,274,0,100,7
Singapore,22,91.991,958,298,278,0,100,7
Singapore,22,91.991,909,622,282,0,100,7
Singapore,22,91.991,885,794,285,0,100,7
Singapore,22,91.991,851,1031,288,0,100,7
Singapore,22,91.991,825,1222,291,0,100,7
Singapore,22,91.991,775,1609,293,0,100,7
Singapore,22,91.991,746,1846,295,0,100,7
Singapore,22,91.991,746,1846,296,0,100,7
Singapore,22,91.991,713,2111,299,0,100,8
Singapore,22,91.991,606,3000,301,100,0,8
Singapore,22,91.991,567,3194,211,100,0,8
Singapore,22,91.991,495,3388,168,100,0,8
Singapore,22,91.991,479,3417,146,100,0,8
Singapore,22,91.991,374,3534,133,100,0,6
Singapore,22,91.991,316,3571,129,0,0,4
Singapore,22,91.991,218,3608,123,0,41,2
Singapore,22,91.991,178,3619,122,0,56,2
Singapore,22,91.991,115,3633,128,0,76,3
Singapore,22,91.991,-32,3663,137,0,86,3
Singapore,22,91.991,-140,3695,151,0,76,3
Singapore,22,91.991,-222,3736,156,0,74,3
Singapore,22,91.991,-324,3809,159,0,60,3
Singapore,22,91.991,-324,3809,159,0,36,3
Singapore,22,91.991,-435,3903,157,100,20,3
Singapore,22,91.991,-518,3974,135,100,0,3
Singapore,22,91.991,-578,4020,124,100,0,3
Singapore,22,91.991,-578,4020,115,100,0,3
Singapore,22,91.991,-673,4073,105,100,0,3
Singapore,22,91.991,-731,4088,103,100,0,3
Singapore,22,91.991,-869,4072,97,0,0,3
Singapore,22,91.991,-920,4047,92,0,0,3
Singapore,22,91.991,-999,3971,89,0,48,3
Singapore,22,91.991,-1049,3884,98,0,60,3
Singapore,22,91.991,-1089,3765,104,0,72,3
Singapore,22,91.991,-1089,3765,113,0,79,3
Singapore,22,91.991,-1100,3721,126,0,91,3
Singapore,22,91.991,-1127,3545,131,0,95,3
Singapore,22,91.991,-1133,3399,147,0,100,3
Singapore,22,91.991,-1127,3288,165,0,100,3
Singapore,22,91.991,-1127,3288,174,0,100,4
Singapore,22,91.991,-1096,3079,186,0,100,4
Singapore,22,91.991,-1022,2821,193,0,100,4
Singapore,22,91.991,-1022,2821,196,0,100,4
Singapore,22,91.991,-972,2684,207,0,100,4
Singapore,22,91.991,-972,2684,210,0,100,5
Singapore,22,91.991,-857,2406,210,0,100,5
Singapore,22,91.991,-754,2161,226,0,100,5
Singapore,22,91.991,-754,2161,230,0,100,5
Singapore,22,91.991,-725,2089,231,0,100,5
Singapore,22,91.991,-662,1931,236,0,100,6
Singapore,22,91.991,-598,1756,243,0,100,6
Singapore,22,91.991,-494,1402,250,0,100,6
Singapore,22,91.991,-444,1130,252,100,0,6
Singapore,22,91.991,-429,854,216,100,0,6
Singapore,22,91.991,-437,704,191,100,0,4
Singapore,22,91.991,-437,704,182,100,0,4
Singapore,22,91.991,-461,581,174,100,0,4
Singapore,22,91.991,-498,488,164,0,3,4
Singapore,22,91.991,-775,255,156,0,51,4
Singapore,22,91.991,-775,255,155,0,70,4
Singapore,22,91.991,-879,220,161,0,88,4
Singapore,22,91.991,-1018,188,172,0,100,4
Singapore,22,91.991,-1126,171,178,0,100,4
Singapore,22,91.991,-1379,153,189,0,100,4
Singapore,22,91.991,-1477,152,195,0,100,4
Singapore,22,91.991,-1536,154,202,0,100,4
Singapore,22,91.991,-1536,154,207,0,100,5
Singapore,22,91.991,-1701,163,218,0,100,5
Singapore,22,91.991,-1885,180,223,0,100,5
Singapore,22,91.991,-2062,197,230,0,100,5
Singapore,22,91.991,-2062,197,232,0,100,5
Singapore,22,91.991,-2364,223,242,0,100,5
Singapore,22,91.991,-2686,251,249,0,100,6
Singapore,22,91.991,-2686,251,258,0,100,6
Singapore,22,91.991,-2888,267,261,0,100,6
Singapore,22,91.991,-3124,285,266,0,100,6
Singapore,22,91.991,-3258,294,269,0,100,7
Singapore,22,91.991,-3516,315,276,0,100,7
Singapore,22,91.991,-3732,332,277,0,100,7
Singapore,22,91.991,-3998,354,283,0,100,7
Singapore,22,91.991,-4093,361,285,0,100,7
Singapore,22,91.991,-4283,377,286,0,100,7
Singapore,22,91.991,-4539,399,286,0,100,7
Singapore,22,91.991,-4765,424,294,0,100,7
Singapore,22,91.991,-4958,453,294,0,100,7
Singapore,22,91.991,-5180,501,294,0,100,7
Singapore,22,91.991,-5399,569,296,0,100,8
Singapore,22,91.991,-5553,631,297,0,100,8
Singapore,22,91.991,-5851,782,299,0,100,8
Singapore,22,91.991,-6040,892,300,0,100,8
Singapore,22,91.991,-6040,892,301,0,100,8
Singapore,22,91.991,-6343,1074,303,0,100,8
Singapore,22,91.991,-6430,1127,306,0,100,8
Singapore,22,91.991,-6948,1446,307,0,100,8
Singapore,22,91.991,-6948,1446,308,0,100,8
Singapore,22,91.991,-7135,1568,309,0,100,8
Singapore,22,91.991,-7336,1700,308,0,100,8
Singapore,22,91.991,-7554,1846,272,100,0,8
Singapore,22,91.991,-7794,2003,237,100,0,8
Singapore,22,91.991,-7794,2003,191,100,0,8
Singapore,22,91.991,-7924,2064,181,100,0,8
Singapore,22,91.991,-8027,2102,157,100,0,8
Singapore,22,91.991,-8097,2123,144,100,0,6
Singapore,22,91.991,-8178,2139,136,100,0,4
Singapore,22,91.991,-8200,2142,132,100,0,3
Singapore,22,91.991,-8200,2142,124,0,1,3
Singapore,22,91.991,-8524,2045,122,0,1,3
Singapore,22,91.991,-8524,2045,114,0,46,3
Singapore,22,91.991,-8554,2019,115,0,61,3
Singapore,22,91.991,-8593,1981,122,0,65,3
Singapore,22,91.991,-8658,1908,128,0,82,3
Singapore,22,91.991,-8700,1856,133,0,85,3
Singapore,22,91.991,-8747,1793,140,0,85,3
Singapore,22,91.991,-8809,1702,149,0,100,3
Singapore,22,91.991,-8809,1702,159,0,100,3
Singapore,22,91.991,-8886,1581,163,0,100,3
Singapore,22,91.991,-8980,1407,179,0,100,3
Singapore,22,91.991,-9015,1334,193,0,100,4
Singapore,22,91.991,-9015,1334,196,0,100,4
Singapore,22,91.991,-9120,1103,204,0,100,4
Singapore,22,91.991,-9213,886,184,100,0,4
Singapore,22,91.991,-9268,772,139,100,0,3
Singapore,22,91.991,-9324,676,119,100,0,3
Singapore,22,91.991,-9357,631,114,100,0,3
Singapore,22,91.991,-9414,571,101,100,0,3
Singapore,22,91.991,-9473,537,93,100,0,3
Singapore,22,91.991,-9521,525,85,0,0,3
Singapore,22,91.991,-9602,540,81,0,0,3
Singapore,22,91.991,-9648,564,75,0,17,3
Singapore,22,91.991,-9734,631,76,0,38,3
Singapore,22,91.991,-9774,669,83,0,57,3
Singapore,22,91.991,-9788,683,85,0,58,3
Singapore,22,91.991,-9834,733,98,0,72,3
Singapore,22,91.991,-9903,814,107,0,73,3
Singapore,22,91.991,-9949,876,116,0,84,3
Singapore,22,91.991,-10001,945,129,0,100,3
Singapore,22,91.991,-10151,1135,154,0,100,3
Singapore,22,91.991,-10151,1135,163,0,100,3
Singapore,22,91.991,-10418,1420,189,100,0,4
Singapore,22,91.991,-10547,1523,173,100,0,4
Singapore,22,91.991,-10633,1574,161,100,0,4
Singapore,22,91.991,-10710,1609,149,100,0,4
Singapore,22,91.991,-10802,1639,140,100,0,4
Singapore,22,91.991,-10928,1659,135,0,0,4
Singapore,22,91.991,-11033,1647,128,0,27,4
Singapore,22,91.991,-11184,1582,129,0,69,4
Singapore,22,91.991,-11331,1459,144,0,85,4
Singapore,22,91.991,-11359,1427,152,0,89,4
Singapore,22,91.991,-11489,1246,168,0,100,4
Singapore,22,91.991,-11550,1146,177,0,100,4
Singapore,22,91.991,-11650,964,191,0,100,4
Singapore,22,91.991,-11695,877,198,0,100,4
Singapore,22,91.991,-11735,797,204,0,100,4
Singapore,22,91.991,-11787,694,210,0,100,4
Singapore,22,91.991,-11890,491,224,0,100,5
Singapore,22,91.991,-11999,279,226,0,100,5
Singapore,22,91.991,-12083,119,233,0,100,5
Singapore,22,91.991,-12159,-19,237,0,100,6
Singapore,22,91.991,-12243,-172,246,0,100,6
Singapore,22,91.991,-12324,-316,249,0,100,6
Singapore,22,91.991,-12430,-512,253,0,100,6
Singapore,22,91.991,-12490,-624,255,0,100,6
Singapore,22,91.991,-12573,-774,257,0,100,6
Singapore,22,91.991,-12674,-949,261,0,100,6
Singapore,22,91.991,-12798,-1147,263,0,100,6
Singapore,22,91.991,-12971,-1407,267,0,36,6
Singapore,22,91.991,-13050,-1538,215,100,0,6
Singapore,22,91.991,-13107,-1634,192,100,0,6
Singapore,22,91.991,-13178,-1773,164,100,0,4
Singapore,22,91.991,-13136,-2231,150,0,0,4
Singapore,22,91.991,-13136,-2231,145,0,5,4
Singapore,22,91.991,-13136,-2231,139,0,15,4
Singapore,22,91.991,-13136,-2231,135,0,50,4
Singapore,22,91.991,-13091,-2320,138,0,67,4
Singapore,22,91.991,-13091,-2320,142,0,71,4
Singapore,22,91.991,-13033,-2407,148,0,79,4
Singapore,22,91.991,-12977,-2469,154,0,85,4
Singapore,22,91.991,-12788,-2605,163,0,86,4
Singapore,22,91.991,-12788,-2605,172,0,96,4
Singapore,22,91.991,-12678,-2657,178,0,0,4
Singapore,22,91.991,-12570,-2697,175,100,0,4
Singapore,22,91.991,-12411,-2754,135,100,0,3
Singapore,22,91.991,-12307,-2833,124,100,0,3
Singapore,22,91.991,-12264,-2898,116,100,1,3
Singapore,22,91.991,-12216,-3034,111,0,13,3
Singapore,22,91.991,-12157,-3349,138,0,100,3
Singapore,22,91.991,-12157,-3349,143,0,100,3
Singapore,22,91.991,-12120,-3540,156,0,95,3
Singapore,22,91.991,-12115,-3557,166,0,86,4
Singapore,22,91.991,-11989,-3748,179,0,100,4
Singapore,22,91.991,-11814,-3898,183,0,100,4
Singapore,22,91.991,-11814,-3898,187,0,100,4
Singapore,22,91.991,-11746,-3951,197,0,100,4
Singapore,22,91.991,-11495,-4158,205,0,100,4
Singapore,22,91.991,-11495,-4158,212,0,100,5
Singapore,22,91.991,-11398,-4245,215,0,100,5
Singapore,22,91.991,-11230,-4424,217,0,0,5
Singapore,22,91.991,-11230,-4424,211,100,0,5
Singapore,22,91.991,-11145,-4542,197,100,0,5
Singapore,22,91.991,-11085,-4636,172,100,0,5
Singapore,22,91.991,-11042,-4705,128,100,0,3
Singapore,22,91.991,-10953,-4819,108,100,0,2
Singapore,22,91.991,-10871,-4882,98,100,0,2
Singapore,22,91.991,-10871,-4882,94,100,0,2
Singapore,22,91.991,-10824,-4901,85,100,0,2
Singapore,22,91.991,-10768,-4905,75,0,0,2
Singapore,22,91.991,-10720,-4889,69,0,0,2
Singapore,22,91.991,-10720,-4889,66,0,0,2
Singapore,22,91.991,-10687,-4865,65,0,3,2
Singapore,22,91.991,-10662,-4838,65,0,35,2
Singapore,22,91.991,-10635,-4796,69,0,38,2
Singapore,22,91.991,-10607,-4736,75,0,54,2
Singapore,22,91.991,-10594,-4698,82,0,57,2
Singapore,22,91.991,-10573,-4622,96,0,70,2
Singapore,22,91.991,-10550,-4511,105,0,78,2
Singapore,22,91.991,-10536,-4433,119,0,94,2
Singapore,22,91.991,-10527,-4382,129,0,100,2
Singapore,22,91.991,-10503,-4213,146,0,100,2
Singapore,22,91.991,-10492,-4124,166,0,100,3
Singapore,22,91.991,-10471,-3960,175,0,100,3
Singapore,22,91.991,-10445,-3783,187,0,100,4
Singapore,22,91.991,-10434,-3707,199,0,100,4
Singapore,22,91.991,-10411,-3561,209,0,100,4
Singapore,22,91.991,-10375,-3336,222,0,100,5
Singapore,22,91.991,-10334,-3074,235,0,100,5
Singapore,22,91.991,-10300,-2867,237,0,100,5
Singapore,22,91.991,-10283,-2761,244,0,100,6
Singapore,22,91.991,-10261,-2639,248,0,100,6
Singapore,22,91.991,-10219,-2406,252,0,100,6
Singapore,22,91.991,-10188,-2252,256,0,100,6
Singapore,22,91.991,-10151,-2068,259,0,100,6
Singapore,22,91.991,-10128,-1968,262,0,100,6
Singapore,22,91.991,-10056,-1665,267,0,100,7
Singapore,22,91.991,-10056,-1665,270,0,100,7
Singapore,22,91.991,-9992,-1417,275,0,100,7
Singapore,22,91.991,-9939,-1231,278,0,100,7
Singapore,22,91.991,-9928,-1194,280,0,100,7
Singapore,22,91.991,-9824,-866,282,0,100,7
Singapore,22,91.991,-9762,-688,283,0,100,7
Singapore,22,91.991,-9696,-504,247,100,0,7
Singapore,22,91.991,-9644,-367,247,100,0,7
Singapore,22,91.991,-9596,-244,188,100,0,7
Singapore,22,91.991,-9531,-94,147,100,0,5
Singapore,22,91.991,-9475,4,124,100,0,3
Singapore,22,91.991,-9396,87,112,100,0,3
Singapore,22,91.991,-9341,116,99,100,0,3
Singapore,22,91.991,-9341,116,94,0,0,3
Singapore,22,91.991,-9180,116,88,0,0,3
Singapore,22,91.991,-9143,104,86,0,39,3
Singapore,22,91.991,-9071,68,90,0,52,3
Singapore,22,91.991,-8999,22,97,0,57,3
Singapore,22,91.991,-8942,-19,103,0,71,3
Singapore,22,91.991,-8882,-66,115,0,79,3
Singapore,22,91.991,-8882,-66,124,0,86,3
Singapore,22,91.991,-8806,-129,134,0,100,3
Singapore,22,91.991,-8634,-277,151,0,100,3
Singapore,22,91.991,-8537,-365,170,0,100,3
Singapore,22,91.991,-8400,-496,182,0,100,3
Singapore,22,91.991,-8339,-554,193,0,100,4
Singapore,22,91.991,-8251,-638,200,0,100,4
Singapore,22,91.991,-8160,-722,203,0,100,4
Singapore,22,91.991,-8160,-722,212,0,100,5
Singapore,22,91.991,-7693,-1106,223,0,100,5
Singapore,22,91.991,-7693,-1106,232,0,100,5
Singapore,22,91.991,-7482,-1237,239,0,100,6
Singapore,22,91.991,-7387,-1285,245,0,100,6
Singapore,22,91.991,-7197,-1359,248,0,100,6
Singapore,22,91.991,-7197,-1359,248,0,100,6
Singapore,22,91.991,-6827,-1433,254,0,100,6
Singapore,22,91.991,-6770,-1439,256,0,100,6
Singapore,22,91.991,-6564,-1453,259,0,100,6
Singapore,22,91.991,-6346,-1466,261,0,100,6
Singapore,22,91.991,-6156,-1479,264,0,100,6
Singapore,22,91.991,-6156,-1479,266,0,100,7
Singapore,22,91.991,-5785,-1503,270,0,100,7
Singapore,22,91.991,-5544,-1519,271,0,100,7
Singapore,22,91.991,-5544,-1519,273,0,100,7
Singapore,22,91.991,-5209,-1541,274,0,100,7
Singapore,22,91.991,-5071,-1550,277,0,100,7
Singapore,22,91.991,-5071,-1550,278,0,100,7
Singapore,22,91.991,-4700,-1572,280,0,100,7
Singapore,22,91.991,-4700,-1572,281,0,100,7
Singapore,22,91.991,-4497,-1582,282,0,100,7
Singapore,22,91.991,-4340,-1590,283,0,100,7
Singapore,22,91.991,-4088,-1597,284,0,100,7
Singapore,22,91.991,-3898,-1599,285,0,100,7
Singapore,22,91.991,-3692,-1605,286,0,100,7
Singapore,22,91.991,-3311,-1615,286,0,100,7
Singapore,22,91.991,-3013,-1632,226,100,0,7
Singapore,22,91.991,-2903,-1641,197,100,0,7
Singapore,22,91.991,-2903,-1641,173,100,0,7
Singapore,22,91.991,-2618,-1695,140,100,0,4
Singapore,22,91.991,-2572,-1718,132,100,0,3
Singapore,22,91.991,-2514,-1773,120,100,0,3
Singapore,22,91.991,-2479,-1842,113,0,0,3
Singapore,22,91.991,-2462,-1900,108,0,18,3
Singapore,22,91.991,-2425,-2044,105,0,52,3
Singapore,22,91.991,-2396,-2122,117,0,74,3
Singapore,22,91.991,-2339,-2236,129,0,74,3
Singapore,22,91.991,-2281,-2323,137,0,54,4
Singapore,22,91.991,-2241,-2369,140,0,55,4
Singapore,22,91.991,-2121,-2468,145,0,76,4
Singapore,22,91.991,-2003,-2527,150,0,77,4
Singapore,22,91.991,-2003,-2527,155,0,77,4
Singapore,22,91.991,-2003,-2527,163,0,100,4
Singapore,22,91.991,-1584,-2604,174,0,100,4
Singapore,22,91.991,-1584,-2604,183,0,100,4
Singapore,22,91.991,-1423,-2610,193,0,100,4
Singapore,22,91.991,-1423,-2610,198,0,100,4
Singapore,22,91.991,-1233,-2611,207,0,100,4
Singapore,22,91.991,-1058,-2613,212,0,100,5
Singapore,22,91.991,-961,-2615,216,0,100,5
Singapore,22,91.991,-851,-2619,220,0,100,5
Singapore,22,91.991,-738,-2623,227,0,100,5
Singapore,22,91.991,-624,-2628,229,0,100,5
Singapore,22,91.991,-483,-2636,235,0,100,5
Singapore,22,91.991,-378,-2642,238,0,100,6
Singapore,22,91.991,-192,-2655,244,0,100,6
Singapore,22,91.991,-83,-2663,246,0,100,6
Singapore,22,91.991,202,-2674,233,100,0,6
Singapore,22,91.991,484,-2639,222,0,0,5
Singapore,22,91.991,592,-2598,213,0,31,5
Singapore,22,91.991,822,-2424,207,0,83,5
Singapore,22,91.991,938,-2280,212,0,100,5
Singapore,22,91.991,1072,-2046,221,0,100,5
Singapore,22,91.991,1114,-1943,223,0,100,5
Singapore,22,91.991,1144,-1846,230,0,100,5
Singapore,22,91.991,1188,-1591,232,0,100,5
Singapore,22,91.991,1195,-1485,234,0,100,5
Singapore,22,91.991,1194,-1314,240,0,100,5
Singapore,22,91.991,1183,-1148,243,0,100,6
Singapore,22,91.991,1170,-1024,247,0,100,6
Singapore,22,91.991,1170,-1024,251,0,100,6
Singapore,22,91.991,1118,-691,259,0,100,6
Singapore,22,91.991,1087,-510,264,0,100,6
Singapore,23,92.668,1042,-234,268,0,100,7
Singapore,23,92.668,1003,5,275,0,100,7
Singapore,23,92.668,972,203,278,0,100,7
Singapore,23,92.668,949,358,283,0,100,7
Singapore,23,92.668,914,593,287,0,100,8
Singapore,23,92.668,870,895,291,0,100,8
Singapore,23,92.668,841,1105,294,0,100,8
Singapore,23,92.668,841,1105,296,0,100,8
Singapore,23,92.668,815,1301,300,0,100,8
Singapore,23,92.668,770,1648,299,0,100,8
Singapore,23,92.668,770,1648,301,0,100,8
Singapore,23,92.668,727,1995,303,0,100,8
Singapore,23,92.668,707,2165,305,0,100,8
Singapore,23,92.668,673,2470,308,0,100,8
Singapore,23,92.668,654,2638,305,100,36,8
Singapore,23,92.668,636,2790,305,100,0,8
Singapore,23,92.668,566,3196,220,100,0,7
Singapore,23,92.668,500,3383,182,100,0,7
Singapore,23,92.668,436,3475,154,100,0,5
Singapore,23,92.668,302,3579,148,100,0,4
Singapore,23,92.668,302,3579,145,0,0,4
Singapore,23,92.668,151,3626,140,0,23,4
Singapore,23,92.668,151,3626,138,0,23,4
Singapore,23,92.668,26,3650,141,0,50,4
Singapore,23,92.668,-108,3684,149,0,64,4
Singapore,23,92.668,-240,3747,163,0,57,4
Singapore,23,92.668,-339,3821,161,100,0,4
Singapore,23,92.668,-380,3855,155,100,0,4
Singapore,23,92.668,-380,3855,150,100,0,4
Singapore,23,92.668,-531,3985,129,100,0,4
Singapore,23,92.668,-558,4006,119,100,0,4
Singapore,23,92.668,-616,4044,108,100,0,3
Singapore,23,92.668,-726,4087,102,100,0,3
Singapore,23,92.668,-832,4083,94,0,0,3
Singapore,23,92.668,-915,4049,89,0,0,3
Singapore,23,92.668,-974,4001,87,0,16,3
Singapore,23,92.668,-1038,3905,93,0,29,3
Singapore,23,92.668,-1064,3845,101,0,45,3
Singapore,23,92.668,-1094,3747,108,0,53,3
Singapore,23,92.668,-1110,3670,120,0,67,3
Singapore,23,92.668,-1122,3593,128,0,77,3
Singapore,23,92.668,-1132,3481,138,0,93,3
Singapore,23,92.668,-1132,3382,157,0,93,3
Singapore,23,92.668,-1125,3265,166,0,100,4
Singapore,23,92.668,-1094,3070,184,0,100,4
Singapore,23,92.668,-1060,2938,184,0,100,5
Singapore,23,92.668,-1006,2775,206,0,100,5
Singapore,23,92.668,-965,2666,212,0,100,5
Singapore,23,92.668,-908,2525,212,0,100,5
Singapore,23,92.668,-875,2446,228,0,100,6
Singapore,23,92.668,-815,2306,230,0,100,6
Singapore,23,92.668,-675,1966,238,0,100,6
Singapore,23,92.668,-675,1966,243,0,100,6
Singapore,23,92.668,-565,1657,249,0,100,6
Singapore,23,92.668,-565,1657,252,0,100,6
Singapore,23,92.668,-429,858,256,0,54,6
Singapore,23,92.668,-429,858,240,100,0,6
Singapore,23,92.668,-429,858,196,100,0,6
Singapore,23,92.668,-463,576,169,100,0,4
Singapore,23,92.668,-531,434,161,0,7,4
Singapore,23,92.668,-580,375,157,0,20,4
Singapore,23,92.668,-653,316,153,0,41,4
Singapore,23,92.668,-805,243,157,0,51,4
Singapore,23,92.668,-900,214,160,0,63,4
Singapore,23,92.668,-1037,184,167,0,76,4
Singapore,23,92.668,-1113,173,172,0,98,4
Singapore,23,92.668,-1363,153,179,0,100,4
Singapore,23,92.668,-1363,153,191,0,100,5
Singapore,23,92.668,-1602,156,198,0,100,5
Singapore,23,92.668,-1805,173,205,0,100,5
Singapore,23,92.668,-1945,186,212,0,100,5
Singapore,23,92.668,-2181,208,212,0,100,5
Singapore,23,92.668,-2389,226,238,0,100,6
Singapore,23,92.668,-2650,248,238,0,100,6
Singapore,23,92.668,-2650,248,253,0,100,6
Singapore,23,92.668,-2807,261,258,0,100,7
Singapore,23,92.668,-2981,275,260,0,100,7
Singapore,23,92.668,-3085,283,268,0,100,7
Singapore,23,92.668,-3355,302,273,0,100,7
Singapore,23,92.668,-3508,314,278,0,100,7
Singapore,23,92.668,-3708,330,280,0,100,7
Singapore,23,92.668,-3708,330,283,0,100,7
Singapore,23,92.668,-4023,356,286,0,100,8
Singapore,23,92.668,-4232,372,290,0,100,8
Singapore,23,92.668,-4458,392,293,0,100,8
Singapore,23,92.668,-4604,406,296,0,100,8
Singapore,23,92.668,-4947,451,297,0,100,8
Singapore,23,92.668,-5126,488,301,0,100,8
Singapore,23,92.668,-5367,557,303,0,100,8
Singapore,23,92.668,-5555,632,304,0,100,8
Singapore,23,92.668,-5920,821,308,0,100,8
Singapore,23,92.668,-6142,952,308,0,100,8
Singapore,23,92.668,-6142,952,308,0,100,8
Singapore,23,92.668,-6363,1086,311,0,100,8
Singapore,23,92.668,-7163,1586,317,0,100,8
Singapore,23,92.668,-7380,1729,290,100,0,8
Singapore,23,92.668,-7671,1926,254,100,0,8
Singapore,23,92.668,-7709,1951,194,100,0,8
Singapore,23,92.668,-7887,2048,163,100,0,6
Singapore,23,92.668,-7970,2082,163,100,0,6
Singapore,23,92.668,-8079,2118,138,100,0,4
Singapore,23,92.668,-8121,2128,134,100,0,3
Singapore,23,92.668,-8183,2140,126,100,0,3
Singapore,23,92.668,-8313,2143,119,0,0,3
Singapore,23,92.668,-8398,2121,116,0,5,3
Singapore,23,92.668,-8460,2091,113,0,27,3
Singapore,23,92.668,-8543,2029,116,0,37,3
Singapore,23,92.668,-8543,2029,117,0,54,3
Singapore,23,92.668,-8626,1945,123,0,71,3
Singapore,23,92.668,-8694,1864,135,0,82,3
Singapore,23,92.668,-8747,1793,143,0,86,3
Singapore,23,92.668,-8747,1793,149,0,100,4
Singapore,23,92.668,-8836,1661,167,0,100,4
Singapore,23,92.668,-8891,1572,176,0,100,4
Singapore,23,92.668,-9010,1345,188,0,100,4
Singapore,23,92.668,-9062,1235,198,0,100,5
Singapore,23,92.668,-9162,1004,209,100,1,5
Singapore,23,92.668,-9232,842,156,100,0,5
Singapore,23,92.668,-9302,711,138,100,0,5
Singapore,23,92.668,-9302,711,119,100,0,4
Singapore,23,92.668,-9325,675,103,100,0,3
Singapore,23,92.668,-9408,577,103,100,0,3
Singapore,23,92.668,-9477,536,94,100,0,2
Singapore,23,92.668,-9529,525,85,100,0,2
Singapore,23,92.668,-9529,525,81,0,0,2
Singapore,23,92.668,-9616,546,75,0,0,2
Singapore,23,92.668,-9707,607,75,0,14,2
Singapore,23,92.668,-9707,607,79,0,29,2
Singapore,23,92.668,-9761,656,83,0,36,2
Singapore,23,92.668,-9761,656,89,0,38,2
Singapore,23,92.668,-9853,754,95,0,52,2
Singapore,23,92.668,-9935,857,110,0,64,2
Singapore,23,92.668,-9935,857,116,0,69,2
Singapore,23,92.668,-9960,891,116,0,71,2
Singapore,23,92.668,-10019,968,135,0,79,3
Singapore,23,92.668,-10089,1058,155,0,98,3
Singapore,23,92.668,-10252,1251,178,0,100,4
Singapore,23,92.668,-10394,1397,185,100,79,4
Singapore,23,92.668,-10562,1533,174,100,0,4
Singapore,23,92.668,-10670,1592,159,100,0,4
Singapore,23,92.668,-10670,1592,151,100,1,4
Singapore,23,92.668,-10770,1630,144,100,0,4
Singapore,23,92.668,-10852,1651,133,100,0,4
Singapore,23,92.668,-11136,1608,126,0,0,4
Singapore,23,92.668,-11136,1608,121,0,26,4
Singapore,23,92.668,-11209,1566,123,0,43,4
Singapore,23,92.668,-11292,1499,130,0,61,4
Singapore,23,92.668,-11350,1437,140,0,72,4
Singapore,23,92.668,-11470,1275,148,0,91,4
Singapore,23,92.668,-11514,1205,160,0,100,4
Singapore,23,92.668,-11590,1077,174,0,100,4
Singapore,23,92.668,-11590,1077,174,0,100,4
Singapore,23,92.668,-11657,951,194,0,100,4
Singapore,23,92.668,-11730,806,201,0,100,5
Singapore,23,92.668,-11803,662,207,0,100,5
Singapore,23,92.668,-11803,662,211,0,100,5
Singapore,23,92.668,-11930,412,219,0,100,5
Singapore,23,92.668,-12066,152,225,0,100,6
Singapore,23,92.668,-12066,152,234,0,100,6
Singapore,23,92.668,-12153,-8,234,0,100,6
Singapore,23,92.668,-12258,-199,245,0,100,6
Singapore,23,92.668,-12319,-308,249,0,100,6
Singapore,23,92.668,-12434,-519,255,0,100,7
Singapore,23,92.668,-12529,-696,258,0,100,7
Singapore,23,92.668,-12651,-911,262,0,100,7
Singapore,23,92.668,-12696,-987,265,0,100,7
Singapore,23,92.668,-12791,-1137,267,0,100,7
Singapore,23,92.668,-12924,-1332,267,100,0,7
Singapore,23,92.668,-13029,-1502,224,100,0,7
Singapore,23,92.668,-13097,-1617,200,100,0,7
Singapore,23,92.668,-13161,-1734,180,100,0,7
Singapore,23,92.668,-13197,-1843,157,100,0,5
Singapore,23,92.668,-13203,-1926,149,100,0,4
Singapore,23,92.668,-13182,-2086,146,100,0,4
Singapore,23,92.668,-13156,-2182,138,0,6,4
Singapore,23,92.668,-13156,-2182,135,0,29,4
Singapore,23,92.668,-13087,-2327,138,0,53,4
Singapore,23,92.668,-13061,-2367,145,0,59,4
Singapore,23,92.668,-12892,-2540,153,0,61,4
Singapore,23,92.668,-12892,-2540,155,0,67,4
Singapore,23,92.668,-12791,-2604,170,0,83,4
Singapore,23,92.668,-12669,-2660,172,100,0,4
Singapore,23,92.668,-12533,-2709,152,100,0,4
Singapore,23,92.668,-12380,-2770,139,100,0,4
Singapore,23,92.668,-12380,-2770,125,100,0,3
Singapore,23,92.668,-12311,-2827,120,100,0,3
Singapore,23,92.668,-12267,-2891,115,0,0,3
Singapore,23,92.668,-12245,-2943,112,0,0,3
Singapore,23,92.668,-12223,-3008,109,0,14,3
Singapore,23,92.668,-12218,-3026,109,0,31,3
Singapore,23,92.668,-12218,-3026,113,0,42,3
Singapore,23,92.668,-12152,-3384,119,0,62,3
Singapore,23,92.668,-12152,-3384,133,0,81,3
Singapore,23,92.668,-12143,-3432,150,0,85,3
Singapore,23,92.668,-12130,-3500,158,0,84,3
Singapore,23,92.668,-12091,-3615,165,0,76,3
Singapore,23,92.668,-12048,-3683,167,0,83,4
Singapore,23,92.668,-11981,-3756,173,0,83,4
Singapore,23,92.668,-11879,-3844,179,0,90,4
Singapore,23,92.668,-11879,-3844,184,0,94,4
Singapore,23,92.668,-11750,-3948,188,0,92,5
Singapore,23,92.668,-11578,-4088,194,0,100,5
Singapore,23,92.668,-11503,-4151,210,0,100,5
Singapore,23,92.668,-11503,-4151,210,0,100,5
Singapore,23,92.668,-11325,-4316,215,100,0,5
Singapore,23,92.668,-11177,-4495,185,100,0,5
Singapore,23,92.668,-11104,-4607,141,100,0,5
Singapore,23,92.668,-11040,-4707,124,100,0,5
Singapore,23,92.668,-11008,-4753,111,100,0,3
Singapore,23,92.668,-10954,-4817,101,100,0,2
Singapore,23,92.668,-10900,-4863,95,100,0,2
Singapore,23,92.668,-10855,-4889,85,100,0,2
Singapore,23,92.668,-10778,-4906,80,100,0,2
Singapore,23,92.668,-10731,-4895,73,0,0,2
Singapore,23,92.668,-10658,-4833,70,0,0,2
Singapore,23,92.668,-10634,-4794,67,0,18,2
Singapore,23,92.668,-10626,-4779,71,0,23,2
Singapore,23,92.668,-10605,-4729,73,0,38,2
Singapore,23,92.668,-10580,-4649,83,0,37,2
Singapore,23,92.668,-10566,-4590,88,0,39,2
Singapore,23,92.668,-10553,-4526,98,0,55,2
Singapore,23,92.668,-10521,-4342,120,0,79,2
Singapore,23,92.668,-10521,-4342,123,0,84,2
Singapore,23,92.668,-10475,-3996,173,0,100,4
Singapore,23,92.668,-10452,-3829,182,0,100,4
Singapore,23,92.668,-10435,-3714,199,0,100,5
Singapore,23,92.668,-10418,-3605,199,0,100,5
Singapore,23,92.668,-10396,-3468,213,0,100,5
Singapore,23,92.668,-10364,-3265,220,0,100,6
Singapore,23,92.668,-10335,-3077,232,0,100,6
Singapore,23,92.668,-10285,-2775,243,0,100,6
Singapore,23,92.668,-10224,-2433,254,0,100,7
Singapore,23,92.668,-10210,-2362,259,0,100,7
Singapore,23,92.668,-10136,-2004,267,0,100,7
Singapore,23,92.668,-10096,-1829,270,0,100,7
Singapore,23,92.668,-10021,-1529,273,0,100,7
Singapore,23,92.668,-9984,-1386,278,0,100,7
Singapore,23,92.668,-9950,-1266,280,0,100,7
Singapore,23,92.668,-9901,-1103,286,0,100,7
Singapore,23,92.668,-9807,-815,289,0,100,7
Singapore,23,92.668,-9708,-538,267,100,0,7
Singapore,23,92.668,-9647,-375,219,100,0,7
Singapore,23,92.668,-9602,-259,179,100,0,7
Singapore,23,92.668,-9556,-147,157,100,0,7
Singapore,23,92.668,-9516,-64,128,100,0,6
Singapore,23,92.668,-9460,25,117,100,0,3
Singapore,23,92.668,-9425,64,110,100,0,3
Singapore,23,92.668,-9373,102,102,100,0,3
Singapore,23,92.668,-9305,125,97,100,0,3
Singapore,23,92.668,-9225,126,89,0,0,3
Singapore,23,92.668,-9127,97,86,0,17,3
Singapore,23,92.668,-9073,70,91,0,29,3
Singapore,23,92.668,-9028,42,95,0,39,3
Singapore,23,92.668,-8954,-10,112,0,59,3
Singapore,23,92.668,-8631,-280,128,0,76,3
Singapore,23,92.668,-8631,-280,138,0,85,3
Singapore,23,92.668,-8631,-280,143,0,89,3
Singapore,23,92.668,-8631,-280,143,0,100,3
Singapore,23,92.668,-8542,-361,168,0,100,4
Singapore,23,92.668,-8542,-361,173,0,100,4
Singapore,23,92.668,-8450,-448,181,0,100,4
Singapore,23,92.668,-8376,-519,190,0,100,4
Singapore,23,92.668,-8223,-665,200,0,100,5
Singapore,23,92.668,-8223,-665,210,0,100,5
Singapore,23,92.668,-8111,-766,215,0,100,5
Singapore,23,92.668,-8002,-862,225,0,100,6
Singapore,23,92.668,-7798,-1028,231,0,100,6
Singapore,23,92.668,-7583,-1179,238,0,100,6
Singapore,23,92.668,-7442,-1258,243,0,100,6
Singapore,23,92.668,-7147,-1375,250,0,100,7
Singapore,23,92.668,-6447,-1460,265,0,100,7
Singapore,23,92.668,-6447,-1460,266,0,100,7
Singapore,23,92.668,-6106,-1482,272,0,100,7
Singapore,23,92.668,-6076,-1484,272,0,100,7
Singapore,23,92.668,-5696,-1509,275,0,100,7
Singapore,23,92.668,-5356,-1532,279,0,100,7
Singapore,23,92.668,-5356,-1532,280,0,100,7
Singapore,23,92.668,-5231,-1540,282,0,100,7
Singapore,23,92.668,-4728,-1571,285,0,100,8
Singapore,23,92.668,-4728,-1571,286,0,100,8
Singapore,23,92.668,-4553,-1580,287,0,100,8
Singapore,23,92.668,-4216,-1594,288,0,100,8
Singapore,23,92.668,-4216,-1594,290,0,100,8
Singapore,23,92.668,-3990,-1598,290,0,100,8
Singapore,23,92.668,-3796,-1601,291,0,100,8
Singapore,23,92.668,-3634,-1606,292,0,100,8
Singapore,23,92.668,-3299,-1616,253,100,0,8
Singapore,23,92.668,-3072,-1628,235,100,0,8
Singapore,23,92.668,-3072,-1628,195,100,0,8
Singapore,23,92.668,-2958,-1636,195,100,0,7
Singapore,23,92.668,-2836,-1647,151,100,0,5
Singapore,23,92.668,-2736,-1661,142,100,0,4
Singapore,23,92.668,-2736,-1661,134,100,0,3
Singapore,23,92.668,-2661,-1679,130,100,0,3
Singapore,23,92.668,-2601,-1702,124,100,0,3
Singapore,23,92.668,-2537,-1747,120,100,0,3
Singapore,23,92.668,-2484,-1828,111,0,16,3
Singapore,23,92.668,-2466,-1883,111,0,26,3
Singapore,23,92.668,-2441,-1987,116,0,44,3
Singapore,23,92.668,-2393,-2130,124,0,59,3
Singapore,23,92.668,-2354,-2210,134,0,38,3
Singapore,23,92.668,-2328,-2255,135,0,36,3
Singapore,23,92.668,-2231,-2380,138,0,37,3
Singapore,23,92.668,-2174,-2430,138,0,45,3
Singapore,23,92.668,-2062,-2501,140,0,62,3
Singapore,23,92.668,-1925,-2552,151,0,69,4
Singapore,23,92.668,-1863,-2567,165,0,91,4
Singapore,23,92.668,-1742,-2589,174,0,100,4
Singapore,23,92.668,-1549,-2606,189,0,100,5
Singapore,23,92.668,-1275,-2611,207,0,100,5
Singapore,23,92.668,-1088,-2612,210,0,100,5
Singapore,23,92.668,-992,-2615,218,0,100,6
Singapore,23,92.668,-881,-2618,226,0,100,6
Singapore,23,92.668,-666,-2626,231,0,100,6
Singapore,23,92.668,-523,-2634,236,0,100,6
Singapore,23,92.668,-350,-2644,239,0,100,6
Singapore,23,92.668,-243,-2652,243,0,100,6
Singapore,23,92.668,44,-2670,245,0,100,6
Singapore,23,92.668,44,-2670,249,100,21,6
Singapore,23,92.668,255,-2672,236,100,0,6
Singapore,23,92.668,399,-2658,219,100,0,6
Singapore,23,92.668,422,-2654,219,100,0,5
Singapore,23,92.668,652,-2566,206,0,19,5
Singapore,23,92.668,761,-2484,201,0,70,5
Singapore,23,92.668,865,-2376,207,0,100,5
Singapore,23,92.668,939,-2279,211,0,100,5
Singapore,23,92.668,1002,-2179,217,0,100,6
Singapore,23,92.668,1100,-1981,223,0,100,6
Singapore,23,92.668,1158,-1787,230,0,100,6
Singapore,23,92.668,1193,-1529,236,0,100,6
Singapore,23,92.668,1196,-1368,240,0,100,6
Singapore,23,92.668,1196,-1368,242,0,100,6
Singapore,23,92.668,1151,-890,249,0,100,7
Singapore,23,92.668,1132,-778,254,0,100,7
Singapore,23,92.668,1097,-568,259,0,100,7
Singapore,23,92.668,1060,-344,263,0,100,7
Singapore,24,93.258,1056,-319,266,0,100,7
Singapore,24,93.258,1015,-67,273,0,100,7
Singapore,24,93.258,972,205,278,0,100,7
Singapore,24,93.258,939,420,282,0,100,7
Singapore,24,93.258,925,514,282,0,100,7
Singapore,24,93.258,925,514,284,0,100,7
Singapore,24,93.258,869,904,290,0,100,7
Singapore,24,93.258,858,984,290,0,100,7
Singapore,24,93.258,834,1161,294,0,100,7
Singapore,24,93.258,789,1502,297,0,100,8
Singapore,24,93.258,749,1816,299,0,100,8
Singapore,24,93.258,712,2122,302,0,100,8
Singapore,24,93.258,682,2390,304,0,100,8
Singapore,24,93.258,639,2768,275,100,0,8
Singapore,24,93.258,617,2936,230,100,0,8
Singapore,24,93.258,581,3133,194,100,0,8
Singapore,24,93.258,551,3250,167,100,0,7
Singapore,24,93.258,519,3340,151,100,0,5
Singapore,24,93.258,462,3443,145,100,0,4
Singapore,24,93.258,401,3512,140,100,0,4
Singapore,24,93.258,323,3568,135,0,12,4
Singapore,24,93.258,182,3618,132,0,54,4
Singapore,24,93.258,85,3639,137,0,64,4
Singapore,24,93.258,-62,3670,143,0,82,4
Singapore,24,93.258,-141,3696,156,0,65,4
Singapore,24,93.258,-240,3747,162,0,62,4
Singapore,24,93.258,-292,3783,165,0,59,4
Singapore,24,93.258,-351,3831,165,100,52,4
Singapore,24,93.258,-534,3987,143,100,0,4
Singapore,24,93.258,-534,3987,127,100,0,4
Singapore,24,93.258,-665,4070,107,100,0,3
Singapore,24,93.258,-665,4070,101,100,0,3
Singapore,24,93.258,-943,4030,93,100,0,3
Singapore,24,93.258,-943,4030,90,0,3,3
Singapore,24,93.258,-943,4030,87,0,23,3
Singapore,24,93.258,-1034,3915,96,0,53,3
Singapore,24,93.258,-1073,3820,108,0,64,3
Singapore,24,93.258,-1089,3766,114,0,67,3
Singapore,24,93.258,-1105,3698,116,0,71,3
Singapore,24,93.258,-1125,3568,130,0,87,3
Singapore,24,93.258,-1131,3484,146,0,86,3
Singapore,24,93.258,-1131,3358,151,0,100,3
Singapore,24,93.258,-1127,3286,171,0,100,3
Singapore,24,93.258,-1087,3042,182,0,100,4
Singapore,24,93.258,-1087,3042,182,0,100,4
Singapore,24,93.258,-1021,2818,200,0,100,4
Singapore,24,93.258,-948,2623,208,0,100,5
Singapore,24,93.258,-893,2489,223,0,100,5
Singapore,24,93.258,-795,2260,227,0,100,5
Singapore,24,93.258,-716,2070,234,0,100,6
Singapore,24,93.258,-626,1835,240,0,100,6
Singapore,24,93.258,-626,1835,240,0,100,6
Singapore,24,93.258,-577,1695,244,0,100,6
Singapore,24,93.258,-529,1538,250,0,100,6
Singapore,24,93.258,-504,1445,253,0,100,6
Singapore,24,93.258,-456,1211,255,0,100,6
Singapore,24,93.258,-438,1072,235,100,0,6
Singapore,24,93.258,-429,910,210,100,0,6
Singapore,24,93.258,-429,910,192,100,0,6
Singapore,24,93.258,-438,699,178,100,0,5
Singapore,24,93.258,-461,581,174,100,0,5
Singapore,24,93.258,-509,468,164,0,2,5
Singapore,24,93.258,-553,404,159,0,2,5
Singapore,24,93.258,-693,292,156,0,55,5
Singapore,24,93.258,-782,252,157,0,63,5
Singapore,24,93.258,-912,211,160,0,77,5
Singapore,24,93.258,-1020,187,169,0,80,5
Singapore,24,93.258,-1253,158,177,0,100,5
Singapore,24,93.258,-1408,152,189,0,100,5
Singapore,24,93.258,-1408,152,189,0,100,5
Singapore,24,93.258,-1571,155,201,0,100,5
Singapore,24,93.258,-2194,209,235,0,100,6
Singapore,24,93.258,-2394,226,246,0,100,6
Singapore,24,93.258,-2739,255,254,0,100,6
Singapore,24,93.258,-2795,260,259,0,100,6
Singapore,24,93.258,-3097,283,264,0,100,7
Singapore,24,93.258,-3245,293,269,0,100,7
Singapore,24,93.258,-3470,311,271,0,100,7
Singapore,24,93.258,-3561,319,277,0,100,7
Singapore,24,93.258,-3699,330,280,0,100,7
Singapore,24,93.258,-4011,355,284,0,100,7
Singapore,24,93.258,-4233,372,288,0,100,7
Singapore,24,93.258,-4408,387,290,0,100,7
Singapore,24,93.258,-4665,412,291,0,100,7
Singapore,24,93.258,-4665,412,293,0,100,7
Singapore,24,93.258,-4939,450,295,0,100,8
Singapore,24,93.258,-5163,497,297,0,100,8
Singapore,24,93.258,-5337,547,299,0,100,8
Singapore,24,93.258,-5337,547,301,0,100,8
Singapore,24,93.258,-5616,660,302,0,100,8
Singapore,24,93.258,-5782,744,302,0,100,8
Singapore,24,93.258,-6164,965,305,0,100,8
Singapore,24,93.258,-6324,1062,306,0,100,8
Singapore,24,93.258,-6635,1252,309,0,100,8
Singapore,24,93.258,-6906,1419,312,0,100,8
Singapore,24,93.258,-7211,1618,312,0,100,8
Singapore,24,93.258,-7211,1618,313,0,100,8
Singapore,24,93.258,-7312,1684,299,100,0,8
Singapore,24,93.258,-7644,1907,299,100,0,8
Singapore,24,93.258,-7818,2016,222,100,0,8
Singapore,24,93.258,-7927,2065,186,100,0,8
Singapore,24,93.258,-7927,2065,159,100,0,7
Singapore,24,93.258,-8096,2122,144,100,0,4
Singapore,24,93.258,-8273,2146,133,100,0,4
Singapore,24,93.258,-8273,2146,125,100,0,4
Singapore,24,93.258,-8368,2131,125,0,0,4
Singapore,24,93.258,-8368,2131,118,0,3,4
Singapore,24,93.258,-8509,2058,116,0,14,4
Singapore,24,93.258,-8609,1964,113,0,49,4
Singapore,24,93.258,-8609,1964,118,0,55,4
Singapore,24,93.258,-8637,1933,122,0,64,4
Singapore,24,93.258,-8696,1860,134,0,88,4
Singapore,24,93.258,-8761,1774,148,0,100,4
Singapore,24,93.258,-8890,1575,174,0,100,4
Singapore,24,93.258,-8984,1400,182,0,100,4
Singapore,24,93.258,-9065,1227,199,0,100,4
Singapore,24,93.258,-9129,1082,207,0,95,5
Singapore,24,93.258,-9129,1082,191,100,0,5
Singapore,24,93.258,-9187,945,181,100,0,5
Singapore,24,93.258,-9229,848,138,100,0,5
Singapore,24,93.258,-9385,597,116,100,0,4
Singapore,24,93.258,-9385,597,105,100,0,4
Singapore,24,93.258,-9433,557,98,100,0,4
Singapore,24,93.258,-9503,527,86,100,0,4
Singapore,24,93.258,-9552,525,82,0,0,4
Singapore,24,93.258,-9652,566,79,0,0,4
Singapore,24,93.258,-9685,589,77,0,18,4
Singapore,24,93.258,-9740,636,79,0,31,4
Singapore,24,93.258,-9740,636,83,0,39,4
Singapore,24,93.258,-9787,682,85,0,46,4
Singapore,24,93.258,-9837,736,91,0,46,4
Singapore,24,93.258,-9885,792,91,0,53,4
Singapore,24,93.258,-9885,792,102,0,64,4
Singapore,24,93.258,-9968,902,114,0,76,4
Singapore,24,93.258,-10064,1027,128,0,80,4
Singapore,24,93.258,-10064,1027,137,0,100,4
Singapore,24,93.258,-10135,1115,154,0,100,4
Singapore,24,93.258,-10226,1221,159,0,100,4
Singapore,24,93.258,-10266,1265,177,0,100,4
Singapore,24,93.258,-10386,1390,189,0,100,4
Singapore,24,93.258,-10496,1486,181,100,0,4
Singapore,24,93.258,-10626,1570,160,100,0,4
Singapore,24,93.258,-10671,1592,145,100,0,4
Singapore,24,93.258,-10759,1626,145,100,0,4
Singapore,24,93.258,-10875,1654,132,100,0,4
Singapore,24,93.258,-10972,1657,127,0,7,4
Singapore,24,93.258,-11053,1642,126,0,29,4
Singapore,24,93.258,-11145,1604,126,0,51,4
Singapore,24,93.258,-11232,1550,131,0,68,4
Singapore,24,93.258,-11289,1502,137,0,70,4
Singapore,24,93.258,-11397,1379,146,0,76,4
Singapore,24,93.258,-11464,1284,158,0,96,4
Singapore,24,93.258,-11464,1284,168,0,100,4
Singapore,24,93.258,-11570,1111,181,0,100,4
Singapore,24,93.258,-11606,1048,183,0,100,4
Singapore,24,93.258,-11752,762,194,0,100,5
Singapore,24,93.258,-11752,762,204,0,100,5
Singapore,24,93.258,-11820,627,217,0,100,5
Singapore,24,93.258,-11897,476,224,0,100,5
Singapore,24,93.258,-11989,299,229,0,100,6
Singapore,24,93.258,-12122,47,229,0,100,6
Singapore,24,93.258,-12122,47,242,0,100,6
Singapore,24,93.258,-12212,-117,244,0,100,6
Singapore,24,93.258,-12292,-260,247,0,100,6
Singapore,24,93.258,-12353,-368,251,0,100,6
Singapore,24,93.258,-12426,-505,254,0,100,6
Singapore,24,93.258,-12446,-542,254,0,100,6
Singapore,24,93.258,-12446,-542,259,0,100,6
Singapore,24,93.258,-12837,-1204,262,0,100,6
Singapore,24,93.258,-12837,-1204,264,0,100,6
Singapore,24,93.258,-12887,-1277,265,100,0,6
Singapore,24,93.258,-12949,-1371,239,100,0,6
Singapore,24,93.258,-13031,-1506,216,100,0,6
Singapore,24,93.258,-13083,-1593,195,100,0,6
Singapore,24,93.258,-13134,-1682,177,100,0,6
Singapore,24,93.258,-13182,-1784,158,100,0,6
Singapore,24,93.258,-13182,-1784,150,100,2,4
Singapore,24,93.258,-13202,-1909,145,100,1,4
Singapore,24,93.258,-13187,-2065,137,0,15,4
Singapore,24,93.258,-13168,-2140,135,0,39,4
Singapore,24,93.258,-13168,-2140,136,0,43,4
Singapore,24,93.258,-13103,-2299,137,0,58,4
Singapore,24,93.258,-13006,-2438,144,0,75,4
Singapore,24,93.258,-12913,-2524,159,0,88,4
Singapore,24,93.258,-12792,-2603,171,0,100,4
Singapore,24,93.258,-12718,-2639,180,0,100,4
Singapore,24,93.258,-12579,-2694,178,100,75,4
Singapore,24,93.258,-12458,-2734,157,100,0,4
Singapore,24,93.258,-12385,-2767,128,100,0,4
Singapore,24,93.258,-12296,-2847,116,100,0,3
Singapore,24,93.258,-12258,-2910,112,0,10,3
Singapore,24,93.258,-12210,-3059,109,0,36,3
Singapore,24,93.258,-12194,-3132,113,0,47,3
Singapore,24,93.258,-12189,-3157,114,0,53,3
Singapore,24,93.258,-12174,-3241,127,0,80,3
Singapore,24,93.258,-12153,-3373,137,0,96,3
Singapore,24,93.258,-12136,-3470,149,0,84,3
Singapore,24,93.258,-12111,-3569,158,0,73,3
Singapore,24,93.258,-11957,-3777,166,0,74,4
Singapore,24,93.258,-11957,-3777,170,0,80,4
Singapore,24,93.258,-11620,-4053,199,0,100,5
Singapore,24,93.258,-11473,-4177,209,0,100,5
Singapore,24,93.258,-11378,-4264,216,100,70,5
Singapore,24,93.258,-11295,-4348,202,100,0,5
Singapore,24,93.258,-11212,-4447,176,100,0,5
Singapore,24,93.258,-11118,-4584,172,100,0,5
Singapore,24,93.258,-11051,-4690,133,100,0,4
Singapore,24,93.258,-10959,-4813,104,100,0,4
Singapore,24,93.258,-10858,-4888,89,100,0,2
Singapore,24,93.258,-10837,-4896,80,100,0,2
Singapore,24,93.258,-10740,-4898,69,0,1,2
Singapore,24,93.258,-10701,-4877,67,0,9,2
Singapore,24,93.258,-10650,-4821,66,0,14,2
Singapore,24,93.258,-10633,-4792,67,0,23,2
Singapore,24,93.258,-10618,-4763,72,0,35,2
Singapore,24,93.258,-10603,-4725,77,0,49,2
Singapore,24,93.258,-10578,-4643,92,0,59,2
Singapore,24,93.258,-10565,-4585,101,0,72,2
Singapore,24,93.258,-10548,-4501,110,0,77,2
Singapore,24,93.258,-10534,-4423,129,0,86,3
Singapore,24,93.258,-10519,-4328,140,0,88,3
Singapore,24,93.258,-10506,-4235,157,0,100,3
Singapore,24,93.258,-10488,-4093,171,0,100,4
Singapore,24,93.258,-10477,-4007,180,0,100,4
Singapore,24,93.258,-10460,-3886,188,0,100,4
Singapore,24,93.258,-10439,-3738,196,0,100,4
Singapore,24,93.258,-10411,-3559,207,0,100,5
Singapore,24,93.258,-10371,-3309,221,0,100,5
Singapore,24,93.258,-10347,-3160,226,0,100,5
Singapore,24,93.258,-10328,-3032,237,0,100,6
Singapore,24,93.258,-10293,-2822,246,0,100,6
Singapore,24,93.258,-10139,-2016,255,0,100,6
Singapore,24,93.258,-10139,-2016,258,0,100,6
Singapore,24,93.258,-10139,-2016,261,0,100,6
Singapore,24,93.258,-10139,-2016,261,0,100,7
Singapore,24,93.258,-10095,-1827,268,0,100,7
Singapore,24,93.258,-10095,-1827,272,0,100,7
Singapore,24,93.258,-10049,-1637,274,0,100,7
Singapore,24,93.258,-10008,-1476,274,0,100,7
Singapore,24,93.258,-9891,-1073,281,0,100,7
Singapore,24,93.258,-9891,-1073,284,0,100,7
Singapore,24,93.258,-9828,-877,286,0,98,7
Singapore,24,93.258,-9766,-699,268,100,0,7
Singapore,24,93.258,-9669,-433,224,100,0,7
Singapore,24,93.258,-9594,-238,172,100,0,6
Singapore,24,93.258,-9555,-145,143,100,0,6
Singapore,24,93.258,-9484,-8,111,100,0,3
Singapore,24,93.258,-9298,126,90,0,0,3
Singapore,24,93.258,-9298,126,88,0,0,3
Singapore,24,93.258,-9187,118,85,0,23,3
Singapore,24,93.258,-9178,116,86,0,30,3
Singapore,24,93.258,-9066,66,93,0,46,3
Singapore,24,93.258,-8968,0,94,0,50,3
Singapore,24,93.258,-8968,0,100,0,60,3
Singapore,24,93.258,-8931,-27,109,0,62,3
Singapore,24,93.258,-8768,-161,126,0,86,3
Singapore,24,93.258,-8768,-161,137,0,100,3
Singapore,24,93.258,-8702,-217,148,0,100,3
Singapore,24,93.258,-8565,-339,159,0,100,3
Singapore,24,93.258,-8565,-339,168,0,100,3
Singapore,24,93.258,-8466,-433,174,0,100,4
Singapore,24,93.258,-8376,-519,185,0,100,4
Singapore,24,93.258,-8325,-569,200,0,100,5
Singapore,24,93.258,-8141,-739,213,0,100,5
Singapore,24,93.258,-7960,-898,215,0,100,5
Singapore,24,93.258,-7960,-898,220,0,100,5
Singapore,24,93.258,-7853,-985,225,0,100,5
Singapore,24,93.258,-7710,-1093,234,0,100,6
Singapore,24,93.258,-7569,-1187,237,0,100,6
Singapore,24,93.258,-7569,-1187,241,0,100,6
Singapore,24,93.258,-7441,-1259,244,0,100,6
Singapore,24,93.258,-7317,-1315,247,0,100,6
Singapore,24,93.258,-7148,-1374,250,0,100,6
Singapore,24,93.258,-6928,-1420,255,0,100,6
Singapore,24,93.258,-6800,-1436,256,0,100,6
Singapore,24,93.258,-6564,-1453,261,0,100,6
Singapore,24,93.258,-6240,-1473,265,0,100,7
Singapore,24,93.258,-6063,-1485,267,0,100,7
Singapore,24,93.258,-5958,-1492,270,0,100,7
Singapore,24,93.258,-5640,-1513,274,0,100,7
Singapore,24,93.258,-5488,-1523,275,0,100,7
Singapore,24,93.258,-5227,-1540,277,0,100,7
Singapore,24,93.258,-4965,-1557,279,0,100,7
Singapore,24,93.258,-4856,-1564,281,0,100,7
Singapore,24,93.258,-4652,-1574,283,0,100,7
Singapore,24,93.258,-4353,-1589,285,0,100,7
Singapore,24,93.258,-4020,-1598,288,0,100,7
Singapore,24,93.258,-3765,-1602,288,0,100,7
Singapore,24,93.258,-3637,-1606,289,0,100,7
Singapore,24,93.258,-3493,-1610,275,100,0,7
Singapore,24,93.258,-3242,-1618,258,100,0,7
Singapore,24,93.258,-3137,-1623,217,100,0,7
Singapore,24,93.258,-3001,-1633,193,100,0,7
Singapore,24,93.258,-2931,-1638,193,100,0,7
Singapore,24,93.258,-2761,-1657,146,100,0,6
Singapore,24,93.258,-2761,-1657,132,100,0,4
Singapore,24,93.258,-2656,-1681,121,100,0,3
Singapore,24,93.258,-2589,-1709,113,0,0,3
Singapore,24,93.258,-2579,-1714,109,0,0,3
Singapore,24,93.258,-2495,-1804,107,0,9,3
Singapore,24,93.258,-2469,-1873,107,0,38,3
Singapore,24,93.258,-2449,-1954,115,0,55,3
Singapore,24,93.258,-2432,-2023,118,0,69,3
Singapore,24,93.258,-2405,-2101,130,0,67,3
Singapore,24,93.258,-2349,-2218,130,0,42,3
Singapore,24,93.258,-2286,-2316,132,0,50,3
Singapore,24,93.258,-2186,-2421,131,0,54,3
Singapore,24,93.258,-2111,-2474,139,0,76,3
Singapore,24,93.258,-2111,-2474,143,0,81,3
Singapore,24,93.258,-1845,-2571,160,0,90,3
Singapore,24,93.258,-1770,-2585,168,0,100,4
Singapore,24,93.258,-1610,-2602,184,0,100,4
Singapore,24,93.258,-1438,-2610,192,0,100,4
Singapore,24,93.258,-1264,-2611,198,0,100,5
Singapore,24,93.258,-1124,-2612,212,0,100,5
Singapore,24,93.258,-1124,-2612,213,0,100,5
Singapore,24,93.258,-956,-2615,222,0,100,5
Singapore,24,93.258,-604,-2629,232,0,100,6
Singapore,24,93.258,-421,-2639,235,0,100,6
Singapore,24,93.258,-166,-2657,246,0,100,6
Singapore,24,93.258,-56,-2665,246,0,100,6
Singapore,24,93.258,94,-2672,249,100,100,6
Singapore,24,93.258,243,-2673,241,100,0,6
Singapore,24,93.258,243,-2673,232,100,0,6
Singapore,24,93.258,769,-2476,209,0,0,5
Singapore,24,93.258,769,-2476,203,0,67,5
Singapore,24,93.258,915,-2313,205,0,80,5
Singapore,24,93.258,948,-2265,211,0,100,5
Singapore,24,93.258,1040,-2112,217,0,100,5
Singapore,24,93.258,1040,-2112,221,0,100,5
Singapore,24,93.258,1155,-1800,229,0,100,6
Singapore,24,93.258,1166,-1750,231,0,100,6
Singapore,24,93.258,1190,-1570,235,0,100,6
Singapore,24,93.258,1196,-1370,241,0,100,6
Singapore,24,93.258,1184,-1160,248,0,100,6
Singapore,24,93.258,1184,-1160,250,0,100,6
Singapore,24,93.258,1138,-811,256,0,100,6
Singapore,24,93.258,1101,-591,260,0,100,6
Singapore,24,93.258,1101,-591,264,0,100,7
Singapore,24,93.258,1101,-591,267,0,100,7
Singapore,27,91.808,1056,-321,269,0,100,7
Singapore,27,91.808,1027,-142,273,0,100,7
Singapore,27,91.808,1008,-22,275,0,100,7
Singapore,27,91.808,986,114,279,0,100,7
Singapore,27,91.808,960,283,282,0,100,7
Singapore,27,91.808,934,455,286,0,100,7
Singapore,27,91.808,909,628,288,0,100,7
Singapore,27,91.808,886,787,292,0,100,7
Singapore,27,91.808,836,1141,293,0,100,7
Singapore,27,91.808,836,1141,295,0,100,7
Singapore,27,91.808,804,1386,297,0,100,7
Singapore,27,91.808,768,1667,299,0,100,8
Singapore,27,91.808,768,1667,301,0,100,8
Singapore,27,91.808,737,1917,303,0,100,8
Singapore,27,91.808,706,2174,306,0,100,8
Singapore,27,91.808,674,2462,308,0,100,8
Singapore,27,91.808,651,2666,307,0,100,8
Singapore,27,91.808,613,2960,295,100,4,8
Singapore,27,91.808,575,3160,295,100,4,8
Singapore,27,91.808,575,3160,205,100,4,8
Singapore,27,91.808,522,3334,169,100,3,6
Singapore,27,91.808,504,3367,164,100,1,5
Singapore,27,91.808,460,3445,155,0,1,4
Singapore,27,91.808,419,3494,150,0,0,4
Singapore,27,91.808,340,3559,145,0,0,4
Singapore,27,91.808,127,3631,143,0,48,4
Singapore,27,91.808,-11,3658,146,0,55,4
Singapore,27,91.808,-100,3682,154,0,83,4
Singapore,27,91.808,-149,3699,162,0,77,4
Singapore,27,91.808,-365,3843,171,0,68,4
Singapore,27,91.808,-365,3843,169,100,1,4
Singapore,27,91.808,-501,3960,135,100,0,4
Singapore,27,91.808,-680,4076,111,100,1,3
Singapore,27,91.808,-760,4090,97,0,2,3
Singapore,27,91.808,-802,4088,93,0,5,3
Singapore,27,91.808,-920,4046,90,0,5,3
Singapore,27,91.808,-920,4046,88,0,16,3
Singapore,27,91.808,-987,3987,90,0,32,3
Singapore,27,91.808,-1046,3890,97,0,39,3
Singapore,27,91.808,-1046,3890,98,0,44,3
Singapore,27,91.808,-1073,3821,103,0,51,3
Singapore,27,91.808,-1073,3821,108,0,51,3
Singapore,27,91.808,-1099,3726,113,0,60,3
Singapore,27,91.808,-1104,3701,121,0,70,3
Singapore,27,91.808,-1125,3563,133,0,79,3
Singapore,27,91.808,-1133,3393,156,0,100,3
Singapore,27,91.808,-1117,3199,174,0,100,3
Singapore,27,91.808,-1077,2999,190,0,100,4
Singapore,27,91.808,-1029,2842,197,0,100,4
Singapore,27,91.808,-996,2748,209,0,100,5
Singapore,27,91.808,-922,2560,215,0,100,5
Singapore,27,91.808,-885,2470,225,0,100,5
Singapore,27,91.808,-821,2321,226,0,100,5
Singapore,27,91.808,-712,2059,233,0,100,5
Singapore,27,91.808,-669,1949,240,0,100,6
Singapore,27,91.808,-564,1656,245,0,100,6
Singapore,27,91.808,-500,1430,251,0,100,6
Singapore,27,91.808,-478,1331,253,0,100,6
Singapore,27,91.808,-458,1223,253,100,100,6
Singapore,27,91.808,-430,933,233,100,1,6
Singapore,27,91.808,-430,933,208,100,1,6
Singapore,27,91.808,-438,703,189,100,1,6
Singapore,27,91.808,-447,638,171,100,0,4
Singapore,27,91.808,-509,468,161,100,4,4
Singapore,27,91.808,-509,468,158,0,3,4
Singapore,27,91.808,-617,342,151,0,38,4
Singapore,27,91.808,-783,252,156,0,70,4
Singapore,27,91.808,-932,206,166,0,80,4
Singapore,27,91.808,-1035,185,172,0,100,4
Singapore,27,91.808,-1035,185,180,0,100,4
Singapore,27,91.808,-1345,154,190,0,100,4
Singapore,27,91.808,-1427,152,201,0,100,5
Singapore,27,91.808,-1622,157,215,0,100,5
Singapore,27,91.808,-1754,168,221,0,100,5
Singapore,27,91.808,-2213,210,233,0,100,6
Singapore,27,91.808,-2213,210,239,0,100,6
Singapore,27,91.808,-2320,220,244,0,100,6
Singapore,27,91.808,-2528,237,251,0,100,6
Singapore,27,91.808,-2797,260,258,0,100,6
Singapore,27,91.808,-3076,282,267,0,100,6
Singapore,27,91.808,-3211,291,274,0,100,7
Singapore,27,91.808,-3378,304,276,0,100,7
Singapore,27,91.808,-3611,323,280,0,100,7
Singapore,27,91.808,-3768,335,283,0,100,7
Singapore,27,91.808,-3878,344,286,0,100,7
Singapore,27,91.808,-4260,375,290,0,100,7
Singapore,27,91.808,-4826,433,297,0,100,8
Singapore,27,91.808,-5069,475,299,0,100,8
Singapore,27,91.808,-5278,528,301,0,100,8
Singapore,27,91.808,-5451,588,302,0,100,8
Singapore,27,91.808,-5893,805,305,0,100,8
Singapore,27,91.808,-6026,883,306,0,100,8
Singapore,27,91.808,-6159,962,309,0,100,8
Singapore,27,91.808,-6424,1123,310,0,100,8
Singapore,27,91.808,-6424,1123,312,0,100,8
Singapore,27,91.808,-6607,1235,313,0,100,8
Singapore,27,91.808,-6741,1317,313,0,100,8
Singapore,27,91.808,-6906,1419,315,0,100,8
Singapore,27,91.808,-7214,1620,316,0,100,8
Singapore,27,91.808,-7443,1770,295,100,100,8
Singapore,27,91.808,-7627,1896,279,100,2,8
Singapore,27,91.808,-7627,1896,220,100,1,8
Singapore,27,91.808,-7828,2021,184,100,3,8
Singapore,27,91.808,-7928,2065,165,100,3,8
Singapore,27,91.808,-7995,2091,149,100,3,5
Singapore,27,91.808,-8154,2135,140,100,3,4
Singapore,27,91.808,-8154,2135,132,100,4,4
Singapore,27,91.808,-8278,2146,126,0,6,4
Singapore,27,91.808,-8278,2146,125,0,0,4
Singapore,27,91.808,-8349,2136,120,0,2,4
Singapore,27,91.808,-8411,2116,121,0,38,4
Singapore,27,91.808,-8526,2045,126,0,49,4
Singapore,27,91.808,-8578,1996,128,0,51,4
Singapore,27,91.808,-8662,1903,132,0,79,4
Singapore,27,91.808,-8726,1822,139,0,100,4
Singapore,27,91.808,-8726,1822,153,0,100,4
Singapore,27,91.808,-8796,1723,166,0,100,4
Singapore,27,91.808,-8911,1538,181,0,100,4
Singapore,27,91.808,-8950,1467,189,0,100,4
Singapore,27,91.808,-9041,1281,201,0,100,4
Singapore,27,91.808,-9078,1199,206,0,100,5
Singapore,27,91.808,-9151,1030,208,100,42,5
Singapore,27,91.808,-9258,791,147,100,1,5
Singapore,27,91.808,-9326,673,126,100,2,4
Singapore,27,91.808,-9326,673,112,100,1,3
Singapore,27,91.808,-9368,616,103,100,0,3
Singapore,27,91.808,-9418,568,94,100,0,3
Singapore,27,91.808,-9481,534,92,100,0,3
Singapore,27,91.808,-9539,525,80,0,1,3
Singapore,27,91.808,-9590,535,76,0,6,3
Singapore,27,91.808,-9649,564,76,0,26,3
Singapore,27,91.808,-9678,584,77,0,25,3
Singapore,27,91.808,-9706,606,79,0,31,3
Singapore,27,91.808,-9772,666,83,0,37,3
Singapore,27,91.808,-9772,666,87,0,48,3
Singapore,27,91.808,-9831,730,92,0,48,3
Singapore,27,91.808,-9831,730,99,0,55,3
Singapore,27,91.808,-9923,840,107,0,70,3
Singapore,27,91.808,-9923,840,116,0,77,3
Singapore,27,91.808,-9999,943,135,0,79,3
Singapore,27,91.808,-10100,1072,147,0,100,3
Singapore,27,91.808,-10100,1072,161,0,100,3
Singapore,27,91.808,-10162,1148,174,0,100,3
Singapore,27,91.808,-10235,1232,181,0,100,4
Singapore,27,91.808,-10304,1306,187,0,100,4
Singapore,27,91.808,-10437,1438,189,100,100,4
Singapore,27,91.808,-10583,1546,170,100,3,4
Singapore,27,91.808,-10583,1546,157,100,3,4
Singapore,27,91.808,-10723,1613,145,100,3,4
Singapore,27,91.808,-10810,1641,135,0,6,4
Singapore,27,91.808,-10908,1658,129,0,0,4
Singapore,27,91.808,-10998,1654,126,0,15,4
Singapore,27,91.808,-11091,1628,126,0,42,4
Singapore,27,91.808,-11251,1536,132,0,52,4
Singapore,27,91.808,-11291,1501,140,0,73,4
Singapore,27,91.808,-11408,1364,148,0,79,4
Singapore,27,91.808,-11454,1299,167,0,100,4
Singapore,27,91.808,-11573,1105,175,0,100,4
Singapore,27,91.808,-11573,1105,180,0,100,4
Singapore,27,91.808,-11661,943,184,0,100,4
Singapore,27,91.808,-11661,943,198,0,100,5
Singapore,27,91.808,-11783,701,205,0,100,5
Singapore,27,91.808,-11864,542,217,0,100,5
Singapore,27,91.808,-11903,465,223,0,100,5
Singapore,27,91.808,-12007,264,223,0,100,5
Singapore,27,91.808,-12007,264,231,0,100,6
Singapore,27,91.808,-12098,91,235,0,100,6
Singapore,27,91.808,-12098,91,239,0,100,6
Singapore,27,91.808,-12168,-37,244,0,100,6
Singapore,27,91.808,-12247,-179,248,0,100,6
Singapore,27,91.808,-12328,-323,252,0,100,6
Singapore,27,91.808,-12495,-634,257,0,100,6
Singapore,27,91.808,-12593,-810,260,0,100,6
Singapore,27,91.808,-12651,-911,262,0,100,7
Singapore,27,91.808,-12832,-1197,267,0,100,7
Singapore,27,91.808,-13128,-1671,172,100,1,7
Singapore,27,91.808,-13194,-1829,160,100,3,5
Singapore,27,91.808,-13202,-1894,148,0,4,4
Singapore,27,91.808,-13179,-2101,144,0,7,4
Singapore,27,91.808,-13179,-2101,140,0,18,4
Singapore,27,91.808,-13158,-2176,139,0,26,4
Singapore,27,91.808,-13158,-2176,139,0,41,4
Singapore,27,91.808,-13158,-2176,142,0,48,4
Singapore,27,91.808,-13048,-2387,147,0,59,4
Singapore,27,91.808,-12971,-2475,157,0,76,4
Singapore,27,91.808,-12853,-2567,166,0,85,4
Singapore,27,91.808,-12763,-2618,175,0,83,4
Singapore,27,91.808,-12509,-2717,154,100,3,4
Singapore,27,91.808,-12449,-2738,131,100,1,3
Singapore,27,91.808,-12386,-2767,126,100,1,3
Singapore,27,91.808,-12386,-2767,121,100,1,3
Singapore,27,91.808,-12300,-2842,114,100,0,3
Singapore,27,91.808,-12243,-2948,112,0,10,3
Singapore,27,91.808,-12211,-3056,110,0,27,3
Singapore,27,91.808,-12211,-3056,111,0,35,3
Singapore,27,91.808,-12187,-3169,119,0,68,3
Singapore,27,91.808,-12174,-3244,131,0,91,3
Singapore,27,91.808,-12159,-3338,142,0,82,3
Singapore,27,91.808,-12137,-3467,150,0,90,3
Singapore,27,91.808,-12099,-3598,153,0,76,3
Singapore,27,91.808,-12099,-3598,163,0,69,3
Singapore,27,91.808,-12067,-3658,165,0,80,4
Singapore,27,91.808,-12014,-3722,174,0,93,4
Singapore,27,91.808,-11824,-3889,184,0,100,4
Singapore,27,91.808,-11824,-3889,191,0,100,4
Singapore,27,91.808,-11716,-3975,193,0,100,5
Singapore,27,91.808,-11631,-4043,200,0,100,5
Singapore,27,91.808,-11527,-4130,209,0,100,5
Singapore,27,91.808,-11424,-4221,216,0,100,5
Singapore,27,91.808,-11288,-4356,217,0,100,5
Singapore,27,91.808,-11120,-4581,204,100,1,5
Singapore,27,91.808,-11120,-4581,185,100,1,5
Singapore,27,91.808,-11051,-4689,165,100,1,4
Singapore,27,91.808,-11051,-4689,144,100,1,4
Singapore,27,91.808,-10975,-4795,116,100,1,3
Singapore,27,91.808,-10912,-4855,97,100,2,2
Singapore,27,91.808,-10879,-4877,88,100,2,2
Singapore,27,91.808,-10815,-4903,81,100,3,2
Singapore,27,91.808,-10723,-4891,74,100,3,2
Singapore,27,91.808,-10723,-4891,68,0,1,2
Singapore,27,91.808,-10660,-4835,65,0,11,2
Singapore,27,91.808,-10651,-4823,68,0,27,2
Singapore,27,91.808,-10624,-4776,72,0,37,2
Singapore,27,91.808,-10609,-4742,72,0,43,2
Singapore,27,91.808,-10586,-4673,87,0,48,2
Singapore,27,91.808,-10575,-4630,93,0,50,2
Singapore,27,91.808,-10554,-4533,101,0,64,2
Singapore,27,91.808,-10534,-4426,120,0,85,2
Singapore,27,91.808,-10520,-4340,141,0,100,2
Singapore,27,91.808,-10503,-4210,158,0,100,3
Singapore,27,91.808,-10479,-4024,158,0,100,3
Singapore,27,91.808,-10459,-3874,189,0,100,4
Singapore,27,91.808,-10430,-3680,202,0,100,5
Singapore,27,91.808,-10405,-3520,212,0,100,5
Singapore,27,91.808,-10390,-3425,221,0,100,5
Singapore,27,91.808,-10360,-3242,228,0,100,5
Singapore,27,91.808,-10325,-3013,236,0,100,6
Singapore,27,91.808,-10296,-2841,244,0,100,6
Singapore,27,91.808,-10278,-2733,251,0,100,6
Singapore,27,91.808,-10241,-2527,255,0,100,6
Singapore,27,91.808,-10212,-2373,257,0,100,6
Singapore,27,91.808,-10170,-2159,262,0,100,6
Singapore,27,91.808,-10129,-1971,266,0,100,7
Singapore,27,91.808,-10102,-1854,272,0,100,7
Singapore,27,91.808,-10066,-1707,275,0,100,7
Singapore,27,91.808,-10033,-1573,280,0,100,7
Singapore,27,91.808,-9919,-1163,283,0,100,7
Singapore,27,91.808,-9891,-1072,288,0,100,7
Singapore,27,91.808,-9852,-950,288,0,100,7
Singapore,27,91.808,-9739,-622,287,0,100,7
Singapore,27,91.808,-9662,-413,242,100,5,7
Singapore,27,91.808,-9644,-366,198,100,1,6
Singapore,27,91.808,-9557,-150,166,100,2,6
Singapore,27,91.808,-9518,-67,148,100,1,5
Singapore,27,91.808,-9457,29,121,100,1,3
Singapore,27,91.808,-9421,68,110,100,0,3
Singapore,27,91.808,-9421,68,103,100,1,3
Singapore,27,91.808,-9241,128,93,0,2,3
Singapore,27,91.808,-9166,112,91,0,25,3
Singapore,27,91.808,-9118,93,93,0,32,3
Singapore,27,91.808,-9010,31,96,0,35,3
Singapore,27,91.808,-9010,31,102,0,51,3
Singapore,27,91.808,-8963,-2,107,0,62,3
Singapore,27,91.808,-8899,-52,117,0,67,3
Singapore,27,91.808,-8858,-85,125,0,84,3
Singapore,27,91.808,-8787,-145,142,0,100,3
Singapore,27,91.808,-8689,-229,159,0,100,3
Singapore,27,91.808,-8532,-370,177,0,100,4
Singapore,27,91.808,-8399,-497,189,0,100,4
Singapore,27,91.808,-8267,-623,206,0,100,5
Singapore,27,91.808,-8079,-795,215,0,100,5
Singapore,27,91.808,-7987,-875,220,0,100,5
Singapore,27,91.808,-7771,-1048,227,0,100,5
Singapore,27,91.808,-7771,-1048,232,0,100,5
Singapore,27,91.808,-7590,-1174,235,0,100,6
Singapore,27,91.808,-7414,-1272,243,0,100,6
Singapore,27,91.808,-7328,-1311,248,0,100,6
Singapore,27,91.808,-7213,-1354,250,0,100,6
Singapore,27,91.808,-6771,-1439,254,0,100,6
Singapore,27,91.808,-6771,-1439,258,0,100,6
Singapore,27,91.808,-6485,-1457,262,0,100,6
Singapore,27,91.808,-6309,-1468,263,0,100,7
Singapore,27,91.808,-6102,-1482,268,0,100,7
Singapore,27,91.808,-5742,-1506,272,0,100,7
Singapore,27,91.808,-5314,-1534,276,0,100,7
Singapore,27,91.808,-5035,-1553,279,0,100,7
Singapore,27,91.808,-4847,-1564,282,0,100,7
Singapore,27,91.808,-4500,-1582,286,0,100,7
Singapore,27,91.808,-4357,-1589,286,0,100,7
Singapore,27,91.808,-3941,-1599,289,0,100,7
Singapore,27,91.808,-3941,-1599,289,0,100,7
Singapore,27,91.808,-3668,-1605,290,0,100,7
Singapore,27,91.808,-3507,-1610,288,0,100,7
Singapore,27,91.808,-3380,-1613,283,100,23,7
Singapore,27,91.808,-3108,-1625,240,100,2,7
Singapore,27,91.808,-3016,-1632,194,100,2,6
Singapore,27,91.808,-2840,-1647,169,100,3,6
Singapore,27,91.808,-2840,-1647,149,100,3,6
Singapore,27,91.808,-2717,-1665,133,100,1,4
Singapore,27,91.808,-2591,-1708,117,100,0,3
Singapore,27,91.808,-2545,-1740,107,0,0,3
Singapore,27,91.808,-2512,-1777,107,0,3,3
Singapore,27,91.808,-2480,-1840,103,0,21,3
Singapore,27,91.808,-2447,-1965,106,0,47,3
Singapore,27,91.808,-2417,-2070,117,0,65,3
Singapore,27,91.808,-2417,-2070,133,0,44,3
Singapore,27,91.808,-2266,-2341,136,0,41,4
Singapore,27,91.808,-2186,-2421,138,0,46,4
Singapore,27,91.808,-2186,-2421,141,0,57,4
Singapore,27,91.808,-2060,-2502,141,0,67,4
Singapore,27,91.808,-2060,-2502,149,0,70,4
Singapore,27,91.808,-2006,-2525,154,0,82,4
Singapore,27,91.808,-1825,-2575,165,0,100,4
Singapore,27,91.808,-1600,-2603,186,0,100,4
Singapore,27,91.808,-1419,-2610,196,0,100,4
Singapore,27,91.808,-1319,-2611,205,0,100,5
Singapore,27,91.808,-1010,-2614,214,0,100,5
Singapore,27,91.808,-1010,-2614,220,0,100,5
Singapore,27,91.808,-699,-2625,224,0,100,5
Singapore,27,91.808,-699,-2625,229,0,100,5
Singapore,27,91.808,-609,-2629,231,0,100,6
Singapore,27,91.808,-306,-2647,240,0,100,6
Singapore,27,91.808,-104,-2661,247,0,100,6
Singapore,27,91.808,116,-2673,250,0,100,6
Singapore,27,91.808,366,-2663,240,100,9,6
Singapore,27,91.808,540,-2621,223,100,6,6
Singapore,27,91.808,540,-2621,213,0,10,5
Singapore,27,91.808,728,-2512,208,0,30,5
Singapore,27,91.808,853,-2390,207,0,65,5
Singapore,27,91.808,853,-2390,207,0,69,5
Singapore,27,91.808,972,-2228,213,0,100,5
Singapore,27,91.808,1067,-2058,218,0,100,5
Singapore,27,91.808,1105,-1968,225,0,100,5
Singapore,27,91.808,1152,-1812,226,0,100,6
Singapore,27,91.808,1196,-1429,234,0,100,6
Singapore,27,91.808,1196,-1429,237,0,100,6
Singapore,27,91.808,1190,-1241,243,0,100,6
Singapore,27,91.808,1185,-1174,247,0,100,6
Singapore,27,91.808,1158,-942,250,0,100,6
Singapore,27,91.808,1158,-942,254,0,100,6
Singapore,27,91.808,1118,-691,257,0,100,6
Singapore,27,91.808,1084,-490,263,0,100,7
Singapore,31,91.673,1043,-243,268,0,100,6
Singapore,31,91.673,1043,-243,271,0,100,6
Singapore,31,91.673,1012,-50,273,0,100,7
Singapore,31,91.673,988,100,276,0,100,7
Singapore,31,91.673,960,284,282,0,100,7
Singapore,31,91.673,925,516,284,0,100,7
Singapore,31,91.673,888,767,286,0,100,7
Singapore,31,91.673,833,1166,291,0,100,7
Singapore,31,91.673,833,1166,292,0,100,7
Singapore,31,91.673,803,1393,294,0,100,7
Singapore,31,91.673,803,1393,296,0,100,7
Singapore,31,91.673,766,1685,298,0,100,7
Singapore,31,91.673,735,1933,301,0,100,7
Singapore,31,91.673,717,2080,303,0,100,8
Singapore,31,91.673,689,2331,304,0,100,8
Singapore,31,91.673,643,2733,305,0,100,8
Singapore,31,91.673,643,2733,305,100,0,8
Singapore,31,91.673,597,3048,233,100,0,8
Singapore,31,91.673,588,3096,219,100,0,6
Singapore,31,91.673,553,3246,178,100,0,6
Singapore,31,91.673,526,3325,164,100,0,4
Singapore,31,91.673,462,3443,150,100,0,4
Singapore,31,91.673,416,3497,145,100,0,4
Singapore,31,91.673,284,3586,139,0,0,4
Singapore,31,91.673,155,3625,138,0,47,4
Singapore,31,91.673,61,3643,141,0,58,4
Singapore,31,91.673,-63,3671,152,0,75,4
Singapore,31,91.673,-225,3737,159,0,83,4
Singapore,31,91.673,-336,3818,164,0,51,4
Singapore,31,91.673,-426,3895,152,100,0,4
Singapore,31,91.673,-513,3970,140,100,0,3
Singapore,31,91.673,-557,4005,120,100,0,3
Singapore,31,91.673,-638,4057,111,100,0,3
Singapore,31,91.673,-734,4088,104,0,1,3
Singapore,31,91.673,-806,4088,101,0,0,3
Singapore,31,91.673,-850,4079,99,0,0,3
Singapore,31,91.673,-923,4045,96,0,0,3
Singapore,31,91.673,-967,4008,93,0,20,3
Singapore,31,91.673,-1017,3946,96,0,45,3
Singapore,31,91.673,-1050,3881,100,0,54,3
Singapore,31,91.673,-1067,3838,104,0,67,3
Singapore,31,91.673,-1085,3780,114,0,80,3
Singapore,31,91.673,-1099,3723,122,0,83,3
Singapore,31,91.673,-1128,3535,142,0,100,3
Singapore,31,91.673,-1131,3485,153,0,100,3
Singapore,31,91.673,-1133,3417,158,0,100,3
Singapore,31,91.673,-1120,3223,168,0,100,3
Singapore,31,91.673,-1092,3063,184,0,100,4
Singapore,31,91.673,-1082,3021,195,0,100,4
Singapore,31,91.673,-1016,2803,205,0,100,4
Singapore,31,91.673,-971,2682,211,0,100,5
Singapore,31,91.673,-893,2491,219,0,100,5
Singapore,31,91.673,-850,2388,228,0,100,5
Singapore,31,91.673,-850,2388,232,0,100,5
Singapore,31,91.673,-666,1943,240,0,100,6
Singapore,31,91.673,-596,1752,247,0,100,6
Singapore,31,91.673,-554,1621,250,0,100,6
Singapore,31,91.673,-473,1309,253,0,100,6
Singapore,31,91.673,-473,1309,256,0,100,6
Singapore,31,91.673,-449,1170,256,0,100,6
Singapore,31,91.673,-433,997,231,100,0,6
Singapore,31,91.673,-429,899,210,100,0,6
Singapore,31,91.673,-432,756,186,100,0,5
Singapore,31,91.673,-455,602,171,100,0,4
Singapore,31,91.673,-540,420,157,100,0,4
Singapore,31,91.673,-650,318,151,0,61,4
Singapore,31,91.673,-808,242,158,0,80,4
Singapore,31,91.673,-1005,190,166,0,87,4
Singapore,31,91.673,-1101,174,172,0,93,4
Singapore,31,91.673,-1323,154,179,0,100,4
Singapore,31,91.673,-1323,154,187,0,100,4
Singapore,31,91.673,-1506,153,194,0,100,4
Singapore,31,91.673,-1678,161,211,0,100,5
Singapore,31,91.673,-1763,168,220,0,100,5
Singapore,31,91.673,-1874,179,226,0,100,5
Singapore,31,91.673,-2286,217,237,0,100,5
Singapore,31,91.673,-2286,217,243,0,100,6
Singapore,31,91.673,-2531,238,252,0,100,6
Singapore,31,91.673,-2699,252,254,0,100,6
Singapore,31,91.673,-2899,268,258,0,100,6
Singapore,31,91.673,-3251,294,265,0,100,6
Singapore,31,91.673,-3675,328,274,0,100,7
Singapore,31,91.673,-3955,350,280,0,100,7
Singapore,31,91.673,-4143,365,285,0,100,7
Singapore,31,91.673,-4494,395,289,0,100,7
Singapore,31,91.673,-4639,409,293,0,100,7
Singapore,31,91.673,-5057,472,295,0,100,7
Singapore,31,91.673,-5057,472,297,0,100,7
Singapore,31,91.673,-5327,544,298,0,100,7
Singapore,31,91.673,-5482,601,299,0,100,7
Singapore,31,91.673,-5604,654,300,0,100,7
Singapore,31,91.673,-5931,827,301,0,100,7
Singapore,31,91.673,-6048,896,303,0,100,7
Singapore,31,91.673,-6310,1053,305,0,100,8
Singapore,31,91.673,-6310,1053,306,0,100,8
Singapore,31,91.673,-6543,1196,308,0,100,8
Singapore,31,91.673,-6850,1384,309,0,100,8
Singapore,31,91.673,-6996,1477,312,0,100,8
Singapore,31,91.673,-7127,1563,312,0,100,8
Singapore,31,91.673,-7301,1676,311,0,100,8
Singapore,31,91.673,-7584,1866,272,100,0,8
Singapore,31,91.673,-7765,1987,211,100,0,8
Singapore,31,91.673,-7765,1987,167,100,0,8
Singapore,31,91.673,-8131,2130,140,100,0,3
Singapore,31,91.673,-8237,2146,133,100,0,3
Singapore,31,91.673,-8237,2146,128,100,0,3
Singapore,31,91.673,-8362,2133,123,100,0,3
Singapore,31,91.673,-8362,2133,123,0,0,3
Singapore,31,91.673,-8405,2119,116,0,41,3
Singapore,31,91.673,-8522,2047,118,0,48,3
Singapore,31,91.673,-8636,1934,129,0,63,3
Singapore,31,91.673,-8719,1831,142,0,95,3
Singapore,31,91.673,-8759,1777,155,0,100,3
Singapore,31,91.673,-8883,1585,169,0,100,3
Singapore,31,91.673,-8883,1585,177,0,100,4
Singapore,31,91.673,-9002,1362,185,0,100,4
Singapore,31,91.673,-9002,1362,185,0,100,4
Singapore,31,91.673,-9023,1318,198,0,100,4
Singapore,31,91.673,-9125,1092,206,100,100,5
Singapore,31,91.673,-9183,954,190,100,0,5
Singapore,31,91.673,-9243,821,149,100,0,4
Singapore,31,91.673,-9310,697,136,100,0,4
Singapore,31,91.673,-9364,622,118,100,0,2
Singapore,31,91.673,-9364,622,102,100,0,2
Singapore,31,91.673,-9436,556,98,100,0,2
Singapore,31,91.673,-9500,529,90,100,0,2
Singapore,31,91.673,-9500,529,86,100,0,2
Singapore,31,91.673,-9591,536,80,0,0,2
Singapore,31,91.673,-9653,567,75,0,0,2
Singapore,31,91.673,-9682,587,76,0,35,2
Singapore,31,91.673,-9728,625,83,0,42,2
Singapore,31,91.673,-9835,734,92,0,58,2
Singapore,31,91.673,-9835,734,99,0,60,2
Singapore,31,91.673,-9888,795,109,0,75,3
Singapore,31,91.673,-9908,820,117,0,81,3
Singapore,31,91.673,-9977,913,122,0,87,3
Singapore,31,91.673,-9977,913,132,0,90,3
Singapore,31,91.673,-10063,1025,149,0,100,3
Singapore,31,91.673,-10140,1121,158,0,100,3
Singapore,31,91.673,-10169,1156,172,0,100,3
Singapore,31,91.673,-10375,1379,187,0,100,4
Singapore,31,91.673,-10375,1379,193,100,100,4
Singapore,31,91.673,-10491,1483,178,100,0,4
Singapore,31,91.673,-10834,1647,138,100,0,4
Singapore,31,91.673,-10885,1656,133,0,1,4
Singapore,31,91.673,-10970,1658,133,0,9,4
Singapore,31,91.673,-11052,1642,128,0,18,4
Singapore,31,91.673,-11126,1613,129,0,47,4
Singapore,31,91.673,-11297,1495,134,0,64,4
Singapore,31,91.673,-11335,1454,147,0,85,4
Singapore,31,91.673,-11446,1310,154,0,88,4
Singapore,31,91.673,-11446,1310,162,0,95,4
Singapore,31,91.673,-11538,1167,170,0,100,4
Singapore,31,91.673,-11583,1088,187,0,100,4
Singapore,31,91.673,-11629,1003,194,0,100,4
Singapore,31,91.673,-11629,1003,194,0,100,5
Singapore,31,91.673,-11964,346,213,0,100,5
Singapore,31,91.673,-11964,346,219,0,100,5
Singapore,31,91.673,-11964,346,224,0,100,5
Singapore,31,91.673,-12082,121,228,0,100,5
Singapore,31,91.673,-12082,121,233,0,100,5
Singapore,31,91.673,-12208,-110,241,0,100,6
Singapore,31,91.673,-12316,-302,248,0,100,6
Singapore,31,91.673,-12316,-302,252,0,100,6
Singapore,31,91.673,-12477,-600,258,0,100,6
Singapore,31,91.673,-12588,-801,260,0,100,6
Singapore,31,91.673,-12668,-940,264,0,100,6
Singapore,31,91.673,-12737,-1053,266,0,100,6
Singapore,31,91.673,-12834,-1201,266,100,100,6
Singapore,31,91.673,-13046,-1532,221,100,0,6
Singapore,31,91.673,-13046,-1532,200,100,0,5
Singapore,31,91.673,-13166,-1744,184,100,0,5
Singapore,31,91.673,-13166,-1744,169,100,0,4
Singapore,31,91.673,-13200,-1866,164,0,2,4
Singapore,31,91.673,-13202,-1954,154,0,0,4
Singapore,31,91.673,-13180,-2099,150,0,16,4
Singapore,31,91.673,-13157,-2179,146,0,23,4
Singapore,31,91.673,-13097,-2312,146,0,44,4
Singapore,31,91.673,-12995,-2450,147,0,57,4
Singapore,31,91.673,-12995,-2450,150,0,55,4
Singapore,31,91.673,-12953,-2491,154,0,59,4
Singapore,31,91.673,-12769,-2614,165,0,85,4
Singapore,31,91.673,-12769,-2614,170,0,87,4
Singapore,31,91.673,-12629,-2676,171,100,24,4
Singapore,31,91.673,-12451,-2737,138,100,0,4
Singapore,31,91.673,-12333,-2805,117,100,0,3
Singapore,31,91.673,-12283,-2866,112,100,0,3
Singapore,31,91.673,-12283,-2866,108,0,0,3
Singapore,31,91.673,-12216,-3038,105,0,30,3
Singapore,31,91.673,-12216,-3038,104,0,37,3
Singapore,31,91.673,-12205,-3079,110,0,58,3
Singapore,31,91.673,-12179,-3216,117,0,67,3
Singapore,31,91.673,-12179,-3216,125,0,85,3
Singapore,31,91.673,-12166,-3292,125,0,89,3
Singapore,31,91.673,-12154,-3369,147,0,100,3
Singapore,31,91.673,-12133,-3484,156,0,94,3
Singapore,31,91.673,-12072,-3650,167,0,89,4
Singapore,31,91.673,-12005,-3732,173,0,99,4
Singapore,31,91.673,-11920,-3811,184,0,99,4
Singapore,31,91.673,-11786,-3920,193,0,100,4
Singapore,31,91.673,-11786,-3920,196,0,100,4
Singapore,31,91.673,-11611,-4061,207,0,100,5
Singapore,31,91.673,-11498,-4155,217,0,100,5
Singapore,31,91.673,-11390,-4253,222,0,100,5
Singapore,31,91.673,-11258,-4389,201,100,0,5
Singapore,31,91.673,-11137,-4554,176,100,0,5
Singapore,31,91.673,-11054,-4686,162,100,0,5
Singapore,31,91.673,-11054,-4686,143,100,0,3
Singapore,31,91.673,-11013,-4746,128,100,0,3
Singapore,31,91.673,-11013,-4746,128,100,0,2
Singapore,31,91.673,-10973,-4797,108,100,0,2
Singapore,31,91.673,-10920,-4849,99,100,0,2
Singapore,31,91.673,-10822,-4901,87,100,0,2
Singapore,31,91.673,-10742,-4899,81,100,0,2
Singapore,31,91.673,-10716,-4887,72,0,0,2
Singapore,31,91.673,-10716,-4887,70,0,0,2
Singapore,31,91.673,-10657,-4832,67,0,5,2
Singapore,31,91.673,-10620,-4767,68,0,34,2
Singapore,31,91.673,-10603,-4725,76,0,51,2
Singapore,31,91.673,-10567,-4596,87,0,60,2
Singapore,31,91.673,-10567,-4596,98,0,64,2
Singapore,31,91.673,-10556,-4542,111,0,74,2
Singapore,31,91.673,-10540,-4455,115,0,82,3
Singapore,31,91.673,-10525,-4367,136,0,96,3
Singapore,31,91.673,-10515,-4305,142,0,100,3
Singapore,31,91.673,-10497,-4162,158,0,100,3
Singapore,31,91.673,-10471,-3964,168,0,100,3
Singapore,31,91.673,-10471,-3964,181,0,100,4
Singapore,31,91.673,-10437,-3723,197,0,100,4
Singapore,31,91.673,-10420,-3612,201,0,100,4
Singapore,31,91.673,-10405,-3520,212,0,100,5
Singapore,31,91.673,-10369,-3294,218,0,100,5
Singapore,31,91.673,-10369,-3294,224,0,100,5
Singapore,31,91.673,-10331,-3054,230,0,100,5
Singapore,31,91.673,-10312,-2937,238,0,100,6
Singapore,31,91.673,-10308,-2911,242,0,100,6
Singapore,31,91.673,-10250,-2574,251,0,100,6
Singapore,31,91.673,-10197,-2295,255,0,100,6
Singapore,31,91.673,-10166,-2139,260,0,100,6
Singapore,31,91.673,-10131,-1981,265,0,100,6
Singapore,31,91.673,-10098,-1836,268,0,100,6
Singapore,31,91.673,-10044,-1617,274,0,100,7
Singapore,31,91.673,-9998,-1440,277,0,100,7
Singapore,31,91.673,-9961,-1306,278,0,100,7
Singapore,31,91.673,-9892,-1075,282,0,100,7
Singapore,31,91.673,-9848,-940,284,0,100,7
Singapore,31,91.673,-9772,-715,282,100,100,7
Singapore,31,91.673,-9640,-357,237,100,0,7
Singapore,31,91.673,-9575,-192,182,100,0,6
Singapore,31,91.673,-9575,-192,150,100,0,5
Singapore,31,91.673,-9514,-59,134,100,0,3
Singapore,31,91.673,-9514,-59,124,100,0,3
Singapore,31,91.673,-9389,92,105,100,0,3
Singapore,31,91.673,-9389,92,99,0,0,3
Singapore,31,91.673,-9288,128,96,100,0,3
Singapore,31,91.673,-9226,126,90,0,0,3
Singapore,31,91.673,-9153,108,89,0,41,3
Singapore,31,91.673,-9139,102,92,0,53,3
Singapore,31,91.673,-9048,55,98,0,58,3
Singapore,31,91.673,-9048,55,103,0,62,3
Singapore,31,91.673,-8970,2,110,0,69,3
Singapore,31,91.673,-8924,-32,119,0,78,3
Singapore,31,91.673,-8842,-99,133,0,85,3
Singapore,31,91.673,-8695,-224,155,0,100,3
Singapore,31,91.673,-8695,-224,155,0,100,3
Singapore,31,91.673,-8695,-224,169,0,100,3
Singapore,31,91.673,-8379,-516,179,0,100,4
Singapore,31,91.673,-8379,-516,193,0,100,4
Singapore,31,91.673,-7879,-965,219,0,100,5
Singapore,31,91.673,-7819,-1012,228,0,100,5
Singapore,31,91.673,-7673,-1120,233,0,100,5
Singapore,31,91.673,-7585,-1178,240,0,100,6
Singapore,31,91.673,-7359,-1297,244,0,100,6
Singapore,31,91.673,-7153,-1373,247,0,100,6
Singapore,31,91.673,-6934,-1419,252,0,100,6
Singapore,31,91.673,-6662,-1447,258,0,100,6
Singapore,31,91.673,-6662,-1447,260,0,100,6
Singapore,31,91.673,-6484,-1457,263,0,100,6
Singapore,31,91.673,-6280,-1470,263,0,100,6
Singapore,31,91.673,-6162,-1478,268,0,100,6
Singapore,31,91.673,-5954,-1492,270,0,100,6
Singapore,31,91.673,-5592,-1516,273,0,100,7
Singapore,31,91.673,-5531,-1520,276,0,100,7
Singapore,31,91.673,-5222,-1540,279,0,100,7
Singapore,31,91.673,-5052,-1552,282,0,100,7
Singapore,31,91.673,-4691,-1573,284,0,100,7
Singapore,31,91.673,-4389,-1587,286,0,100,7
Singapore,31,91.673,-4198,-1595,288,0,100,7
Singapore,31,91.673,-4198,-1595,289,0,100,7
Singapore,31,91.673,-4069,-1597,290,0,100,7
Singapore,31,91.673,-3570,-1608,291,0,100,7
Singapore,31,91.673,-3271,-1617,290,0,100,7
Singapore,31,91.673,-3271,-1617,267,100,0,7
Singapore,31,91.673,-2999,-1633,267,100,0,7
Singapore,31,91.673,-2999,-1633,222,100,0,7
Singapore,31,91.673,-2736,-1661,181,100,0,7
Singapore,31,91.673,-2736,-1661,161,100,0,6
Singapore,31,91.673,-2691,-1671,131,100,0,3
Singapore,31,91.673,-2577,-1716,122,100,0,3
Singapore,31,91.673,-2539,-1744,114,100,0,3
Singapore,31,91.673,-2478,-1846,111,0,0,3
Singapore,31,91.673,-2478,-1846,107,0,3,3
Singapore,31,91.673,-2459,-1912,106,0,27,3
Singapore,31,91.673,-2423,-2050,111,0,58,3
Singapore,31,91.673,-2423,-2050,113,0,71,3
Singapore,31,91.673,-2369,-2181,120,0,78,3
Singapore,31,91.673,-2306,-2288,134,0,55,3
Singapore,31,91.673,-2306,-2288,133,0,47,3
Singapore,31,91.673,-2247,-2363,134,0,56,3
Singapore,31,91.673,-2204,-2405,137,0,69,3
Singapore,31,91.673,-2032,-2515,148,0,71,3
Singapore,31,91.673,-2032,-2515,150,0,72,3
Singapore,31,91.673,-1736,-2590,163,0,90,3
Singapore,31,91.673,-1628,-2601,177,0,100,4
Singapore,31,91.673,-1514,-2607,188,0,100,4
Singapore,31,91.673,-1312,-2610,198,0,100,4
Singapore,31,91.673,-1187,-2611,207,0,100,5
Singapore,31,91.673,-1070,-2613,213,0,100,5
Singapore,31,91.673,-866,-2618,221,0,100,5
Singapore,31,91.673,-653,-2627,225,0,100,5
Singapore,31,91.673,-485,-2636,234,0,100,5
Singapore,31,91.673,-270,-2650,239,0,100,6
Singapore,31,91.673,14,-2669,244,0,100,6
Singapore,31,91.673,14,-2669,247,0,100,6
Singapore,31,91.673,179,-2674,245,100,100,6
Singapore,31,91.673,384,-2660,233,100,0,6
Singapore,31,91.673,502,-2634,219,100,30,5
Singapore,31,91.673,621,-2584,214,100,36,5
Singapore,31,91.673,799,-2449,211,0,57,5
Singapore,31,91.673,922,-2303,211,0,86,5
Singapore,31,91.673,976,-2222,220,0,100,5
Singapore,31,91.673,1081,-2027,224,0,100,5
Singapore,31,91.673,1159,-1784,232,0,100,5
Singapore,31,91.673,1159,-1784,234,0,100,5
Singapore,31,91.673,1190,-1576,236,0,100,6
Singapore,31,91.673,1196,-1402,242,0,100,6
Singapore,31,91.673,1176,-1075,249,0,100,6
Singapore,31,91.673,1157,-930,256,0,100,6
Singapore,31,91.673,1133,-781,257,0,100,6
Singapore,31,91.673,1072,-419,263,0,100,6
Singapore,40,92.166,1058,-334,263,0,100,6
Singapore,40,92.166,1034,-188,266,0,100,6
Singapore,40,92.166,1034,-188,270,0,100,6
Singapore,40,92.166,1008,-25,273,0,100,7
Singapore,40,92.166,964,260,276,0,100,7
Singapore,40,92.166,943,398,279,0,100,7
Singapore,40,92.166,915,584,281,0,100,7
Singapore,40,92.166,892,740,283,0,100,7
Singapore,40,92.166,877,850,287,0,100,7
Singapore,40,92.166,841,1104,289,0,100,7
Singapore,40,92.166,820,1264,291,0,100,7
Singapore,40,92.166,799,1425,294,0,100,7
Singapore,40,92.166,780,1572,295,0,100,7
Singapore,40,92.166,760,1731,297,0,100,7
Singapore,40,92.166,760,1731,298,0,100,7
Singapore,40,92.166,688,2341,301,0,100,7
Singapore,40,92.166,688,2341,301,0,100,7
Singapore,40,92.166,645,2720,300,0,8,7
Singapore,40,92.166,618,2930,244,0,0,7
Singapore,40,92.166,596,3056,216,100,0,7
Singapore,40,92.166,517,3345,178,100,0,6
Singapore,40,92.166,509,3359,162,100,0,4
Singapore,40,92.166,412,3501,153,100,0,4
Singapore,40,92.166,412,3501,151,100,0,4
Singapore,40,92.166,283,3587,138,0,34,4
Singapore,40,92.166,199,3614,137,0,53,4
Singapore,40,92.166,121,3632,141,0,42,4
Singapore,40,92.166,-11,3658,141,0,59,4
Singapore,40,92.166,-11,3658,146,0,69,4
Singapore,40,92.166,-128,3691,150,0,64,4
Singapore,40,92.166,-210,3729,152,0,53,4
Singapore,40,92.166,-323,3808,155,0,29,4
Singapore,40,92.166,-477,3940,156,100,0,4
Singapore,40,92.166,-477,3940,140,100,0,4
Singapore,40,92.166,-562,4009,123,100,0,3
Singapore,40,92.166,-626,4051,114,100,0,3
Singapore,40,92.166,-686,4077,105,100,0,3
Singapore,40,92.166,-756,4090,105,100,0,3
Singapore,40,92.166,-805,4088,101,0,0,3
Singapore,40,92.166,-805,4088,97,0,0,3
Singapore,40,92.166,-900,4058,91,0,0,3
Singapore,40,92.166,-972,4003,89,0,29,3
Singapore,40,92.166,-1018,3943,90,0,43,3
Singapore,40,92.166,-1018,3943,93,0,50,3
Singapore,40,92.166,-1056,3865,98,0,62,3
Singapore,40,92.166,-1094,3747,111,0,74,3
Singapore,40,92.166,-1115,3641,120,0,79,3
Singapore,40,92.166,-1128,3537,128,0,100,3
Singapore,40,92.166,-1128,3537,138,0,100,3
Singapore,40,92.166,-1126,3279,162,0,100,3
Singapore,40,92.166,-1126,3279,172,0,100,3
Singapore,40,92.166,-1112,3163,179,0,100,4
Singapore,40,92.166,-1112,3163,190,0,100,4
Singapore,40,92.166,-973,2689,200,0,100,4
Singapore,40,92.166,-973,2689,205,0,100,4
Singapore,40,92.166,-973,2689,208,0,100,5
Singapore,40,92.166,-929,2578,214,0,100,5
Singapore,40,92.166,-929,2578,217,0,100,5
Singapore,40,92.166,-844,2375,224,0,100,5
Singapore,40,92.166,-776,2212,228,0,100,5
Singapore,40,92.166,-776,2212,232,0,100,5
Singapore,40,92.166,-697,2020,235,0,100,5
Singapore,40,92.166,-635,1860,241,0,100,6
Singapore,40,92.166,-537,1564,246,0,100,6
Singapore,40,92.166,-537,1564,249,0,100,6
Singapore,40,92.166,-504,1444,252,0,100,6
Singapore,40,92.166,-451,1183,254,0,100,6
Singapore,40,92.166,-451,1183,243,0,0,6
Singapore,40,92.166,-430,920,199,100,0,6
Singapore,40,92.166,-432,772,186,100,0,6
Singapore,40,92.166,-448,635,177,100,0,4
Singapore,40,92.166,-552,406,164,100,0,4
Singapore,40,92.166,-552,406,161,0,0,4
Singapore,40,92.166,-722,278,152,0,62,4
Singapore,40,92.166,-855,227,157,0,70,4
Singapore,40,92.166,-1063,180,167,0,100,4
Singapore,40,92.166,-1240,160,178,0,100,4
Singapore,40,92.166,-1377,153,191,0,100,4
Singapore,40,92.166,-1574,155,198,0,100,4
Singapore,40,92.166,-1745,167,204,0,100,4
Singapore,40,92.166,-1745,167,208,0,100,5
Singapore,40,92.166,-2018,192,221,0,100,5
Singapore,40,92.166,-2018,192,221,0,100,5
Singapore,40,92.166,-2205,210,230,0,100,5
Singapore,40,92.166,-2452,231,238,0,100,5
Singapore,40,92.166,-2656,248,245,0,100,6
Singapore,40,92.166,-2656,248,256,0,100,6
Singapore,40,92.166,-2840,263,260,0,100,6
Singapore,40,92.166,-3131,286,265,0,100,6
Singapore,40,92.166,-3474,312,270,0,100,7
Singapore,40,92.166,-3474,312,274,0,100,7
Singapore,40,92.166,-3688,329,276,0,100,7
Singapore,40,92.166,-3781,336,279,0,100,7
Singapore,40,92.166,-3999,354,283,0,100,7
Singapore,40,92.166,-4298,378,288,0,100,7
Singapore,40,92.166,-4618,407,291,0,100,8
Singapore,40,92.166,-4939,450,292,0,100,8
Singapore,40,92.166,-4939,450,293,0,100,8
Singapore,40,92.166,-5083,478,296,0,100,8
Singapore,40,92.166,-5444,586,297,0,100,8
Singapore,40,92.166,-5687,695,299,0,100,8
Singapore,40,92.166,-5879,798,301,0,100,8
Singapore,40,92.166,-6083,917,302,0,100,8
Singapore,40,92.166,-6141,951,303,0,100,8
Singapore,40,92.166,-6387,1100,304,0,100,8
Singapore,40,92.166,-6678,1278,308,0,100,8
Singapore,40,92.166,-6765,1332,309,0,100,8
Singapore,40,92.166,-7549,1842,310,0,100,8
Singapore,40,92.166,-7549,1842,296,100,0,8
Singapore,40,92.166,-7751,1979,236,100,0,8
Singapore,40,92.166,-7751,1979,220,100,0,8
Singapore,40,92.166,-7843,2028,195,100,0,7
Singapore,40,92.166,-8133,2131,154,100,0,6
Singapore,40,92.166,-8204,2143,146,100,0,3
Singapore,40,92.166,-8204,2143,139,100,0,3
Singapore,40,92.166,-8282,2146,128,100,0,3
Singapore,40,92.166,-8430,2108,119,0,32,3
Singapore,40,92.166,-8518,2051,117,0,53,3
Singapore,40,92.166,-8518,2051,117,0,58,3
Singapore,40,92.166,-8593,1981,122,0,61,3
Singapore,40,92.166,-8650,1918,126,0,78,3
Singapore,40,92.166,-8692,1866,136,0,100,3
Singapore,40,92.166,-8755,1782,142,0,100,3
Singapore,40,92.166,-8823,1682,152,0,100,3
Singapore,40,92.166,-8936,1494,174,0,100,4
Singapore,40,92.166,-9007,1351,186,0,100,4
Singapore,40,92.166,-9105,1139,196,0,100,4
Singapore,40,92.166,-9105,1139,199,0,100,4
Singapore,40,92.166,-9105,1139,206,0,71,4
Singapore,40,92.166,-9194,929,178,100,0,4
Singapore,40,92.166,-9241,824,159,100,0,4
Singapore,40,92.166,-9273,762,142,100,0,3
Singapore,40,92.166,-9302,712,127,100,0,3
Singapore,40,92.166,-9340,652,108,100,0,3
Singapore,40,92.166,-9433,558,98,100,0,3
Singapore,40,92.166,-9472,537,91,100,0,3
Singapore,40,92.166,-9522,525,87,0,0,3
Singapore,40,92.166,-9585,533,79,0,6,3
Singapore,40,92.166,-9657,570,77,0,25,3
Singapore,40,92.166,-9683,587,77,0,31,3
Singapore,40,92.166,-9722,619,81,0,41,3
Singapore,40,92.166,-9790,685,85,0,57,3
Singapore,40,92.166,-9853,754,94,0,63,3
Singapore,40,92.166,-9916,831,101,0,72,3
Singapore,40,92.166,-9971,906,111,0,78,3
Singapore,40,92.166,-9971,906,123,0,92,3
Singapore,40,92.166,-10011,958,145,0,100,3
Singapore,40,92.166,-10257,1256,159,0,100,3
Singapore,40,92.166,-10257,1256,176,0,100,4
Singapore,40,92.166,-10311,1314,182,0,100,4
Singapore,40,92.166,-10438,1439,192,100,0,4
Singapore,40,92.166,-10581,1545,169,100,0,4
Singapore,40,92.166,-10663,1589,169,100,0,4
Singapore,40,92.166,-10827,1645,152,100,0,4
Singapore,40,92.166,-10827,1645,142,100,0,4
Singapore,40,92.166,-10937,1659,135,0,0,4
Singapore,40,92.166,-11035,1647,133,0,0,4
Singapore,40,92.166,-11035,1647,129,0,44,4
Singapore,40,92.166,-11180,1584,129,0,69,4
Singapore,40,92.166,-11303,1488,139,0,74,4
Singapore,40,92.166,-11342,1447,142,0,74,4
Singapore,40,92.166,-11388,1390,149,0,87,4
Singapore,40,92.166,-11463,1285,155,0,100,4
Singapore,40,92.166,-11605,1049,173,0,100,4
Singapore,40,92.166,-11633,995,182,0,100,4
Singapore,40,92.166,-11701,865,196,0,100,4
Singapore,40,92.166,-11814,640,206,0,100,5
Singapore,40,92.166,-11868,533,215,0,100,5
Singapore,40,92.166,-11918,435,221,0,100,5
Singapore,40,92.166,-12005,267,226,0,100,5
Singapore,40,92.166,-12096,95,232,0,100,5
Singapore,40,92.166,-12185,-68,238,0,100,5
Singapore,40,92.166,-12185,-68,238,0,100,6
Singapore,40,92.166,-12324,-317,247,0,100,6
Singapore,40,92.166,-12365,-390,250,0,100,6
Singapore,40,92.166,-12464,-575,253,0,100,6
Singapore,40,92.166,-12573,-776,257,0,100,6
Singapore,40,92.166,-12573,-776,260,0,100,6
Singapore,40,92.166,-12660,-926,262,0,100,6
Singapore,40,92.166,-12833,-1198,265,0,100,6
Singapore,40,92.166,-12973,-1410,252,100,0,6
Singapore,40,92.166,-13072,-1575,199,100,0,6
Singapore,40,92.166,-13108,-1635,181,100,0,5
Singapore,40,92.166,-13181,-1781,164,100,0,4
Singapore,40,92.166,-13202,-1900,150,100,0,4
Singapore,40,92.166,-13202,-1950,150,0,0,4
Singapore,40,92.166,-13185,-2072,140,0,45,4
Singapore,40,92.166,-13185,-2072,139,0,62,4
Singapore,40,92.166,-13185,-2072,142,0,62,4
Singapore,40,92.166,-13019,-2424,147,0,72,4
Singapore,40,92.166,-13019,-2424,148,0,75,4
Singapore,40,92.166,-13019,-2424,157,0,80,4
Singapore,40,92.166,-12964,-2481,162,0,91,4
Singapore,40,92.166,-12796,-2601,174,0,100,4
Singapore,40,92.166,-12657,-2666,181,0,100,4
Singapore,40,92.166,-12657,-2666,182,100,0,4
Singapore,40,92.166,-12419,-2750,146,100,0,4
Singapore,40,92.166,-12369,-2777,127,100,0,3
Singapore,40,92.166,-12306,-2833,122,100,0,3
Singapore,40,92.166,-12266,-2893,118,100,0,3
Singapore,40,92.166,-12243,-2947,111,0,0,3
Singapore,40,92.166,-12216,-3036,107,0,51,3
Singapore,40,92.166,-12187,-3169,111,0,61,3
Singapore,40,92.166,-12171,-3264,121,0,74,3
Singapore,40,92.166,-12171,-3264,127,0,100,3
Singapore,40,92.166,-12162,-3323,148,0,100,3
Singapore,40,92.166,-12162,-3323,157,0,100,3
Singapore,40,92.166,-12014,-3722,168,0,86,4
Singapore,40,92.166,-11955,-3779,182,0,91,4
Singapore,40,92.166,-11843,-3874,185,0,100,4
Singapore,40,92.166,-11843,-3874,189,0,100,4
Singapore,40,92.166,-11665,-4017,198,0,100,4
Singapore,40,92.166,-11512,-4143,204,0,100,5
Singapore,40,92.166,-11512,-4143,210,0,100,5
Singapore,40,92.166,-11442,-4205,215,0,100,5
Singapore,40,92.166,-11442,-4205,218,0,100,5
Singapore,40,92.166,-11242,-4409,214,100,0,5
Singapore,40,92.166,-11154,-4529,179,100,0,5
Singapore,40,92.166,-11107,-4602,169,100,0,4
Singapore,40,92.166,-11064,-4669,143,100,0,3
Singapore,40,92.166,-10943,-4829,112,100,0,2
Singapore,40,92.166,-10893,-4869,101,100,0,2
Singapore,40,92.166,-10893,-4869,93,100,0,2
Singapore,40,92.166,-10806,-4905,83,100,0,2
Singapore,40,92.166,-10806,-4905,83,100,0,2
Singapore,40,92.166,-10745,-4900,75,100,0,2
Singapore,40,92.166,-10716,-4887,70,0,0,2
Singapore,40,92.166,-10682,-4861,68,0,3,2
Singapore,40,92.166,-10647,-4817,66,0,43,2
Singapore,40,92.166,-10614,-4754,70,0,50,2
Singapore,40,92.166,-10599,-4714,75,0,52,2
Singapore,40,92.166,-10588,-4679,81,0,60,2
Singapore,40,92.166,-10567,-4596,91,0,67,2
Singapore,40,92.166,-10559,-4558,104,0,75,2
Singapore,40,92.166,-10542,-4466,118,0,92,2
Singapore,40,92.166,-10535,-4432,123,0,91,2
Singapore,40,92.166,-10509,-4259,146,0,100,3
Singapore,40,92.166,-10492,-4128,166,0,100,3
Singapore,40,92.166,-10479,-4025,179,0,100,4
Singapore,40,92.166,-10466,-3926,183,0,100,4
Singapore,40,92.166,-10453,-3833,192,0,100,4
Singapore,40,92.166,-10434,-3704,199,0,100,4
Singapore,40,92.166,-10418,-3603,206,0,100,5
Singapore,40,92.166,-10398,-3476,212,0,100,5
Singapore,40,92.166,-10365,-3271,219,0,100,5
Singapore,40,92.166,-10365,-3271,225,0,100,5
Singapore,40,92.166,-10311,-2928,231,0,100,5
Singapore,40,92.166,-10311,-2928,235,0,100,6
Singapore,40,92.166,-10286,-2783,240,0,100,6
Singapore,40,92.166,-10238,-2512,247,0,100,6
Singapore,40,92.166,-10238,-2512,252,0,100,6
Singapore,40,92.166,-10210,-2359,257,0,100,6
Singapore,40,92.166,-10137,-2005,264,0,100,6
Singapore,40,92.166,-10075,-1744,269,0,100,7
Singapore,40,92.166,-9985,-1390,274,0,100,7
Singapore,40,92.166,-9920,-1167,279,0,100,7
Singapore,40,92.166,-9874,-1018,281,0,100,7
Singapore,40,92.166,-9809,-823,284,0,100,7
Singapore,40,92.166,-9752,-660,286,0,99,7
Singapore,40,92.166,-9658,-405,236,100,0,7
Singapore,40,92.166,-9586,-219,193,100,0,7
Singapore,40,92.166,-9518,-68,158,100,0,7
Singapore,40,92.166,-9518,-68,158,100,0,7
Singapore,40,92.166,-9424,65,117,100,0,4
Singapore,40,92.166,-9357,109,97,100,0,3
Singapore,40,92.166,-9318,122,95,0,0,3
Singapore,40,92.166,-9216,125,92,0,0,3
Singapore,40,92.166,-9186,118,86,0,23,3
Singapore,40,92.166,-9126,97,88,0,39,3
Singapore,40,92.166,-9040,50,93,0,57,3
Singapore,40,92.166,-8947,-15,100,0,65,3
Singapore,40,92.166,-8947,-15,109,0,78,3
Singapore,40,92.166,-8856,-88,121,0,79,3
Singapore,40,92.166,-8771,-159,126,0,100,3
Singapore,40,92.166,-8683,-234,148,0,100,3
Singapore,40,92.166,-8583,-323,158,0,100,3
Singapore,40,92.166,-8583,-323,162,0,100,3
Singapore,40,92.166,-8427,-470,171,0,100,4
Singapore,40,92.166,-8427,-470,184,0,100,4
Singapore,40,92.166,-8289,-603,194,0,100,4
Singapore,40,92.166,-8188,-697,194,0,100,5
Singapore,40,92.166,-8019,-848,219,0,100,5
Singapore,40,92.166,-7915,-935,224,0,100,5
Singapore,40,92.166,-7816,-1015,230,0,100,5
Singapore,40,92.166,-7723,-1084,234,0,100,5
Singapore,40,92.166,-7489,-1233,240,0,100,6
Singapore,40,92.166,-7319,-1314,245,0,100,6
Singapore,40,92.166,-7137,-1378,248,0,100,6
Singapore,40,92.166,-6845,-1431,252,0,100,6
Singapore,40,92.166,-6845,-1431,255,0,100,6
Singapore,40,92.166,-6688,-1445,255,0,100,6
Singapore,40,92.166,-6688,-1445,262,0,100,6
Singapore,40,92.166,-6688,-1445,263,0,100,6
Singapore,40,92.166,-5966,-1491,265,0,100,7
Singapore,40,92.166,-5966,-1491,269,0,100,7
Singapore,40,92.166,-5591,-1516,271,0,100,7
Singapore,40,92.166,-5591,-1516,273,0,100,7
Singapore,40,92.166,-5349,-1532,275,0,100,7
Singapore,40,92.166,-5211,-1541,277,0,100,7
Singapore,40,92.166,-4826,-1565,279,0,100,7
Singapore,40,92.166,-4748,-1570,280,0,100,7
Singapore,40,92.166,-4577,-1578,281,0,100,7
Singapore,40,92.166,-4420,-1586,282,0,100,7
Singapore,40,92.166,-4059,-1597,284,0,100,7
Singapore,40,92.166,-4059,-1597,284,0,100,7
Singapore,40,92.166,-3774,-1602,286,0,100,7
Singapore,40,92.166,-3774,-1602,286,0,100,7
Singapore,40,92.166,-3631,-1607,287,0,100,7
Singapore,40,92.166,-3282,-1616,257,100,0,7
Singapore,40,92.166,-3050,-1629,227,100,0,7
Singapore,40,92.166,-2833,-1647,198,100,0,7
Singapore,40,92.166,-2833,-1647,173,100,0,7
Singapore,40,92.166,-2739,-1661,147,100,0,5
Singapore,40,92.166,-2646,-1684,136,100,0,4
Singapore,40,92.166,-2462,-1899,109,0,12,3
Singapore,40,92.166,-2455,-1930,109,0,12,3
Singapore,40,92.166,-2430,-2029,110,0,58,3
Singapore,40,92.166,-2386,-2147,116,0,71,3
Singapore,40,92.166,-2386,-2147,125,0,78,3
Singapore,40,92.166,-2339,-2236,132,0,34,3
Singapore,40,92.166,-2274,-2331,129,0,44,4
Singapore,40,92.166,-2174,-2430,138,0,61,4
Singapore,40,92.166,-2089,-2487,142,0,72,4
Singapore,40,92.166,-1992,-2531,152,0,76,4
Singapore,40,92.166,-1883,-2563,158,0,91,4
Singapore,40,92.166,-1755,-2587,166,0,89,4
Singapore,40,92.166,-1755,-2587,170,0,100,4
Singapore,40,92.166,-1449,-2609,185,0,100,4
Singapore,40,92.166,-1362,-2610,196,0,100,4
Singapore,40,92.166,-1075,-2613,208,0,100,5
Singapore,40,92.166,-980,-2615,214,0,100,5
Singapore,40,92.166,-810,-2620,223,0,100,5
Singapore,40,92.166,-400,-2641,234,0,100,5
Singapore,40,92.166,-400,-2641,238,0,100,5
Singapore,40,92.166,-200,-2655,242,0,100,5
Singapore,40,92.166,-93,-2662,244,0,100,6
Singapore,40,92.166,273,-2672,244,100,0,6
Singapore,40,92.166,385,-2660,223,100,0,6
Singapore,40,92.166,614,-2587,205,0,1,5
Singapore,40,92.166,735,-2506,201,0,70,5
Singapore,40,92.166,735,-2506,203,0,80,5
Singapore,40,92.166,948,-2266,206,0,89,5
Singapore,40,92.166,948,-2266,214,0,100,5
Singapore,40,92.166,1067,-2057,220,0,100,5
Singapore,40,92.166,1067,-2057,222,0,100,5
Singapore,40,92.166,1125,-1908,226,0,100,5
Singapore,40,92.166,1193,-1528,230,0,100,5
Singapore,40,92.166,1193,-1528,237,0,100,6
Singapore,40,92.166,1195,-1342,238,0,100,6
Singapore,40,92.166,1182,-1139,242,0,100,6
Singapore,40,92.166,1182,-1139,245,0,100,6
Singapore,40,92.166,1169,-1016,252,0,100,6
Singapore,40,92.166,1125,-735,255,0,100,6
Singapore,40,92.166,1097,-570,258,0,100,6
Singapore,40,92.166,1097,-570,261,0,100,6
Singapore,44,91.485,1043,-241,270,0,100,7
Singapore,44,91.485,976,181,275,0,100,7
Singapore,44,91.485,934,459,281,0,100,7
Singapore,44,91.485,906,648,288,0,100,8
Singapore,44,91.485,856,998,292,0,100,8
Singapore,44,91.485,836,1144,293,0,100,8
Singapore,44,91.485,780,1569,298,0,100,8
Singapore,44,91.485,780,1569,300,0,100,8
Singapore,44,91.485,744,1857,301,0,100,8
Singapore,44,91.485,724,2023,302,0,100,8
Singapore,44,91.485,708,2157,304,0,100,8
Singapore,44,91.485,667,2527,306,0,100,8
Singapore,44,91.485,651,2661,303,100,100,8
Singapore,44,91.485,617,2930,260,100,21,8
Singapore,44,91.485,617,2930,245,100,0,8
Singapore,44,91.485,582,3124,205,100,0,8
Singapore,44,91.485,524,3329,169,100,0,7
Singapore,44,91.485,495,3389,158,100,0,4
Singapore,44,91.485,456,3451,148,100,0,4
Singapore,44,91.485,393,3519,140,100,0,4
Singapore,44,91.485,258,3596,133,0,38,4
Singapore,44,91.485,130,3630,138,0,60,4
Singapore,44,91.485,130,3630,151,0,90,4
Singapore,44,91.485,-217,3732,168,0,81,4
Singapore,44,91.485,-324,3808,168,0,48,4
Singapore,44,91.485,-324,3808,162,100,48,4
Singapore,44,91.485,-452,3917,159,100,1,4
Singapore,44,91.485,-452,3917,146,100,0,4
Singapore,44,91.485,-494,3954,132,100,0,4
Singapore,44,91.485,-611,4042,118,100,0,3
Singapore,44,91.485,-736,4088,105,100,0,3
Singapore,44,91.485,-829,4083,97,0,0,3
Singapore,44,91.485,-870,4072,94,0,0,3
Singapore,44,91.485,-973,4002,89,0,23,3
Singapore,44,91.485,-973,4002,92,0,41,3
Singapore,44,91.485,-1046,3889,98,0,44,3
Singapore,44,91.485,-1046,3889,99,0,46,3
Singapore,44,91.485,-1062,3852,103,0,47,3
Singapore,44,91.485,-1099,3722,112,0,74,3
Singapore,44,91.485,-1117,3625,135,0,83,3
Singapore,44,91.485,-1131,3500,147,0,100,3
Singapore,44,91.485,-1130,3331,162,0,100,3
Singapore,44,91.485,-1115,3187,175,0,100,4
Singapore,44,91.485,-1115,3187,179,0,100,4
Singapore,44,91.485,-1075,2993,190,0,100,4
Singapore,44,91.485,-1027,2834,198,0,100,5
Singapore,44,91.485,-1027,2834,204,0,100,5
Singapore,44,91.485,-949,2628,213,0,100,5
Singapore,44,91.485,-874,2446,221,0,100,5
Singapore,44,91.485,-835,2353,229,0,100,6
Singapore,44,91.485,-770,2198,234,0,100,6
Singapore,44,91.485,-623,1828,242,0,100,6
Singapore,44,91.485,-623,1828,243,0,100,6
Singapore,44,91.485,-562,1647,248,0,100,6
Singapore,44,91.485,-542,1581,250,0,100,6
Singapore,44,91.485,-482,1353,251,0,100,6
Singapore,44,91.485,-482,1353,252,0,100,6
Singapore,44,91.485,-441,1105,253,0,100,6
Singapore,44,91.485,-430,923,222,100,16,6
Singapore,44,91.485,-429,865,200,100,0,6
Singapore,44,91.485,-468,561,173,100,0,4
Singapore,44,91.485,-468,561,164,0,1,4
Singapore,44,91.485,-525,443,161,0,3,4
Singapore,44,91.485,-845,230,158,0,67,4
Singapore,44,91.485,-907,213,160,0,78,4
Singapore,44,91.485,-1015,188,169,0,94,4
Singapore,44,91.485,-1131,170,180,0,100,4
Singapore,44,91.485,-1242,159,190,0,100,4
Singapore,44,91.485,-1496,153,197,0,100,4
Singapore,44,91.485,-1576,155,210,0,100,5
Singapore,44,91.485,-1828,174,216,0,100,5
Singapore,44,91.485,-1828,174,220,0,100,6
Singapore,44,91.485,-2055,196,232,0,100,6
Singapore,44,91.485,-2173,207,240,0,100,6
Singapore,44,91.485,-2306,218,247,0,100,6
Singapore,44,91.485,-2306,218,251,0,100,6
Singapore,44,91.485,-3203,291,258,0,100,7
Singapore,44,91.485,-3203,291,262,0,100,7
Singapore,44,91.485,-3203,291,267,0,100,7
Singapore,44,91.485,-3505,314,273,0,100,7
Singapore,44,91.485,-3505,314,276,0,100,7
Singapore,44,91.485,-3814,339,281,0,100,7
Singapore,44,91.485,-4066,359,284,0,100,7
Singapore,44,91.485,-4066,359,287,0,100,8
Singapore,44,91.485,-4450,391,292,0,100,8
Singapore,44,91.485,-4709,417,295,0,100,8
Singapore,44,91.485,-4887,442,296,0,100,8
Singapore,44,91.485,-5033,468,299,0,100,8
Singapore,44,91.485,-5226,513,300,0,100,8
Singapore,44,91.485,-5676,689,302,0,100,8
Singapore,44,91.485,-5676,689,303,0,100,8
Singapore,44,91.485,-6033,887,304,0,100,8
Singapore,44,91.485,-6033,887,305,0,100,8
Singapore,44,91.485,-6252,1018,306,0,100,8
Singapore,44,91.485,-6398,1107,308,0,100,8
Singapore,44,91.485,-6663,1269,309,0,100,8
Singapore,44,91.485,-6810,1359,310,0,100,8
Singapore,44,91.485,-7052,1514,312,0,100,8
Singapore,44,91.485,-7357,1713,312,0,100,8
Singapore,44,91.485,-7357,1713,313,0,100,8
Singapore,44,91.485,-7455,1779,293,100,11,8
Singapore,44,91.485,-7757,1982,227,100,0,8
Singapore,44,91.485,-7757,1982,198,100,0,8
Singapore,44,91.485,-7905,2056,177,100,0,8
Singapore,44,91.485,-8082,2119,146,100,0,8
Singapore,44,91.485,-8235,2146,133,100,0,4
Singapore,44,91.485,-8322,2142,126,0,0,3
Singapore,44,91.485,-8322,2142,121,0,0,3
Singapore,44,91.485,-8506,2060,116,0,28,3
Singapore,44,91.485,-8506,2060,116,0,46,3
Singapore,44,91.485,-8543,2029,122,0,59,3
Singapore,44,91.485,-8649,1918,125,0,44,3
Singapore,44,91.485,-8649,1918,133,0,74,3
Singapore,44,91.485,-8701,1854,137,0,88,3
Singapore,44,91.485,-8750,1789,157,0,100,3
Singapore,44,91.485,-8819,1687,165,0,100,3
Singapore,44,91.485,-8919,1524,178,0,100,4
Singapore,44,91.485,-8972,1425,189,0,100,4
Singapore,44,91.485,-9024,1317,195,0,100,4
Singapore,44,91.485,-9097,1156,201,0,100,5
Singapore,44,91.485,-9097,1156,205,0,100,5
Singapore,44,91.485,-9183,955,183,100,0,5
Singapore,44,91.485,-9243,820,143,100,0,5
Singapore,44,91.485,-9286,739,133,100,0,4
Singapore,44,91.485,-9343,649,107,100,0,3
Singapore,44,91.485,-9415,571,96,100,0,3
Singapore,44,91.485,-9489,531,91,0,0,3
Singapore,44,91.485,-9489,531,89,100,0,3
Singapore,44,91.485,-9533,525,83,100,0,3
Singapore,44,91.485,-9533,525,80,0,0,3
Singapore,44,91.485,-9576,531,76,0,0,3
Singapore,44,91.485,-9628,552,74,0,5,3
Singapore,44,91.485,-9711,610,78,0,29,3
Singapore,44,91.485,-9781,676,84,0,41,3
Singapore,44,91.485,-9806,703,92,0,57,3
Singapore,44,91.485,-9806,703,100,0,60,3
Singapore,44,91.485,-9887,794,111,0,71,3
Singapore,44,91.485,-9964,896,124,0,75,3
Singapore,44,91.485,-10014,962,140,0,100,3
Singapore,44,91.485,-10171,1158,164,0,100,3
Singapore,44,91.485,-10171,1158,168,0,100,3
Singapore,44,91.485,-10234,1230,177,0,100,4
Singapore,44,91.485,-10326,1330,188,0,100,4
Singapore,44,91.485,-10425,1426,192,100,83,4
Singapore,44,91.485,-10488,1481,177,100,10,4
Singapore,44,91.485,-10620,1567,157,100,0,4
Singapore,44,91.485,-10780,1633,153,100,0,3
Singapore,44,91.485,-10780,1633,144,100,3,3
Singapore,44,91.485,-10947,1659,131,100,2,3
Singapore,44,91.485,-11016,1651,127,0,4,3
Singapore,44,91.485,-11069,1636,123,0,36,3
Singapore,44,91.485,-11191,1577,126,0,50,3
Singapore,44,91.485,-11191,1577,129,0,63,3
Singapore,44,91.485,-11302,1489,136,0,71,3
Singapore,44,91.485,-11352,1435,145,0,81,3
Singapore,44,91.485,-11363,1422,152,0,85,3
Singapore,44,91.485,-11492,1241,169,0,100,3
Singapore,44,91.485,-11593,1071,176,0,100,4
Singapore,44,91.485,-11650,963,192,0,100,4
Singapore,44,91.485,-11706,855,203,0,100,5
Singapore,44,91.485,-11757,753,206,0,100,5
Singapore,44,91.485,-11837,595,218,0,100,5
Singapore,44,91.485,-11903,465,220,0,100,6
Singapore,44,91.485,-11954,365,228,0,100,6
Singapore,44,91.485,-12031,218,232,0,100,6
Singapore,44,91.485,-12086,114,237,0,100,6
Singapore,44,91.485,-12182,-61,242,0,100,6
Singapore,44,91.485,-12375,-408,249,0,100,6
Singapore,44,91.485,-12495,-633,253,0,100,7
Singapore,44,91.485,-12495,-633,258,0,100,7
Singapore,44,91.485,-12628,-872,261,0,100,7
Singapore,44,91.485,-12628,-872,263,0,100,7
Singapore,44,91.485,-12896,-1291,264,0,100,7
Singapore,44,91.485,-12896,-1291,262,100,100,7
Singapore,44,91.485,-13051,-1539,236,100,12,7
Singapore,44,91.485,-13119,-1656,197,100,0,7
Singapore,44,91.485,-13182,-1785,168,100,0,7
Singapore,44,91.485,-13190,-1809,159,100,2,7
Singapore,44,91.485,-13201,-1971,155,100,3,6
Singapore,44,91.485,-13201,-1971,150,0,5,4
Singapore,44,91.485,-13178,-2104,148,0,9,4
Singapore,44,91.485,-13159,-2174,143,0,36,4
Singapore,44,91.485,-13111,-2284,146,0,55,4
Singapore,44,91.485,-12998,-2447,151,0,71,4
Singapore,44,91.485,-12998,-2447,158,0,73,4
Singapore,44,91.485,-12998,-2447,164,0,88,4
Singapore,44,91.485,-12662,-2663,173,0,100,4
Singapore,44,91.485,-12662,-2663,177,100,92,4
Singapore,44,91.485,-12285,-2862,119,100,0,3
Singapore,44,91.485,-12266,-2894,113,0,4,3
Singapore,44,91.485,-12234,-2975,108,0,10,3
Singapore,44,91.485,-12219,-3022,110,0,46,3
Singapore,44,91.485,-12192,-3140,119,0,62,3
Singapore,44,91.485,-12173,-3249,122,0,77,3
Singapore,44,91.485,-12154,-3370,142,0,100,3
Singapore,44,91.485,-12122,-3531,157,0,100,3
Singapore,44,91.485,-12122,-3531,165,0,89,3
Singapore,44,91.485,-12088,-3622,168,0,79,4
Singapore,44,91.485,-12010,-3726,174,0,89,4
Singapore,44,91.485,-11952,-3782,178,0,100,4
Singapore,44,91.485,-11841,-3876,186,0,100,4
Singapore,44,91.485,-11639,-4038,198,0,100,4
Singapore,44,91.485,-11604,-4066,204,0,100,5
Singapore,44,91.485,-11455,-4193,210,0,100,5
Singapore,44,91.485,-11359,-4283,217,100,96,5
Singapore,44,91.485,-11190,-4477,188,100,0,5
Singapore,44,91.485,-11090,-4628,175,100,0,5
Singapore,44,91.485,-11039,-4709,140,100,0,5
Singapore,44,91.485,-11039,-4709,131,100,0,4
Singapore,44,91.485,-11005,-4756,112,100,0,2
Singapore,44,91.485,-10875,-4879,98,100,0,2
Singapore,44,91.485,-10791,-4907,88,100,0,2
Singapore,44,91.485,-10791,-4907,81,100,0,2
Singapore,44,91.485,-10713,-4886,75,100,0,2
Singapore,44,91.485,-10713,-4886,70,100,0,2
Singapore,44,91.485,-10645,-4813,67,0,0,2
Singapore,44,91.485,-10645,-4813,64,0,21,2
Singapore,44,91.485,-10634,-4794,69,0,30,2
Singapore,44,91.485,-10603,-4725,73,0,40,2
Singapore,44,91.485,-10592,-4691,83,0,52,2
Singapore,44,91.485,-10568,-4597,95,0,63,2
Singapore,44,91.485,-10568,-4597,99,0,67,2
Singapore,44,91.485,-10560,-4562,108,0,74,2
Singapore,44,91.485,-10532,-4415,122,0,82,2
Singapore,44,91.485,-10532,-4415,127,0,96,2
Singapore,44,91.485,-10508,-4255,144,0,100,2
Singapore,44,91.485,-10490,-4105,159,0,100,3
Singapore,44,91.485,-10490,-4105,169,0,100,3
Singapore,44,91.485,-10473,-3981,177,0,100,4
Singapore,44,91.485,-10463,-3901,190,0,100,4
Singapore,44,91.485,-10421,-3621,205,0,100,5
Singapore,44,91.485,-10421,-3621,208,0,100,5
Singapore,44,91.485,-10357,-3219,218,0,100,5
Singapore,44,91.485,-10335,-3080,233,0,100,6
Singapore,44,91.485,-10312,-2937,241,0,100,6
Singapore,44,91.485,-10272,-2698,248,0,100,6
Singapore,44,91.485,-10247,-2560,252,0,100,7
Singapore,44,91.485,-10222,-2421,258,0,100,7
Singapore,44,91.485,-10174,-2181,262,0,100,7
Singapore,44,91.485,-10121,-1936,266,0,100,7
Singapore,44,91.485,-10076,-1745,272,0,100,7
Singapore,44,91.485,-10010,-1485,276,0,100,7
Singapore,44,91.485,-9917,-1156,279,0,100,7
Singapore,44,91.485,-9917,-1156,281,0,100,7
Singapore,44,91.485,-9860,-976,285,0,100,7
Singapore,44,91.485,-9779,-734,287,0,100,7
Singapore,44,91.485,-9727,-590,254,100,12,7
Singapore,44,91.485,-9675,-449,223,100,0,7
Singapore,44,91.485,-9599,-252,208,100,0,7
Singapore,44,91.485,-9544,-121,158,100,0,7
Singapore,44,91.485,-9503,-39,139,100,0,7
Singapore,44,91.485,-9435,54,114,100,0,6
Singapore,44,91.485,-9348,113,100,100,0,2
Singapore,44,91.485,-9348,113,96,0,0,2
Singapore,44,91.485,-9268,129,94,0,0,2
Singapore,44,91.485,-9203,122,88,0,24,2
Singapore,44,91.485,-9092,81,96,0,45,2
Singapore,44,91.485,-9039,50,103,0,55,2
Singapore,44,91.485,-8986,14,110,0,69,2
Singapore,44,91.485,-8858,-85,120,0,74,2
Singapore,44,91.485,-8732,-192,134,0,83,2
Singapore,44,91.485,-8654,-260,155,0,100,3
Singapore,44,91.485,-8585,-321,165,0,100,3
Singapore,44,91.485,-8585,-321,169,0,100,3
Singapore,44,91.485,-8486,-413,182,0,100,4
Singapore,44,91.485,-8397,-499,189,0,100,4
Singapore,44,91.485,-8334,-560,192,0,100,4
Singapore,44,91.485,-8280,-611,203,0,100,5
Singapore,44,91.485,-8144,-737,209,0,100,5
Singapore,44,91.485,-8054,-817,215,0,100,5
Singapore,44,91.485,-7884,-960,226,0,100,6
Singapore,44,91.485,-7884,-960,230,0,100,6
Singapore,44,91.485,-7764,-1054,235,0,100,6
Singapore,44,91.485,-7700,-1100,237,0,100,6
Singapore,44,91.485,-7512,-1221,240,0,100,6
Singapore,44,91.485,-7355,-1299,247,0,100,6
Singapore,44,91.485,-7188,-1362,251,0,100,7
Singapore,44,91.485,-7013,-1406,254,0,100,7
Singapore,44,91.485,-7013,-1406,257,0,100,7
Singapore,44,91.485,-6527,-1455,260,0,100,7
Singapore,44,91.485,-6366,-1465,265,0,100,7
Singapore,44,91.485,-6219,-1474,267,0,100,7
Singapore,44,91.485,-5905,-1495,273,0,100,7
Singapore,44,91.485,-5632,-1513,275,0,100,7
Singapore,44,91.485,-5448,-1525,277,0,100,7
Singapore,44,91.485,-5262,-1538,280,0,100,7
Singapore,44,91.485,-5107,-1548,281,0,100,8
Singapore,44,91.485,-4794,-1567,283,0,100,8
Singapore,44,91.485,-4621,-1576,284,0,100,8
Singapore,44,91.485,-4288,-1592,286,0,100,8
Singapore,44,91.485,-4288,-1592,287,0,100,8
Singapore,44,91.485,-3809,-1601,289,0,100,8
Singapore,44,91.485,-3809,-1601,288,0,100,8
Singapore,44,91.485,-3568,-1608,289,0,100,8
Singapore,44,91.485,-3568,-1608,290,0,100,8
Singapore,44,91.485,-3343,-1614,289,100,81,8
Singapore,44,91.485,-3131,-1624,228,100,0,8
Singapore,44,91.485,-3021,-1631,199,100,0,8
Singapore,44,91.485,-2861,-1644,174,100,0,8
Singapore,44,91.485,-2734,-1662,155,100,0,8
Singapore,44,91.485,-2734,-1662,143,100,0,8
Singapore,44,91.485,-2597,-1704,127,100,0,5
Singapore,44,91.485,-2551,-1734,121,100,0,3
Singapore,44,91.485,-2496,-1802,116,0,0,3
Singapore,44,91.485,-2474,-1857,113,0,15,3
Singapore,44,91.485,-2434,-2014,115,0,51,3
Singapore,44,91.485,-2434,-2014,119,0,52,3
Singapore,44,91.485,-2416,-2071,124,0,58,3
Singapore,44,91.485,-2394,-2129,127,0,76,3
Singapore,44,91.485,-2342,-2231,134,0,42,3
Singapore,44,91.485,-2254,-2355,131,0,51,3
Singapore,44,91.485,-2179,-2426,133,0,51,3
Singapore,44,91.485,-2149,-2449,137,0,58,3
Singapore,44,91.485,-1999,-2528,143,0,67,3
Singapore,44,91.485,-1857,-2568,156,0,88,3
Singapore,44,91.485,-1757,-2586,169,0,100,3
Singapore,44,91.485,-1699,-2594,178,0,100,4
Singapore,44,91.485,-1599,-2603,185,0,100,4
Singapore,44,91.485,-1506,-2608,192,0,100,4
Singapore,44,91.485,-1205,-2611,203,0,100,5
Singapore,44,91.485,-1066,-2613,212,0,100,5
Singapore,44,91.485,-886,-2618,217,0,100,5
Singapore,44,91.485,-737,-2623,225,0,100,6
Singapore,44,91.485,-597,-2630,230,0,100,6
Singapore,44,91.485,-350,-2644,236,0,100,6
Singapore,44,91.485,-350,-2644,237,0,100,6
Singapore,44,91.485,-196,-2655,241,0,100,6
Singapore,44,91.485,-61,-2664,246,0,100,6
Singapore,44,91.485,169,-2674,241,100,46,6
Singapore,44,91.485,429,-2652,224,100,12,6
Singapore,44,91.485,551,-2616,215,0,23,5
Singapore,44,91.485,551,-2616,210,0,45,5
Singapore,44,91.485,838,-2407,206,0,69,5
Singapore,44,91.485,899,-2334,210,0,84,5
Singapore,44,91.485,963,-2243,216,0,100,5
Singapore,44,91.485,1037,-2117,224,0,100,5
Singapore,44,91.485,1128,-1899,233,0,100,6
Singapore,44,91.485,1187,-1606,237,0,100,6
Singapore,44,91.485,1196,-1433,242,0,100,6
Singapore,44,91.485,1188,-1213,249,0,100,6
Singapore,44,91.485,1166,-992,250,0,100,7
Singapore,44,91.485,1123,-725,257,0,100,7
Singapore,44,91.485,1092,-539,259,0,100,7
Singapore,44,91.485,1092,-539,267,0,100,7
Singapore,55,90.984,1044,-249,275,0,99,7
Singapore,55,90.984,1017,-83,278,0,99,7
Singapore,55,90.984,986,116,281,0,100,7
Singapore,55,90.984,967,241,284,0,100,7
Singapore,55,90.984,950,350,287,0,99,7
Singapore,55,90.984,894,731,293,0,99,7
Singapore,55,90.984,815,1299,299,0,99,8
Singapore,55,90.984,783,1547,302,0,100,8
Singapore,55,90.984,754,1775,304,0,99,8
Singapore,55,90.984,732,1958,305,0,99,8
Singapore,55,90.984,677,2440,307,0,99,8
Singapore,55,90.984,659,2593,308,0,99,8
Singapore,55,90.984,642,2743,300,100,10,8
Singapore,55,90.984,605,3004,267,100,7,8
Singapore,55,90.984,605,3004,238,100,7,8
Singapore,55,90.984,573,3169,224,100,5,8
Singapore,55,90.984,546,3270,191,100,4,8
Singapore,55,90.984,513,3354,169,100,2,7
Singapore,55,90.984,416,3497,148,100,0,4
Singapore,55,90.984,318,3571,143,0,2,4
Singapore,55,90.984,209,3612,137,0,51,4
Singapore,55,90.984,209,3612,138,0,61,4
Singapore,55,90.984,52,3645,144,0,71,4
Singapore,55,90.984,-34,3663,145,0,78,4
Singapore,55,90.984,-99,3681,157,0,67,4
Singapore,55,90.984,-261,3761,160,100,65,4
Singapore,55,90.984,-261,3761,162,100,49,4
Singapore,55,90.984,-390,3863,162,100,50,4
Singapore,55,90.984,-390,3863,160,100,38,4
Singapore,55,90.984,-464,3928,158,100,1,4
Singapore,55,90.984,-525,3980,132,100,0,4
Singapore,55,90.984,-637,4057,112,100,0,3
Singapore,55,90.984,-692,4080,105,100,0,3
Singapore,55,90.984,-784,4090,99,100,0,3
Singapore,55,90.984,-850,4078,92,100,0,3
Singapore,55,90.984,-850,4078,90,0,0,3
Singapore,55,90.984,-913,4050,87,0,38,3
Singapore,55,90.984,-997,3974,93,0,52,3
Singapore,55,90.984,-1020,3939,98,0,56,3
Singapore,55,90.984,-1068,3836,109,0,70,3
Singapore,55,90.984,-1083,3789,116,0,74,3
Singapore,55,90.984,-1107,3685,126,0,78,3
Singapore,55,90.984,-1132,3479,145,0,99,3
Singapore,55,90.984,-1129,3307,166,0,99,3
Singapore,55,90.984,-1129,3307,170,0,99,4
Singapore,55,90.984,-1116,3190,183,0,99,4
Singapore,55,90.984,-1091,3058,191,0,99,4
Singapore,55,90.984,-1048,2900,197,0,99,4
Singapore,55,90.984,-1012,2792,209,0,99,5
Singapore,55,90.984,-962,2659,217,0,99,5
Singapore,55,90.984,-892,2488,221,0,99,5
Singapore,55,90.984,-856,2402,223,0,99,5
Singapore,55,90.984,-814,2303,228,0,99,5
Singapore,55,90.984,-718,2074,232,0,99,6
Singapore,55,90.984,-718,2074,238,0,99,6
Singapore,55,90.984,-635,1861,242,0,99,6
Singapore,55,90.984,-635,1861,246,0,99,6
Singapore,55,90.984,-532,1547,249,0,99,6
Singapore,55,90.984,-532,1547,249,0,99,6
Singapore,55,90.984,-474,1315,255,0,99,6
Singapore,55,90.984,-435,1038,255,0,72,6
Singapore,55,90.984,-435,1038,246,100,1,6
Singapore,55,90.984,-429,895,213,100,0,6
Singapore,55,90.984,-434,738,194,100,0,6
Singapore,55,90.984,-447,637,180,100,0,5
Singapore,55,90.984,-501,483,170,100,0,4
Singapore,55,90.984,-602,354,162,0,34,4
Singapore,55,90.984,-602,354,158,0,57,4
Singapore,55,90.984,-745,267,159,0,68,4
Singapore,55,90.984,-850,228,165,0,82,4
Singapore,55,90.984,-978,195,169,0,76,4
Singapore,55,90.984,-1103,174,172,0,99,4
Singapore,55,90.984,-1244,159,184,0,99,4
Singapore,55,90.984,-1438,152,194,0,99,4
Singapore,55,90.984,-1518,153,205,0,99,5
Singapore,55,90.984,-1767,169,205,0,99,5
Singapore,55,90.984,-1870,178,231,0,99,6
Singapore,55,90.984,-2179,207,236,0,99,6
Singapore,55,90.984,-2179,207,241,0,99,6
Singapore,55,90.984,-2423,228,244,0,99,6
Singapore,55,90.984,-2423,228,249,0,99,6
Singapore,55,90.984,-2761,257,258,0,99,6
Singapore,55,90.984,-2980,275,262,0,99,7
Singapore,55,90.984,-3084,282,267,0,99,7
Singapore,55,90.984,-3354,302,270,0,99,7
Singapore,55,90.984,-3354,302,270,0,99,7
Singapore,55,90.984,-3585,321,278,0,99,7
Singapore,55,90.984,-3585,321,278,0,99,7
Singapore,55,90.984,-3755,334,283,0,99,7
Singapore,55,90.984,-3944,349,287,0,99,7
Singapore,55,90.984,-4136,365,289,0,99,7
Singapore,55,90.984,-4541,399,294,0,99,7
Singapore,55,90.984,-4769,425,297,0,99,8
Singapore,55,90.984,-4900,444,297,0,99,8
Singapore,55,90.984,-5271,526,302,0,99,8
Singapore,55,90.984,-5962,846,307,0,99,8
Singapore,55,90.984,-6258,1022,309,0,99,8
Singapore,55,90.984,-6376,1094,311,0,99,8
Singapore,55,90.984,-6806,1357,313,0,99,8
Singapore,55,90.984,-6806,1357,314,0,99,8
Singapore,55,90.984,-6964,1456,314,0,99,8
Singapore,55,90.984,-6964,1456,315,0,99,8
Singapore,55,90.984,-6964,1456,315,0,99,8
Singapore,55,90.984,-7402,1743,312,100,39,8
Singapore,55,90.984,-7577,1861,236,100,3,8
Singapore,55,90.984,-7754,1980,197,100,1,8
Singapore,55,90.984,-7853,2032,179,100,0,8
Singapore,55,90.984,-8095,2122,148,100,0,7
Singapore,55,90.984,-8155,2135,139,100,1,4
Singapore,55,90.984,-8227,2145,132,100,1,4
Singapore,55,90.984,-8227,2145,126,100,0,4
Singapore,55,90.984,-8347,2137,123,0,4,4
Singapore,55,90.984,-8461,2090,118,0,28,4
Singapore,55,90.984,-8559,2015,120,0,51,4
Singapore,55,90.984,-8559,2015,123,0,57,4
Singapore,55,90.984,-8646,1922,130,0,67,4
Singapore,55,90.984,-8699,1857,140,0,100,4
Singapore,55,90.984,-8761,1773,145,0,99,4
Singapore,55,90.984,-8838,1657,164,0,99,4
Singapore,55,90.984,-8918,1525,173,0,99,4
Singapore,55,90.984,-8918,1525,181,0,99,4
Singapore,55,90.984,-8957,1453,188,0,99,4
Singapore,55,90.984,-8998,1371,192,0,99,4
Singapore,55,90.984,-9112,1121,207,0,99,4
Singapore,55,90.984,-9112,1121,208,100,8,4
Singapore,55,90.984,-9170,986,196,100,0,5
Singapore,55,90.984,-9210,893,172,100,0,5
Singapore,55,90.984,-9254,798,141,100,0,5
Singapore,55,90.984,-9308,702,127,100,0,5
Singapore,55,90.984,-9366,620,109,100,0,4
Singapore,55,90.984,-9464,541,96,100,0,3
Singapore,55,90.984,-9464,541,90,100,0,3
Singapore,55,90.984,-9525,525,85,100,0,3
Singapore,55,90.984,-9525,525,82,0,0,3
Singapore,55,90.984,-9600,539,77,0,19,3
Singapore,55,90.984,-9658,570,78,0,38,3
Singapore,55,90.984,-9688,591,79,0,45,3
Singapore,55,90.984,-9741,636,84,0,49,3
Singapore,55,90.984,-9828,725,89,0,60,3
Singapore,55,90.984,-9828,725,98,0,61,3
Singapore,55,90.984,-9916,831,109,0,78,3
Singapore,55,90.984,-9932,853,127,0,72,3
Singapore,55,90.984,-9991,932,132,0,100,3
Singapore,55,90.984,-10034,988,142,0,100,3
Singapore,55,90.984,-10118,1094,157,0,99,3
Singapore,55,90.984,-10169,1155,157,0,99,4
Singapore,55,90.984,-10291,1292,180,0,99,4
Singapore,55,90.984,-10417,1419,190,100,9,4
Singapore,55,90.984,-10508,1496,175,100,1,4
Singapore,55,90.984,-10629,1572,151,100,0,4
Singapore,55,90.984,-10787,1635,143,100,0,4
Singapore,55,90.984,-10899,1657,138,0,4,4
Singapore,55,90.984,-11029,1649,133,0,43,4
Singapore,55,90.984,-11126,1613,133,0,57,4
Singapore,55,90.984,-11180,1584,138,0,57,4
Singapore,55,90.984,-11274,1517,143,0,71,4
Singapore,55,90.984,-11376,1406,148,0,78,4
Singapore,55,90.984,-11443,1315,156,0,100,4
Singapore,55,90.984,-11483,1254,168,0,99,4
Singapore,55,90.984,-11559,1130,177,0,99,4
Singapore,55,90.984,-11616,1028,186,0,99,4
Singapore,55,90.984,-11691,884,196,0,99,4
Singapore,55,90.984,-11757,752,203,0,99,5
Singapore,55,90.984,-11799,668,213,0,99,5
Singapore,55,90.984,-11854,562,219,0,99,5
Singapore,55,90.984,-11904,463,224,0,99,5
Singapore,55,90.984,-12057,169,233,0,99,6
Singapore,55,90.984,-12094,99,238,0,99,6
Singapore,55,90.984,-12145,5,242,0,99,6
Singapore,55,90.984,-12290,-256,242,0,99,6
Singapore,55,90.984,-12398,-451,252,0,99,6
Singapore,55,90.984,-12424,-501,255,0,99,6
Singapore,55,90.984,-12582,-792,260,0,99,6
Singapore,55,90.984,-12662,-931,264,0,99,7
Singapore,55,90.984,-12795,-1143,266,0,99,7
Singapore,55,90.984,-12871,-1254,267,100,62,7
Singapore,55,90.984,-12871,-1254,255,100,3,7
Singapore,55,90.984,-13111,-1642,189,100,3,7
Singapore,55,90.984,-13175,-1766,164,100,2,7
Singapore,55,90.984,-13197,-1843,154,100,0,6
Singapore,55,90.984,-13193,-2030,145,100,0,4
Singapore,55,90.984,-13193,-2030,142,0,1,4
Singapore,55,90.984,-13177,-2107,137,0,22,4
Singapore,55,90.984,-13148,-2202,138,0,58,4
Singapore,55,90.984,-13124,-2259,141,0,69,4
Singapore,55,90.984,-13074,-2349,146,0,76,4
Singapore,55,90.984,-12991,-2454,155,0,82,4
Singapore,55,90.984,-12827,-2583,166,0,99,4
Singapore,55,90.984,-12671,-2660,182,0,98,4
Singapore,55,90.984,-12486,-2725,150,100,0,4
Singapore,55,90.984,-12341,-2797,129,100,0,4
Singapore,55,90.984,-12296,-2846,123,100,0,3
Singapore,55,90.984,-12233,-2976,117,100,0,3
Singapore,55,90.984,-12233,-2976,112,0,1,3
Singapore,55,90.984,-12205,-3080,111,0,50,3
Singapore,55,90.984,-12186,-3175,117,0,60,3
Singapore,55,90.984,-12178,-3222,124,0,73,3
Singapore,55,90.984,-12167,-3285,139,0,99,3
Singapore,55,90.984,-12118,-3547,156,0,100,3
Singapore,55,90.984,-12118,-3547,163,0,88,3
Singapore,55,90.984,-12042,-3691,175,0,75,4
Singapore,55,90.984,-11957,-3778,181,0,100,4
Singapore,55,90.984,-11844,-3874,189,0,99,4
Singapore,55,90.984,-11639,-4037,200,0,99,5
Singapore,55,90.984,-11418,-4226,210,0,99,5
Singapore,55,90.984,-11266,-4380,217,0,99,5
Singapore,55,90.984,-11183,-4486,193,100,7,5
Singapore,55,90.984,-11069,-4661,156,100,1,5
Singapore,55,90.984,-11033,-4718,124,100,0,5
Singapore,55,90.984,-10933,-4837,103,100,0,2
Singapore,55,90.984,-10933,-4837,91,100,0,2
Singapore,55,90.984,-10868,-4883,83,100,0,2
Singapore,55,90.984,-10828,-4899,78,100,0,2
Singapore,55,90.984,-10796,-4906,76,100,0,2
Singapore,55,90.984,-10716,-4887,68,0,0,2
Singapore,55,90.984,-10692,-4870,66,0,24,2
Singapore,55,90.984,-10648,-4818,67,0,31,2
Singapore,55,90.984,-10648,-4818,68,0,42,2
Singapore,55,90.984,-10617,-4761,72,0,48,2
Singapore,55,90.984,-10586,-4671,82,0,59,2
Singapore,55,90.984,-10573,-4623,96,0,64,2
Singapore,55,90.984,-10563,-4577,104,0,71,2
Singapore,55,90.984,-10549,-4506,113,0,77,3
Singapore,55,90.984,-10524,-4364,128,0,99,3
Singapore,55,90.984,-10505,-4230,150,0,100,3
Singapore,55,90.984,-10505,-4230,171,0,100,4
Singapore,55,90.984,-10451,-3824,193,0,100,4
Singapore,55,90.984,-10427,-3661,193,0,100,5
Singapore,55,90.984,-10427,-3661,204,0,100,5
Singapore,55,90.984,-10392,-3441,208,0,100,5
Singapore,55,90.984,-10392,-3441,215,0,100,5
Singapore,55,90.984,-10379,-3357,224,0,99,5
Singapore,55,90.984,-10337,-3093,233,0,100,5
Singapore,55,90.984,-10288,-2790,243,0,100,6
Singapore,55,90.984,-10247,-2557,252,0,100,6
Singapore,55,90.984,-10226,-2446,256,0,99,6
Singapore,55,90.984,-10156,-2091,264,0,99,6
Singapore,55,90.984,-10156,-2091,266,0,100,7
Singapore,55,90.984,-10071,-1725,270,0,99,7
Singapore,55,90.984,-10071,-1725,272,0,100,7
Singapore,55,90.984,-10045,-1621,276,0,99,7
Singapore,55,90.984,-9948,-1260,281,0,100,7
Singapore,55,90.984,-9881,-1041,287,0,100,7
Singapore,55,90.984,-9801,-798,289,0,99,7
Singapore,55,90.984,-9702,-520,278,100,2,7
Singapore,55,90.984,-9635,-344,232,100,1,7
Singapore,55,90.984,-9635,-344,199,100,1,7
Singapore,55,90.984,-9565,-168,187,100,0,7
Singapore,55,90.984,-9514,-61,154,100,0,7
Singapore,55,90.984,-9514,-61,137,100,0,7
Singapore,55,90.984,-9440,48,117,100,0,4
Singapore,55,90.984,-9373,102,105,100,0,3
Singapore,55,90.984,-9335,118,96,100,0,3
Singapore,55,90.984,-9271,128,90,0,0,3
Singapore,55,90.984,-9122,95,92,0,46,3
Singapore,55,90.984,-9122,95,94,0,48,3
Singapore,55,90.984,-9054,59,95,0,55,3
Singapore,55,90.984,-9030,44,103,0,59,3
Singapore,55,90.984,-8948,-14,106,0,74,3
Singapore,55,90.984,-8948,-14,114,0,77,3
Singapore,55,90.984,-8854,-89,122,0,71,3
Singapore,55,90.984,-8774,-156,138,0,100,3
Singapore,55,90.984,-8743,-182,144,0,99,3
Singapore,55,90.984,-8535,-367,174,0,99,3
Singapore,55,90.984,-8535,-367,182,0,99,4
Singapore,55,90.984,-8424,-473,190,0,99,4
Singapore,55,90.984,-8067,-805,216,0,99,5
Singapore,55,90.984,-8002,-862,221,0,99,5
Singapore,55,90.984,-7887,-958,226,0,99,5
Singapore,55,90.984,-7767,-1052,233,0,99,6
Singapore,55,90.984,-7649,-1135,239,0,99,6
Singapore,55,90.984,-7319,-1314,243,0,100,6
Singapore,55,90.984,-7229,-1349,250,0,99,6
Singapore,55,90.984,-6943,-1418,251,0,99,6
Singapore,55,90.984,-6943,-1418,255,0,99,6
Singapore,55,90.984,-6685,-1446,259,0,99,6
Singapore,55,90.984,-6528,-1455,263,0,99,7
Singapore,55,90.984,-6381,-1464,267,0,99,7
Singapore,55,90.984,-6381,-1464,268,0,99,7
Singapore,55,90.984,-5430,-1527,273,0,99,7
Singapore,55,90.984,-5430,-1527,275,0,99,7
Singapore,55,90.984,-5430,-1527,278,0,99,7
Singapore,55,90.984,-5121,-1547,278,0,99,7
Singapore,55,90.984,-5121,-1547,281,0,99,7
Singapore,55,90.984,-4808,-1566,283,0,99,7
Singapore,55,90.984,-4555,-1579,285,0,99,7
Singapore,55,90.984,-4555,-1579,286,0,99,7
Singapore,55,90.984,-4172,-1595,290,0,99,7
Singapore,55,90.984,-3914,-1599,290,0,99,7
Singapore,55,90.984,-3737,-1603,291,0,99,7
Singapore,55,90.984,-3591,-1608,292,0,99,7
Singapore,55,90.984,-3397,-1613,290,100,99,7
Singapore,55,90.984,-3001,-1633,216,100,2,7
Singapore,55,90.984,-3001,-1633,203,100,0,7
Singapore,55,90.984,-2765,-1656,179,100,0,7
Singapore,55,90.984,-2765,-1656,159,100,0,7
Singapore,55,90.984,-2654,-1681,137,100,0,7
Singapore,55,90.984,-2592,-1707,128,100,0,4
Singapore,55,90.984,-2513,-1774,123,100,0,4
Singapore,55,90.984,-2482,-1831,113,0,3,4
Singapore,55,90.984,-2451,-1947,111,0,44,4
Singapore,55,90.984,-2413,-2079,113,0,53,4
Singapore,55,90.984,-2413,-2079,118,0,74,4
Singapore,55,90.984,-2396,-2124,126,0,72,4
Singapore,55,90.984,-2304,-2292,137,0,44,4
Singapore,55,90.984,-2304,-2292,135,0,56,4
Singapore,55,90.984,-2227,-2384,137,0,62,4
Singapore,55,90.984,-2091,-2486,143,0,69,4
Singapore,55,90.984,-1927,-2551,153,0,83,4
Singapore,55,90.984,-1811,-2577,162,0,96,4
Singapore,55,90.984,-1811,-2577,170,0,99,4
Singapore,55,90.984,-1505,-2608,183,0,99,4
Singapore,55,90.984,-1505,-2608,186,0,99,4
Singapore,55,90.984,-1430,-2610,193,0,99,5
Singapore,55,90.984,-1198,-2611,204,0,99,5
Singapore,55,90.984,-1198,-2611,209,0,99,5
Singapore,55,90.984,-1068,-2613,215,0,99,5
Singapore,55,90.984,-946,-2616,223,0,99,5
Singapore,55,90.984,-772,-2622,228,0,99,6
Singapore,55,90.984,-514,-2634,235,0,99,6
Singapore,55,90.984,-368,-2643,242,0,100,6
Singapore,55,90.984,-184,-2656,245,0,100,6
Singapore,55,90.984,35,-2670,249,0,99,6
Singapore,55,90.984,35,-2670,250,0,99,6
Singapore,55,90.984,309,-2669,248,100,40,6
Singapore,55,90.984,506,-2632,227,100,28,5
Singapore,55,90.984,637,-2575,218,0,56,5
Singapore,55,90.984,788,-2459,210,0,82,5
Singapore,55,90.984,944,-2273,214,0,100,5
Singapore,55,90.984,1057,-2079,222,0,100,5
Singapore,55,90.984,1057,-2079,225,0,100,5
Singapore,55,90.984,1107,-1963,229,0,99,6
Singapore,55,90.984,1107,-1963,233,0,99,6
Singapore,55,90.984,1146,-1839,234,0,99,6
Singapore,55,90.984,1179,-1671,237,0,99,6
Singapore,55,90.984,1196,-1361,240,0,99,6
Singapore,55,90.984,1181,-1129,245,0,99,6
Singapore,55,90.984,1170,-1031,248,0,99,6
Singapore,55,90.984,1170,-1031,256,0,99,6
Singapore,55,90.984,1125,-737,260,0,100,6
Singapore,55,90.984,1081,-474,264,0,100,7
Singapore,63,91.056,1031,-164,273,0,100,7
Singapore,63,91.056,1009,-28,275,0,100,7
Singapore,63,91.056,1009,-28,279,0,100,7
Singapore,63,91.056,921,542,285,0,100,7
Singapore,63,91.056,887,778,291,0,100,8
Singapore,63,91.056,864,938,293,0,100,8
Singapore,63,91.056,814,1311,294,0,100,8
Singapore,63,91.056,814,1311,296,0,100,8
Singapore,63,91.056,792,1474,298,0,100,8
Singapore,63,91.056,765,1690,299,0,100,8
Singapore,63,91.056,748,1824,301,0,100,8
Singapore,63,91.056,720,2055,303,0,100,8
Singapore,63,91.056,689,2323,304,0,100,8
Singapore,63,91.056,646,2709,298,100,0,8
Singapore,63,91.056,610,2979,262,100,0,8
Singapore,63,91.056,563,3210,192,100,0,8
Singapore,63,91.056,502,3375,162,100,0,6
Singapore,63,91.056,459,3446,154,100,0,4
Singapore,63,91.056,334,3562,145,100,0,4
Singapore,63,91.056,334,3562,142,0,0,4
Singapore,63,91.056,213,3610,135,0,20,4
Singapore,63,91.056,97,3636,139,0,60,4
Singapore,63,91.056,42,3647,144,0,69,4
Singapore,63,91.056,-28,3662,152,0,83,4
Singapore,63,91.056,-277,3773,161,0,55,4
Singapore,63,91.056,-277,3773,163,0,44,4
Singapore,63,91.056,-396,3869,160,100,0,4
Singapore,63,91.056,-474,3936,146,100,0,4
Singapore,63,91.056,-554,4003,133,100,0,4
Singapore,63,91.056,-684,4077,109,100,0,3
Singapore,63,91.056,-834,4082,99,0,0,3
Singapore,63,91.056,-918,4047,92,0,0,3
Singapore,63,91.056,-964,4011,87,0,34,3
Singapore,63,91.056,-1032,3919,96,0,52,3
Singapore,63,91.056,-1053,3873,102,0,67,3
Singapore,63,91.056,-1101,3715,120,0,79,3
Singapore,63,91.056,-1101,3715,126,0,90,3
Singapore,63,91.056,-1122,3590,136,0,100,3
Singapore,63,91.056,-1130,3508,153,0,100,3
Singapore,63,91.056,-1133,3440,153,0,100,3
Singapore,63,91.056,-1121,3232,175,0,100,4
Singapore,63,91.056,-1110,3152,183,0,100,4
Singapore,63,91.056,-1068,2968,194,0,100,4
Singapore,63,91.056,-1068,2968,201,0,100,5
Singapore,63,91.056,-1015,2801,201,0,100,5
Singapore,63,91.056,-951,2633,216,0,100,5
Singapore,63,91.056,-905,2520,227,0,100,6
Singapore,63,91.056,-862,2416,227,0,100,6
Singapore,63,91.056,-802,2275,234,0,100,6
Singapore,63,91.056,-696,2019,239,0,100,6
Singapore,63,91.056,-615,1805,246,0,100,6
Singapore,63,91.056,-615,1805,250,0,100,6
Singapore,63,91.056,-451,1184,251,0,100,6
Singapore,63,91.056,-432,983,243,100,0,6
Singapore,63,91.056,-432,983,217,100,0,6
Singapore,63,91.056,-432,765,209,100,0,6
Singapore,63,91.056,-432,765,198,100,0,5
Singapore,63,91.056,-439,694,180,100,0,5
Singapore,63,91.056,-489,507,167,100,0,4
Singapore,63,91.056,-607,350,154,0,48,4
Singapore,63,91.056,-732,273,158,0,76,4
Singapore,63,91.056,-801,245,166,0,86,4
Singapore,63,91.056,-1035,185,173,0,100,4
Singapore,63,91.056,-1035,185,183,0,100,4
Singapore,63,91.056,-1296,156,190,0,100,4
Singapore,63,91.056,-1296,156,197,0,100,4
Singapore,63,91.056,-1374,153,197,0,100,5
Singapore,63,91.056,-1625,157,203,0,100,5
Singapore,63,91.056,-1793,171,218,0,100,5
Singapore,63,91.056,-1992,190,222,0,100,6
Singapore,63,91.056,-2238,212,233,0,100,6
Singapore,63,91.056,-2437,230,239,0,100,6
Singapore,63,91.056,-2437,230,244,0,100,6
Singapore,63,91.056,-2695,251,244,0,100,6
Singapore,63,91.056,-2908,269,257,0,100,6
Singapore,63,91.056,-2908,269,257,0,100,7
Singapore,63,91.056,-3216,291,268,0,100,7
Singapore,63,91.056,-3458,310,275,0,100,7
Singapore,63,91.056,-3581,320,277,0,100,7
Singapore,63,91.056,-3803,338,282,0,100,7
Singapore,63,91.056,-4278,376,286,0,100,8
Singapore,63,91.056,-4278,376,290,0,100,8
Singapore,63,91.056,-4504,396,293,0,100,8
Singapore,63,91.056,-4585,404,294,0,100,8
Singapore,63,91.056,-4860,438,297,0,100,8
Singapore,63,91.056,-4860,438,297,0,100,8
Singapore,63,91.056,-5151,494,298,0,100,8
Singapore,63,91.056,-5373,559,300,0,100,8
Singapore,63,91.056,-5451,588,301,0,100,8
Singapore,63,91.056,-5919,820,303,0,100,8
Singapore,63,91.056,-5919,820,303,0,100,8
Singapore,63,91.056,-6138,950,306,0,100,8
Singapore,63,91.056,-6789,1347,310,0,100,8
Singapore,63,91.056,-6877,1401,310,0,100,8
Singapore,63,91.056,-7051,1513,311,0,100,8
Singapore,63,91.056,-7224,1626,311,0,100,8
Singapore,63,91.056,-7383,1731,297,100,0,8
Singapore,63,91.056,-7719,1958,248,100,0,8
Singapore,63,91.056,-7787,1999,194,100,0,8
Singapore,63,91.056,-7972,2082,168,100,0,7
Singapore,63,91.056,-7972,2082,152,100,0,6
Singapore,63,91.056,-8109,2125,137,100,0,6
Singapore,63,91.056,-8173,2138,131,100,0,4
Singapore,63,91.056,-8242,2146,125,0,0,3
Singapore,63,91.056,-8242,2146,120,0,0,3
Singapore,63,91.056,-8607,1967,117,0,43,3
Singapore,63,91.056,-8607,1967,122,0,52,3
Singapore,63,91.056,-8607,1967,128,0,69,3
Singapore,63,91.056,-8707,1846,138,0,97,3
Singapore,63,91.056,-8707,1846,144,0,100,3
Singapore,63,91.056,-8809,1703,167,0,100,3
Singapore,63,91.056,-8892,1571,172,0,100,4
Singapore,63,91.056,-8892,1571,187,0,100,4
Singapore,63,91.056,-9010,1346,196,0,100,4
Singapore,63,91.056,-9085,1184,203,0,100,5
Singapore,63,91.056,-9134,1069,207,100,98,5
Singapore,63,91.056,-9172,980,181,100,0,5
Singapore,63,91.056,-9217,876,147,100,0,5
Singapore,63,91.056,-9316,688,119,100,0,4
Singapore,63,91.056,-9316,688,109,100,0,3
Singapore,63,91.056,-9401,582,103,100,0,3
Singapore,63,91.056,-9401,582,97,100,0,3
Singapore,63,91.056,-9462,541,92,100,0,3
Singapore,63,91.056,-9506,527,83,0,0,3
Singapore,63,91.056,-9581,532,78,0,0,3
Singapore,63,91.056,-9622,549,76,0,21,3
Singapore,63,91.056,-9689,592,79,0,29,3
Singapore,63,91.056,-9764,659,82,0,43,3
Singapore,63,91.056,-9764,659,88,0,50,3
Singapore,63,91.056,-9789,684,96,0,53,3
Singapore,63,91.056,-9888,796,105,0,67,3
Singapore,63,91.056,-9888,796,119,0,79,3
Singapore,63,91.056,-9953,881,130,0,87,3
Singapore,63,91.056,-10057,1018,146,0,100,3
Singapore,63,91.056,-10176,1164,170,0,100,3
Singapore,63,91.056,-10259,1258,178,0,100,4
Singapore,63,91.056,-10259,1258,185,0,100,4
Singapore,63,91.056,-10487,1479,190,100,0,4
Singapore,63,91.056,-10487,1479,176,100,0,4
Singapore,63,91.056,-10540,1518,160,100,0,4
Singapore,63,91.056,-10709,1608,154,100,0,4
Singapore,63,91.056,-10709,1608,144,100,0,4
Singapore,63,91.056,-10792,1636,142,100,0,4
Singapore,63,91.056,-10867,1653,133,0,24,4
Singapore,63,91.056,-10969,1658,132,0,29,4
Singapore,63,91.056,-11108,1621,131,0,39,4
Singapore,63,91.056,-11181,1584,135,0,68,4
Singapore,63,91.056,-11251,1536,139,0,71,4
Singapore,63,91.056,-11342,1446,145,0,91,4
Singapore,63,91.056,-11342,1446,154,0,95,4
Singapore,63,91.056,-11452,1302,167,0,100,4
Singapore,63,91.056,-11535,1171,182,0,100,4
Singapore,63,91.056,-11598,1063,190,0,100,4
Singapore,63,91.056,-11677,911,203,0,100,5
Singapore,63,91.056,-11781,704,213,0,100,5
Singapore,63,91.056,-11880,510,218,0,100,5
Singapore,63,91.056,-11880,510,223,0,100,5
Singapore,63,91.056,-11937,398,223,0,100,6
Singapore,63,91.056,-11937,398,228,0,100,6
Singapore,63,91.056,-11996,285,235,0,100,6
Singapore,63,91.056,-12075,135,239,0,100,6
Singapore,63,91.056,-12222,-134,241,0,100,6
Singapore,63,91.056,-12357,-376,247,0,100,6
Singapore,63,91.056,-12404,-463,254,0,100,7
Singapore,63,91.056,-12404,-463,255,0,100,7
Singapore,63,91.056,-12546,-727,259,0,100,7
Singapore,63,91.056,-12683,-966,262,0,100,7
Singapore,63,91.056,-12769,-1102,264,0,100,7
Singapore,63,91.056,-12991,-1438,247,100,0,7
Singapore,63,91.056,-12991,-1438,234,100,0,7
Singapore,63,91.056,-13063,-1559,198,100,0,7
Singapore,63,91.056,-13135,-1683,174,100,0,6
Singapore,63,91.056,-13184,-1789,165,100,0,6
Singapore,63,91.056,-13198,-1853,158,100,0,5
Singapore,63,91.056,-13198,-1999,150,0,16,4
Singapore,63,91.056,-13160,-2170,146,0,40,4
Singapore,63,91.056,-13160,-2170,149,0,54,4
Singapore,63,91.056,-13076,-2345,156,0,65,4
Singapore,63,91.056,-13025,-2416,158,0,68,4
Singapore,63,91.056,-12977,-2469,162,0,77,4
Singapore,63,91.056,-12836,-2578,168,0,75,4
Singapore,63,91.056,-12836,-2578,173,0,89,4
Singapore,63,91.056,-12668,-2661,177,0,89,4
Singapore,63,91.056,-12585,-2692,175,100,0,4
Singapore,63,91.056,-12567,-2698,149,100,0,4
Singapore,63,91.056,-12385,-2767,124,100,0,3
Singapore,63,91.056,-12291,-2854,120,100,0,3
Singapore,63,91.056,-12257,-2913,112,0,7,3
Singapore,63,91.056,-12232,-2979,111,0,39,3
Singapore,63,91.056,-12215,-3040,114,0,50,3
Singapore,63,91.056,-12193,-3136,121,0,75,3
Singapore,63,91.056,-12178,-3218,129,0,79,3
Singapore,63,91.056,-12168,-3285,138,0,96,3
Singapore,63,91.056,-12151,-3389,149,0,100,3
Singapore,63,91.056,-12137,-3466,159,0,100,3
Singapore,63,91.056,-12101,-3594,169,0,85,3
Singapore,63,91.056,-11919,-3811,177,0,99,4
Singapore,63,91.056,-11768,-3934,191,0,100,4
Singapore,63,91.056,-11768,-3934,197,0,100,5
Singapore,63,91.056,-11603,-4067,205,0,100,5
Singapore,63,91.056,-11603,-4067,207,0,100,5
Singapore,63,91.056,-11306,-4336,217,100,100,5
Singapore,63,91.056,-11306,-4336,203,100,0,5
Singapore,63,91.056,-11166,-4511,182,100,0,5
Singapore,63,91.056,-11104,-4606,169,100,0,5
Singapore,63,91.056,-11038,-4710,136,100,0,4
Singapore,63,91.056,-11025,-4729,121,100,0,3
Singapore,63,91.056,-10945,-4827,112,100,0,3
Singapore,63,91.056,-10945,-4827,103,100,0,3
Singapore,63,91.056,-10875,-4880,97,100,0,3
Singapore,63,91.056,-10833,-4898,91,100,0,3
Singapore,63,91.056,-10765,-4905,86,100,0,3
Singapore,63,91.056,-10675,-4855,74,0,0,3
Singapore,63,91.056,-10675,-4855,72,0,0,3
Singapore,63,91.056,-10675,-4855,72,0,14,3
Singapore,63,91.056,-10594,-4698,69,0,25,3
Singapore,63,91.056,-10594,-4698,75,0,38,3
Singapore,63,91.056,-10543,-4470,105,0,74,3
Singapore,63,91.056,-10536,-4434,109,0,85,3
Singapore,63,91.056,-10520,-4337,119,0,87,3
Singapore,63,91.056,-10511,-4275,144,0,87,3
Singapore,63,91.056,-10491,-4116,159,0,100,3
Singapore,63,91.056,-10471,-3966,169,0,100,4
Singapore,63,91.056,-10449,-3805,182,0,100,4
Singapore,63,91.056,-10417,-3598,202,0,100,5
Singapore,63,91.056,-10417,-3598,209,0,100,5
Singapore,63,91.056,-10397,-3471,215,0,100,5
Singapore,63,91.056,-10370,-3304,225,0,100,6
Singapore,63,91.056,-10355,-3205,228,0,100,6
Singapore,63,91.056,-10327,-3027,233,0,100,6
Singapore,63,91.056,-10274,-2711,241,0,100,6
Singapore,63,91.056,-10264,-2656,248,0,100,6
Singapore,63,91.056,-10214,-2381,253,0,100,6
Singapore,63,91.056,-10183,-2226,262,0,100,7
Singapore,63,91.056,-10112,-1896,268,0,100,7
Singapore,63,91.056,-10044,-1619,268,0,100,7
Singapore,63,91.056,-9990,-1411,277,0,100,7
Singapore,63,91.056,-9990,-1411,278,0,100,7
Singapore,63,91.056,-9957,-1292,281,0,100,7
Singapore,63,91.056,-9808,-818,286,0,100,7
Singapore,63,91.056,-9708,-538,287,100,0,7
Singapore,63,91.056,-9708,-538,282,100,0,7
Singapore,63,91.056,-9621,-306,233,100,0,7
Singapore,63,91.056,-9621,-306,203,100,0,7
Singapore,63,91.056,-9526,-84,203,100,0,7
Singapore,63,91.056,-9526,-84,153,100,0,5
Singapore,63,91.056,-9506,-46,124,100,0,5
Singapore,63,91.056,-9438,51,124,100,0,3
Singapore,63,91.056,-9405,81,101,100,0,3
Singapore,63,91.056,-9310,124,96,100,0,3
Singapore,63,91.056,-9310,124,93,0,0,3
Singapore,63,91.056,-9254,128,86,0,9,3
Singapore,63,91.056,-9143,104,87,0,25,3
Singapore,63,91.056,-9143,104,88,0,32,3
Singapore,63,91.056,-9046,54,93,0,48,3
Singapore,63,91.056,-8965,-1,104,0,68,3
Singapore,63,91.056,-8965,-1,112,0,74,3
Singapore,63,91.056,-8900,-52,112,0,76,3
Singapore,63,91.056,-8857,-87,126,0,92,3
Singapore,63,91.056,-8702,-218,153,0,100,3
Singapore,63,91.056,-8702,-218,153,0,100,3
Singapore,63,91.056,-8469,-430,166,0,100,3
Singapore,63,91.056,-8386,-509,184,0,100,4
Singapore,63,91.056,-8317,-576,198,0,100,5
Singapore,63,91.056,-8166,-716,205,0,100,5
Singapore,63,91.056,-8078,-795,220,0,100,5
Singapore,63,91.056,-7986,-876,220,0,100,6
Singapore,63,91.056,-7820,-1011,232,0,100,6
Singapore,63,91.056,-7641,-1141,236,0,100,6
Singapore,63,91.056,-7494,-1231,242,0,100,6
Singapore,63,91.056,-7297,-1323,247,0,100,6
Singapore,63,91.056,-7018,-1405,250,0,100,7
Singapore,63,91.056,-7018,-1405,254,0,100,7
Singapore,63,91.056,-6848,-1431,256,0,100,7
Singapore,63,91.056,-6606,-1450,258,0,100,7
Singapore,63,91.056,-6441,-1460,264,0,100,7
Singapore,63,91.056,-6280,-1470,266,0,100,7
Singapore,63,91.056,-5998,-1489,267,0,100,7
Singapore,63,91.056,-5757,-1505,271,0,100,7
Singapore,63,91.056,-5575,-1517,276,0,100,7
Singapore,63,91.056,-5299,-1535,277,0,100,7
Singapore,63,91.056,-4989,-1556,280,0,100,7
Singapore,63,91.056,-4989,-1556,281,0,100,7
Singapore,63,91.056,-4739,-1570,282,0,100,7
Singapore,63,91.056,-4535,-1580,284,0,100,7
Singapore,63,91.056,-4172,-1595,285,0,100,7
Singapore,63,91.056,-3997,-1598,287,0,100,7
Singapore,63,91.056,-3822,-1600,288,0,100,7
Singapore,63,91.056,-3423,-1612,287,0,100,7
Singapore,63,91.056,-3104,-1626,287,100,0,7
Singapore,63,91.056,-2964,-1636,214,100,0,7
Singapore,63,91.056,-2863,-1644,188,100,0,7
Singapore,63,91.056,-2863,-1644,166,100,0,7
Singapore,63,91.056,-2740,-1660,151,100,0,7
Singapore,63,91.056,-2652,-1682,140,100,0,6
Singapore,63,91.056,-2596,-1705,135,100,0,4
Singapore,63,91.056,-2548,-1736,128,100,0,3
Singapore,63,91.056,-2489,-1816,120,0,0,3
Singapore,63,91.056,-2467,-1879,113,0,8,3
Singapore,63,91.056,-2440,-1992,109,0,47,3
Singapore,63,91.056,-2440,-1992,114,0,52,3
Singapore,63,91.056,-2418,-2065,118,0,73,3
Singapore,63,91.056,-2405,-2102,122,0,80,3
Singapore,63,91.056,-2354,-2210,128,0,51,3
Singapore,63,91.056,-2302,-2294,137,0,43,3
Singapore,63,91.056,-2241,-2369,137,0,43,3
Singapore,63,91.056,-2167,-2435,139,0,68,3
Singapore,63,91.056,-2167,-2435,146,0,73,3
Singapore,63,91.056,-1922,-2552,159,0,100,3
Singapore,63,91.056,-1823,-2575,164,0,100,3
Singapore,63,91.056,-1727,-2591,175,0,100,4
Singapore,63,91.056,-1510,-2608,190,0,100,4
Singapore,63,91.056,-1311,-2610,200,0,100,4
Singapore,63,91.056,-1173,-2611,210,0,100,5
Singapore,63,91.056,-1029,-2614,220,0,100,5
Singapore,63,91.056,-907,-2617,223,0,100,6
Singapore,63,91.056,-655,-2627,232,0,100,6
Singapore,63,91.056,-512,-2634,236,0,100,6
Singapore,63,91.056,-205,-2654,242,0,100,6
Singapore,63,91.056,-205,-2654,242,0,100,6
Singapore,63,91.056,198,-2674,244,0,100,6
Singapore,63,91.056,198,-2674,240,100,36,6
Singapore,63,91.056,385,-2660,236,100,31,6
Singapore,63,91.056,385,-2660,221,0,30,6
Singapore,63,91.056,545,-2618,212,0,62,5
Singapore,63,91.056,716,-2521,214,0,68,5
Singapore,63,91.056,797,-2450,213,0,100,5
Singapore,63,91.056,915,-2312,213,0,100,5
Singapore,63,91.056,990,-2199,220,0,100,5
Singapore,63,91.056,990,-2199,224,0,100,6
Singapore,63,91.056,1103,-1974,232,0,100,6
Singapore,63,91.056,1139,-1864,234,0,100,6
Singapore,63,91.056,1177,-1683,234,0,100,6
Singapore,63,91.056,1191,-1563,241,0,100,6
Singapore,63,91.056,1189,-1226,246,0,100,6
Singapore,63,91.056,1189,-1226,247,0,100,6
Singapore,63,91.056,1178,-1101,249,0,100,7
Singapore,63,91.056,1163,-975,253,0,100,7
Singapore,63,91.056,1130,-766,259,0,100,7
Singapore,63,91.056,1078,-454,268,0,100,7
Singapore,77,92.809,1071,-413,264,0,100,6
Singapore,77,92.809,1033,-180,269,0,100,7
Singapore,77,92.809,1009,-31,273,0,100,7
Singapore,77,92.809,986,117,275,0,100,7
Singapore,77,92.809,932,469,281,0,100,7
Singapore,77,92.809,882,812,286,0,100,7
Singapore,77,92.809,882,812,287,0,100,7
Singapore,77,92.809,831,1177,290,0,100,7
Singapore,77,92.809,802,1403,293,0,100,7
Singapore,77,92.809,775,1613,294,0,100,7
Singapore,77,92.809,753,1789,296,0,100,7
Singapore,77,92.809,753,1789,298,0,100,7
Singapore,77,92.809,721,2047,300,0,100,8
Singapore,77,92.809,665,2545,302,0,100,8
Singapore,77,92.809,610,2977,284,100,0,8
Singapore,77,92.809,610,2977,252,100,0,8
Singapore,77,92.809,595,3060,225,100,0,8
Singapore,77,92.809,571,3178,202,100,0,8
Singapore,77,92.809,571,3178,192,100,0,7
Singapore,77,92.809,530,3315,167,100,0,7
Singapore,77,92.809,493,3392,152,100,0,6
Singapore,77,92.809,414,3499,148,100,0,5
Singapore,77,92.809,374,3535,139,100,1,4
Singapore,77,92.809,305,3577,135,0,1,4
Singapore,77,92.809,160,3623,133,0,49,4
Singapore,77,92.809,35,3648,144,0,88,4
Singapore,77,92.809,-70,3673,152,0,100,4
Singapore,77,92.809,-153,3701,167,100,96,4
Singapore,77,92.809,-272,3769,169,100,54,4
Singapore,77,92.809,-402,3874,158,100,19,4
Singapore,77,92.809,-484,3945,150,100,1,4
Singapore,77,92.809,-484,3945,131,100,0,4
Singapore,77,92.809,-550,3999,114,100,0,3
Singapore,77,92.809,-658,4066,106,100,0,3
Singapore,77,92.809,-658,4066,103,100,0,3
Singapore,77,92.809,-761,4090,99,0,0,3
Singapore,77,92.809,-814,4086,95,0,0,3
Singapore,77,92.809,-902,4057,92,0,13,3
Singapore,77,92.809,-944,4029,92,0,28,3
Singapore,77,92.809,-978,3997,94,0,42,3
Singapore,77,92.809,-1066,3842,102,0,52,3
Singapore,77,92.809,-1101,3715,111,0,58,3
Singapore,77,92.809,-1124,3577,126,0,81,3
Singapore,77,92.809,-1133,3401,141,0,100,3
Singapore,77,92.809,-1133,3401,146,0,100,3
Singapore,77,92.809,-1119,3216,166,0,100,3
Singapore,77,92.809,-1119,3216,174,0,100,4
Singapore,77,92.809,-1091,3057,187,0,100,4
Singapore,77,92.809,-1042,2881,199,0,100,4
Singapore,77,92.809,-973,2687,212,0,100,5
Singapore,77,92.809,-911,2533,214,0,100,5
Singapore,77,92.809,-882,2465,220,0,100,5
Singapore,77,92.809,-882,2465,224,0,100,5
Singapore,77,92.809,-761,2177,230,0,100,5
Singapore,77,92.809,-736,2117,234,0,100,6
Singapore,77,92.809,-682,1984,240,0,100,6
Singapore,77,92.809,-586,1721,246,0,100,6
Singapore,77,92.809,-507,1458,251,0,100,6
Singapore,77,92.809,-460,1238,252,0,100,6
Singapore,77,92.809,-435,1025,224,100,0,6
Singapore,77,92.809,-432,760,184,100,0,6
Singapore,77,92.809,-446,646,170,100,0,5
Singapore,77,92.809,-491,504,164,0,1,4
Singapore,77,92.809,-543,417,158,0,0,4
Singapore,77,92.809,-607,350,153,0,39,4
Singapore,77,92.809,-714,281,152,0,69,4
Singapore,77,92.809,-812,241,157,0,81,4
Singapore,77,92.809,-925,208,162,0,90,4
Singapore,77,92.809,-1114,172,176,0,100,4
Singapore,77,92.809,-1246,159,187,0,100,4
Singapore,77,92.809,-1448,152,187,0,100,5
Singapore,77,92.809,-1560,154,201,0,100,5
Singapore,77,92.809,-1710,164,213,0,100,5
Singapore,77,92.809,-1795,171,220,0,100,5
Singapore,77,92.809,-1943,185,228,0,100,5
Singapore,77,92.809,-2303,218,240,0,100,6
Singapore,77,92.809,-2303,218,240,0,100,6
Singapore,77,92.809,-2631,246,253,0,100,6
Singapore,77,92.809,-2631,246,255,0,100,6
Singapore,77,92.809,-3463,311,265,0,100,7
Singapore,77,92.809,-3463,311,268,0,100,7
Singapore,77,92.809,-3463,311,272,0,100,7
Singapore,77,92.809,-3882,344,280,0,100,7
Singapore,77,92.809,-4164,367,286,0,100,7
Singapore,77,92.809,-4307,379,289,0,100,7
Singapore,77,92.809,-4482,394,289,0,100,7
Singapore,77,92.809,-4786,427,292,0,100,7
Singapore,77,92.809,-4963,454,295,0,100,7
Singapore,77,92.809,-5202,507,296,0,100,8
Singapore,77,92.809,-5328,544,298,0,100,8
Singapore,77,92.809,-5711,707,300,0,100,8
Singapore,77,92.809,-5711,707,300,0,100,8
Singapore,77,92.809,-6034,888,302,0,100,8
Singapore,77,92.809,-6295,1045,304,0,100,8
Singapore,77,92.809,-6470,1151,307,0,100,8
Singapore,77,92.809,-6732,1311,309,0,100,8
Singapore,77,92.809,-6965,1457,312,0,100,8
Singapore,77,92.809,-7241,1637,311,0,100,8
Singapore,77,92.809,-7241,1637,312,0,100,8
Singapore,77,92.809,-7397,1740,292,100,1,8
Singapore,77,92.809,-7552,1844,257,100,0,8
Singapore,77,92.809,-7630,1897,211,100,0,8
Singapore,77,92.809,-7802,2007,197,100,0,8
Singapore,77,92.809,-7889,2048,157,100,0,8
Singapore,77,92.809,-7994,2090,144,100,0,8
Singapore,77,92.809,-7994,2090,139,100,0,7
Singapore,77,92.809,-8137,2132,128,0,0,4
Singapore,77,92.809,-8226,2145,125,100,0,4
Singapore,77,92.809,-8317,2142,122,0,0,4
Singapore,77,92.809,-8374,2129,118,0,3,4
Singapore,77,92.809,-8496,2068,118,0,39,4
Singapore,77,92.809,-8553,2020,123,0,57,4
Singapore,77,92.809,-8627,1944,128,0,67,4
Singapore,77,92.809,-8684,1875,140,0,92,4
Singapore,77,92.809,-8802,1714,157,0,100,4
Singapore,77,92.809,-8877,1596,168,0,100,4
Singapore,77,92.809,-8877,1596,175,0,100,4
Singapore,77,92.809,-8951,1466,187,0,100,4
Singapore,77,92.809,-9190,938,170,100,0,5
Singapore,77,92.809,-9246,814,140,100,0,5
Singapore,77,92.809,-9333,663,118,100,0,5
Singapore,77,92.809,-9346,644,102,100,0,3
Singapore,77,92.809,-9422,565,88,100,0,3
Singapore,77,92.809,-9462,542,88,100,0,3
Singapore,77,92.809,-9526,525,83,0,0,3
Singapore,77,92.809,-9551,526,80,0,0,3
Singapore,77,92.809,-9590,535,78,0,12,3
Singapore,77,92.809,-9669,578,78,0,26,3
Singapore,77,92.809,-9720,618,84,0,36,3
Singapore,77,92.809,-9759,654,88,0,46,3
Singapore,77,92.809,-9815,712,93,0,53,3
Singapore,77,92.809,-9815,712,96,0,53,3
Singapore,77,92.809,-9877,783,98,0,63,3
Singapore,77,92.809,-9930,850,113,0,71,3
Singapore,77,92.809,-9973,908,123,0,80,3
Singapore,77,92.809,-9973,908,138,0,100,3
Singapore,77,92.809,-10055,1015,150,0,100,3
Singapore,77,92.809,-10113,1088,159,0,100,3
Singapore,77,92.809,-10273,1273,172,0,100,4
Singapore,77,92.809,-10350,1355,187,0,100,4
Singapore,77,92.809,-10516,1502,175,100,0,4
Singapore,77,92.809,-10659,1587,151,100,0,4
Singapore,77,92.809,-10816,1643,143,100,0,4
Singapore,77,92.809,-10816,1643,138,100,0,4
Singapore,77,92.809,-10866,1653,130,0,0,4
Singapore,77,92.809,-11033,1647,129,0,3,4
Singapore,77,92.809,-11146,1603,128,0,32,4
Singapore,77,92.809,-11222,1557,131,0,58,4
Singapore,77,92.809,-11222,1557,137,0,71,4
Singapore,77,92.809,-11341,1447,146,0,78,4
Singapore,77,92.809,-11470,1275,146,0,86,4
Singapore,77,92.809,-11470,1275,162,0,89,4
Singapore,77,92.809,-11545,1155,168,0,100,4
Singapore,77,92.809,-11545,1155,176,0,100,4
Singapore,77,92.809,-11662,941,188,0,100,4
Singapore,77,92.809,-11768,730,198,0,100,5
Singapore,77,92.809,-11768,730,206,0,100,5
Singapore,77,92.809,-11800,668,211,0,100,5
Singapore,77,92.809,-11871,529,215,0,100,5
Singapore,77,92.809,-11949,375,225,0,100,5
Singapore,77,92.809,-12110,70,238,0,100,6
Singapore,77,92.809,-12238,-164,247,0,100,6
Singapore,77,92.809,-12380,-417,251,0,100,6
Singapore,77,92.809,-12479,-604,256,0,100,6
Singapore,77,92.809,-12479,-604,256,0,100,6
Singapore,77,92.809,-12568,-767,260,0,100,6
Singapore,77,92.809,-12647,-905,264,0,100,6
Singapore,77,92.809,-12973,-1410,260,100,100,6
Singapore,77,92.809,-12973,-1410,248,100,5,6
Singapore,77,92.809,-13047,-1532,211,100,0,6
Singapore,77,92.809,-13126,-1668,170,100,0,6
Singapore,77,92.809,-13170,-1755,156,100,0,5
Singapore,77,92.809,-13202,-1941,148,100,0,4
Singapore,77,92.809,-13196,-2011,138,0,0,4
Singapore,77,92.809,-13171,-2131,135,0,0,4
Singapore,77,92.809,-13171,-2131,133,0,43,4
Singapore,77,92.809,-13137,-2229,135,0,56,4
Singapore,77,92.809,-13085,-2331,137,0,59,4
Singapore,77,92.809,-13021,-2421,143,0,71,4
Singapore,77,92.809,-13021,-2421,147,0,80,4
Singapore,77,92.809,-12874,-2553,156,0,89,4
Singapore,77,92.809,-12677,-2657,168,0,100,4
Singapore,77,92.809,-12677,-2657,177,0,15,4
Singapore,77,92.809,-12550,-2704,177,100,15,4
Singapore,77,92.809,-12428,-2746,135,100,0,4
Singapore,77,92.809,-12375,-2773,123,100,0,3
Singapore,77,92.809,-12298,-2844,113,100,0,3
Singapore,77,92.809,-12256,-2916,107,0,0,3
Singapore,77,92.809,-12222,-3013,104,0,30,3
Singapore,77,92.809,-12213,-3047,104,0,30,3
Singapore,77,92.809,-12197,-3118,110,0,54,3
Singapore,77,92.809,-12179,-3218,119,0,70,3
Singapore,77,92.809,-12163,-3314,124,0,93,3
Singapore,77,92.809,-12148,-3406,146,0,100,3
Singapore,77,92.809,-12125,-3522,155,0,87,3
Singapore,77,92.809,-12081,-3636,165,0,85,4
Singapore,77,92.809,-12026,-3710,171,0,86,4
Singapore,77,92.809,-11873,-3849,179,0,94,4
Singapore,77,92.809,-11767,-3935,186,0,100,4
Singapore,77,92.809,-11767,-3935,190,0,100,5
Singapore,77,92.809,-11586,-4081,205,0,100,5
Singapore,77,92.809,-11533,-4125,211,0,100,5
Singapore,77,92.809,-11309,-4333,219,0,100,5
Singapore,77,92.809,-11309,-4333,220,100,100,5
Singapore,77,92.809,-11211,-4447,195,100,0,5
Singapore,77,92.809,-11127,-4570,175,100,0,5
Singapore,77,92.809,-11050,-4692,144,100,0,5
Singapore,77,92.809,-10960,-4811,123,100,0,5
Singapore,77,92.809,-10960,-4811,101,100,0,3
Singapore,77,92.809,-10906,-4859,90,100,0,2
Singapore,77,92.809,-10858,-4888,80,100,0,2
Singapore,77,92.809,-10821,-4901,78,100,0,2
Singapore,77,92.809,-10780,-4906,71,0,0,2
Singapore,77,92.809,-10769,-4905,70,0,0,2
Singapore,77,92.809,-10769,-4905,67,0,0,2
Singapore,77,92.809,-10625,-4776,67,0,16,2
Singapore,77,92.809,-10625,-4776,69,0,25,2
Singapore,77,92.809,-10614,-4754,74,0,42,2
Singapore,77,92.809,-10602,-4722,79,0,45,2
Singapore,77,92.809,-10583,-4661,85,0,50,2
Singapore,77,92.809,-10572,-4618,91,0,59,2
Singapore,77,92.809,-10564,-4580,99,0,62,2
Singapore,77,92.809,-10549,-4506,107,0,69,2
Singapore,77,92.809,-10549,-4506,112,0,78,2
Singapore,77,92.809,-10531,-4403,128,0,99,2
Singapore,77,92.809,-10508,-4250,139,0,100,2
Singapore,77,92.809,-10497,-4164,161,0,100,3
Singapore,77,92.809,-10497,-4164,170,0,100,4
Singapore,77,92.809,-10469,-3948,183,0,100,4
Singapore,77,92.809,-10436,-3718,196,0,100,4
Singapore,77,92.809,-10410,-3549,212,0,100,5
Singapore,77,92.809,-10380,-3361,219,0,100,5
Singapore,77,92.809,-10362,-3252,223,0,100,5
Singapore,77,92.809,-10333,-3063,230,0,100,5
Singapore,77,92.809,-10303,-2881,239,0,100,6
Singapore,77,92.809,-10279,-2735,244,0,100,6
Singapore,77,92.809,-10232,-2478,250,0,100,6
Singapore,77,92.809,-10200,-2311,257,0,100,6
Singapore,77,92.809,-10125,-1955,263,0,100,6
Singapore,77,92.809,-10084,-1781,267,0,100,7
Singapore,77,92.809,-10070,-1723,271,0,100,7
Singapore,77,92.809,-10022,-1531,277,0,100,7
Singapore,77,92.809,-9949,-1264,280,0,100,7
Singapore,77,92.809,-9895,-1084,281,0,100,7
Singapore,77,92.809,-9836,-903,285,0,100,7
Singapore,77,92.809,-9695,-503,244,100,0,7
Singapore,77,92.809,-9695,-503,228,100,0,7
Singapore,77,92.809,-9545,-124,131,100,0,6
Singapore,77,92.809,-9494,-24,118,100,0,4
Singapore,77,92.809,-9458,27,103,100,0,3
Singapore,77,92.809,-9423,65,95,0,0,3
Singapore,77,92.809,-9375,100,93,0,0,3
Singapore,77,92.809,-9296,126,90,0,2,3
Singapore,77,92.809,-9222,125,89,0,38,3
Singapore,77,92.809,-9110,90,96,0,51,3
Singapore,77,92.809,-8988,15,108,0,67,3
Singapore,77,92.809,-8963,-2,117,0,75,3
Singapore,77,92.809,-8827,-111,129,0,100,3
Singapore,77,92.809,-8755,-172,145,0,100,3
Singapore,77,92.809,-8623,-287,160,0,100,3
Singapore,77,92.809,-8559,-345,174,0,100,4
Singapore,77,92.809,-8501,-400,183,0,100,4
Singapore,77,92.809,-8425,-472,193,0,100,5
Singapore,77,92.809,-8274,-616,207,0,100,5
Singapore,77,92.809,-8111,-766,213,0,100,5
Singapore,77,92.809,-7982,-879,219,0,100,5
Singapore,77,92.809,-7867,-974,230,0,100,5
Singapore,77,92.809,-7734,-1076,235,0,100,6
Singapore,77,92.809,-7605,-1165,240,0,100,6
Singapore,77,92.809,-7419,-1270,246,0,100,6
Singapore,77,92.809,-7307,-1319,246,0,100,6
Singapore,77,92.809,-7151,-1374,249,0,100,6
Singapore,77,92.809,-6960,-1415,255,0,100,6
Singapore,77,92.809,-6732,-1442,257,0,100,6
Singapore,77,92.809,-6405,-1462,262,0,100,7
Singapore,77,92.809,-6229,-1474,266,0,100,7
Singapore,77,92.809,-6081,-1483,268,0,100,7
Singapore,77,92.809,-5842,-1499,273,0,100,7
Singapore,77,92.809,-4954,-1558,276,0,100,7
Singapore,77,92.809,-4954,-1558,278,0,100,7
Singapore,77,92.809,-4954,-1558,277,0,100,7
Singapore,77,92.809,-4954,-1558,279,0,100,7
Singapore,77,92.809,-4752,-1569,282,0,100,7
Singapore,77,92.809,-4752,-1569,283,0,100,7
Singapore,77,92.809,-4548,-1580,283,0,100,7
Singapore,77,92.809,-4390,-1587,285,0,100,7
Singapore,77,92.809,-3977,-1598,287,0,100,7
Singapore,77,92.809,-3977,-1598,287,0,100,7
Singapore,77,92.809,-3770,-1602,287,0,100,7
Singapore,77,92.809,-3578,-1608,288,0,100,7
Singapore,77,92.809,-3249,-1617,264,100,0,7
Singapore,77,92.809,-2999,-1633,199,100,0,7
Singapore,77,92.809,-2872,-1643,172,100,0,7
Singapore,77,92.809,-2698,-1669,136,100,0,7
Singapore,77,92.809,-2483,-1832,110,0,0,4
Singapore,77,92.809,-2483,-1832,105,0,10,4
Singapore,77,92.809,-2446,-1970,106,0,49,4
Singapore,77,92.809,-2443,-1982,110,0,74,4
Singapore,77,92.809,-2391,-2135,122,0,85,4
Singapore,77,92.809,-2313,-2278,135,0,73,4
Singapore,77,92.809,-2313,-2278,139,0,44,4
Singapore,77,92.809,-2277,-2328,142,0,55,4
Singapore,77,92.809,-2084,-2490,145,0,63,4
Singapore,77,92.809,-2084,-2490,150,0,76,4
Singapore,77,92.809,-2000,-2528,155,0,78,4
Singapore,77,92.809,-1818,-2576,155,0,80,4
Singapore,77,92.809,-1818,-2576,164,0,87,4
Singapore,77,92.809,-1685,-2596,171,0,100,4
Singapore,77,92.809,-1563,-2605,178,0,100,4
Singapore,77,92.809,-1458,-2609,198,0,100,5
Singapore,77,92.809,-1237,-2610,207,0,100,5
Singapore,77,92.809,-1001,-2614,212,100,100,5
Singapore,77,92.809,-1001,-2614,217,0,100,5
Singapore,77,92.809,-866,-2618,220,0,100,5
Singapore,77,92.809,-689,-2625,229,0,100,5
Singapore,77,92.809,-521,-2634,234,0,100,6
Singapore,77,92.809,-521,-2634,238,0,100,6
Singapore,77,92.809,-377,-2642,241,0,100,6
Singapore,77,92.809,-212,-2654,244,0,100,6
Singapore,77,92.809,-35,-2666,246,0,100,6
Singapore,77,92.809,180,-2674,233,100,0,6
Singapore,77,92.809,293,-2670,220,100,0,6
Singapore,77,92.809,477,-2641,207,0,0,5
Singapore,77,92.809,694,-2537,199,0,46,5
Singapore,77,92.809,796,-2451,199,0,78,5
Singapore,77,92.809,850,-2393,201,0,83,5
Singapore,77,92.809,965,-2239,207,0,80,5
Singapore,77,92.809,1026,-2138,214,0,100,5
Singapore,77,92.809,1111,-1952,219,0,100,5
Singapore,77,92.809,1167,-1746,222,0,100,5
Singapore,77,92.809,1181,-1658,229,0,100,6
Singapore,77,92.809,1195,-1488,239,0,100,6
Singapore,77,92.809,1188,-1203,245,0,100,6
Singapore,77,92.809,1154,-910,254,0,100,6
Singapore,77,92.809,1117,-686,258,0,100,6
Singapore,77,92.809,1098,-577,264,0,100,6
Singapore,81,92.902,1077,-449,264,0,99,7
Singapore,81,92.902,1077,-449,271,0,99,7
Singapore,81,92.902,968,234,276,0,99,7
Singapore,81,92.902,968,234,279,0,99,7
Singapore,81,92.902,933,465,283,0,99,7
Singapore,81,92.902,921,543,286,0,99,7
Singapore,81,92.902,894,732,287,0,99,7
Singapore,81,92.902,867,922,289,0,99,7
Singapore,81,92.902,829,1195,290,0,99,7
Singapore,81,92.902,829,1195,294,0,99,7
Singapore,81,92.902,764,1702,298,0,99,7
Singapore,81,92.902,736,1925,298,0,99,7
Singapore,81,92.902,703,2203,302,0,99,7
Singapore,81,92.902,671,2488,304,0,99,7
Singapore,81,92.902,654,2639,304,100,0,7
Singapore,81,92.902,617,2932,229,100,0,7
Singapore,81,92.902,567,3195,196,100,0,6
Singapore,81,92.902,489,3403,179,100,0,6
Singapore,81,92.902,489,3403,166,100,0,5
Singapore,81,92.902,447,3463,155,100,0,4
Singapore,81,92.902,447,3463,148,100,0,3
Singapore,81,92.902,301,3579,144,0,1,3
Singapore,81,92.902,133,3630,136,0,30,3
Singapore,81,92.902,110,3634,138,0,46,3
Singapore,81,92.902,-60,3670,139,0,55,3
Singapore,81,92.902,-60,3670,144,0,71,3
Singapore,81,92.902,-199,3723,149,0,73,3
Singapore,81,92.902,-300,3790,157,0,44,3
Singapore,81,92.902,-300,3790,158,0,36,3
Singapore,81,92.902,-338,3821,156,0,35,3
Singapore,81,92.902,-338,3821,158,0,14,3
Singapore,81,92.902,-514,3971,147,100,0,3
Singapore,81,92.902,-514,3971,127,100,0,3
Singapore,81,92.902,-585,4025,122,100,0,2
Singapore,81,92.902,-638,4057,111,100,0,2
Singapore,81,92.902,-803,4088,98,100,0,2
Singapore,81,92.902,-844,4080,92,0,1,2
Singapore,81,92.902,-903,4056,87,0,14,2
Singapore,81,92.902,-968,4007,85,0,22,2
Singapore,81,92.902,-968,4007,87,0,40,2
Singapore,81,92.902,-1030,3921,91,0,49,2
Singapore,81,92.902,-1074,3818,102,0,64,2
Singapore,81,92.902,-1090,3761,106,0,67,2
Singapore,81,92.902,-1090,3761,117,0,80,2
Singapore,81,92.902,-1115,3638,122,0,83,2
Singapore,81,92.902,-1125,3565,136,0,99,3
Singapore,81,92.902,-1118,3209,161,0,99,3
Singapore,81,92.902,-1118,3209,179,0,99,4
Singapore,81,92.902,-1082,3017,191,0,99,4
Singapore,81,92.902,-1050,2904,201,0,99,5
Singapore,81,92.902,-977,2698,210,0,99,5
Singapore,81,92.902,-891,2485,218,0,99,5
Singapore,81,92.902,-891,2485,224,0,98,5
Singapore,81,92.902,-788,2241,228,0,99,5
Singapore,81,92.902,-703,2035,236,0,99,6
Singapore,81,92.902,-635,1860,242,0,99,6
Singapore,81,92.902,-532,1547,250,0,99,6
Singapore,81,92.902,-475,1315,253,0,99,6
Singapore,81,92.902,-475,1315,254,0,97,6
Singapore,81,92.902,-509,468,170,100,0,4
Singapore,81,92.902,-554,403,166,100,0,4
Singapore,81,92.902,-703,287,157,100,0,4
Singapore,81,92.902,-703,287,153,0,38,4
Singapore,81,92.902,-864,225,151,0,36,4
Singapore,81,92.902,-998,192,152,0,60,4
Singapore,81,92.902,-998,192,155,0,67,4
Singapore,81,92.902,-1119,172,156,0,83,4
Singapore,81,92.902,-1258,159,165,0,94,4
Singapore,81,92.902,-1437,152,182,0,99,4
Singapore,81,92.902,-1640,159,193,0,99,4
Singapore,81,92.902,-1740,167,197,0,99,4
Singapore,81,92.902,-1873,179,208,0,99,5
Singapore,81,92.902,-2011,192,227,0,99,5
Singapore,81,92.902,-2184,208,230,0,99,6
Singapore,81,92.902,-2434,230,238,0,99,6
Singapore,81,92.902,-2637,247,246,0,99,6
Singapore,81,92.902,-2988,275,252,0,99,6
Singapore,81,92.902,-2988,275,257,0,99,6
Singapore,81,92.902,-3206,291,261,0,99,6
Singapore,81,92.902,-3534,317,268,0,99,7
Singapore,81,92.902,-3534,317,272,0,99,7
Singapore,81,92.902,-3652,326,275,0,99,7
Singapore,81,92.902,-3896,346,278,0,99,7
Singapore,81,92.902,-3896,346,281,0,99,7
Singapore,81,92.902,-4145,366,284,0,99,7
Singapore,81,92.902,-4335,381,287,0,99,7
Singapore,81,92.902,-4655,411,289,0,99,7
Singapore,81,92.902,-4655,411,291,0,99,7
Singapore,81,92.902,-4912,446,293,0,99,7
Singapore,81,92.902,-5152,494,296,0,99,8
Singapore,81,92.902,-5294,534,297,0,99,8
Singapore,81,92.902,-5693,698,300,0,99,8
Singapore,81,92.902,-5930,827,302,0,99,8
Singapore,81,92.902,-6105,930,304,0,99,8
Singapore,81,92.902,-6424,1123,307,0,99,8
Singapore,81,92.902,-6581,1220,307,0,99,8
Singapore,81,92.902,-6694,1288,309,0,99,8
Singapore,81,92.902,-6986,1471,310,0,99,8
Singapore,81,92.902,-7436,1766,308,100,0,8
Singapore,81,92.902,-7436,1766,267,100,0,8
Singapore,81,92.902,-7696,1943,223,100,0,8
Singapore,81,92.902,-7696,1943,200,100,0,8
Singapore,81,92.902,-7803,2008,188,100,0,7
Singapore,81,92.902,-7880,2045,160,100,0,7
Singapore,81,92.902,-7959,2078,145,100,0,7
Singapore,81,92.902,-8055,2111,136,100,0,7
Singapore,81,92.902,-8159,2136,127,100,0,4
Singapore,81,92.902,-8282,2146,121,100,0,3
Singapore,81,92.902,-8345,2137,117,0,1,3
Singapore,81,92.902,-8481,2078,111,0,31,3
Singapore,81,92.902,-8577,1997,114,0,64,3
Singapore,81,92.902,-8636,1934,128,0,80,3
Singapore,81,92.902,-8689,1870,128,0,98,3
Singapore,81,92.902,-8763,1771,154,0,98,3
Singapore,81,92.902,-8869,1609,164,0,99,3
Singapore,81,92.902,-8963,1442,185,0,99,4
Singapore,81,92.902,-9043,1277,196,0,99,5
Singapore,81,92.902,-9084,1186,201,0,99,5
Singapore,81,92.902,-9084,1186,204,0,99,5
Singapore,81,92.902,-9184,952,204,100,16,5
Singapore,81,92.902,-9184,952,175,100,0,5
Singapore,81,92.902,-9314,692,137,100,0,5
Singapore,81,92.902,-9314,692,121,100,0,5
Singapore,81,92.902,-9356,631,111,100,0,3
Singapore,81,92.902,-9421,566,101,100,0,2
Singapore,81,92.902,-9421,566,95,100,0,2
Singapore,81,92.902,-9484,533,88,100,0,2
Singapore,81,92.902,-9532,525,84,100,0,2
Singapore,81,92.902,-9622,550,72,0,0,2
Singapore,81,92.902,-9661,573,70,0,15,2
Singapore,81,92.902,-9763,658,77,0,46,2
Singapore,81,92.902,-9825,723,85,0,53,2
Singapore,81,92.902,-9825,723,95,0,53,2
Singapore,81,92.902,-9864,768,102,0,69,2
Singapore,81,92.902,-9905,817,115,0,71,2
Singapore,81,92.902,-9905,817,118,0,85,2
Singapore,81,92.902,-9905,817,132,0,92,3
Singapore,81,92.902,-10151,1135,143,0,99,3
Singapore,81,92.902,-10198,1190,168,0,99,3
Singapore,81,92.902,-10296,1298,177,0,99,4
Singapore,81,92.902,-10466,1463,191,0,88,4
Singapore,81,92.902,-10606,1559,169,100,0,4
Singapore,81,92.902,-10629,1572,152,100,0,3
Singapore,81,92.902,-10774,1631,152,100,0,3
Singapore,81,92.902,-10937,1659,137,100,0,3
Singapore,81,92.902,-10937,1659,136,100,0,3
Singapore,81,92.902,-11036,1647,130,0,9,3
Singapore,81,92.902,-11155,1598,127,0,30,3
Singapore,81,92.902,-11248,1539,132,0,58,3
Singapore,81,92.902,-11248,1539,134,0,62,3
Singapore,81,92.902,-11326,1465,137,0,74,3
Singapore,81,92.902,-11404,1369,145,0,74,3
Singapore,81,92.902,-11449,1306,159,0,98,3
Singapore,81,92.902,-11505,1220,172,0,98,4
Singapore,81,92.902,-11550,1146,181,0,99,4
Singapore,81,92.902,-11615,1030,188,0,99,4
Singapore,81,92.902,-11721,825,203,0,99,5
Singapore,81,92.902,-11778,712,209,0,98,5
Singapore,81,92.902,-11914,443,220,0,99,5
Singapore,81,92.902,-11990,297,226,0,99,6
Singapore,81,92.902,-12081,124,233,0,98,6
Singapore,81,92.902,-12100,89,239,0,99,6
Singapore,81,92.902,-12303,-278,246,0,99,6
Singapore,81,92.902,-12391,-437,251,0,99,6
Singapore,81,92.902,-12437,-524,255,0,99,6
Singapore,81,92.902,-12624,-864,258,0,99,6
Singapore,81,92.902,-12653,-914,261,0,99,6
Singapore,81,92.902,-12784,-1126,264,0,99,6
Singapore,81,92.902,-12784,-1126,264,0,99,6
Singapore,81,92.902,-12982,-1424,241,100,0,6
Singapore,81,92.902,-12982,-1424,213,100,0,6
Singapore,81,92.902,-13154,-1719,174,100,0,6
Singapore,81,92.902,-13199,-1866,151,100,0,3
Singapore,81,92.902,-13199,-1866,144,100,0,3
Singapore,81,92.902,-13200,-1977,141,0,2,3
Singapore,81,92.902,-13189,-2052,135,0,16,3
Singapore,81,92.902,-13152,-2191,136,0,48,3
Singapore,81,92.902,-13152,-2191,143,0,71,3
Singapore,81,92.902,-12972,-2474,146,0,77,3
Singapore,81,92.902,-12972,-2474,151,0,80,3
Singapore,81,92.902,-12897,-2537,162,0,91,3
Singapore,81,92.902,-12826,-2584,169,0,99,3
Singapore,81,92.902,-12620,-2680,174,100,0,3
Singapore,81,92.902,-12474,-2729,157,100,0,3
Singapore,81,92.902,-12377,-2772,118,100,0,3
Singapore,81,92.902,-12307,-2833,116,0,0,3
Singapore,81,92.902,-12242,-2952,110,0,3,3
Singapore,81,92.902,-12225,-3004,108,0,38,3
Singapore,81,92.902,-12205,-3081,111,0,60,3
Singapore,81,92.902,-12180,-3209,119,0,78,3
Singapore,81,92.902,-12158,-3348,134,0,99,3
Singapore,81,92.902,-12136,-3471,156,0,98,3
Singapore,81,92.902,-12074,-3647,172,0,87,3
Singapore,81,92.902,-12074,-3647,176,0,83,4
Singapore,81,92.902,-12000,-3737,179,0,91,4
Singapore,81,92.902,-11873,-3849,186,0,99,4
Singapore,81,92.902,-11873,-3849,189,0,99,4
Singapore,81,92.902,-11740,-3956,193,0,99,4
Singapore,81,92.902,-11587,-4080,198,0,99,5
Singapore,81,92.902,-11517,-4138,206,0,99,5
Singapore,81,92.902,-11445,-4202,208,0,99,5
Singapore,81,92.902,-11273,-4373,211,0,83,5
Singapore,81,92.902,-11273,-4373,201,100,0,5
Singapore,81,92.902,-11151,-4533,177,100,0,5
Singapore,81,92.902,-11086,-4635,159,100,0,5
Singapore,81,92.902,-11086,-4635,145,100,0,5
Singapore,81,92.902,-10975,-4795,116,100,0,4
Singapore,81,92.902,-10929,-4841,106,100,0,3
Singapore,81,92.902,-10794,-4906,76,100,0,2
Singapore,81,92.902,-10755,-4903,72,100,0,2
Singapore,81,92.902,-10712,-4885,67,0,1,2
Singapore,81,92.902,-10679,-4857,65,0,21,2
Singapore,81,92.902,-10632,-4790,69,0,43,2
Singapore,81,92.902,-10605,-4731,71,0,48,2
Singapore,81,92.902,-10584,-4666,87,0,60,2
Singapore,81,92.902,-10570,-4607,94,0,64,2
Singapore,81,92.902,-10551,-4519,97,0,72,2
Singapore,81,92.902,-10551,-4519,110,0,75,2
Singapore,81,92.902,-10534,-4424,119,0,79,2
Singapore,81,92.902,-10517,-4318,139,0,99,3
Singapore,81,92.902,-10507,-4248,150,0,99,3
Singapore,81,92.902,-10488,-4094,160,0,99,3
Singapore,81,92.902,-10479,-4020,175,0,98,4
Singapore,81,92.902,-10463,-3902,187,0,99,4
Singapore,81,92.902,-10430,-3680,199,0,99,5
Singapore,81,92.902,-10407,-3534,210,0,100,5
Singapore,81,92.902,-10361,-3247,217,0,98,5
Singapore,81,92.902,-10361,-3247,226,0,98,6
Singapore,81,92.902,-10321,-2994,231,0,99,6
Singapore,81,92.902,-10291,-2810,239,0,99,6
Singapore,81,92.902,-10291,-2810,244,0,98,6
Singapore,81,92.902,-10241,-2526,249,0,99,6
Singapore,81,92.902,-10228,-2456,253,0,99,6
Singapore,81,92.902,-10162,-2119,260,0,99,6
Singapore,81,92.902,-10133,-1990,267,0,99,7
Singapore,81,92.902,-10042,-1610,272,0,99,7
Singapore,81,92.902,-10007,-1476,275,0,99,7
Singapore,81,92.902,-9967,-1327,279,0,99,7
Singapore,81,92.902,-9930,-1201,283,0,99,7
Singapore,81,92.902,-9697,-508,286,0,51,7
Singapore,81,92.902,-9697,-508,263,100,0,7
Singapore,81,92.902,-9697,-508,236,100,0,7
Singapore,81,92.902,-9599,-252,198,100,0,7
Singapore,81,92.902,-9599,-252,178,100,0,7
Singapore,81,92.902,-9516,-64,144,100,0,6
Singapore,81,92.902,-9477,2,125,100,0,3
Singapore,81,92.902,-9382,97,111,100,0,3
Singapore,81,92.902,-9382,97,104,100,0,3
Singapore,81,92.902,-9302,126,98,100,0,3
Singapore,81,92.902,-9302,126,95,0,0,3
Singapore,81,92.902,-9228,127,93,0,0,3
Singapore,81,92.902,-9162,111,92,0,14,3
Singapore,81,92.902,-9083,76,89,0,29,3
Singapore,81,92.902,-9083,76,91,0,43,3
Singapore,81,92.902,-9007,28,95,0,55,3
Singapore,81,92.902,-8923,-33,103,0,67,3
Singapore,81,92.902,-8843,-98,118,0,84,3
Singapore,81,92.902,-8760,-168,145,0,99,3
Singapore,81,92.902,-8402,-494,183,0,99,4
Singapore,81,92.902,-8239,-650,202,0,99,5
Singapore,81,92.902,-8118,-760,208,0,99,5
Singapore,81,92.902,-8118,-760,211,0,99,5
Singapore,81,92.902,-8048,-822,220,0,99,5
Singapore,81,92.902,-7917,-934,227,0,99,5
Singapore,81,92.902,-7777,-1044,232,0,99,6
Singapore,81,92.902,-7551,-1198,239,0,99,6
Singapore,81,92.902,-7435,-1262,242,0,99,6
Singapore,81,92.902,-7286,-1328,244,0,99,6
Singapore,81,92.902,-7049,-1399,252,0,99,6
Singapore,81,92.902,-6865,-1429,254,0,99,6
Singapore,81,92.902,-6865,-1429,256,0,99,6
Singapore,81,92.902,-6562,-1453,262,0,99,7
Singapore,81,92.902,-6220,-1474,264,0,99,7
Singapore,81,92.902,-6072,-1484,268,0,99,7
Singapore,81,92.902,-5952,-1492,271,0,99,7
Singapore,81,92.902,-5619,-1514,275,0,99,7
Singapore,81,92.902,-5466,-1524,276,0,99,7
Singapore,81,92.902,-5282,-1537,278,0,99,7
Singapore,81,92.902,-5127,-1547,279,0,99,7
Singapore,81,92.902,-4674,-1574,282,0,99,7
Singapore,81,92.902,-4674,-1574,282,0,99,7
Singapore,81,92.902,-4248,-1593,285,0,99,7
Singapore,81,92.902,-4248,-1593,285,0,99,7
Singapore,81,92.902,-4058,-1598,286,0,99,7
Singapore,81,92.902,-3756,-1603,286,0,99,7
Singapore,81,92.902,-3582,-1608,285,0,99,7
Singapore,81,92.902,-3377,-1614,280,100,93,7
Singapore,81,92.902,-3134,-1624,218,100,0,7
Singapore,81,92.902,-3033,-1631,193,100,0,7
Singapore,81,92.902,-2876,-1643,162,100,0,7
Singapore,81,92.902,-2793,-1652,154,100,0,7
Singapore,81,92.902,-2678,-1675,135,100,0,4
Singapore,81,92.902,-2620,-1694,126,100,0,3
Singapore,81,92.902,-2572,-1719,116,100,0,3
Singapore,81,92.902,-2517,-1770,112,0,0,3
Singapore,81,92.902,-2467,-1882,112,0,21,3
Singapore,81,92.902,-2449,-1956,108,0,41,3
Singapore,81,92.902,-2435,-2011,111,0,67,3
Singapore,81,92.902,-2411,-2085,119,0,71,3
Singapore,81,92.902,-2394,-2128,125,0,44,3
Singapore,81,92.902,-2309,-2284,129,0,47,3
Singapore,81,92.902,-2266,-2341,134,0,51,3
Singapore,81,92.902,-2192,-2415,135,0,59,3
Singapore,81,92.902,-2103,-2479,144,0,64,3
Singapore,81,92.902,-1991,-2531,152,0,77,3
Singapore,81,92.902,-1799,-2580,167,0,98,4
Singapore,81,92.902,-1704,-2594,174,0,98,4
Singapore,81,92.902,-1583,-2604,185,0,99,4
Singapore,81,92.902,-1488,-2609,189,0,99,4
Singapore,81,92.902,-1391,-2610,203,0,99,5
Singapore,81,92.902,-1148,-2612,209,0,99,5
Singapore,81,92.902,-994,-2615,215,0,99,5
Singapore,81,92.902,-859,-2619,224,0,99,5
Singapore,81,92.902,-759,-2622,230,0,99,6
Singapore,81,92.902,-593,-2630,235,0,99,6
Singapore,81,92.902,-371,-2643,240,0,99,6
Singapore,81,92.902,-121,-2660,242,0,99,6
Singapore,81,92.902,-121,-2660,245,0,99,6
Singapore,81,92.902,-12,-2667,247,0,99,6
Singapore,81,92.902,200,-2674,232,100,0,6
Singapore,81,92.902,335,-2667,217,0,1,5
Singapore,81,92.902,590,-2600,211,0,42,5
Singapore,81,92.902,659,-2561,210,0,68,5
Singapore,81,92.902,780,-2467,209,0,84,5
Singapore,81,92.902,877,-2362,211,0,98,5
Singapore,81,92.902,1010,-2166,215,0,98,5
Singapore,81,92.902,1010,-2166,223,0,98,5
Singapore,81,92.902,1062,-2067,226,0,98,6
Singapore,81,92.902,1131,-1892,228,0,98,6
Singapore,81,92.902,1193,-1529,238,0,98,6
Singapore,81,92.902,1196,-1462,242,0,98,6
Singapore,81,92.902,1195,-1324,245,0,98,6
Singapore,81,92.902,1184,-1157,247,0,98,6
Singapore,81,92.902,1146,-865,256,0,99,6
Singapore,81,92.902,1146,-865,256,0,99,6
Singapore,81,92.902,1118,-695,261,0,99,6
Singapore,81,92.902,1074,-432,266,0,99,6
Spa,1,106.168,-474,1365,238,0,100,6
Spa,1,106.168,-625,1594,249,0,100,6
Spa,1,106.168,-719,1736,256,0,100,6
Spa,1,106.168,-799,1856,258,0,100,6
Spa,1,106.168,-799,1856,263,0,100,6
Spa,1,106.168,-969,2114,268,0,100,7
Spa,1,106.168,-1120,2341,271,0,100,7
Spa,1,106.168,-1120,2341,274,0,100,7
Spa,1,106.168,-1274,2574,277,0,100,7
Spa,1,106.168,-1274,2574,283,0,100,7
Spa,1,106.168,-1458,2852,287,0,100,7
Spa,1,106.168,-1458,2852,289,0,100,7
Spa,1,106.168,-1664,3162,293,0,100,7
Spa,1,106.168,-1773,3326,295,0,100,7
Spa,1,106.168,-1924,3554,286,100,100,7
Spa,1,106.168,-1924,3554,262,100,0,7
Spa,1,106.168,-2081,3795,238,100,0,7
Spa,1,106.168,-2081,3795,204,100,0,7
Spa,1,106.168,-2131,3875,165,100,0,5
Spa,1,106.168,-2221,4032,158,100,0,3
Spa,1,106.168,-2264,4124,144,100,0,3
Spa,1,106.168,-2304,4258,126,100,0,2
Spa,1,106.168,-2308,4298,110,100,0,2
Spa,1,106.168,-2308,4358,93,100,0,2
Spa,1,106.168,-2299,4407,87,100,0,2
Spa,1,106.168,-2281,4453,84,100,0,2
Spa,1,106.168,-2253,4491,76,0,0,2
Spa,1,106.168,-2184,4536,73,0,0,2
Spa,1,106.168,-2108,4549,70,0,5,2
Spa,1,106.168,-2108,4549,68,0,7,2
Spa,1,106.168,-2065,4545,69,0,10,2
Spa,1,106.168,-2015,4536,70,0,11,2
Spa,1,106.168,-2015,4536,72,0,18,2
Spa,1,106.168,-1935,4513,77,0,41,2
Spa,1,106.168,-1878,4494,83,0,49,2
Spa,1,106.168,-1836,4478,89,0,56,2
Spa,1,106.168,-1791,4459,101,0,59,2
Spa,1,106.168,-1715,4425,109,0,74,2
Spa,1,106.168,-1655,4397,125,0,99,2
Spa,1,106.168,-1563,4352,141,0,100,2
Spa,1,106.168,-1390,4264,152,0,100,3
Spa,1,106.168,-1255,4194,173,0,100,4
Spa,1,106.168,-1087,4109,191,0,100,4
Spa,1,106.168,-1000,4064,195,0,100,4
Spa,1,106.168,-805,3963,206,0,100,5
Spa,1,106.168,-567,3833,220,0,100,5
Spa,1,106.168,-367,3714,235,0,100,5
Spa,1,106.168,-187,3597,237,0,100,6
Spa,1,106.168,-187,3597,248,0,100,6
Spa,1,106.168,28,3444,256,0,100,6
Spa,1,106.168,254,3270,256,0,100,6
Spa,1,106.168,254,3270,258,0,100,6
Spa,1,106.168,436,3122,263,0,100,7
Spa,1,106.168,646,2929,272,0,100,7
Spa,1,106.168,972,2601,280,0,100,7
Spa,1,106.168,972,2601,281,0,100,7
Spa,1,106.168,1103,2465,282,0,100,7
Spa,1,106.168,1212,2350,286,0,100,7
Spa,1,106.168,1366,2188,288,0,100,7
Spa,1,106.168,1532,2011,291,0,100,7
Spa,1,106.168,1532,2011,294,0,100,7
Spa,1,106.168,1756,1772,295,0,100,7
Spa,1,106.168,1980,1529,298,0,100,8
Spa,1,106.168,2092,1405,301,0,100,8
Spa,1,106.168,2282,1191,304,0,100,8
Spa,1,106.168,2439,1014,305,0,100,8
Spa,1,106.168,2612,827,307,0,100,8
Spa,1,106.168,2696,743,308,0,100,8
Spa,1,106.168,2939,545,309,0,100,8
Spa,1,106.168,3166,432,308,0,100,8
Spa,1,106.168,3350,337,308,0,100,8
Spa,1,106.168,3497,228,307,0,100,8
Spa,1,106.168,3683,17,304,0,100,8
Spa,1,106.168,3797,-193,301,0,100,8
Spa,1,106.168,3885,-413,300,0,100,8
Spa,1,106.168,3922,-540,299,0,100,8
Spa,1,106.168,3965,-770,299,0,100,8
Spa,1,106.168,4010,-1033,300,0,100,8
Spa,1,106.168,4059,-1189,301,0,100,8
Spa,1,106.168,4170,-1413,301,0,100,8
Spa,1,106.168,4266,-1578,302,0,100,8
Spa,1,106.168,4383,-1764,302,0,100,8
Spa,1,106.168,4572,-2042,303,0,100,8
Spa,1,106.168,4694,-2205,304,0,100,8
Spa,1,106.168,4817,-2366,305,0,100,8
Spa,1,106.168,4898,-2475,306,0,100,8
Spa,1,106.168,4979,-2585,306,0,100,8
Spa,1,106.168,5110,-2764,307,0,100,8
Spa,1,106.168,5200,-2888,308,0,100,8
Spa,1,106.168,5280,-2999,308,0,100,8
Spa,1,106.168,5435,-3225,309,0,100,8
Spa,1,106.168,5538,-3383,309,0,100,8
Spa,1,106.168,5637,-3544,310,0,100,8
Spa,1,106.168,5753,-3751,312,0,100,8
Spa,1,106.168,5832,-3906,312,0,100,8
Spa,1,106.168,5956,-4176,315,0,100,8
Spa,1,106.168,6039,-4389,317,0,100,8
Spa,1,106.168,6148,-4707,319,0,100,8
Spa,1,106.168,6192,-4842,320,0,100,8
Spa,1,106.168,6248,-5011,321,0,100,8
Spa,1,106.168,6396,-5454,324,0,100,8
Spa,1,106.168,6453,-5626,325,0,100,8
Spa,1,106.168,6453,-5626,326,0,100,8
Spa,1,106.168,6567,-5970,327,0,100,8
Spa,1,106.168,6567,-5970,328,0,100,8
Spa,1,106.168,6704,-6381,330,0,100,8
Spa,1,106.168,6797,-6659,330,0,100,8
Spa,1,106.168,6867,-6869,332,0,100,8
Spa,1,106.168,6950,-7114,334,0,100,8
Spa,1,106.168,7103,-7571,334,0,100,8
Spa,1,106.168,7181,-7801,335,0,100,8
Spa,1,106.168,7318,-8207,335,0,100,8
Spa,1,106.168,7318,-8207,336,0,100,8
Spa,1,106.168,7419,-8508,337,0,100,8
Spa,1,106.168,7503,-8757,337,0,100,8
Spa,1,106.168,7503,-8757,337,0,100,8
Spa,1,106.168,7622,-9112,338,0,100,8
Spa,1,106.168,7706,-9361,338,0,100,8
Spa,1,106.168,7706,-9361,338,0,100,8
Spa,1,106.168,7805,-9654,338,0,100,8
Spa,1,106.168,7805,-9654,339,0,100,8
Spa,1,106.168,7925,-10019,339,0,100,8
Spa,1,106.168,7925,-10019,339,0,100,8
Spa,1,106.168,8014,-10287,339,0,100,8
Spa,1,106.168,8038,-10358,339,0,100,8
Spa,1,106.168,8161,-10718,302,100,0,8
Spa,1,106.168,8161,-10718,270,100,0,8
Spa,1,106.168,8255,-11016,232,100,0,8
Spa,1,106.168,8304,-11242,196,100,0,5
Spa,1,106.168,8311,-11427,176,100,0,4
Spa,1,106.168,8298,-11512,166,100,0,4
Spa,1,106.168,8298,-11512,158,100,1,4
Spa,1,106.168,8248,-11642,151,0,5,4
Spa,1,106.168,8248,-11642,149,0,9,4
Spa,1,106.168,8193,-11727,146,0,17,4
Spa,1,106.168,8068,-11869,144,0,40,4
Spa,1,106.168,7954,-11989,145,0,53,4
Spa,1,106.168,7916,-12034,154,0,61,4
Spa,1,106.168,7916,-12034,156,0,30,4
Spa,1,106.168,7868,-12103,155,100,10,4
Spa,1,106.168,7820,-12206,151,0,9,4
Spa,1,106.168,7801,-12287,150,0,29,4
Spa,1,106.168,7790,-12416,153,0,65,4
Spa,1,106.168,7819,-12629,159,0,73,4
Spa,1,106.168,7868,-12785,166,0,90,4
Spa,1,106.168,7908,-12890,185,0,100,4
Spa,1,106.168,7946,-12989,188,0,100,4
Spa,1,106.168,7990,-13113,199,0,76,4
Spa,1,106.168,8032,-13273,201,0,68,5
Spa,1,106.168,8044,-13478,199,0,39,5
Spa,1,106.168,8017,-13623,200,0,76,5
Spa,1,106.168,7979,-13729,202,0,93,5
Spa,1,106.168,7915,-13852,207,0,93,5
Spa,1,106.168,7834,-13967,212,0,100,5
Spa,1,106.168,7695,-14103,220,0,100,5
Spa,1,106.168,7488,-14251,224,0,100,5
Spa,1,106.168,7488,-14251,230,0,100,5
Spa,1,106.168,7249,-14411,236,0,100,6
Spa,1,106.168,7093,-14519,244,0,100,6
Spa,1,106.168,6901,-14656,252,0,100,6
Spa,1,106.168,6720,-14791,253,0,100,6
Spa,1,106.168,6587,-14891,262,0,100,6
Spa,1,106.168,6478,-14974,263,0,100,6
Spa,1,106.168,6349,-15074,268,0,100,7
Spa,1,106.168,6099,-15268,273,0,100,7
Spa,1,106.168,5884,-15435,274,100,0,7
Spa,1,106.168,5716,-15548,238,100,0,7
Spa,1,106.168,5602,-15615,216,100,0,7
Spa,1,106.168,5453,-15695,189,100,0,7
Spa,1,106.168,5453,-15695,176,100,0,5
Spa,1,106.168,5294,-15759,164,100,0,4
Spa,1,106.168,5294,-15759,159,100,0,4
Spa,1,106.168,5173,-15770,151,100,0,3
Spa,1,106.168,5014,-15739,141,100,0,3
Spa,1,106.168,4962,-15714,133,100,1,3
Spa,1,106.168,4896,-15668,128,100,3,3
Spa,1,106.168,4850,-15626,123,0,4,3
Spa,1,106.168,4788,-15546,119,0,7,3
Spa,1,106.168,4757,-15490,117,0,12,3
Spa,1,106.168,4731,-15411,116,0,31,3
Spa,1,106.168,4720,-15333,118,0,41,3
Spa,1,106.168,4720,-15333,119,0,40,3
Spa,1,106.168,4724,-15245,122,0,56,3
Spa,1,106.168,4770,-15085,132,0,67,3
Spa,1,106.168,4854,-14950,141,0,62,4
Spa,1,106.168,4923,-14874,149,0,74,4
Spa,1,106.168,5055,-14762,165,0,100,4
Spa,1,106.168,5055,-14762,173,0,100,4
Spa,1,106.168,5204,-14660,181,0,100,4
Spa,1,106.168,5204,-14660,188,0,100,4
Spa,1,106.168,5441,-14529,192,0,100,4
Spa,1,106.168,5441,-14529,202,0,100,4
Spa,1,106.168,5666,-14407,218,100,100,5
Spa,1,106.168,5786,-14329,215,100,5,5
Spa,1,106.168,5841,-14287,208,100,5,5
Spa,1,106.168,6033,-14076,199,100,18,5
Spa,1,106.168,6082,-13983,193,100,22,5
Spa,1,106.168,6119,-13840,191,0,44,5
Spa,1,106.168,6119,-13603,192,0,64,5
Spa,1,106.168,6088,-13450,197,0,85,5
Spa,1,106.168,6088,-13450,200,0,98,5
Spa,1,106.168,6032,-13274,207,0,100,5
Spa,1,106.168,6032,-13274,213,0,100,5
Spa,1,106.168,5973,-13130,220,0,100,5
Spa,1,106.168,5885,-12923,225,0,100,5
Spa,1,106.168,5805,-12731,231,0,100,5
Spa,1,106.168,5775,-12657,241,0,100,6
Spa,1,106.168,5709,-12492,244,0,100,6
Spa,1,106.168,5641,-12309,249,0,100,6
Spa,1,106.168,5641,-12309,253,0,100,6
Spa,1,106.168,5559,-12051,257,0,100,6
Spa,1,106.168,5531,-11953,263,0,100,6
Spa,1,106.168,5486,-11782,266,0,100,7
Spa,1,106.168,5393,-11402,268,0,100,7
Spa,1,106.168,5393,-11402,276,0,100,7
Spa,1,106.168,5313,-11038,282,0,100,7
Spa,1,106.168,5231,-10650,287,0,100,7
Spa,1,106.168,5191,-10460,291,0,100,7
Spa,1,106.168,5153,-10285,292,0,100,7
Spa,1,106.168,5153,-10285,295,0,100,7
Spa,1,106.168,5108,-10077,295,0,100,7
Spa,1,106.168,5054,-9835,298,0,100,7
Spa,1,106.168,5007,-9624,300,0,100,7
Spa,1,106.168,4937,-9378,302,0,70,7
Spa,1,106.168,4824,-9126,297,100,26,7
Spa,1,106.168,4615,-8854,289,0,37,7
Spa,1,106.168,4509,-8762,279,0,65,7
Spa,1,106.168,4509,-8762,277,0,91,7
Spa,1,106.168,4220,-8600,277,0,99,7
Spa,1,106.168,4134,-8576,276,0,100,7
Spa,1,106.168,3879,-8545,278,0,100,7
Spa,1,106.168,3549,-8535,278,0,100,7
Spa,1,106.168,3549,-8535,279,0,100,7
Spa,1,106.168,3410,-8539,281,0,100,7
Spa,1,106.168,3120,-8580,284,0,100,7
Spa,1,106.168,2915,-8658,285,0,100,7
Spa,1,106.168,2718,-8770,286,0,100,7
Spa,1,106.168,2718,-8770,288,0,100,7
Spa,1,106.168,2396,-9036,288,0,100,7
Spa,1,106.168,2396,-9036,289,0,100,7
Spa,1,106.168,2147,-9354,291,0,100,7
Spa,1,106.168,2147,-9354,291,0,100,7
Spa,1,106.168,1972,-9686,293,0,100,7
Spa,1,106.168,1870,-9945,295,0,100,8
Spa,1,106.168,1771,-10262,297,0,100,8
Spa,1,106.168,1746,-10341,299,0,100,8
Spa,1,106.168,1685,-10531,301,0,100,8
Spa,1,106.168,1588,-10834,301,0,100,8
Spa,1,106.168,1546,-10961,303,0,100,8
Spa,1,106.168,1454,-11251,303,0,100,8
Spa,1,106.168,1454,-11251,305,0,100,8
Spa,1,106.168,1306,-11712,306,0,100,8
Spa,1,106.168,1264,-11842,307,0,100,8
Spa,1,106.168,1264,-11842,307,0,86,8
Spa,1,106.168,1143,-12199,280,100,0,8
Spa,1,106.168,1079,-12360,258,100,0,8
Spa,1,106.168,1008,-12500,237,100,0,8
Spa,1,106.168,908,-12645,209,100,0,6
Spa,1,106.168,848,-12712,198,100,0,5
Spa,1,106.168,786,-12772,193,100,3,5
Spa,1,106.168,622,-12888,184,100,11,5
Spa,1,106.168,487,-12938,178,0,21,5
Spa,1,106.168,487,-12938,175,0,29,5
Spa,1,106.168,383,-12954,173,0,25,5
Spa,1,106.168,255,-12955,171,0,42,5
Spa,1,106.168,0,-12890,173,0,58,5
Spa,1,106.168,0,-12890,174,0,82,5
Spa,1,106.168,-187,-12790,178,0,86,5
Spa,1,106.168,-187,-12790,188,0,100,5
Spa,1,106.168,-311,-12730,191,0,100,5
Spa,1,106.168,-413,-12694,197,0,62,5
Spa,1,106.168,-518,-12671,197,0,51,5
Spa,1,106.168,-853,-12699,196,0,42,5
Spa,1,106.168,-955,-12737,195,0,65,5
Spa,1,106.168,-1053,-12787,197,0,73,5
Spa,1,106.168,-1163,-12863,201,0,100,5
Spa,1,106.168,-1380,-13096,213,0,100,5
Spa,1,106.168,-1380,-13096,218,0,100,5
Spa,1,106.168,-1545,-13344,226,0,100,5
Spa,1,106.168,-1614,-13468,230,0,100,5
Spa,1,106.168,-1614,-13468,232,0,100,5
Spa,1,106.168,-1702,-13644,238,0,100,6
Spa,1,106.168,-1794,-13840,243,0,100,6
Spa,1,106.168,-1868,-13996,249,0,100,6
Spa,1,106.168,-1970,-14196,254,0,100,6
Spa,1,106.168,-2077,-14388,242,100,0,6
Spa,1,106.168,-2176,-14547,242,100,0,6
Spa,1,106.168,-2255,-14652,192,100,0,5
Spa,1,106.168,-2530,-14853,174,100,0,4
Spa,1,106.168,-2682,-14884,161,0,7,4
Spa,1,106.168,-2682,-14884,158,0,12,4
Spa,1,106.168,-2888,-14860,157,0,59,4
Spa,1,106.168,-2976,-14837,162,0,74,4
Spa,1,106.168,-3062,-14805,166,0,96,4
Spa,1,106.168,-3184,-14745,178,0,100,4
Spa,1,106.168,-3364,-14639,185,0,100,4
Spa,1,106.168,-3364,-14639,196,0,100,4
Spa,1,106.168,-3737,-14380,211,0,100,5
Spa,1,106.168,-3737,-14380,214,0,100,5
Spa,1,106.168,-3785,-14341,221,0,100,5
Spa,1,106.168,-3989,-14148,229,0,100,5
Spa,1,106.168,-4066,-14057,236,0,100,6
Spa,1,106.168,-4066,-14057,241,0,100,6
Spa,1,106.168,-4235,-13783,248,0,100,6
Spa,1,106.168,-4304,-13604,251,0,100,6
Spa,1,106.168,-4337,-13270,255,0,100,6
Spa,1,106.168,-4326,-13126,256,0,100,6
Spa,1,106.168,-4293,-12912,260,0,100,6
Spa,1,106.168,-4240,-12699,263,0,100,7
Spa,1,106.168,-4189,-12545,268,0,100,7
Spa,1,106.168,-4094,-12309,271,0,100,7
Spa,1,106.168,-3999,-12118,273,0,100,7
Spa,1,106.168,-3931,-11997,276,0,100,7
Spa,1,106.168,-3771,-11749,281,0,100,7
Spa,1,106.168,-3652,-11582,283,0,100,7
Spa,1,106.168,-3652,-11582,286,0,100,7
Spa,1,106.168,-3398,-11264,287,0,100,7
Spa,1,106.168,-3335,-11191,287,0,100,7
Spa,1,106.168,-3194,-11036,290,0,100,7
Spa,1,106.168,-3194,-11036,292,0,100,7
Spa,1,106.168,-2874,-10711,293,0,100,8
Spa,1,106.168,-2741,-10588,296,0,100,8
Spa,1,106.168,-2579,-10448,299,0,100,8
Spa,1,106.168,-2450,-10343,300,0,100,8
Spa,1,106.168,-2125,-10109,301,0,100,8
Spa,1,106.168,-2055,-10063,303,0,100,8
Spa,1,106.168,-1519,-9748,305,0,100,8
Spa,1,106.168,-1342,-9645,305,0,100,8
Spa,1,106.168,-1106,-9508,308,0,100,8
Spa,1,106.168,-838,-9353,309,0,100,8
Spa,1,106.168,-615,-9223,311,0,100,8
Spa,1,106.168,-484,-9141,311,0,100,8
Spa,1,106.168,-215,-8954,312,0,100,8
Spa,1,106.168,48,-8729,312,0,100,8
Spa,1,106.168,234,-8539,312,0,100,8
Spa,1,106.168,234,-8539,313,0,100,8
Spa,1,106.168,529,-8144,313,0,100,8
Spa,1,106.168,591,-8039,312,0,100,8
Spa,1,106.168,715,-7808,313,0,100,8
Spa,1,106.168,921,-7365,313,0,100,8
Spa,1,106.168,1029,-7108,313,0,100,8
Spa,1,106.168,1029,-7108,314,0,100,8
Spa,1,106.168,1107,-6913,314,0,100,8
Spa,1,106.168,1168,-6751,314,0,100,8
Spa,1,106.168,1234,-6553,315,0,100,8
Spa,1,106.168,1301,-6301,315,0,100,8
Spa,1,106.168,1343,-5960,315,0,100,8
Spa,1,106.168,1341,-5804,313,0,100,8
Spa,1,106.168,1326,-5647,312,0,100,8
Spa,1,106.168,1273,-5389,311,0,100,8
Spa,1,106.168,1273,-5389,310,0,100,8
Spa,1,106.168,1140,-5006,310,0,100,8
Spa,1,106.168,1140,-5006,310,0,100,8
Spa,1,106.168,1051,-4781,310,0,100,8
Spa,1,106.168,902,-4430,312,0,100,8
Spa,1,106.168,902,-4430,313,0,100,8
Spa,1,106.168,819,-4239,313,0,100,8
Spa,1,106.168,756,-4095,315,0,100,8
Spa,1,106.168,367,-3122,315,0,100,8
Spa,1,106.168,367,-3122,315,0,100,8
Spa,1,106.168,367,-3122,316,0,100,8
Spa,1,106.168,289,-2817,314,0,100,8
Spa,1,106.168,230,-2545,313,0,100,8
Spa,1,106.168,166,-2223,312,0,100,8
Spa,1,106.168,166,-2223,312,0,100,8
Spa,1,106.168,138,-2070,311,0,100,8
Spa,1,106.168,98,-1836,291,100,0,8
Spa,1,106.168,77,-1702,263,100,0,8
Spa,1,106.168,37,-1444,213,100,0,8
Spa,1,106.168,9,-1249,191,100,0,7
Spa,1,106.168,-4,-1135,156,100,0,4
Spa,1,106.168,-11,-1046,141,100,0,3
Spa,1,106.168,-12,-953,125,100,0,2
Spa,1,106.168,-8,-875,114,100,0,2
Spa,1,106.168,6,-767,99,100,0,2
Spa,1,106.168,33,-687,88,100,0,2
Spa,1,106.168,81,-615,82,100,0,2
Spa,1,106.168,120,-584,79,0,0,2
Spa,1,106.168,161,-566,71,0,0,2
Spa,1,106.168,215,-555,70,0,5,2
Spa,1,106.168,263,-552,69,0,19,2
Spa,1,106.168,370,-545,72,0,41,2
Spa,1,106.168,418,-533,84,0,47,2
Spa,1,106.168,474,-505,84,0,3,2
Spa,1,106.168,474,-505,81,0,3,2
Spa,1,106.168,521,-454,79,0,5,2
Spa,1,106.168,532,-431,76,0,3,2
Spa,1,106.168,548,-286,75,0,12,2
Spa,1,106.168,544,-261,76,0,31,2
Spa,1,106.168,527,-193,79,0,14,2
Spa,1,106.168,510,-147,80,0,46,2
Spa,1,106.168,453,-31,89,0,57,2
Spa,1,106.168,453,-31,96,0,60,2
Spa,1,106.168,418,26,104,0,72,2
Spa,1,106.168,388,74,118,0,82,2
Spa,1,106.168,388,74,122,0,100,2
Spa,1,106.168,388,74,138,0,100,3
Spa,1,106.168,141,439,148,0,100,3
Spa,1,106.168,141,439,163,0,100,4
Spa,1,106.168,0,650,185,0,100,4
Spa,1,106.168,-91,787,200,0,100,5
Spa,1,106.168,-240,1013,207,0,100,5
Spa,1,106.168,-240,1013,218,0,100,5
Spa,1,106.168,-343,1167,227,0,100,5
Spa,2,121.535,-538,1462,219,0,100,5
Spa,2,121.535,-538,1462,230,0,100,6
Spa,2,121.535,-696,1700,241,0,100,6
Spa,2,121.535,-800,1858,245,0,100,6
Spa,2,121.535,-815,1880,245,0,100,7
Spa,2,121.535,-958,2097,249,0,100,7
Spa,2,121.535,-1061,2251,258,0,100,7
Spa,2,121.535,-1197,2458,261,0,100,7
Spa,2,121.535,-1329,2656,269,0,100,7
Spa,2,121.535,-1421,2795,273,0,100,7
Spa,2,121.535,-1574,3026,275,0,100,7
Spa,2,121.535,-1683,3191,273,0,0,7
Spa,2,121.535,-1778,3334,245,100,0,7
Spa,2,121.535,-1850,3443,218,100,0,7
Spa,2,121.535,-1971,3626,200,100,0,6
Spa,2,121.535,-2037,3727,175,100,0,6
Spa,2,121.535,-2083,3799,155,100,0,6
Spa,2,121.535,-2185,3967,132,100,0,4
Spa,2,121.535,-2185,3967,127,100,0,3
Spa,2,121.535,-2212,4015,115,100,0,3
Spa,2,121.535,-2252,4097,110,100,0,3
Spa,2,121.535,-2275,4154,95,100,0,2
Spa,2,121.535,-2303,4258,86,100,0,2
Spa,2,121.535,-2303,4258,80,100,0,2
Spa,2,121.535,-2308,4318,76,100,0,2
Spa,2,121.535,-2301,4395,71,100,0,2
Spa,2,121.535,-2287,4440,68,100,0,2
Spa,2,121.535,-2265,4476,62,0,0,2
Spa,2,121.535,-2220,4517,61,0,0,2
Spa,2,121.535,-2197,4529,59,0,0,2
Spa,2,121.535,-2156,4543,59,0,8,2
Spa,2,121.535,-2097,4548,60,0,13,2
Spa,2,121.535,-2070,4545,61,0,17,2
Spa,2,121.535,-2014,4535,65,0,20,2
Spa,2,121.535,-1981,4527,70,0,23,2
Spa,2,121.535,-1916,4507,76,0,28,2
Spa,2,121.535,-1866,4489,85,0,32,2
Spa,2,121.535,-1803,4464,88,0,37,2
Spa,2,121.535,-1735,4434,100,0,44,2
Spa,2,121.535,-1639,4390,106,0,46,2
Spa,2,121.535,-1559,4350,116,0,51,2
Spa,2,121.535,-1559,4350,120,0,60,2
Spa,2,121.535,-1453,4296,134,0,56,3
Spa,2,121.535,-1400,4269,141,0,58,3
Spa,2,121.535,-1344,4240,149,0,68,3
Spa,2,121.535,-1201,4167,158,0,94,3
Spa,2,121.535,-1119,4125,171,0,100,4
Spa,2,121.535,-1041,4085,180,0,100,4
Spa,2,121.535,-856,3990,202,0,100,5
Spa,2,121.535,-688,3901,213,0,100,5
Spa,2,121.535,-554,3826,220,0,100,5
Spa,2,121.535,-437,3757,226,0,100,6
Spa,2,121.535,-167,3584,235,0,100,6
Spa,2,121.535,-38,3494,241,0,100,6
Spa,2,121.535,-38,3494,241,0,100,6
Spa,2,121.535,291,3241,252,0,100,7
Spa,2,121.535,392,3158,261,0,100,7
Spa,2,121.535,392,3158,261,0,100,7
Spa,2,121.535,537,3032,269,0,100,7
Spa,2,121.535,646,2928,276,0,100,7
Spa,2,121.535,766,2810,278,0,100,7
Spa,2,121.535,864,2711,280,0,100,7
Spa,2,121.535,1039,2531,282,0,100,7
Spa,2,121.535,1206,2357,288,0,100,7
Spa,2,121.535,1362,2193,292,0,100,7
Spa,2,121.535,1508,2038,296,0,100,8
Spa,2,121.535,1802,1722,301,0,100,8
Spa,2,121.535,1802,1722,303,0,100,8
Spa,2,121.535,1905,1611,305,0,100,8
Spa,2,121.535,2076,1423,307,0,100,8
Spa,2,121.535,2213,1270,308,0,100,8
Spa,2,121.535,2303,1167,309,0,100,8
Spa,2,121.535,2581,859,311,0,100,8
Spa,2,121.535,2581,859,311,0,100,8
Spa,2,121.535,2678,760,313,0,100,8
Spa,2,121.535,2952,537,315,0,100,8
Spa,2,121.535,3199,416,314,0,20,8
Spa,2,121.535,3337,344,309,0,27,8
Spa,2,121.535,3337,344,297,0,25,8
Spa,2,121.535,3575,154,294,0,31,8
Spa,2,121.535,3656,56,284,0,39,7
Spa,2,121.535,3792,-181,279,0,69,7
Spa,2,121.535,3842,-298,278,0,100,7
Spa,2,121.535,3912,-502,278,0,100,7
Spa,2,121.535,3940,-622,280,0,100,7
Spa,2,121.535,3964,-762,280,0,100,7
Spa,2,121.535,4012,-1040,283,0,100,7
Spa,2,121.535,4137,-1352,285,0,100,8
Spa,2,121.535,4137,-1352,287,0,100,8
Spa,2,121.535,4513,-1961,291,0,100,8
Spa,2,121.535,4513,-1961,293,0,100,8
Spa,2,121.535,4700,-2211,295,0,100,8
Spa,2,121.535,4790,-2330,299,0,100,8
Spa,2,121.535,4889,-2463,300,0,100,8
Spa,2,121.535,4988,-2597,302,0,100,8
Spa,2,121.535,5167,-2842,303,0,100,8
Spa,2,121.535,5256,-2965,305,0,100,8
Spa,2,121.535,5256,-2965,306,0,100,8
Spa,2,121.535,5597,-3477,308,0,100,8
Spa,2,121.535,5597,-3477,309,0,100,8
Spa,2,121.535,5814,-3869,311,0,100,8
Spa,2,121.535,5939,-4135,311,0,100,8
Spa,2,121.535,5939,-4135,313,0,100,8
Spa,2,121.535,6081,-4509,314,0,100,8
Spa,2,121.535,6187,-4824,314,0,100,8
Spa,2,121.535,6187,-4824,315,0,100,8
Spa,2,121.535,6242,-4990,315,0,100,8
Spa,2,121.535,6413,-5507,317,0,100,8
Spa,2,121.535,6447,-5608,318,0,100,8
Spa,2,121.535,6503,-5775,319,0,100,8
Spa,2,121.535,6665,-6264,319,0,100,8
Spa,2,121.535,6749,-6516,320,0,100,8
Spa,2,121.535,6800,-6668,320,0,100,8
Spa,2,121.535,6936,-7073,320,0,100,8
Spa,2,121.535,6981,-7208,320,0,100,8
Spa,2,121.535,7101,-7562,321,0,100,8
Spa,2,121.535,7101,-7562,321,0,100,8
Spa,2,121.535,7157,-7731,321,0,100,8
Spa,2,121.535,7215,-7901,322,0,100,8
Spa,2,121.535,7306,-8172,322,0,100,8
Spa,2,121.535,7374,-8375,321,0,100,8
Spa,2,121.535,7522,-8815,321,0,100,8
Spa,2,121.535,7596,-9034,321,0,100,8
Spa,2,121.535,7704,-9355,320,0,100,8
Spa,2,121.535,7784,-9592,320,0,100,8
Spa,2,121.535,7784,-9592,320,0,100,8
Spa,2,121.535,7882,-9886,318,100,100,8
Spa,2,121.535,7936,-10054,298,100,100,8
Spa,2,121.535,8030,-10336,253,100,0,8
Spa,2,121.535,8148,-10679,214,100,0,6
Spa,2,121.535,8179,-10773,188,100,0,5
Spa,2,121.535,8230,-10931,182,100,0,5
Spa,2,121.535,8275,-11097,161,100,0,4
Spa,2,121.535,8275,-11097,156,100,0,4
Spa,2,121.535,8288,-11155,153,100,0,3
Spa,2,121.535,8312,-11319,138,100,0,3
Spa,2,121.535,8306,-11463,129,100,0,3
Spa,2,121.535,8281,-11563,128,0,0,3
Spa,2,121.535,8258,-11620,121,0,0,3
Spa,2,121.535,8213,-11697,118,0,12,3
Spa,2,121.535,8102,-11832,119,0,16,3
Spa,2,121.535,8047,-11891,120,0,25,3
Spa,2,121.535,8047,-11891,122,0,41,3
Spa,2,121.535,7986,-11955,124,0,42,3
Spa,2,121.535,7895,-12062,128,0,0,3
Spa,2,121.535,7831,-12180,124,0,0,3
Spa,2,121.535,7831,-12180,124,0,0,3
Spa,2,121.535,7798,-12317,121,0,0,3
Spa,2,121.535,7798,-12317,118,0,6,3
Spa,2,121.535,7792,-12402,117,0,14,3
Spa,2,121.535,7798,-12507,118,0,20,3
Spa,2,121.535,7811,-12584,118,0,25,3
Spa,2,121.535,7823,-12636,118,0,21,3
Spa,2,121.535,7871,-12789,123,0,36,3
Spa,2,121.535,7900,-12867,129,0,50,3
Spa,2,121.535,7939,-12971,138,0,60,3
Spa,2,121.535,8000,-13145,142,0,58,3
Spa,2,121.535,8027,-13249,151,0,32,4
Spa,2,121.535,8045,-13395,148,0,11,4
Spa,2,121.535,8042,-13490,146,0,11,4
Spa,2,121.535,8032,-13553,144,0,11,4
Spa,2,121.535,8006,-13653,142,0,12,4
Spa,2,121.535,7955,-13776,140,0,21,4
Spa,2,121.535,7955,-13776,141,0,21,4
Spa,2,121.535,7900,-13872,142,0,34,4
Spa,2,121.535,7845,-13950,148,0,55,4
Spa,2,121.535,7761,-14042,155,0,67,4
Spa,2,121.535,7671,-14120,162,0,74,4
Spa,2,121.535,7587,-14182,170,0,93,4
Spa,2,121.535,7522,-14227,174,0,100,4
Spa,2,121.535,7522,-14227,187,0,100,4
Spa,2,121.535,7313,-14368,198,0,100,4
Spa,2,121.535,7135,-14490,209,0,100,5
Spa,2,121.535,7047,-14551,212,0,100,5
Spa,2,121.535,6968,-14608,221,0,100,5
Spa,2,121.535,6826,-14712,230,0,100,6
Spa,2,121.535,6690,-14813,236,0,100,6
Spa,2,121.535,6690,-14813,241,0,100,6
Spa,2,121.535,6570,-14904,243,0,100,6
Spa,2,121.535,6353,-15071,249,0,100,6
Spa,2,121.535,6209,-15182,254,0,100,6
Spa,2,121.535,6109,-15261,239,100,0,6
Spa,2,121.535,5974,-15367,220,100,0,6
Spa,2,121.535,5860,-15453,204,100,0,6
Spa,2,121.535,5776,-15509,192,100,0,6
Spa,2,121.535,5677,-15571,185,100,0,6
Spa,2,121.535,5544,-15648,172,100,0,4
Spa,2,121.535,5385,-15727,162,100,0,4
Spa,2,121.535,5309,-15755,135,100,0,3
Spa,2,121.535,5149,-15767,124,100,0,3
Spa,2,121.535,5102,-15761,118,100,0,3
Spa,2,121.535,5039,-15747,114,100,0,3
Spa,2,121.535,4886,-15659,108,100,0,3
Spa,2,121.535,4844,-15618,101,0,0,3
Spa,2,121.535,4767,-15510,99,0,0,3
Spa,2,121.535,4767,-15510,97,0,0,3
Spa,2,121.535,4730,-15404,95,0,0,3
Spa,2,121.535,4730,-15404,94,0,0,3
Spa,2,121.535,4725,-15243,93,0,10,3
Spa,2,121.535,4748,-15145,95,0,18,3
Spa,2,121.535,4748,-15145,97,0,21,3
Spa,2,121.535,4772,-15084,100,0,24,3
Spa,2,121.535,4801,-15029,105,0,29,3
Spa,2,121.535,4840,-14971,109,0,36,3
Spa,2,121.535,4890,-14910,116,0,39,3
Spa,2,121.535,4975,-14828,116,0,42,3
Spa,2,121.535,5079,-14745,129,0,53,3
Spa,2,121.535,5186,-14672,139,0,60,3
Spa,2,121.535,5186,-14672,146,0,65,3
Spa,2,121.535,5257,-14629,158,0,78,3
Spa,2,121.535,5422,-14539,172,0,100,4
Spa,2,121.535,5553,-14470,180,0,100,4
Spa,2,121.535,5622,-14432,190,100,0,4
Spa,2,121.535,5689,-14392,183,100,0,4
Spa,2,121.535,5838,-14289,166,100,0,4
Spa,2,121.535,5936,-14198,160,100,0,4
Spa,2,121.535,5936,-14198,156,100,0,4
Spa,2,121.535,6106,-13897,151,0,0,4
Spa,2,121.535,6106,-13897,146,0,1,4
Spa,2,121.535,6123,-13784,144,0,16,4
Spa,2,121.535,6120,-13623,145,0,30,4
Spa,2,121.535,6099,-13502,147,0,39,4
Spa,2,121.535,6074,-13405,151,0,44,4
Spa,2,121.535,6036,-13289,151,0,52,4
Spa,2,121.535,6036,-13289,160,0,61,4
Spa,2,121.535,5979,-13145,163,0,65,4
Spa,2,121.535,5890,-12936,178,0,100,5
Spa,2,121.535,5866,-12878,195,0,100,5
Spa,2,121.535,5804,-12728,207,0,100,5
Spa,2,121.535,5729,-12542,213,0,100,5
Spa,2,121.535,5667,-12382,223,0,100,5
Spa,2,121.535,5593,-12165,232,0,100,6
Spa,2,121.535,5544,-11999,241,0,100,6
Spa,2,121.535,5512,-11881,248,0,100,6
Spa,2,121.535,5416,-11499,258,0,100,6
Spa,2,121.535,5393,-11400,264,0,100,7
Spa,2,121.535,5341,-11170,269,0,100,7
Spa,2,121.535,5300,-10979,273,0,100,7
Spa,2,121.535,5288,-10920,278,0,100,7
Spa,2,121.535,5192,-10464,284,0,100,7
Spa,2,121.535,5128,-10169,286,0,100,7
Spa,2,121.535,5087,-9982,289,0,100,7
Spa,2,121.535,5087,-9982,289,0,70,7
Spa,2,121.535,5036,-9751,284,100,0,7
Spa,2,121.535,4995,-9577,268,100,0,7
Spa,2,121.535,4936,-9379,242,100,0,6
Spa,2,121.535,4755,-9019,227,100,0,6
Spa,2,121.535,4638,-8879,219,0,17,6
Spa,2,121.535,4541,-8790,216,0,36,6
Spa,2,121.535,4394,-8686,216,0,42,6
Spa,2,121.535,4300,-8635,216,0,48,6
Spa,2,121.535,4110,-8573,217,0,56,6
Spa,2,121.535,3938,-8551,222,0,70,6
Spa,2,121.535,3748,-8540,227,0,73,6
Spa,2,121.535,3596,-8536,231,0,100,6
Spa,2,121.535,3454,-8537,237,0,100,6
Spa,2,121.535,3337,-8544,241,0,100,6
Spa,2,121.535,3142,-8575,244,0,100,6
Spa,2,121.535,2898,-8667,252,0,100,7
Spa,2,121.535,2688,-8792,255,0,100,7
Spa,2,121.535,2493,-8944,261,0,100,7
Spa,2,121.535,2493,-8944,262,0,100,7
Spa,2,121.535,2244,-9215,265,0,100,7
Spa,2,121.535,2149,-9351,270,0,100,7
Spa,2,121.535,2058,-9508,274,0,100,7
Spa,2,121.535,1984,-9661,277,0,100,7
Spa,2,121.535,1890,-9890,282,0,100,7
Spa,2,121.535,1826,-10084,285,0,100,7
Spa,2,121.535,1774,-10251,285,0,100,8
Spa,2,121.535,1677,-10555,290,0,100,8
Spa,2,121.535,1553,-10941,292,0,100,8
Spa,2,121.535,1553,-10941,295,0,100,8
Spa,2,121.535,1553,-10941,296,0,100,8
Spa,2,121.535,1266,-11836,297,100,100,8
Spa,2,121.535,1266,-11836,297,100,0,8
Spa,2,121.535,1228,-11951,260,100,0,8
Spa,2,121.535,1167,-12134,239,100,0,8
Spa,2,121.535,1123,-12253,207,100,0,8
Spa,2,121.535,996,-12520,191,100,0,5
Spa,2,121.535,864,-12694,170,100,0,4
Spa,2,121.535,785,-12772,160,100,0,4
Spa,2,121.535,704,-12838,155,100,0,4
Spa,2,121.535,582,-12906,150,100,0,4
Spa,2,121.535,405,-12951,147,0,0,4
Spa,2,121.535,405,-12951,143,0,0,4
Spa,2,121.535,180,-12945,137,0,10,4
Spa,2,121.535,180,-12945,136,0,16,4
Spa,2,121.535,71,-12918,136,0,21,4
Spa,2,121.535,-18,-12880,135,0,29,4
Spa,2,121.535,-127,-12821,137,0,36,4
Spa,2,121.535,-176,-12795,143,0,51,4
Spa,2,121.535,-241,-12761,147,0,51,4
Spa,2,121.535,-388,-12703,153,0,0,4
Spa,2,121.535,-562,-12667,145,0,0,4
Spa,2,121.535,-735,-12676,139,0,10,4
Spa,2,121.535,-878,-12709,138,0,18,4
Spa,2,121.535,-1061,-12794,139,0,32,4
Spa,2,121.535,-1144,-12851,141,0,37,4
Spa,2,121.535,-1144,-12851,143,0,45,4
Spa,2,121.535,-1241,-12937,148,0,51,4
Spa,2,121.535,-1275,-12973,150,0,50,4
Spa,2,121.535,-1401,-13125,155,0,51,4
Spa,2,121.535,-1401,-13125,155,0,50,4
Spa,2,121.535,-1507,-13283,164,0,64,4
Spa,2,121.535,-1599,-13443,170,0,100,5
Spa,2,121.535,-1705,-13650,195,0,100,5
Spa,2,121.535,-1771,-13792,198,0,100,5
Spa,2,121.535,-1796,-13844,211,0,100,5
Spa,2,121.535,-1845,-13948,215,0,100,5
Spa,2,121.535,-1945,-14149,222,100,61,5
Spa,2,121.535,-1945,-14149,213,100,0,5
Spa,2,121.535,-1945,-14149,213,100,0,5
Spa,2,121.535,-2222,-14611,181,100,0,4
Spa,2,121.535,-2222,-14611,155,100,0,4
Spa,2,121.535,-2287,-14687,140,100,0,3
Spa,2,121.535,-2357,-14751,134,100,0,3
Spa,2,121.535,-2414,-14793,130,100,0,3
Spa,2,121.535,-2544,-14857,125,100,0,3
Spa,2,121.535,-2678,-14881,121,0,5,3
Spa,2,121.535,-2678,-14881,120,0,15,3
Spa,2,121.535,-2794,-14874,119,0,18,3
Spa,2,121.535,-2899,-14856,121,0,31,3
Spa,2,121.535,-2978,-14835,124,0,39,3
Spa,2,121.535,-3031,-14816,127,0,41,3
Spa,2,121.535,-3183,-14745,131,0,41,3
Spa,2,121.535,-3224,-14722,139,0,61,3
Spa,2,121.535,-3224,-14722,147,0,68,3
Spa,2,121.535,-3590,-14485,173,0,100,4
Spa,2,121.535,-3726,-14389,194,0,100,4
Spa,2,121.535,-3794,-14333,202,0,100,5
Spa,2,121.535,-3896,-14243,205,0,80,5
Spa,2,121.535,-3896,-14243,211,0,70,5
Spa,2,121.535,-4017,-14116,212,0,57,5
Spa,2,121.535,-4105,-14005,210,0,59,5
Spa,2,121.535,-4191,-13867,210,0,57,6
Spa,2,121.535,-4294,-13633,211,0,56,6
Spa,2,121.535,-4318,-13543,215,0,62,6
Spa,2,121.535,-4335,-13401,219,0,67,6
Spa,2,121.535,-4335,-13241,218,0,67,6
Spa,2,121.535,-4319,-13068,220,0,81,6
Spa,2,121.535,-4291,-12907,225,0,100,6
Spa,2,121.535,-4291,-12907,227,0,100,6
Spa,2,121.535,-4169,-12491,239,0,100,6
Spa,2,121.535,-4085,-12290,251,0,100,7
Spa,2,121.535,-4023,-12164,253,0,100,7
Spa,2,121.535,-3941,-12014,258,0,100,7
Spa,2,121.535,-3793,-11781,261,0,100,7
Spa,2,121.535,-3601,-11514,267,0,100,7
Spa,2,121.535,-3601,-11514,271,0,100,7
Spa,2,121.535,-3438,-11312,277,0,100,7
Spa,2,121.535,-3287,-11137,279,0,100,7
Spa,2,121.535,-3181,-11022,282,0,100,8
Spa,2,121.535,-3006,-10841,284,0,100,8
Spa,2,121.535,-2787,-10631,289,0,100,8
Spa,2,121.535,-2618,-10481,292,0,100,8
Spa,2,121.535,-2402,-10305,296,0,100,8
Spa,2,121.535,-2174,-10142,299,0,100,8
Spa,2,121.535,-2021,-10041,301,0,100,8
Spa,2,121.535,-1807,-9912,302,0,100,8
Spa,2,121.535,-1572,-9778,304,0,100,8
Spa,2,121.535,-1322,-9634,307,0,100,8
Spa,2,121.535,-463,-9128,313,0,100,8
Spa,2,121.535,-463,-9128,314,0,100,8
Spa,2,121.535,-319,-9030,313,0,100,8
Spa,2,121.535,56,-8721,315,0,100,8
Spa,2,121.535,274,-8493,317,0,100,8
Spa,2,121.535,274,-8493,317,0,100,8
Spa,2,121.535,569,-8077,317,0,100,8
Spa,2,121.535,689,-7860,317,0,100,8
Spa,2,121.535,689,-7860,317,0,100,8
Spa,2,121.535,767,-7702,317,0,100,8
Spa,2,121.535,935,-7332,317,0,100,8
Spa,2,121.535,1024,-7121,317,0,100,8
Spa,2,121.535,1083,-6973,318,0,100,8
Spa,2,121.535,1083,-6973,319,0,100,8
Spa,2,121.535,1200,-6658,321,0,100,8
Spa,2,121.535,1200,-6658,320,0,100,8
Spa,2,121.535,1304,-6284,320,0,100,8
Spa,2,121.535,1340,-6027,319,0,100,8
Spa,2,121.535,1335,-5726,319,0,100,8
Spa,2,121.535,1335,-5726,317,0,100,8
Spa,2,121.535,1252,-5320,318,0,100,8
Spa,2,121.535,1193,-5150,314,0,100,8
Spa,2,121.535,1138,-5000,316,0,100,8
Spa,2,121.535,1006,-4674,316,0,100,8
Spa,2,121.535,889,-4400,314,0,100,8
Spa,2,121.535,826,-4256,314,0,100,8
Spa,2,121.535,749,-4079,315,0,100,8
Spa,2,121.535,680,-3918,315,0,100,8
Spa,2,121.535,618,-3773,316,0,100,8
Spa,2,121.535,564,-3643,316,0,100,8
Spa,2,121.535,453,-3365,317,0,100,8
Spa,2,121.535,388,-3183,317,0,100,8
Spa,2,121.535,319,-2948,318,0,100,8
Spa,2,121.535,203,-2410,318,0,100,8
Spa,2,121.535,183,-2311,318,0,100,8
Spa,2,121.535,161,-2195,296,100,0,8
Spa,2,121.535,108,-1896,286,100,0,8
Spa,2,121.535,10,-1261,168,100,0,5
Spa,2,121.535,-2,-1154,141,100,0,4
Spa,2,121.535,-10,-1062,129,100,0,3
Spa,2,121.535,-13,-985,119,100,0,3
Spa,2,121.535,-13,-985,113,100,0,3
Spa,2,121.535,-4,-837,103,100,0,2
Spa,2,121.535,0,-798,87,100,0,2
Spa,2,121.535,31,-692,77,100,0,2
Spa,2,121.535,59,-643,77,100,0,2
Spa,2,121.535,125,-582,71,0,0,2
Spa,2,121.535,125,-582,66,0,0,2
Spa,2,121.535,154,-569,64,0,0,2
Spa,2,121.535,222,-555,61,0,5,2
Spa,2,121.535,249,-553,61,0,12,2
Spa,2,121.535,294,-552,62,0,16,2
Spa,2,121.535,345,-548,65,0,24,2
Spa,2,121.535,386,-542,70,100,0,2
Spa,2,121.535,428,-529,66,100,0,2
Spa,2,121.535,511,-470,60,0,0,2
Spa,2,121.535,511,-470,60,0,0,2
Spa,2,121.535,535,-420,54,0,0,2
Spa,2,121.535,543,-394,54,0,1,2
Spa,2,121.535,549,-320,53,0,11,2
Spa,2,121.535,549,-320,54,0,15,2
Spa,2,121.535,548,-296,56,0,15,2
Spa,2,121.535,539,-244,57,0,16,2
Spa,2,121.535,524,-190,61,0,20,2
Spa,2,121.535,506,-139,65,0,26,2
Spa,2,121.535,488,-99,74,0,22,2
Spa,2,121.535,440,-9,81,0,37,2
Spa,2,121.535,390,69,90,0,40,2
Spa,2,121.535,326,166,99,0,50,2
Spa,2,121.535,285,227,108,0,53,2
Spa,2,121.535,178,383,127,0,56,3
Spa,2,121.535,178,383,133,0,62,3
Spa,2,121.535,114,478,137,0,77,3
Spa,2,121.535,27,608,151,0,100,3
Spa,2,121.535,-42,713,159,0,100,4
Spa,2,121.535,-42,713,171,0,100,4
Spa,2,121.535,-151,879,178,0,100,5
Spa,2,121.535,-226,991,186,0,100,5
Spa,2,121.535,-315,1125,198,0,100,5
Spa,2,121.535,-401,1256,207,0,100,5
Spa,3,119.483,-578,1522,230,0,100,5
Spa,3,119.483,-673,1666,238,0,100,5
Spa,3,119.483,-673,1666,242,0,100,5
Spa,3,119.483,-846,1928,249,0,100,6
Spa,3,119.483,-923,2044,251,0,100,6
Spa,3,119.483,-994,2151,256,0,100,6
Spa,3,119.483,-1089,2294,262,0,100,6
Spa,3,119.483,-1341,2675,269,0,100,6
Spa,3,119.483,-1508,2927,272,0,100,7
Spa,3,119.483,-1508,2927,275,0,100,7
Spa,3,119.483,-1627,3106,278,0,100,7
Spa,3,119.483,-1761,3309,276,100,0,7
Spa,3,119.483,-1846,3437,266,100,0,7
Spa,3,119.483,-1846,3437,235,100,0,7
Spa,3,119.483,-1974,3630,223,100,0,7
Spa,3,119.483,-2051,3748,198,100,0,7
Spa,3,119.483,-2051,3748,171,100,0,5
Spa,3,119.483,-2120,3857,156,100,0,4
Spa,3,119.483,-2175,3950,138,100,0,3
Spa,3,119.483,-2237,4065,124,100,0,3
Spa,3,119.483,-2269,4136,115,100,0,3
Spa,3,119.483,-2273,4147,107,100,0,3
Spa,3,119.483,-2295,4218,100,100,0,3
Spa,3,119.483,-2303,4260,93,100,0,3
Spa,3,119.483,-2307,4362,84,100,0,3
Spa,3,119.483,-2307,4362,80,100,0,3
Spa,3,119.483,-2290,4433,77,100,0,3
Spa,3,119.483,-2275,4462,73,100,0,3
Spa,3,119.483,-2245,4498,70,0,0,3
Spa,3,119.483,-2202,4528,68,0,0,3
Spa,3,119.483,-2164,4542,67,0,0,3
Spa,3,119.483,-2164,4542,63,0,0,3
Spa,3,119.483,-2077,4546,61,0,18,3
Spa,3,119.483,-2041,4541,64,0,24,3
Spa,3,119.483,-1939,4515,68,0,31,3
Spa,3,119.483,-1898,4500,75,0,46,3
Spa,3,119.483,-1808,4466,84,0,61,3
Spa,3,119.483,-1767,4448,84,0,69,3
Spa,3,119.483,-1767,4448,91,0,72,3
Spa,3,119.483,-1672,4405,103,0,50,3
Spa,3,119.483,-1612,4376,115,0,69,3
Spa,3,119.483,-1482,4311,126,0,85,3
Spa,3,119.483,-1397,4267,133,0,88,3
Spa,3,119.483,-1397,4267,139,0,74,3
Spa,3,119.483,-1249,4191,150,0,100,3
Spa,3,119.483,-1157,4144,163,0,100,3
Spa,3,119.483,-1009,4069,176,0,100,4
Spa,3,119.483,-938,4033,185,0,100,4
Spa,3,119.483,-740,3929,201,0,100,4
Spa,3,119.483,-600,3852,208,0,100,4
Spa,3,119.483,-518,3805,215,0,100,5
Spa,3,119.483,-329,3690,224,0,100,5
Spa,3,119.483,-158,3577,233,0,100,5
Spa,3,119.483,-158,3577,238,0,100,5
Spa,3,119.483,147,3354,248,0,100,6
Spa,3,119.483,290,3242,256,0,100,6
Spa,3,119.483,596,2977,263,0,100,6
Spa,3,119.483,596,2977,267,0,100,6
Spa,3,119.483,745,2831,270,0,100,7
Spa,3,119.483,745,2831,272,0,100,7
Spa,3,119.483,873,2702,275,0,100,7
Spa,3,119.483,1065,2504,277,0,100,7
Spa,3,119.483,1217,2345,281,0,100,7
Spa,3,119.483,1326,2231,284,0,100,7
Spa,3,119.483,1501,2045,289,0,100,7
Spa,3,119.483,1689,1843,294,0,100,7
Spa,3,119.483,1946,1566,295,0,100,7
Spa,3,119.483,1946,1566,297,0,100,7
Spa,3,119.483,2057,1444,298,0,100,7
Spa,3,119.483,2267,1207,302,0,100,7
Spa,3,119.483,2537,907,303,0,100,7
Spa,3,119.483,2537,907,304,0,100,7
Spa,3,119.483,2750,692,304,0,100,7
Spa,3,119.483,2750,692,306,0,100,7
Spa,3,119.483,3004,508,306,0,100,7
Spa,3,119.483,3167,430,307,0,100,7
Spa,3,119.483,3340,342,306,0,100,7
Spa,3,119.483,3395,307,305,0,100,7
Spa,3,119.483,3666,43,303,0,100,7
Spa,3,119.483,3666,43,302,0,64,7
Spa,3,119.483,3824,-253,296,0,70,7
Spa,3,119.483,3897,-451,289,0,75,7
Spa,3,119.483,3943,-637,289,0,100,7
Spa,3,119.483,3989,-926,290,0,100,7
Spa,3,119.483,4007,-1020,291,0,100,7
Spa,3,119.483,4019,-1061,290,0,100,7
Spa,3,119.483,4294,-1625,292,0,100,7
Spa,3,119.483,4401,-1792,293,0,100,7
Spa,3,119.483,4537,-1994,294,0,100,7
Spa,3,119.483,4715,-2231,295,0,100,7
Spa,3,119.483,4715,-2231,295,0,100,7
Spa,3,119.483,4923,-2508,298,0,100,7
Spa,3,119.483,5001,-2615,299,0,100,7
Spa,3,119.483,5227,-2926,300,0,100,7
Spa,3,119.483,5227,-2926,302,0,100,8
Spa,3,119.483,5601,-3485,303,0,100,8
Spa,3,119.483,5601,-3485,303,0,100,8
Spa,3,119.483,5601,-3485,304,0,100,8
Spa,3,119.483,5706,-3663,305,0,100,8
Spa,3,119.483,5816,-3873,305,0,100,8
Spa,3,119.483,5831,-3903,306,0,100,8
Spa,3,119.483,5984,-4245,306,0,100,8
Spa,3,119.483,6073,-4485,307,0,100,8
Spa,3,119.483,6117,-4615,307,0,100,8
Spa,3,119.483,6176,-4793,307,0,100,8
Spa,3,119.483,6268,-5069,309,0,100,8
Spa,3,119.483,6344,-5297,309,0,100,8
Spa,3,119.483,6387,-5428,310,0,100,8
Spa,3,119.483,6452,-5624,310,0,100,8
Spa,3,119.483,6539,-5885,311,0,100,8
Spa,3,119.483,6605,-6084,311,0,100,8
Spa,3,119.483,6677,-6300,312,0,100,8
Spa,3,119.483,6775,-6595,312,0,100,8
Spa,3,119.483,6775,-6595,311,0,100,8
Spa,3,119.483,6874,-6891,312,0,100,8
Spa,3,119.483,6963,-7154,313,0,100,8
Spa,3,119.483,7074,-7484,314,0,100,8
Spa,3,119.483,7135,-7665,313,0,100,8
Spa,3,119.483,7135,-7665,313,0,100,8
Spa,3,119.483,7246,-7995,314,0,100,8
Spa,3,119.483,7296,-8144,314,0,100,8
Spa,3,119.483,7380,-8392,314,0,100,8
Spa,3,119.483,7436,-8557,315,0,100,8
Spa,3,119.483,7569,-8955,315,0,100,8
Spa,3,119.483,7642,-9170,315,0,100,8
Spa,3,119.483,7748,-9485,314,0,100,8
Spa,3,119.483,7748,-9485,315,0,100,8
Spa,3,119.483,7837,-9749,316,0,100,8
Spa,3,119.483,7837,-9749,315,0,100,8
Spa,3,119.483,7981,-10190,303,100,0,8
Spa,3,119.483,7981,-10190,279,100,0,8
Spa,3,119.483,8091,-10511,239,100,0,8
Spa,3,119.483,8116,-10586,220,100,0,7
Spa,3,119.483,8159,-10713,212,100,0,6
Spa,3,119.483,8226,-10921,196,100,0,5
Spa,3,119.483,8226,-10921,176,100,0,5
Spa,3,119.483,8226,-10921,165,100,0,4
Spa,3,119.483,8312,-11392,150,100,0,4
Spa,3,119.483,8312,-11392,140,100,0,4
Spa,3,119.483,8312,-11392,134,100,0,4
Spa,3,119.483,8305,-11469,126,100,0,4
Spa,3,119.483,8275,-11579,123,100,0,4
Spa,3,119.483,8239,-11655,119,0,0,4
Spa,3,119.483,8193,-11724,115,0,32,4
Spa,3,119.483,8165,-11760,115,0,42,4
Spa,3,119.483,8092,-11843,117,0,49,4
Spa,3,119.483,8092,-11843,119,0,55,4
Spa,3,119.483,8018,-11921,120,0,63,4
Spa,3,119.483,7965,-11977,129,0,57,4
Spa,3,119.483,7885,-12077,128,0,7,4
Spa,3,119.483,7822,-12205,124,0,13,4
Spa,3,119.483,7806,-12265,124,0,22,4
Spa,3,119.483,7792,-12403,124,0,39,4
Spa,3,119.483,7794,-12473,126,0,40,4
Spa,3,119.483,7819,-12621,127,0,51,4
Spa,3,119.483,7819,-12621,132,0,59,4
Spa,3,119.483,7878,-12810,140,0,64,4
Spa,3,119.483,7915,-12908,144,0,71,4
Spa,3,119.483,7915,-12908,151,0,76,4
Spa,3,119.483,7969,-13052,154,0,85,4
Spa,3,119.483,8008,-13172,164,0,77,4
Spa,3,119.483,8008,-13172,162,0,0,4
Spa,3,119.483,8032,-13276,157,0,0,4
Spa,3,119.483,8045,-13395,155,0,1,4
Spa,3,119.483,8034,-13548,150,0,27,4
Spa,3,119.483,8009,-13644,148,0,57,4
Spa,3,119.483,7932,-13820,151,0,62,4
Spa,3,119.483,7897,-13878,155,0,72,4
Spa,3,119.483,7781,-14022,164,0,80,4
Spa,3,119.483,7692,-14103,169,0,83,4
Spa,3,119.483,7590,-14180,175,0,94,4
Spa,3,119.483,7461,-14268,183,0,100,4
Spa,3,119.483,7461,-14268,196,0,100,4
Spa,3,119.483,7344,-14348,198,0,100,4
Spa,3,119.483,7135,-14490,214,0,100,5
Spa,3,119.483,6904,-14654,221,0,100,5
Spa,3,119.483,6801,-14730,226,0,100,5
Spa,3,119.483,6801,-14730,233,0,100,5
Spa,3,119.483,6562,-14910,240,0,100,5
Spa,3,119.483,6562,-14910,245,0,100,6
Spa,3,119.483,6377,-15052,249,0,100,6
Spa,3,119.483,6254,-15147,253,0,100,6
Spa,3,119.483,6065,-15295,248,100,0,6
Spa,3,119.483,5782,-15505,202,100,0,6
Spa,3,119.483,5782,-15505,189,100,0,6
Spa,3,119.483,5569,-15634,163,100,0,4
Spa,3,119.483,5529,-15656,155,100,0,3
Spa,3,119.483,5349,-15741,142,100,0,3
Spa,3,119.483,5220,-15769,137,100,0,3
Spa,3,119.483,5062,-15753,128,100,0,3
Spa,3,119.483,4992,-15728,121,100,0,3
Spa,3,119.483,4919,-15685,117,100,0,3
Spa,3,119.483,4860,-15635,113,100,0,3
Spa,3,119.483,4847,-15620,109,100,0,3
Spa,3,119.483,4792,-15552,103,0,0,3
Spa,3,119.483,4758,-15489,99,0,0,3
Spa,3,119.483,4739,-15438,97,0,0,3
Spa,3,119.483,4721,-15335,94,0,0,3
Spa,3,119.483,4725,-15248,92,0,36,3
Spa,3,119.483,4743,-15163,98,0,45,3
Spa,3,119.483,4743,-15163,99,0,45,3
Spa,3,119.483,4777,-15074,105,0,51,3
Spa,3,119.483,4820,-15000,111,0,56,3
Spa,3,119.483,4879,-14923,122,0,68,3
Spa,3,119.483,4936,-14864,127,0,69,3
Spa,3,119.483,4985,-14820,137,0,76,3
Spa,3,119.483,5100,-14730,144,0,83,3
Spa,3,119.483,5262,-14626,154,0,85,3
Spa,3,119.483,5373,-14565,169,0,94,4
Spa,3,119.483,5485,-14506,173,0,100,4
Spa,3,119.483,5656,-14412,187,0,100,4
Spa,3,119.483,5656,-14412,186,100,0,4
Spa,3,119.483,5804,-14315,175,100,0,4
Spa,3,119.483,5946,-14188,164,100,0,4
Spa,3,119.483,5946,-14188,158,100,0,4
Spa,3,119.483,6024,-14087,153,0,0,4
Spa,3,119.483,6082,-13978,148,0,0,4
Spa,3,119.483,6105,-13901,145,0,0,4
Spa,3,119.483,6121,-13805,143,0,0,4
Spa,3,119.483,6125,-13733,141,0,48,4
Spa,3,119.483,6120,-13630,142,0,56,4
Spa,3,119.483,6104,-13524,148,0,62,4
Spa,3,119.483,6089,-13459,151,0,61,4
Spa,3,119.483,6060,-13359,157,0,72,4
Spa,3,119.483,6007,-13213,167,0,85,4
Spa,3,119.483,6007,-13213,173,0,91,4
Spa,3,119.483,5954,-13087,183,0,100,4
Spa,3,119.483,5851,-12843,198,0,100,4
Spa,3,119.483,5851,-12843,212,0,100,5
Spa,3,119.483,5672,-12394,218,0,100,5
Spa,3,119.483,5672,-12394,231,0,100,5
Spa,3,119.483,5581,-12124,238,0,100,5
Spa,3,119.483,5511,-11877,245,0,100,6
Spa,3,119.483,5511,-11877,250,0,100,6
Spa,3,119.483,5452,-11647,257,0,100,6
Spa,3,119.483,5399,-11425,259,0,100,6
Spa,3,119.483,5334,-11139,266,0,100,6
Spa,3,119.483,5285,-10905,270,0,100,7
Spa,3,119.483,5285,-10905,270,0,100,7
Spa,3,119.483,5260,-10786,275,0,100,7
Spa,3,119.483,5202,-10514,281,0,100,7
Spa,3,119.483,5153,-10283,284,0,100,7
Spa,3,119.483,5098,-10034,288,0,100,7
Spa,3,119.483,5018,-9672,278,100,0,7
Spa,3,119.483,5002,-9604,260,100,0,7
Spa,3,119.483,5002,-9604,245,100,0,7
Spa,3,119.483,4931,-9364,234,100,0,6
Spa,3,119.483,4899,-9282,227,100,3,6
Spa,3,119.483,4853,-9181,222,0,12,6
Spa,3,119.483,4732,-8987,218,0,51,6
Spa,3,119.483,4585,-8828,217,0,55,6
Spa,3,119.483,4558,-8804,216,0,62,6
Spa,3,119.483,4474,-8738,216,0,62,6
Spa,3,119.483,4212,-8600,217,0,74,6
Spa,3,119.483,4120,-8575,221,0,79,6
Spa,3,119.483,3843,-8544,226,0,100,6
Spa,3,119.483,3662,-8537,232,0,100,6
Spa,3,119.483,3636,-8536,237,0,100,6
Spa,3,119.483,3386,-8541,240,0,100,6
Spa,3,119.483,3213,-8560,246,0,100,6
Spa,3,119.483,2991,-8625,249,0,100,6
Spa,3,119.483,2786,-8729,256,0,100,6
Spa,3,119.483,2640,-8825,260,0,100,6
Spa,3,119.483,2439,-8994,262,0,100,6
Spa,3,119.483,2308,-9135,266,0,100,7
Spa,3,119.483,2199,-9278,271,0,100,7
Spa,3,119.483,2116,-9405,273,0,100,7
Spa,3,119.483,1983,-9663,274,0,100,7
Spa,3,119.483,1911,-9833,278,0,100,7
Spa,3,119.483,1864,-9964,280,0,100,7
Spa,3,119.483,1746,-10341,285,0,100,7
Spa,3,119.483,1746,-10341,286,0,100,7
Spa,3,119.483,1707,-10462,287,0,100,7
Spa,3,119.483,1634,-10691,289,0,100,7
Spa,3,119.483,1579,-10860,291,0,100,7
Spa,3,119.483,1470,-11200,294,0,100,7
Spa,3,119.483,1470,-11200,294,0,100,7
Spa,3,119.483,1397,-11429,296,0,100,7
Spa,3,119.483,1302,-11722,286,100,0,7
Spa,3,119.483,1243,-11907,253,100,0,7
Spa,3,119.483,1191,-12065,230,100,0,7
Spa,3,119.483,1116,-12271,209,100,0,6
Spa,3,119.483,1081,-12355,196,100,0,5
Spa,3,119.483,1021,-12476,183,100,0,4
Spa,3,119.483,926,-12621,170,100,0,4
Spa,3,119.483,879,-12677,163,100,0,4
Spa,3,119.483,777,-12779,155,0,0,4
Spa,3,119.483,717,-12828,154,0,0,4
Spa,3,119.483,597,-12899,149,0,0,4
Spa,3,119.483,507,-12932,143,0,0,4
Spa,3,119.483,399,-12951,140,0,0,4
Spa,3,119.483,290,-12955,136,0,0,4
Spa,3,119.483,156,-12941,135,0,46,4
Spa,3,119.483,54,-12912,137,0,51,4
Spa,3,119.483,54,-12912,139,0,56,4
Spa,3,119.483,-66,-12855,143,0,58,4
Spa,3,119.483,-123,-12823,146,0,68,4
Spa,3,119.483,-169,-12798,152,0,77,4
Spa,3,119.483,-316,-12728,160,0,82,4
Spa,3,119.483,-400,-12699,161,0,40,4
Spa,3,119.483,-476,-12679,159,0,11,4
Spa,3,119.483,-647,-12666,150,0,9,4
Spa,3,119.483,-788,-12685,149,0,27,4
Spa,3,119.483,-891,-12713,148,0,51,4
Spa,3,119.483,-975,-12748,148,0,56,4
Spa,3,119.483,-1155,-12859,156,0,65,4
Spa,3,119.483,-1233,-12930,159,0,65,4
Spa,3,119.483,-1233,-12930,161,0,65,4
Spa,3,119.483,-1412,-13140,166,0,75,4
Spa,3,119.483,-1462,-13212,174,0,86,4
Spa,3,119.483,-1462,-13212,174,0,100,4
Spa,3,119.483,-1531,-13321,189,0,100,4
Spa,3,119.483,-1583,-13413,199,0,100,4
Spa,3,119.483,-1640,-13520,201,0,100,4
Spa,3,119.483,-1686,-13611,207,0,100,4
Spa,3,119.483,-1766,-13780,214,0,100,5
Spa,3,119.483,-1849,-13956,225,0,100,5
Spa,3,119.483,-1928,-14117,216,100,0,5
Spa,3,119.483,-1999,-14251,194,100,0,5
Spa,3,119.483,-2138,-14488,184,100,0,4
Spa,3,119.483,-2138,-14488,169,100,0,4
Spa,3,119.483,-2184,-14558,165,100,0,4
Spa,3,119.483,-2265,-14663,165,100,0,4
Spa,3,119.483,-2336,-14734,148,100,0,4
Spa,3,119.483,-2385,-14773,143,100,0,4
Spa,3,119.483,-2546,-14858,137,100,0,4
Spa,3,119.483,-2546,-14858,134,100,0,4
Spa,3,119.483,-2600,-14873,130,0,0,4
Spa,3,119.483,-2749,-14879,127,0,0,4
Spa,3,119.483,-2846,-14867,122,0,0,4
Spa,3,119.483,-2906,-14855,123,0,44,4
Spa,3,119.483,-2906,-14855,124,0,32,4
Spa,3,119.483,-3031,-14816,123,0,19,4
Spa,3,119.483,-3082,-14795,129,0,62,4
Spa,3,119.483,-3192,-14740,133,0,63,4
Spa,3,119.483,-3245,-14710,143,0,75,4
Spa,3,119.483,-3334,-14657,151,0,100,4
Spa,3,119.483,-3367,-14637,161,0,100,4
Spa,3,119.483,-3426,-14600,161,0,100,4
Spa,3,119.483,-3586,-14487,180,0,100,4
Spa,3,119.483,-3757,-14364,188,0,100,4
Spa,3,119.483,-3757,-14364,198,0,100,4
Spa,3,119.483,-4104,-14007,211,0,100,5
Spa,3,119.483,-4104,-14007,221,0,72,5
Spa,3,119.483,-4223,-13807,221,0,78,5
Spa,3,119.483,-4269,-13705,224,0,73,5
Spa,3,119.483,-4308,-13587,225,0,84,5
Spa,3,119.483,-4330,-13467,232,0,100,5
Spa,3,119.483,-4334,-13231,234,0,100,5
Spa,3,119.483,-4324,-13112,234,0,100,6
Spa,3,119.483,-4324,-13112,239,0,100,6
Spa,3,119.483,-4219,-12634,246,0,100,6
Spa,3,119.483,-4219,-12634,250,0,100,6
Spa,3,119.483,-4086,-12292,258,0,100,6
Spa,3,119.483,-3974,-12072,261,0,100,6
Spa,3,119.483,-3974,-12072,264,0,100,6
Spa,3,119.483,-3794,-11783,270,0,100,7
Spa,3,119.483,-3627,-11548,272,0,100,7
Spa,3,119.483,-3627,-11548,274,0,100,7
Spa,3,119.483,-3532,-11427,278,0,100,7
Spa,3,119.483,-3194,-11036,282,0,100,7
Spa,3,119.483,-3129,-10967,286,0,100,7
Spa,3,119.483,-3018,-10853,288,0,100,7
Spa,3,119.483,-2666,-10522,292,0,100,7
Spa,3,119.483,-2478,-10365,295,0,100,7
Spa,3,119.483,-2362,-10275,296,0,100,7
Spa,3,119.483,-2036,-10051,297,0,100,8
Spa,3,119.483,-1917,-9976,299,0,100,8
Spa,3,119.483,-1611,-9801,300,0,100,8
Spa,3,119.483,-1611,-9801,302,0,100,8
Spa,3,119.483,-1466,-9717,302,0,100,8
Spa,3,119.483,-1320,-9633,303,0,100,8
Spa,3,119.483,-1087,-9496,304,0,100,8
Spa,3,119.483,-911,-9395,306,0,100,8
Spa,3,119.483,-530,-9170,307,0,100,8
Spa,3,119.483,-345,-9048,308,0,100,8
Spa,3,119.483,-88,-8851,309,0,100,8
Spa,3,119.483,77,-8701,309,0,100,8
Spa,3,119.483,77,-8701,310,0,100,8
Spa,3,119.483,268,-8500,311,0,100,8
Spa,3,119.483,387,-8352,311,0,100,8
Spa,3,119.483,576,-8065,310,0,100,8
Spa,3,119.483,807,-7618,311,0,100,8
Spa,3,119.483,871,-7477,311,0,100,8
Spa,3,119.483,981,-7223,311,0,100,8
Spa,3,119.483,1105,-6918,312,0,100,8
Spa,3,119.483,1105,-6918,313,0,100,8
Spa,3,119.483,1149,-6804,315,0,100,8
Spa,3,119.483,1262,-6458,313,0,100,8
Spa,3,119.483,1332,-6123,313,0,100,8
Spa,3,119.483,1343,-5864,312,0,100,8
Spa,3,119.483,1333,-5709,312,0,100,8
Spa,3,119.483,1292,-5456,311,0,100,8
Spa,3,119.483,1145,-5019,310,0,100,8
Spa,3,119.483,1069,-4826,310,0,100,8
Spa,3,119.483,1069,-4826,311,0,100,8
Spa,3,119.483,983,-4619,311,0,100,8
Spa,3,119.483,846,-4301,312,0,100,8
Spa,3,119.483,707,-3982,313,0,100,8
Spa,3,119.483,707,-3982,313,0,100,8
Spa,3,119.483,565,-3645,314,0,100,8
Spa,3,119.483,565,-3645,314,0,100,8
Spa,3,119.483,480,-3434,315,0,100,8
Spa,3,119.483,384,-3172,314,0,100,8
Spa,3,119.483,326,-2973,314,0,100,8
Spa,3,119.483,293,-2835,314,0,100,8
Spa,3,119.483,206,-2425,313,0,100,8
Spa,3,119.483,176,-2273,313,0,100,8
Spa,3,119.483,130,-2026,283,100,0,8
Spa,3,119.483,76,-1696,261,100,0,8
Spa,3,119.483,51,-1539,220,100,0,8
Spa,3,119.483,22,-1350,180,100,0,5
Spa,3,119.483,7,-1237,168,100,0,4
Spa,3,119.483,0,-1169,151,100,0,4
Spa,3,119.483,-10,-1070,134,100,0,3
Spa,3,119.483,-12,-954,123,100,0,3
Spa,3,119.483,-12,-954,114,100,0,2
Spa,3,119.483,-7,-869,106,100,0,2
Spa,3,119.483,0,-803,94,100,0,2
Spa,3,119.483,16,-731,83,100,0,2
Spa,3,119.483,40,-674,80,100,0,2
Spa,3,119.483,63,-636,73,100,0,2
Spa,3,119.483,83,-614,66,100,0,2
Spa,3,119.483,83,-614,63,0,0,2
Spa,3,119.483,152,-570,59,0,0,2
Spa,3,119.483,211,-556,57,0,14,2
Spa,3,119.483,240,-554,57,0,11,2
Spa,3,119.483,266,-553,58,0,22,2
Spa,3,119.483,314,-551,63,0,46,2
Spa,3,119.483,362,-546,68,0,45,2
Spa,3,119.483,362,-546,71,0,32,2
Spa,3,119.483,392,-541,70,0,9,2
Spa,3,119.483,460,-513,65,0,0,2
Spa,3,119.483,512,-468,64,0,0,2
Spa,3,119.483,527,-441,59,0,5,2
Spa,3,119.483,542,-399,59,0,11,2
Spa,3,119.483,549,-360,60,0,11,2
Spa,3,119.483,550,-330,60,0,14,2
Spa,3,119.483,548,-292,61,0,27,2
Spa,3,119.483,538,-237,64,0,29,2
Spa,3,119.483,514,-161,68,0,23,2
Spa,3,119.483,497,-119,75,0,42,2
Spa,3,119.483,450,-27,86,0,51,2
Spa,3,119.483,433,2,92,0,61,2
Spa,3,119.483,406,45,99,0,67,2
Spa,3,119.483,312,187,113,0,71,2
Spa,3,119.483,274,243,125,0,80,2
Spa,3,119.483,172,393,137,0,84,3
Spa,3,119.483,172,393,150,0,100,3
Spa,3,119.483,70,543,164,0,100,3
Spa,3,119.483,70,543,169,0,100,3
Spa,3,119.483,-99,799,185,0,100,4
Spa,3,119.483,-211,968,196,0,100,4
Spa,3,119.483,-211,968,203,0,100,4
Spa,3,119.483,-287,1083,209,0,100,5
Spa,3,119.483,-374,1215,221,0,100,5
Spa,4,107.669,-529,1449,242,0,99,6
Spa,4,107.669,-613,1575,247,0,99,6
Spa,4,107.669,-705,1715,251,0,99,6
Spa,4,107.669,-839,1917,260,0,99,7
Spa,4,107.669,-928,2051,264,0,99,7
Spa,4,107.669,-1067,2261,273,0,99,7
Spa,4,107.669,-1227,2503,277,0,99,7
Spa,4,107.669,-1312,2631,281,0,99,7
Spa,4,107.669,-1460,2854,284,0,99,7
Spa,4,107.669,-1460,2854,286,0,99,7
Spa,4,107.669,-1663,3161,289,0,99,7
Spa,4,107.669,-1753,3296,291,0,99,7
Spa,4,107.669,-1865,3466,287,100,0,7
Spa,4,107.669,-1957,3606,249,100,0,7
Spa,4,107.669,-2143,3894,199,100,0,7
Spa,4,107.669,-2143,3894,177,100,0,7
Spa,4,107.669,-2203,3998,152,100,0,6
Spa,4,107.669,-2231,4052,130,100,0,3
Spa,4,107.669,-2270,4139,115,100,0,2
Spa,4,107.669,-2297,4225,103,100,0,2
Spa,4,107.669,-2306,4279,97,100,0,2
Spa,4,107.669,-2304,4384,91,100,0,2
Spa,4,107.669,-2291,4432,84,100,0,2
Spa,4,107.669,-2268,4474,81,0,0,2
Spa,4,107.669,-2214,4522,77,0,0,2
Spa,4,107.669,-2158,4544,73,0,0,2
Spa,4,107.669,-2122,4549,72,0,12,2
Spa,4,107.669,-2071,4546,71,0,14,2
Spa,4,107.669,-2038,4541,72,0,22,2
Spa,4,107.669,-1955,4520,79,0,42,2
Spa,4,107.669,-1893,4499,84,0,47,2
Spa,4,107.669,-1856,4485,93,0,60,2
Spa,4,107.669,-1701,4419,106,0,70,2
Spa,4,107.669,-1701,4419,115,0,78,2
Spa,4,107.669,-1639,4389,130,0,90,2
Spa,4,107.669,-1538,4339,140,0,99,3
Spa,4,107.669,-1432,4285,157,0,99,3
Spa,4,107.669,-1283,4208,172,0,99,4
Spa,4,107.669,-1127,4129,182,0,99,4
Spa,4,107.669,-1127,4129,190,0,99,4
Spa,4,107.669,-953,4040,194,0,99,5
Spa,4,107.669,-850,3987,205,0,99,5
Spa,4,107.669,-850,3987,213,0,99,5
Spa,4,107.669,-530,3812,223,0,99,6
Spa,4,107.669,-352,3705,234,0,99,6
Spa,4,107.669,-262,3647,240,0,99,6
Spa,4,107.669,-115,3548,245,0,99,6
Spa,4,107.669,-115,3548,247,0,99,6
Spa,4,107.669,6,3460,255,0,99,6
Spa,4,107.669,232,3288,259,0,99,6
Spa,4,107.669,424,3132,263,0,100,7
Spa,4,107.669,468,3093,265,0,99,7
Spa,4,107.669,685,2891,271,0,99,7
Spa,4,107.669,814,2762,274,0,99,7
Spa,4,107.669,922,2652,277,0,99,7
Spa,4,107.669,922,2652,278,0,99,7
Spa,4,107.669,1149,2417,283,0,99,7
Spa,4,107.669,1346,2210,285,0,99,7
Spa,4,107.669,1346,2210,287,0,99,7
Spa,4,107.669,1543,1999,287,0,99,7
Spa,4,107.669,1543,1999,291,0,99,7
Spa,4,107.669,1776,1750,293,0,99,7
Spa,4,107.669,1776,1750,295,0,99,7
Spa,4,107.669,2033,1471,298,0,99,8
Spa,4,107.669,2167,1323,299,0,99,8
Spa,4,107.669,2365,1096,301,0,99,8
Spa,4,107.669,2365,1096,302,0,99,8
Spa,4,107.669,2627,811,304,0,99,8
Spa,4,107.669,2627,811,305,0,99,8
Spa,4,107.669,2736,705,306,0,99,8
Spa,4,107.669,2998,511,306,0,99,8
Spa,4,107.669,3209,412,307,0,99,8
Spa,4,107.669,3503,222,305,0,100,8
Spa,4,107.669,3586,142,304,0,99,8
Spa,4,107.669,3696,-2,300,0,99,8
Spa,4,107.669,3778,-152,299,0,99,8
Spa,4,107.669,3852,-322,298,0,99,8
Spa,4,107.669,3910,-495,296,0,99,8
Spa,4,107.669,3973,-820,296,0,99,8
Spa,4,107.669,4052,-1171,298,0,99,8
Spa,4,107.669,4052,-1171,299,0,99,8
Spa,4,107.669,4129,-1337,298,0,99,8
Spa,4,107.669,4236,-1528,298,0,99,8
Spa,4,107.669,4236,-1528,299,0,99,8
Spa,4,107.669,4414,-1812,300,0,99,8
Spa,4,107.669,4535,-1991,300,0,99,8
Spa,4,107.669,4624,-2112,300,0,99,8
Spa,4,107.669,4715,-2232,301,0,99,8
Spa,4,107.669,4857,-2420,302,0,99,8
Spa,4,107.669,4957,-2555,303,0,99,8
Spa,4,107.669,5096,-2745,303,0,99,8
Spa,4,107.669,5323,-3060,304,0,99,8
Spa,4,107.669,5475,-3285,305,0,99,8
Spa,4,107.669,5619,-3515,306,0,99,8
Spa,4,107.669,5697,-3647,306,0,99,8
Spa,4,107.669,5847,-3936,308,0,99,8
Spa,4,107.669,5999,-4283,310,0,99,8
Spa,4,107.669,6104,-4576,312,0,99,8
Spa,4,107.669,6192,-4841,313,0,99,8
Spa,4,107.669,6192,-4841,314,0,99,8
Spa,4,107.669,6297,-5157,316,0,99,8
Spa,4,107.669,6408,-5491,317,0,99,8
Spa,4,107.669,6408,-5491,318,0,99,8
Spa,4,107.669,6497,-5760,319,0,99,8
Spa,4,107.669,6605,-6084,320,0,99,8
Spa,4,107.669,6775,-6595,322,0,99,8
Spa,4,107.669,6775,-6595,323,0,99,8
Spa,4,107.669,6843,-6799,323,0,99,8
Spa,4,107.669,6901,-6969,324,0,99,8
Spa,4,107.669,6981,-7208,324,0,99,8
Spa,4,107.669,7067,-7464,325,0,99,8
Spa,4,107.669,7067,-7464,325,0,99,8
Spa,4,107.669,7183,-7806,325,0,99,8
Spa,4,107.669,7298,-8149,326,0,99,8
Spa,4,107.669,7356,-8321,327,0,99,8
Spa,4,107.669,7455,-8614,327,0,99,8
Spa,4,107.669,7536,-8855,327,0,99,8
Spa,4,107.669,7623,-9113,328,0,99,8
Spa,4,107.669,7663,-9234,327,0,99,8
Spa,4,107.669,7773,-9560,326,0,99,8
Spa,4,107.669,7856,-9805,324,0,99,8
Spa,4,107.669,7926,-10021,324,0,99,8
Spa,4,107.669,7987,-10209,323,0,99,8
Spa,4,107.669,8085,-10494,318,100,0,8
Spa,4,107.669,8159,-10711,265,100,0,8
Spa,4,107.669,8219,-10898,241,100,0,8
Spa,4,107.669,8249,-10994,209,100,0,8
Spa,4,107.669,8287,-11148,201,100,1,7
Spa,4,107.669,8311,-11304,180,100,1,5
Spa,4,107.669,8313,-11386,164,100,1,4
Spa,4,107.669,8299,-11505,158,100,1,4
Spa,4,107.669,8272,-11592,147,100,1,4
Spa,4,107.669,8223,-11685,141,0,3,4
Spa,4,107.669,8124,-11809,138,0,12,4
Spa,4,107.669,8061,-11877,137,0,32,4
Spa,4,107.669,7997,-11944,138,0,50,4
Spa,4,107.669,7954,-11989,140,0,62,4
Spa,4,107.669,7913,-12038,146,0,55,4
Spa,4,107.669,7856,-12123,148,0,21,4
Spa,4,107.669,7827,-12188,148,0,18,4
Spa,4,107.669,7808,-12250,147,0,40,4
Spa,4,107.669,7791,-12380,148,0,61,4
Spa,4,107.669,7793,-12472,152,0,76,4
Spa,4,107.669,7806,-12566,156,0,76,4
Spa,4,107.669,7839,-12697,163,0,83,4
Spa,4,107.669,7869,-12787,172,0,99,4
Spa,4,107.669,7929,-12945,178,0,99,4
Spa,4,107.669,7975,-13071,187,0,99,4
Spa,4,107.669,8031,-13267,194,0,87,4
Spa,4,107.669,8043,-13353,199,0,74,5
Spa,4,107.669,8045,-13462,202,0,65,5
Spa,4,107.669,7972,-13744,204,0,70,5
Spa,4,107.669,7919,-13846,205,0,57,5
Spa,4,107.669,7919,-13846,205,0,58,5
Spa,4,107.669,7779,-14026,205,0,84,5
Spa,4,107.669,7779,-14026,209,0,99,5
Spa,4,107.669,7565,-14198,220,0,99,5
Spa,4,107.669,7400,-14310,226,0,99,6
Spa,4,107.669,7273,-14396,233,0,99,6
Spa,4,107.669,7121,-14499,241,0,99,6
Spa,4,107.669,6834,-14706,249,0,99,6
Spa,4,107.669,6688,-14815,252,0,99,6
Spa,4,107.669,6422,-15017,256,0,99,6
Spa,4,107.669,6422,-15017,260,0,99,6
Spa,4,107.669,6226,-15169,264,0,99,7
Spa,4,107.669,6062,-15297,267,0,99,7
Spa,4,107.669,6062,-15297,268,0,99,7
Spa,4,107.669,5828,-15475,270,100,0,7
Spa,4,107.669,5674,-15573,242,100,0,7
Spa,4,107.669,5674,-15573,229,100,0,7
Spa,4,107.669,5508,-15667,199,100,0,7
Spa,4,107.669,5508,-15667,184,100,1,6
Spa,4,107.669,5333,-15748,172,100,1,5
Spa,4,107.669,5333,-15748,167,100,1,4
Spa,4,107.669,5210,-15770,160,100,0,3
Spa,4,107.669,5176,-15770,154,100,0,3
Spa,4,107.669,5001,-15734,143,100,1,3
Spa,4,107.669,5001,-15734,141,100,1,3
Spa,4,107.669,4857,-15633,135,0,9,3
Spa,4,107.669,4799,-15563,129,100,3,3
Spa,4,107.669,4738,-15440,125,0,0,3
Spa,4,107.669,4724,-15374,121,0,4,3
Spa,4,107.669,4724,-15374,120,0,21,3
Spa,4,107.669,4722,-15263,118,0,39,3
Spa,4,107.669,4722,-15263,119,0,46,3
Spa,4,107.669,4736,-15184,123,0,51,3
Spa,4,107.669,4797,-15034,130,0,59,3
Spa,4,107.669,4888,-14911,138,0,67,3
Spa,4,107.669,4928,-14870,145,0,87,3
Spa,4,107.669,4928,-14870,153,0,98,3
Spa,4,107.669,4991,-14813,158,0,99,3
Spa,4,107.669,5090,-14736,171,0,99,3
Spa,4,107.669,5170,-14682,175,0,99,4
Spa,4,107.669,5301,-14603,185,0,99,4
Spa,4,107.669,5533,-14481,198,0,99,5
Spa,4,107.669,5675,-14401,205,0,54,5
Spa,4,107.669,5776,-14336,194,100,0,5
Spa,4,107.669,5858,-14272,188,0,0,4
Spa,4,107.669,5947,-14187,186,0,12,4
Spa,4,107.669,6037,-14068,181,0,19,4
Spa,4,107.669,6108,-13896,180,0,48,4
Spa,4,107.669,6126,-13764,182,0,51,4
Spa,4,107.669,6124,-13662,181,0,67,4
Spa,4,107.669,6108,-13538,187,0,85,4
Spa,4,107.669,6077,-13412,192,0,99,4
Spa,4,107.669,6019,-13242,206,0,99,5
Spa,4,107.669,5927,-13022,213,0,100,5
Spa,4,107.669,5927,-13022,218,0,99,5
Spa,4,107.669,5820,-12767,229,0,99,5
Spa,4,107.669,5750,-12596,236,0,99,6
Spa,4,107.669,5666,-12378,246,0,99,6
Spa,4,107.669,5594,-12167,253,0,99,6
Spa,4,107.669,5549,-12017,258,0,99,6
Spa,4,107.669,5514,-11891,258,0,99,6
Spa,4,107.669,5474,-11735,267,0,100,7
Spa,4,107.669,5400,-11430,274,0,99,7
Spa,4,107.669,5339,-11161,277,0,99,7
Spa,4,107.669,5291,-10933,280,0,99,7
Spa,4,107.669,5255,-10764,285,0,99,7
Spa,4,107.669,5203,-10515,287,0,99,7
Spa,4,107.669,5203,-10515,289,0,99,7
Spa,4,107.669,5138,-10216,291,0,99,7
Spa,4,107.669,5138,-10216,293,0,99,7
Spa,4,107.669,5086,-9977,293,0,99,7
Spa,4,107.669,5010,-9640,296,0,99,7
Spa,4,107.669,4978,-9513,298,0,99,7
Spa,4,107.669,4923,-9342,299,0,45,7
Spa,4,107.669,4866,-9207,295,0,62,7
Spa,4,107.669,4655,-8895,289,0,83,7
Spa,4,107.669,4539,-8786,286,0,83,7
Spa,4,107.669,4370,-8670,285,0,98,7
Spa,4,107.669,4202,-8594,284,0,99,7
Spa,4,107.669,4202,-8594,283,0,99,7
Spa,4,107.669,3999,-8554,284,0,99,7
Spa,4,107.669,3625,-8535,285,0,99,7
Spa,4,107.669,3309,-8547,286,0,99,7
Spa,4,107.669,3125,-8579,286,0,99,7
Spa,4,107.669,2845,-8694,288,0,99,7
Spa,4,107.669,2845,-8694,289,0,99,7
Spa,4,107.669,2601,-8854,289,0,99,7
Spa,4,107.669,2601,-8854,290,0,99,7
Spa,4,107.669,2309,-9133,290,0,99,7
Spa,4,107.669,2309,-9133,290,0,100,7
Spa,4,107.669,2104,-9425,292,0,99,7
Spa,4,107.669,2013,-9598,292,0,99,7
Spa,4,107.669,1972,-9688,294,0,99,7
Spa,4,107.669,1825,-10089,295,0,99,8
Spa,4,107.669,1775,-10247,296,0,99,8
Spa,4,107.669,1705,-10467,296,0,99,8
Spa,4,107.669,1594,-10812,297,0,99,8
Spa,4,107.669,1524,-11033,297,0,99,8
Spa,4,107.669,1524,-11033,297,0,99,8
Spa,4,107.669,1443,-11285,297,0,99,8
Spa,4,107.669,1443,-11285,298,0,99,8
Spa,4,107.669,1371,-11508,299,0,99,8
Spa,4,107.669,1280,-11793,299,0,99,8
Spa,4,107.669,1197,-12045,300,0,98,8
Spa,4,107.669,1166,-12137,282,100,0,8
Spa,4,107.669,1096,-12319,272,100,0,8
Spa,4,107.669,1015,-12489,254,100,2,8
Spa,4,107.669,1015,-12489,237,100,2,7
Spa,4,107.669,881,-12677,214,100,3,5
Spa,4,107.669,823,-12738,209,100,5,5
Spa,4,107.669,722,-12826,200,0,5,5
Spa,4,107.669,480,-12940,193,0,9,5
Spa,4,107.669,480,-12940,186,100,6,5
Spa,4,107.669,237,-12954,179,0,49,5
Spa,4,107.669,0,-12891,179,0,49,5
Spa,4,107.669,-108,-12833,179,0,71,5
Spa,4,107.669,-201,-12782,182,0,76,5
Spa,4,107.669,-201,-12782,185,0,86,5
Spa,4,107.669,-325,-12725,190,0,56,5
Spa,4,107.669,-477,-12679,193,0,48,5
Spa,4,107.669,-611,-12664,191,0,18,5
Spa,4,107.669,-779,-12682,187,0,49,5
Spa,4,107.669,-947,-12734,188,0,71,5
Spa,4,107.669,-1149,-12853,189,0,87,5
Spa,4,107.669,-1225,-12919,199,0,99,5
Spa,4,107.669,-1225,-12919,204,0,99,5
Spa,4,107.669,-1391,-13111,208,0,99,5
Spa,4,107.669,-1434,-13169,216,0,99,5
Spa,4,107.669,-1539,-13334,223,0,100,5
Spa,4,107.669,-1665,-13568,223,0,99,6
Spa,4,107.669,-1665,-13568,229,0,99,6
Spa,4,107.669,-1716,-13672,234,0,99,6
Spa,4,107.669,-1824,-13904,241,0,99,6
Spa,4,107.669,-1919,-14098,243,0,99,6
Spa,4,107.669,-2008,-14267,246,0,99,6
Spa,4,107.669,-2008,-14267,239,100,99,6
Spa,4,107.669,-2176,-14547,239,100,0,6
Spa,4,107.669,-2176,-14547,201,100,2,5
Spa,4,107.669,-2345,-14743,182,0,3,4
Spa,4,107.669,-2345,-14743,179,0,3,4
Spa,4,107.669,-2532,-14854,166,0,3,4
Spa,4,107.669,-2677,-14884,162,0,2,4
Spa,4,107.669,-2858,-14866,157,0,55,4
Spa,4,107.669,-2901,-14857,160,0,70,4
Spa,4,107.669,-3005,-14827,166,0,77,4
Spa,4,107.669,-3169,-14754,166,0,89,4
Spa,4,107.669,-3238,-14715,178,0,99,4
Spa,4,107.669,-3370,-14635,185,0,99,4
Spa,4,107.669,-3370,-14635,196,0,99,5
Spa,4,107.669,-3618,-14470,211,0,99,5
Spa,4,107.669,-3694,-14413,218,0,99,5
Spa,4,107.669,-3694,-14413,220,0,99,5
Spa,4,107.669,-3912,-14228,229,0,99,6
Spa,4,107.669,-4018,-14115,233,0,100,6
Spa,4,107.669,-4115,-13992,237,0,100,6
Spa,4,107.669,-4217,-13820,243,0,100,6
Spa,4,107.669,-4262,-13721,245,0,100,6
Spa,4,107.669,-4299,-13619,247,0,100,6
Spa,4,107.669,-4337,-13347,249,0,100,6
Spa,4,107.669,-4327,-13134,252,0,100,6
Spa,4,107.669,-4327,-13134,255,0,100,6
Spa,4,107.669,-4303,-12963,257,0,100,7
Spa,4,107.669,-4266,-12795,259,0,99,7
Spa,4,107.669,-4136,-12406,265,0,99,7
Spa,4,107.669,-4136,-12406,266,0,99,7
Spa,4,107.669,-4009,-12135,266,0,99,7
Spa,4,107.669,-4009,-12135,272,0,99,7
Spa,4,107.669,-3911,-11964,273,0,99,7
Spa,4,107.669,-3829,-11835,276,0,99,7
Spa,4,107.669,-3742,-11707,278,0,99,7
Spa,4,107.669,-3425,-11297,283,0,99,7
Spa,4,107.669,-3315,-11169,285,0,99,7
Spa,4,107.669,-3209,-11051,286,0,99,7
Spa,4,107.669,-3076,-10912,288,0,99,7
Spa,4,107.669,-2763,-10608,292,0,99,7
Spa,4,107.669,-2763,-10608,293,0,99,7
Spa,4,107.669,-2464,-10354,296,0,99,8
Spa,4,107.669,-2321,-10245,296,0,99,8
Spa,4,107.669,-2321,-10245,297,0,99,8
Spa,4,107.669,-2117,-10104,298,0,99,8
Spa,4,107.669,-1894,-9962,299,0,99,8
Spa,4,107.669,-1749,-9879,300,0,100,8
Spa,4,107.669,-1517,-9747,301,0,99,8
Spa,4,107.669,-1285,-9612,302,0,99,8
Spa,4,107.669,-1066,-9485,303,0,99,8
Spa,4,107.669,-890,-9383,304,0,99,8
Spa,4,107.669,-369,-9065,307,0,99,8
Spa,4,107.669,-124,-8881,307,0,99,8
Spa,4,107.669,-124,-8881,307,0,99,8
Spa,4,107.669,164,-8614,308,0,99,8
Spa,4,107.669,288,-8477,308,0,99,8
Spa,4,107.669,394,-8343,307,0,99,8
Spa,4,107.669,528,-8145,307,0,99,8
Spa,4,107.669,704,-7830,307,0,99,8
Spa,4,107.669,704,-7830,307,0,99,8
Spa,4,107.669,981,-7223,308,0,99,8
Spa,4,107.669,981,-7223,307,0,99,8
Spa,4,107.669,1014,-7145,308,0,99,8
Spa,4,107.669,1152,-6794,308,0,99,8
Spa,4,107.669,1203,-6649,309,0,99,8
Spa,4,107.669,1203,-6649,309,0,99,8
Spa,4,107.669,1310,-6255,309,0,99,8
Spa,4,107.669,1340,-6023,307,0,99,8
Spa,4,107.669,1322,-5612,306,0,99,8
Spa,4,107.669,1290,-5451,305,0,99,8
Spa,4,107.669,1212,-5201,304,0,99,8
Spa,4,107.669,1123,-4961,304,0,99,8
Spa,4,107.669,1054,-4788,305,0,99,8
Spa,4,107.669,941,-4521,307,0,99,8
Spa,4,107.669,846,-4302,307,0,99,8
Spa,4,107.669,785,-4161,308,0,99,8
Spa,4,107.669,656,-3862,308,0,99,8
Spa,4,107.669,570,-3657,308,0,99,8
Spa,4,107.669,570,-3657,308,0,99,8
Spa,4,107.669,426,-3291,308,0,99,8
Spa,4,107.669,391,-3194,308,0,99,8
Spa,4,107.669,328,-2983,308,0,99,8
Spa,4,107.669,328,-2983,306,0,99,8
Spa,4,107.669,224,-2516,306,0,99,8
Spa,4,107.669,187,-2333,306,0,99,8
Spa,4,107.669,154,-2159,305,0,99,8
Spa,4,107.669,125,-1992,305,100,0,8
Spa,4,107.669,64,-1622,269,100,0,8
Spa,4,107.669,54,-1555,229,100,0,8
Spa,4,107.669,-1,-1165,177,100,0,8
Spa,4,107.669,-10,-1065,150,100,0,8
Spa,4,107.669,-12,-949,136,100,1,5
Spa,4,107.669,-4,-834,111,100,1,2
Spa,4,107.669,10,-752,101,100,1,2
Spa,4,107.669,24,-708,93,100,0,2
Spa,4,107.669,69,-628,88,100,1,2
Spa,4,107.669,137,-575,84,0,0,2
Spa,4,107.669,199,-557,75,0,0,2
Spa,4,107.669,199,-557,74,0,11,2
Spa,4,107.669,318,-551,75,0,31,2
Spa,4,107.669,348,-548,77,0,44,2
Spa,4,107.669,413,-535,83,100,0,2
Spa,4,107.669,519,-459,77,0,1,2
Spa,4,107.669,544,-399,74,0,0,2
Spa,4,107.669,544,-399,72,0,1,2
Spa,4,107.669,550,-352,71,0,13,2
Spa,4,107.669,550,-312,71,0,21,2
Spa,4,107.669,544,-264,71,0,22,2
Spa,4,107.669,530,-204,73,0,30,2
Spa,4,107.669,499,-122,78,0,35,2
Spa,4,107.669,481,-84,81,0,41,2
Spa,4,107.669,461,-45,90,0,57,2
Spa,4,107.669,418,26,98,0,62,2
Spa,4,107.669,418,26,102,0,62,2
Spa,4,107.669,338,150,120,0,77,2
Spa,4,107.669,338,150,129,0,99,3
Spa,4,107.669,280,235,139,0,99,3
Spa,4,107.669,176,386,152,0,99,3
Spa,4,107.669,176,386,156,0,99,4
Spa,4,107.669,115,476,168,0,99,4
Spa,4,107.669,68,547,184,0,99,5
Spa,4,107.669,-300,1104,200,0,99,5
Spa,4,107.669,-300,1104,207,0,99,5
Spa,4,107.669,-300,1104,213,0,99,5
Spa,4,107.669,-425,1292,223,0,99,6
Spa,10,113.671,-498,1402,235,0,100,5
Spa,10,113.671,-571,1512,240,0,100,5
Spa,10,113.671,-653,1637,247,0,100,6
Spa,10,113.671,-760,1798,249,0,100,6
Spa,10,113.671,-917,2035,261,0,100,6
Spa,10,113.671,-1070,2266,264,0,100,6
Spa,10,113.671,-1218,2490,269,0,100,6
Spa,10,113.671,-1351,2691,272,0,100,6
Spa,10,113.671,-1444,2830,273,0,100,6
Spa,10,113.671,-1595,3059,276,0,100,6
Spa,10,113.671,-1729,3261,272,0,0,6
Spa,10,113.671,-1729,3261,263,100,0,6
Spa,10,113.671,-1987,3651,226,100,0,5
Spa,10,113.671,-1987,3651,217,100,0,5
Spa,10,113.671,-2039,3731,194,100,0,5
Spa,10,113.671,-2126,3866,179,100,0,5
Spa,10,113.671,-2169,3938,155,100,0,3
Spa,10,113.671,-2211,4014,145,100,0,3
Spa,10,113.671,-2234,4059,127,100,0,3
Spa,10,113.671,-2280,4166,116,100,0,3
Spa,10,113.671,-2305,4273,108,100,0,3
Spa,10,113.671,-2305,4273,100,100,0,3
Spa,10,113.671,-2305,4375,91,100,0,3
Spa,10,113.671,-2294,4422,82,100,0,3
Spa,10,113.671,-2270,4471,80,0,0,3
Spa,10,113.671,-2233,4508,74,0,0,3
Spa,10,113.671,-2196,4531,70,0,0,3
Spa,10,113.671,-2117,4549,68,0,0,3
Spa,10,113.671,-2087,4548,69,0,1,3
Spa,10,113.671,-2056,4544,68,0,11,3
Spa,10,113.671,-1940,4515,73,0,29,3
Spa,10,113.671,-1870,4491,78,0,50,3
Spa,10,113.671,-1831,4476,83,0,51,3
Spa,10,113.671,-1809,4466,88,0,63,3
Spa,10,113.671,-1702,4419,99,0,71,3
Spa,10,113.671,-1702,4419,103,0,82,3
Spa,10,113.671,-1624,4382,117,0,91,3
Spa,10,113.671,-1490,4315,134,0,86,3
Spa,10,113.671,-1376,4256,142,0,88,3
Spa,10,113.671,-1205,4169,151,0,100,3
Spa,10,113.671,-1113,4122,170,0,100,3
Spa,10,113.671,-1113,4122,184,0,100,4
Spa,10,113.671,-764,3942,204,0,100,4
Spa,10,113.671,-692,3903,211,0,100,5
Spa,10,113.671,-500,3794,222,0,100,5
Spa,10,113.671,-269,3652,231,0,100,5
Spa,10,113.671,-146,3570,242,0,100,5
Spa,10,113.671,-146,3570,246,0,100,6
Spa,10,113.671,131,3367,249,0,100,6
Spa,10,113.671,253,3271,255,0,100,6
Spa,10,113.671,375,3172,263,0,100,6
Spa,10,113.671,420,3135,266,0,100,6
Spa,10,113.671,641,2934,270,0,100,6
Spa,10,113.671,728,2848,275,0,100,7
Spa,10,113.671,968,2604,282,0,100,7
Spa,10,113.671,1130,2437,284,0,100,7
Spa,10,113.671,1329,2227,289,0,100,7
Spa,10,113.671,1464,2084,293,0,100,7
Spa,10,113.671,1464,2084,295,0,100,7
Spa,10,113.671,1577,1964,298,0,100,7
Spa,10,113.671,1838,1683,300,0,100,7
Spa,10,113.671,1838,1683,303,0,100,7
Spa,10,113.671,1998,1509,305,0,100,7
Spa,10,113.671,2136,1358,305,0,100,7
Spa,10,113.671,2271,1203,309,0,100,8
Spa,10,113.671,2537,906,313,0,100,8
Spa,10,113.671,2645,793,314,0,100,8
Spa,10,113.671,2770,674,316,0,100,8
Spa,10,113.671,3106,458,317,0,100,8
Spa,10,113.671,3260,387,316,0,100,8
Spa,10,113.671,3392,309,316,0,93,8
Spa,10,113.671,3392,309,315,0,86,8
Spa,10,113.671,3618,105,312,0,78,8
Spa,10,113.671,3822,-250,304,0,100,8
Spa,10,113.671,3908,-488,303,0,100,8
Spa,10,113.671,3968,-786,301,0,100,8
Spa,10,113.671,3968,-786,302,0,100,8
Spa,10,113.671,4053,-1170,304,0,100,8
Spa,10,113.671,4115,-1310,305,0,100,8
Spa,10,113.671,4291,-1619,306,0,100,8
Spa,10,113.671,4420,-1822,307,0,100,8
Spa,10,113.671,4658,-2157,309,0,100,8
Spa,10,113.671,4763,-2295,310,0,100,8
Spa,10,113.671,4940,-2531,313,0,100,8
Spa,10,113.671,5042,-2671,313,0,100,8
Spa,10,113.671,5318,-3054,314,0,100,8
Spa,10,113.671,5318,-3054,315,0,100,8
Spa,10,113.671,5407,-3184,316,0,100,8
Spa,10,113.671,5579,-3449,317,0,100,8
Spa,10,113.671,5687,-3630,317,0,100,8
Spa,10,113.671,5819,-3879,318,0,100,8
Spa,10,113.671,5979,-4233,318,0,100,8
Spa,10,113.671,6084,-4516,318,0,100,8
Spa,10,113.671,6129,-4650,319,0,100,8
Spa,10,113.671,6207,-4886,319,0,100,8
Spa,10,113.671,6358,-5340,319,0,100,8
Spa,10,113.671,6358,-5340,320,0,100,8
Spa,10,113.671,6436,-5576,321,0,100,8
Spa,10,113.671,6588,-6032,321,0,100,8
Spa,10,113.671,6588,-6032,321,0,100,8
Spa,10,113.671,6705,-6384,321,0,100,8
Spa,10,113.671,6807,-6689,322,0,100,8
Spa,10,113.671,6944,-7097,322,0,100,8
Spa,10,113.671,7069,-7471,323,0,100,8
Spa,10,113.671,7069,-7471,323,0,100,8
Spa,10,113.671,7132,-7658,323,0,100,8
Spa,10,113.671,7219,-7913,324,0,100,8
Spa,10,113.671,7293,-8135,325,0,100,8
Spa,10,113.671,7339,-8272,324,0,100,8
Spa,10,113.671,7454,-8612,322,0,100,8
Spa,10,113.671,7539,-8865,321,0,100,8
Spa,10,113.671,7647,-9185,319,0,100,8
Spa,10,113.671,7686,-9302,318,0,100,8
Spa,10,113.671,7821,-9700,318,0,100,8
Spa,10,113.671,7911,-9976,317,0,100,8
Spa,10,113.671,7911,-9976,316,0,100,8
Spa,10,113.671,7982,-10192,316,0,100,8
Spa,10,113.671,8020,-10305,316,100,0,8
Spa,10,113.671,8075,-10466,259,100,0,8
Spa,10,113.671,8175,-10759,239,100,0,8
Spa,10,113.671,8227,-10923,211,100,0,6
Spa,10,113.671,8227,-10923,195,100,0,4
Spa,10,113.671,8286,-11142,174,100,0,4
Spa,10,113.671,8308,-11273,165,100,0,4
Spa,10,113.671,8313,-11354,151,100,0,4
Spa,10,113.671,8305,-11471,146,100,0,4
Spa,10,113.671,8258,-11620,137,100,0,4
Spa,10,113.671,8258,-11620,135,0,0,4
Spa,10,113.671,8185,-11735,133,0,0,4
Spa,10,113.671,8185,-11735,129,0,3,4
Spa,10,113.671,8131,-11800,126,0,21,4
Spa,10,113.671,8016,-11923,125,0,52,4
Spa,10,113.671,7957,-11986,128,0,61,4
Spa,10,113.671,7893,-12065,133,0,10,4
Spa,10,113.671,7840,-12156,131,0,5,4
Spa,10,113.671,7813,-12236,128,0,0,4
Spa,10,113.671,7810,-12583,130,0,70,4
Spa,10,113.671,7845,-12715,136,0,83,4
Spa,10,113.671,7914,-12906,156,0,100,4
Spa,10,113.671,7941,-12975,170,0,100,4
Spa,10,113.671,7993,-13123,182,0,80,4
Spa,10,113.671,8033,-13281,186,0,44,5
Spa,10,113.671,8035,-13543,185,0,48,5
Spa,10,113.671,8013,-13634,186,0,46,5
Spa,10,113.671,7981,-13721,185,0,55,5
Spa,10,113.671,7910,-13859,186,0,69,5
Spa,10,113.671,7824,-13977,188,0,82,5
Spa,10,113.671,7733,-14069,193,0,85,5
Spa,10,113.671,7733,-14069,195,0,100,5
Spa,10,113.671,7532,-14221,201,0,100,5
Spa,10,113.671,7435,-14286,210,0,83,5
Spa,10,113.671,7435,-14286,212,0,100,5
Spa,10,113.671,7286,-14386,215,0,100,5
Spa,10,113.671,7100,-14514,227,0,100,5
Spa,10,113.671,6856,-14690,236,0,100,5
Spa,10,113.671,6813,-14721,239,0,100,5
Spa,10,113.671,6650,-14843,246,0,100,6
Spa,10,113.671,6497,-14960,249,0,100,6
Spa,10,113.671,6353,-15071,253,0,100,6
Spa,10,113.671,5996,-15349,257,0,96,6
Spa,10,113.671,5996,-15349,247,100,0,6
Spa,10,113.671,5778,-15508,218,100,0,6
Spa,10,113.671,5652,-15586,193,100,0,5
Spa,10,113.671,5517,-15662,173,100,0,3
Spa,10,113.671,5409,-15716,151,100,0,3
Spa,10,113.671,5329,-15749,147,100,0,3
Spa,10,113.671,5225,-15768,132,100,0,3
Spa,10,113.671,5141,-15766,123,100,0,3
Spa,10,113.671,5009,-15735,116,0,0,3
Spa,10,113.671,4958,-15710,114,0,0,3
Spa,10,113.671,4886,-15659,112,0,3,3
Spa,10,113.671,4833,-15607,109,0,0,3
Spa,10,113.671,4787,-15545,108,0,7,3
Spa,10,113.671,4754,-15483,106,0,10,3
Spa,10,113.671,4730,-15405,106,0,27,3
Spa,10,113.671,4730,-15405,107,0,14,3
Spa,10,113.671,4725,-15239,107,0,32,3
Spa,10,113.671,4725,-15239,108,0,39,3
Spa,10,113.671,4761,-15108,111,0,42,3
Spa,10,113.671,4774,-15079,113,0,38,3
Spa,10,113.671,4854,-14952,116,0,50,3
Spa,10,113.671,4854,-14952,119,0,50,3
Spa,10,113.671,4943,-14857,128,0,54,3
Spa,10,113.671,5308,-14600,146,0,80,3
Spa,10,113.671,5434,-14533,165,0,98,3
Spa,10,113.671,5493,-14502,170,0,100,3
Spa,10,113.671,5615,-14436,184,0,96,4
Spa,10,113.671,5650,-14416,185,100,0,4
Spa,10,113.671,5787,-14328,176,100,0,4
Spa,10,113.671,5860,-14270,170,100,0,4
Spa,10,113.671,5985,-14142,162,100,0,4
Spa,10,113.671,6068,-14011,156,0,0,4
Spa,10,113.671,6068,-14011,155,0,5,4
Spa,10,113.671,6121,-13816,153,0,18,4
Spa,10,113.671,6124,-13671,151,0,43,4
Spa,10,113.671,6099,-13498,156,0,71,4
Spa,10,113.671,6081,-13428,159,0,76,4
Spa,10,113.671,6060,-13356,162,0,82,4
Spa,10,113.671,6060,-13356,172,0,88,4
Spa,10,113.671,5974,-13133,185,0,100,4
Spa,10,113.671,5871,-12889,204,0,100,4
Spa,10,113.671,5807,-12736,219,0,100,5
Spa,10,113.671,5677,-12407,231,0,100,5
Spa,10,113.671,5637,-12296,237,0,100,5
Spa,10,113.671,5637,-12296,242,0,100,5
Spa,10,113.671,5528,-11942,250,0,100,6
Spa,10,113.671,5499,-11832,255,0,100,6
Spa,10,113.671,5467,-11706,262,0,100,6
Spa,10,113.671,5394,-11405,266,0,100,6
Spa,10,113.671,5373,-11317,270,0,100,6
Spa,10,113.671,5319,-11064,273,0,100,6
Spa,10,113.671,5290,-10927,278,0,100,7
Spa,10,113.671,5218,-10591,281,0,100,7
Spa,10,113.671,5169,-10358,283,0,100,7
Spa,10,113.671,5108,-10078,287,0,100,7
Spa,10,113.671,5108,-10078,288,0,100,7
Spa,10,113.671,5042,-9779,291,0,100,7
Spa,10,113.671,4974,-9498,288,100,7,7
Spa,10,113.671,4950,-9420,274,100,0,7
Spa,10,113.671,4887,-9254,265,100,1,6
Spa,10,113.671,4715,-8965,255,100,4,6
Spa,10,113.671,4643,-8882,250,0,4,6
Spa,10,113.671,4477,-8739,246,0,60,6
Spa,10,113.671,4386,-8680,243,0,68,6
Spa,10,113.671,4280,-8625,243,0,73,6
Spa,10,113.671,4103,-8570,244,0,82,6
Spa,10,113.671,3947,-8550,246,0,82,6
Spa,10,113.671,3635,-8536,255,0,100,6
Spa,10,113.671,3351,-8543,259,0,100,6
Spa,10,113.671,3056,-8600,264,0,100,6
Spa,10,113.671,3056,-8600,267,0,100,6
Spa,10,113.671,2836,-8700,271,0,100,6
Spa,10,113.671,2617,-8842,273,0,100,6
Spa,10,113.671,2617,-8842,275,0,100,6
Spa,10,113.671,2344,-9092,281,0,100,7
Spa,10,113.671,2226,-9239,283,0,100,7
Spa,10,113.671,2137,-9370,285,0,100,7
Spa,10,113.671,2072,-9480,286,0,100,7
Spa,10,113.671,2001,-9624,288,0,100,7
Spa,10,113.671,1847,-10016,293,0,100,7
Spa,10,113.671,1744,-10346,295,0,100,7
Spa,10,113.671,1689,-10518,296,0,100,7
Spa,10,113.671,1568,-10895,297,0,100,7
Spa,10,113.671,1477,-11178,297,0,100,7
Spa,10,113.671,1416,-11369,297,0,100,7
Spa,10,113.671,1287,-11769,298,0,100,7
Spa,10,113.671,1247,-11893,299,100,0,7
Spa,10,113.671,1172,-12121,262,100,0,7
Spa,10,113.671,1097,-12317,241,100,0,7
Spa,10,113.671,1040,-12442,221,100,0,5
Spa,10,113.671,993,-12524,195,100,0,5
Spa,10,113.671,936,-12608,187,100,0,4
Spa,10,113.671,880,-12677,178,100,0,4
Spa,10,113.671,745,-12806,168,100,0,4
Spa,10,113.671,645,-12875,159,0,0,4
Spa,10,113.671,479,-12939,155,0,39,4
Spa,10,113.671,339,-12955,157,0,47,4
Spa,10,113.671,339,-12955,157,0,50,4
Spa,10,113.671,146,-12940,159,0,54,4
Spa,10,113.671,146,-12940,159,0,54,4
Spa,10,113.671,-47,-12866,163,0,68,4
Spa,10,113.671,-47,-12866,166,0,67,4
Spa,10,113.671,-149,-12810,168,0,77,4
Spa,10,113.671,-293,-12738,176,0,77,4
Spa,10,113.671,-405,-12697,181,0,31,4
Spa,10,113.671,-405,-12697,178,0,9,4
Spa,10,113.671,-509,-12673,175,0,12,4
Spa,10,113.671,-641,-12665,173,0,34,4
Spa,10,113.671,-671,-12667,172,0,31,4
Spa,10,113.671,-867,-12704,170,0,46,4
Spa,10,113.671,-938,-12730,170,0,46,4
Spa,10,113.671,-1105,-12821,170,0,48,4
Spa,10,113.671,-1232,-12927,176,0,75,4
Spa,10,113.671,-1288,-12985,181,0,96,4
Spa,10,113.671,-1388,-13108,195,0,100,4
Spa,10,113.671,-1589,-13422,205,0,100,4
Spa,10,113.671,-1589,-13422,210,0,100,5
Spa,10,113.671,-1704,-13647,216,0,100,5
Spa,10,113.671,-1772,-13793,223,0,100,5
Spa,10,113.671,-1887,-14035,231,0,100,5
Spa,10,113.671,-1951,-14161,232,100,0,5
Spa,10,113.671,-2088,-14406,205,100,0,5
Spa,10,113.671,-2191,-14568,179,100,0,4
Spa,10,113.671,-2253,-14650,165,100,0,4
Spa,10,113.671,-2341,-14738,160,100,0,4
Spa,10,113.671,-2538,-14856,157,0,0,4
Spa,10,113.671,-2538,-14856,154,0,2,4
Spa,10,113.671,-2600,-14874,151,0,36,4
Spa,10,113.671,-2681,-14883,150,0,44,4
Spa,10,113.671,-2803,-14874,151,0,43,4
Spa,10,113.671,-2887,-14860,153,0,53,4
Spa,10,113.671,-3035,-14816,155,0,69,4
Spa,10,113.671,-3125,-14776,160,0,83,4
Spa,10,113.671,-3125,-14776,166,0,89,4
Spa,10,113.671,-3250,-14708,171,0,100,4
Spa,10,113.671,-3411,-14610,186,0,100,4
Spa,10,113.671,-3533,-14529,199,0,100,4
Spa,10,113.671,-3654,-14443,206,0,100,5
Spa,10,113.671,-3851,-14284,216,0,100,5
Spa,10,113.671,-3960,-14180,229,0,100,5
Spa,10,113.671,-4145,-13946,237,0,100,5
Spa,10,113.671,-4295,-13632,243,0,80,6
Spa,10,113.671,-4295,-13632,243,0,83,6
Spa,10,113.671,-4337,-13351,246,0,100,6
Spa,10,113.671,-4334,-13211,250,0,100,6
Spa,10,113.671,-4313,-13028,251,0,100,6
Spa,10,113.671,-4313,-13028,256,0,100,6
Spa,10,113.671,-4275,-12831,256,0,100,6
Spa,10,113.671,-4225,-12650,260,0,100,6
Spa,10,113.671,-4172,-12498,263,0,100,6
Spa,10,113.671,-3999,-12119,270,0,100,6
Spa,10,113.671,-3999,-12119,274,0,100,7
Spa,10,113.671,-3999,-12119,277,0,100,7
Spa,10,113.671,-3599,-11512,282,0,100,7
Spa,10,113.671,-3599,-11512,285,0,100,7
Spa,10,113.671,-3530,-11425,287,0,100,7
Spa,10,113.671,-3390,-11255,288,0,100,7
Spa,10,113.671,-3163,-11003,291,0,100,7
Spa,10,113.671,-3039,-10874,293,0,100,7
Spa,10,113.671,-2981,-10816,295,0,100,7
Spa,10,113.671,-2887,-10724,297,0,100,7
Spa,10,113.671,-2488,-10373,299,0,100,7
Spa,10,113.671,-2488,-10373,302,0,100,7
Spa,10,113.671,-2176,-10144,304,0,100,7
Spa,10,113.671,-2176,-10144,304,0,100,7
Spa,10,113.671,-1848,-9936,306,0,100,8
Spa,10,113.671,-1684,-9843,308,0,100,8
Spa,10,113.671,-1565,-9774,309,0,100,8
Spa,10,113.671,-1430,-9697,311,0,100,8
Spa,10,113.671,-1055,-9479,313,0,100,8
Spa,10,113.671,-767,-9313,315,0,100,8
Spa,10,113.671,-632,-9233,316,0,100,8
Spa,10,113.671,-512,-9160,317,0,100,8
Spa,10,113.671,-336,-9043,318,0,100,8
Spa,10,113.671,-181,-8928,318,0,100,8
Spa,10,113.671,-73,-8838,318,0,100,8
Spa,10,113.671,146,-8633,318,0,100,8
Spa,10,113.671,146,-8633,320,0,100,8
Spa,10,113.671,451,-8265,320,0,100,8
Spa,10,113.671,538,-8130,320,0,100,8
Spa,10,113.671,695,-7848,320,0,100,8
Spa,10,113.671,695,-7848,320,0,100,8
Spa,10,113.671,842,-7542,320,0,100,8
Spa,10,113.671,842,-7542,321,0,100,8
Spa,10,113.671,985,-7215,321,0,100,8
Spa,10,113.671,1099,-6933,322,0,100,8
Spa,10,113.671,1099,-6933,322,0,100,8
Spa,10,113.671,1163,-6766,323,0,100,8
Spa,10,113.671,1266,-6443,323,0,100,8
Spa,10,113.671,1307,-6271,322,0,100,8
Spa,10,113.671,1335,-5724,322,0,100,8
Spa,10,113.671,1335,-5724,321,0,100,8
Spa,10,113.671,1214,-5207,320,0,100,8
Spa,10,113.671,1127,-4971,320,0,100,8
Spa,10,113.671,1027,-4724,319,0,100,8
Spa,10,113.671,1027,-4724,320,0,100,8
Spa,10,113.671,923,-4479,318,0,100,8
Spa,10,113.671,831,-4267,319,0,100,8
Spa,10,113.671,767,-4121,319,0,100,8
Spa,10,113.671,746,-4072,319,0,100,8
Spa,10,113.671,621,-3779,318,0,100,8
Spa,10,113.671,546,-3599,318,0,100,8
Spa,10,113.671,455,-3370,317,0,100,8
Spa,10,113.671,455,-3370,316,0,100,8
Spa,10,113.671,293,-2835,315,0,100,8
Spa,10,113.671,245,-2612,314,0,100,8
Spa,10,113.671,245,-2612,314,0,100,8
Spa,10,113.671,209,-2442,313,0,100,8
Spa,10,113.671,151,-2137,286,100,0,8
Spa,10,113.671,116,-1945,265,100,0,8
Spa,10,113.671,94,-1811,243,100,0,8
Spa,10,113.671,94,-1811,229,100,0,7
Spa,10,113.671,62,-1605,215,100,0,6
Spa,10,113.671,22,-1349,183,100,0,5
Spa,10,113.671,9,-1251,170,100,0,4
Spa,10,113.671,9,-1251,163,100,0,3
Spa,10,113.671,-5,-1122,142,100,0,3
Spa,10,113.671,-12,-1027,132,100,0,2
Spa,10,113.671,-12,-967,122,100,0,2
Spa,10,113.671,-8,-875,112,100,0,2
Spa,10,113.671,0,-799,100,100,0,2
Spa,10,113.671,9,-756,90,100,0,2
Spa,10,113.671,73,-624,82,0,0,2
Spa,10,113.671,73,-624,80,0,0,2
Spa,10,113.671,138,-575,79,0,0,2
Spa,10,113.671,138,-575,74,0,0,2
Spa,10,113.671,187,-559,72,0,0,2
Spa,10,113.671,187,-559,71,0,0,2
Spa,10,113.671,235,-553,69,0,12,2
Spa,10,113.671,367,-545,72,0,20,2
Spa,10,113.671,367,-545,74,0,35,2
Spa,10,113.671,424,-531,76,0,0,2
Spa,10,113.671,489,-492,72,0,0,2
Spa,10,113.671,538,-416,70,0,0,2
Spa,10,113.671,538,-416,66,0,0,2
Spa,10,113.671,547,-378,63,0,0,2
Spa,10,113.671,549,-312,61,0,18,2
Spa,10,113.671,541,-248,64,0,29,2
Spa,10,113.671,541,-248,66,0,38,2
Spa,10,113.671,533,-215,70,0,45,2
Spa,10,113.671,509,-146,81,0,57,2
Spa,10,113.671,465,-52,87,0,61,2
Spa,10,113.671,418,27,98,0,75,2
Spa,10,113.671,402,52,106,0,79,2
Spa,10,113.671,364,111,114,0,79,2
Spa,10,113.671,321,175,124,0,83,2
Spa,10,113.671,321,175,133,0,97,2
Spa,10,113.671,243,289,148,0,100,3
Spa,10,113.671,185,374,159,0,100,3
Spa,10,113.671,64,553,168,0,100,3
Spa,10,113.671,64,553,177,0,100,3
Spa,10,113.671,24,612,186,0,100,4
Spa,10,113.671,-76,765,197,0,100,4
Spa,10,113.671,-100,802,204,0,100,4
Spa,10,113.671,-193,942,211,0,100,4
Spa,10,113.671,-315,1125,220,0,100,5
Spa,10,113.671,-386,1234,228,0,100,5
Spa,11,107.045,-624,1592,247,0,100,6
Spa,11,107.045,-749,1781,259,0,100,6
Spa,11,107.045,-878,1976,265,0,100,6
Spa,11,107.045,-952,2087,269,0,100,7
Spa,11,107.045,-1111,2327,274,0,100,7
Spa,11,107.045,-1300,2612,280,0,100,7
Spa,11,107.045,-1458,2852,288,0,100,7
Spa,11,107.045,-1601,3068,292,0,100,7
Spa,11,107.045,-1601,3068,295,0,100,7
Spa,11,107.045,-1767,3318,268,100,0,7
Spa,11,107.045,-1918,3546,247,100,0,7
Spa,11,107.045,-1918,3546,217,100,0,6
Spa,11,107.045,-2022,3704,199,100,0,5
Spa,11,107.045,-2136,3882,175,100,0,3
Spa,11,107.045,-2252,4096,141,100,0,3
Spa,11,107.045,-2252,4096,129,100,0,3
Spa,11,107.045,-2282,4171,119,100,0,2
Spa,11,107.045,-2298,4230,111,100,1,2
Spa,11,107.045,-2308,4308,99,100,3,2
Spa,11,107.045,-2304,4383,92,100,3,2
Spa,11,107.045,-2304,4383,87,100,2,2
Spa,11,107.045,-2273,4466,80,100,2,2
Spa,11,107.045,-2213,4522,74,0,3,2
Spa,11,107.045,-2177,4538,71,0,7,2
Spa,11,107.045,-2112,4549,71,0,13,2
Spa,11,107.045,-2057,4544,70,0,24,2
Spa,11,107.045,-1998,4532,71,0,26,2
Spa,11,107.045,-1969,4524,74,0,38,2
Spa,11,107.045,-1886,4497,82,0,48,2
Spa,11,107.045,-1814,4469,95,0,58,2
Spa,11,107.045,-1751,4442,107,0,71,2
Spa,11,107.045,-1688,4413,116,0,87,2
Spa,11,107.045,-1580,4361,137,0,100,2
Spa,11,107.045,-1481,4310,153,0,100,3
Spa,11,107.045,-1371,4254,169,0,100,3
Spa,11,107.045,-1304,4219,178,0,100,4
Spa,11,107.045,-1179,4155,187,0,100,4
Spa,11,107.045,-1026,4078,195,0,100,4
Spa,11,107.045,-937,4032,207,0,100,5
Spa,11,107.045,-792,3956,214,0,100,5
Spa,11,107.045,-675,3894,227,0,100,5
Spa,11,107.045,-533,3814,233,0,100,5
Spa,11,107.045,-308,3677,241,0,100,6
Spa,11,107.045,-174,3589,241,0,100,6
Spa,11,107.045,-37,3493,253,0,100,6
Spa,11,107.045,53,3425,255,0,100,6
Spa,11,107.045,144,3356,259,0,100,6
Spa,11,107.045,293,3240,263,0,100,6
Spa,11,107.045,396,3156,267,0,100,7
Spa,11,107.045,486,3078,271,0,100,7
Spa,11,107.045,663,2912,277,0,100,7
Spa,11,107.045,784,2793,279,0,100,7
Spa,11,107.045,904,2671,282,0,100,7
Spa,11,107.045,1068,2501,284,0,100,7
Spa,11,107.045,1163,2402,288,0,100,7
Spa,11,107.045,1351,2204,292,0,100,7
Spa,11,107.045,1496,2050,293,0,100,7
Spa,11,107.045,1709,1822,296,0,100,8
Spa,11,107.045,1799,1725,299,0,100,8
Spa,11,107.045,1913,1603,301,0,100,8
Spa,11,107.045,2206,1278,304,0,100,8
Spa,11,107.045,2318,1150,305,0,100,8
Spa,11,107.045,2318,1150,307,0,100,8
Spa,11,107.045,2546,896,308,0,100,8
Spa,11,107.045,2546,896,310,0,100,8
Spa,11,107.045,2827,625,312,0,100,8
Spa,11,107.045,3054,482,310,0,100,8
Spa,11,107.045,3257,389,311,0,100,8
Spa,11,107.045,3454,263,307,0,100,8
Spa,11,107.045,3734,-67,304,0,100,8
Spa,11,107.045,3831,-270,303,0,100,8
Spa,11,107.045,3943,-637,301,0,100,8
Spa,11,107.045,3943,-637,301,0,100,8
Spa,11,107.045,3988,-921,301,0,100,8
Spa,11,107.045,4042,-1142,302,0,100,8
Spa,11,107.045,4042,-1142,301,0,100,8
Spa,11,107.045,4204,-1475,301,0,100,8
Spa,11,107.045,4328,-1678,302,0,100,8
Spa,11,107.045,4328,-1678,302,0,100,8
Spa,11,107.045,4484,-1919,303,0,100,8
Spa,11,107.045,4484,-1919,304,0,100,8
Spa,11,107.045,4684,-2191,305,0,100,8
Spa,11,107.045,4684,-2191,306,0,100,8
Spa,11,107.045,4839,-2395,306,0,100,8
Spa,11,107.045,4879,-2449,307,0,100,8
Spa,11,107.045,5102,-2752,308,0,100,8
Spa,11,107.045,5102,-2752,308,0,100,8
Spa,11,107.045,5331,-3073,309,0,100,8
Spa,11,107.045,5532,-3373,310,0,100,8
Spa,11,107.045,5709,-3669,311,0,100,8
Spa,11,107.045,5791,-3822,312,0,100,8
Spa,11,107.045,5791,-3822,314,0,100,8
Spa,11,107.045,5919,-4091,316,0,100,8
Spa,11,107.045,5919,-4091,316,0,100,8
Spa,11,107.045,6000,-4286,318,0,100,8
Spa,11,107.045,6136,-4671,320,0,100,8
Spa,11,107.045,6248,-5010,321,0,100,8
Spa,11,107.045,6288,-5129,323,0,100,8
Spa,11,107.045,6288,-5129,324,0,100,8
Spa,11,107.045,6344,-5300,325,0,100,8
Spa,11,107.045,6424,-5540,326,0,100,8
Spa,11,107.045,6482,-5713,329,0,100,8
Spa,11,107.045,6568,-5972,329,0,100,8
Spa,11,107.045,6705,-6383,331,0,100,8
Spa,11,107.045,6804,-6680,331,0,100,8
Spa,11,107.045,6868,-6873,334,0,100,8
Spa,11,107.045,6928,-7049,334,0,100,8
Spa,11,107.045,6999,-7260,335,0,100,8
Spa,11,107.045,7088,-7526,337,0,100,8
Spa,11,107.045,7201,-7862,336,0,100,8
Spa,11,107.045,7279,-8093,338,0,100,8
Spa,11,107.045,7339,-8271,338,0,100,8
Spa,11,107.045,7411,-8485,339,0,100,8
Spa,11,107.045,7483,-8699,339,0,100,8
Spa,11,107.045,7579,-8985,339,0,100,8
Spa,11,107.045,7700,-9342,339,0,100,8
Spa,11,107.045,7700,-9342,339,0,100,8
Spa,11,107.045,7829,-9726,341,0,100,8
Spa,11,107.045,7916,-9992,341,0,100,8
Spa,11,107.045,8016,-10294,332,100,0,8
Spa,11,107.045,8103,-10549,306,100,0,8
Spa,11,107.045,8156,-10702,255,100,0,8
Spa,11,107.045,8194,-10817,235,100,0,8
Spa,11,107.045,8235,-10949,207,100,0,7
Spa,11,107.045,8292,-11170,179,100,2,4
Spa,11,107.045,8313,-11336,174,100,7,4
Spa,11,107.045,8307,-11463,158,100,13,4
Spa,11,107.045,8286,-11551,153,0,14,4
Spa,11,107.045,8231,-11671,149,0,16,4
Spa,11,107.045,8231,-11671,147,0,10,4
Spa,11,107.045,8139,-11792,146,0,10,4
Spa,11,107.045,8139,-11792,144,0,14,4
Spa,11,107.045,8056,-11882,143,0,29,4
Spa,11,107.045,7941,-12004,145,0,72,4
Spa,11,107.045,7900,-12056,151,0,45,4
Spa,11,107.045,7852,-12130,150,0,19,4
Spa,11,107.045,7823,-12197,149,0,24,4
Spa,11,107.045,7791,-12392,147,0,38,4
Spa,11,107.045,7793,-12475,148,0,46,4
Spa,11,107.045,7809,-12585,152,0,64,4
Spa,11,107.045,7836,-12687,154,0,74,4
Spa,11,107.045,7836,-12687,161,0,77,4
Spa,11,107.045,7874,-12800,166,0,100,4
Spa,11,107.045,7955,-13013,183,0,100,4
Spa,11,107.045,8019,-13215,188,0,67,4
Spa,11,107.045,8042,-13342,195,0,75,4
Spa,11,107.045,8033,-13563,205,0,72,5
Spa,11,107.045,8033,-13563,204,0,57,5
Spa,11,107.045,7967,-13757,204,0,55,5
Spa,11,107.045,7967,-13757,204,0,69,5
Spa,11,107.045,7808,-13996,207,0,87,5
Spa,11,107.045,7808,-13996,207,0,88,5
Spa,11,107.045,7608,-14168,221,0,100,5
Spa,11,107.045,7483,-14254,228,0,100,5
Spa,11,107.045,7420,-14297,230,0,100,5
Spa,11,107.045,7138,-14488,237,0,100,5
Spa,11,107.045,7027,-14565,246,0,100,6
Spa,11,107.045,6871,-14678,252,0,100,6
Spa,11,107.045,6620,-14866,258,0,100,6
Spa,11,107.045,6450,-14996,261,0,100,6
Spa,11,107.045,6450,-14996,264,0,100,6
Spa,11,107.045,6262,-15141,267,0,100,7
Spa,11,107.045,6262,-15141,270,0,100,7
Spa,11,107.045,6108,-15261,273,0,100,7
Spa,11,107.045,5895,-15427,268,100,0,7
Spa,11,107.045,5720,-15545,233,100,0,7
Spa,11,107.045,5659,-15582,204,100,0,7
Spa,11,107.045,5536,-15652,190,100,0,6
Spa,11,107.045,5413,-15715,177,100,0,5
Spa,11,107.045,5413,-15715,168,100,0,4
Spa,11,107.045,5258,-15766,155,100,1,4
Spa,11,107.045,5200,-15770,151,100,1,4
Spa,11,107.045,5103,-15763,144,100,4,3
Spa,11,107.045,4925,-15690,134,100,7,3
Spa,11,107.045,4925,-15690,128,0,5,3
Spa,11,107.045,4805,-15573,122,0,8,3
Spa,11,107.045,4733,-15424,119,0,9,3
Spa,11,107.045,4720,-15347,117,0,28,3
Spa,11,107.045,4721,-15275,117,0,35,3
Spa,11,107.045,4721,-15275,118,0,40,3
Spa,11,107.045,4735,-15189,121,0,47,3
Spa,11,107.045,4768,-15091,128,0,51,3
Spa,11,107.045,4813,-15008,132,0,55,3
Spa,11,107.045,4888,-14912,142,0,70,3
Spa,11,107.045,4988,-14816,150,0,73,3
Spa,11,107.045,5143,-14699,153,0,86,4
Spa,11,107.045,5215,-14653,169,0,100,4
Spa,11,107.045,5215,-14653,178,0,100,4
Spa,11,107.045,5412,-14544,190,0,100,4
Spa,11,107.045,5470,-14514,197,0,100,4
Spa,11,107.045,5622,-14432,207,0,100,4
Spa,11,107.045,5794,-14323,214,0,100,5
Spa,11,107.045,5794,-14323,214,100,46,5
Spa,11,107.045,5874,-14259,205,100,0,5
Spa,11,107.045,6012,-14107,194,100,8,5
Spa,11,107.045,6083,-13980,191,0,11,5
Spa,11,107.045,6119,-13842,185,0,19,5
Spa,11,107.045,6119,-13842,184,0,50,5
Spa,11,107.045,6114,-13571,184,0,76,5
Spa,11,107.045,6114,-13571,191,0,90,5
Spa,11,107.045,6042,-13304,199,0,100,5
Spa,11,107.045,6042,-13304,206,0,100,5
Spa,11,107.045,5939,-13049,222,0,100,5
Spa,11,107.045,5856,-12854,231,0,100,5
Spa,11,107.045,5757,-12612,239,0,100,6
Spa,11,107.045,5734,-12554,247,0,100,6
Spa,11,107.045,5675,-12402,251,0,100,6
Spa,11,107.045,5588,-12149,255,0,100,6
Spa,11,107.045,5555,-12039,259,0,100,6
Spa,11,107.045,5487,-11785,263,0,100,6
Spa,11,107.045,5487,-11785,267,0,100,7
Spa,11,107.045,5394,-11405,275,0,100,7
Spa,11,107.045,5366,-11285,278,0,100,7
Spa,11,107.045,5366,-11285,280,0,100,7
Spa,11,107.045,5291,-10934,284,0,100,7
Spa,11,107.045,5252,-10747,288,0,100,7
Spa,11,107.045,5212,-10559,290,0,100,7
Spa,11,107.045,5161,-10321,293,0,100,7
Spa,11,107.045,5133,-10193,296,0,100,7
Spa,11,107.045,5105,-10065,296,0,100,7
Spa,11,107.045,5033,-9741,300,0,100,8
Spa,11,107.045,4975,-9500,301,0,100,8
Spa,11,107.045,4975,-9500,303,0,100,8
Spa,11,107.045,4920,-9331,303,100,44,8
Spa,11,107.045,4831,-9137,293,0,20,8
Spa,11,107.045,4553,-8798,283,0,29,8
Spa,11,107.045,4553,-8798,280,0,59,8
Spa,11,107.045,4298,-8632,275,0,100,8
Spa,11,107.045,4298,-8632,276,0,100,8
Spa,11,107.045,4114,-8572,276,0,100,8
Spa,11,107.045,3955,-8550,276,0,80,8
Spa,11,107.045,3796,-8541,275,0,100,8
Spa,11,107.045,3319,-8545,278,0,100,8
Spa,11,107.045,3169,-8568,280,0,100,8
Spa,11,107.045,3023,-8611,280,0,100,8
Spa,11,107.045,2849,-8692,284,0,100,8
Spa,11,107.045,2487,-8949,285,0,100,8
Spa,11,107.045,2487,-8949,287,0,100,8
Spa,11,107.045,2230,-9233,288,0,100,8
Spa,11,107.045,2130,-9381,289,0,100,8
Spa,11,107.045,2130,-9381,290,0,100,8
Spa,11,107.045,2015,-9594,291,0,100,8
Spa,11,107.045,1911,-9834,291,0,100,8
Spa,11,107.045,1856,-9988,296,0,100,8
Spa,11,107.045,1777,-10242,296,0,100,8
Spa,11,107.045,1696,-10496,300,0,100,8
Spa,11,107.045,1619,-10735,302,0,100,8
Spa,11,107.045,1557,-10927,304,0,100,8
Spa,11,107.045,1358,-11550,306,0,100,8
Spa,11,107.045,1264,-11843,308,0,100,8
Spa,11,107.045,1264,-11843,308,0,100,8
Spa,11,107.045,1140,-12208,293,100,0,8
Spa,11,107.045,1085,-12347,268,100,0,8
Spa,11,107.045,1025,-12471,240,100,1,7
Spa,11,107.045,931,-12617,217,100,4,6
Spa,11,107.045,765,-12790,196,100,7,5
Spa,11,107.045,765,-12790,190,100,10,5
Spa,11,107.045,422,-12950,181,100,10,5
Spa,11,107.045,422,-12950,174,0,10,5
Spa,11,107.045,374,-12954,171,0,37,4
Spa,11,107.045,166,-12944,169,0,34,4
Spa,11,107.045,86,-12924,167,0,57,4
Spa,11,107.045,86,-12924,169,0,61,4
Spa,11,107.045,-121,-12825,177,0,100,4
Spa,11,107.045,-241,-12762,188,0,100,4
Spa,11,107.045,-477,-12679,192,0,34,5
Spa,11,107.045,-579,-12665,189,0,26,5
Spa,11,107.045,-735,-12674,187,0,71,5
Spa,11,107.045,-888,-12711,189,0,75,5
Spa,11,107.045,-996,-12756,193,0,86,5
Spa,11,107.045,-1152,-12855,196,0,100,5
Spa,11,107.045,-1269,-12963,202,0,100,5
Spa,11,107.045,-1338,-13043,212,0,100,5
Spa,11,107.045,-1473,-13227,215,0,100,5
Spa,11,107.045,-1558,-13366,222,0,100,5
Spa,11,107.045,-1558,-13366,227,0,100,5
Spa,11,107.045,-1696,-13630,232,0,100,5
Spa,11,107.045,-1730,-13702,239,0,100,6
Spa,11,107.045,-1804,-13862,243,0,100,6
Spa,11,107.045,-1804,-13862,247,0,100,6
Spa,11,107.045,-1993,-14240,250,100,37,6
Spa,11,107.045,-2064,-14366,225,100,0,6
Spa,11,107.045,-2145,-14500,198,100,0,6
Spa,11,107.045,-2206,-14590,179,100,0,4
Spa,11,107.045,-2362,-14756,170,100,8,4
Spa,11,107.045,-2398,-14784,160,0,14,4
Spa,11,107.045,-2686,-14883,156,0,12,4
Spa,11,107.045,-2790,-14876,151,0,12,4
Spa,11,107.045,-2925,-14851,153,0,62,4
Spa,11,107.045,-3074,-14800,162,0,88,4
Spa,11,107.045,-3202,-14735,173,0,100,4
Spa,11,107.045,-3280,-14691,185,0,100,4
Spa,11,107.045,-3440,-14592,192,0,100,4
Spa,11,107.045,-3638,-14455,203,0,100,5
Spa,11,107.045,-3781,-14344,216,0,100,5
Spa,11,107.045,-3781,-14344,224,0,100,5
Spa,11,107.045,-4034,-14096,233,0,100,5
Spa,11,107.045,-4091,-14025,237,0,100,6
Spa,11,107.045,-4198,-13857,243,0,100,6
Spa,11,107.045,-4326,-13501,249,0,100,6
Spa,11,107.045,-4337,-13274,251,0,100,6
Spa,11,107.045,-4337,-13274,255,0,100,6
Spa,11,107.045,-4324,-13102,256,0,100,6
Spa,11,107.045,-4302,-12959,258,0,100,6
Spa,11,107.045,-4265,-12790,262,0,100,7
Spa,11,107.045,-4201,-12579,265,0,100,7
Spa,11,107.045,-4091,-12302,267,0,100,7
Spa,11,107.045,-4031,-12179,273,0,100,7
Spa,11,107.045,-3966,-12058,275,0,100,7
Spa,11,107.045,-3845,-11860,278,0,100,7
Spa,11,107.045,-3845,-11860,280,0,100,7
Spa,11,107.045,-3638,-11564,284,0,100,7
Spa,11,107.045,-3638,-11564,286,0,100,7
Spa,11,107.045,-3502,-11389,286,0,100,7
Spa,11,107.045,-3249,-11095,290,0,100,7
Spa,11,107.045,-3249,-11095,290,0,100,7
Spa,11,107.045,-3116,-10954,292,0,100,7
Spa,11,107.045,-3014,-10849,295,0,100,8
Spa,11,107.045,-2265,-10206,297,0,100,8
Spa,11,107.045,-2265,-10206,298,0,100,8
Spa,11,107.045,-2265,-10206,300,0,100,8
Spa,11,107.045,-2015,-10037,301,0,100,8
Spa,11,107.045,-1777,-9895,303,0,100,8
Spa,11,107.045,-1452,-9710,305,0,100,8
Spa,11,107.045,-1452,-9710,306,0,100,8
Spa,11,107.045,-1320,-9632,308,0,100,8
Spa,11,107.045,-1113,-9512,308,0,100,8
Spa,11,107.045,-979,-9434,309,0,100,8
Spa,11,107.045,-681,-9262,311,0,100,8
Spa,11,107.045,-417,-9098,312,0,100,8
Spa,11,107.045,-248,-8978,313,0,100,8
Spa,11,107.045,-98,-8860,313,0,100,8
Spa,11,107.045,69,-8708,314,0,100,8
Spa,11,107.045,216,-8559,314,0,100,8
Spa,11,107.045,428,-8297,314,0,100,8
Spa,11,107.045,587,-8046,313,0,100,8
Spa,11,107.045,743,-7752,314,0,100,8
Spa,11,107.045,833,-7562,313,0,100,8
Spa,11,107.045,911,-7387,314,0,100,8
Spa,11,107.045,1007,-7162,314,0,100,8
Spa,11,107.045,1086,-6967,315,0,100,8
Spa,11,107.045,1238,-6540,316,0,100,8
Spa,11,107.045,1289,-6355,315,0,100,8
Spa,11,107.045,1332,-6118,316,0,100,8
Spa,11,107.045,1332,-6118,315,0,100,8
Spa,11,107.045,1342,-5840,314,0,100,8
Spa,11,107.045,1336,-5736,312,0,100,8
Spa,11,107.045,1188,-5134,312,0,100,8
Spa,11,107.045,1152,-5036,311,0,100,8
Spa,11,107.045,1050,-4778,312,0,100,8
Spa,11,107.045,976,-4602,313,0,100,8
Spa,11,107.045,796,-4186,313,0,100,8
Spa,11,107.045,796,-4186,314,0,100,8
Spa,11,107.045,712,-3994,315,0,100,8
Spa,11,107.045,650,-3849,315,0,100,8
Spa,11,107.045,650,-3849,316,0,100,8
Spa,11,107.045,650,-3849,317,0,100,8
Spa,11,107.045,319,-2945,317,0,100,8
Spa,11,107.045,319,-2945,317,0,100,8
Spa,11,107.045,224,-2514,316,0,100,8
Spa,11,107.045,182,-2307,316,0,100,8
Spa,11,107.045,111,-1914,316,0,100,8
Spa,11,107.045,111,-1914,303,100,0,8
Spa,11,107.045,75,-1690,247,100,0,8
Spa,11,107.045,17,-1308,202,100,0,8
Spa,11,107.045,-7,-1106,168,100,0,7
Spa,11,107.045,-13,-975,138,100,0,3
Spa,11,107.045,-10,-901,115,100,0,2
Spa,11,107.045,0,-803,107,100,0,2
Spa,11,107.045,0,-803,100,100,0,2
Spa,11,107.045,11,-746,92,100,0,2
Spa,11,107.045,58,-643,83,100,3,2
Spa,11,107.045,89,-607,78,0,2,2
Spa,11,107.045,142,-573,73,0,0,2
Spa,11,107.045,142,-573,71,0,4,2
Spa,11,107.045,184,-560,69,0,8,2
Spa,11,107.045,294,-552,69,0,27,2
Spa,11,107.045,294,-552,71,0,30,2
Spa,11,107.045,371,-545,77,0,46,2
Spa,11,107.045,371,-545,77,0,53,2
Spa,11,107.045,437,-526,85,0,0,2
Spa,11,107.045,504,-486,81,0,9,2
Spa,11,107.045,534,-429,76,0,9,2
Spa,11,107.045,551,-348,72,0,13,2
Spa,11,107.045,544,-263,72,0,28,2
Spa,11,107.045,521,-178,79,0,36,2
Spa,11,107.045,484,-90,89,0,53,2
Spa,11,107.045,455,-34,101,0,72,2
Spa,11,107.045,379,87,113,0,77,2
Spa,11,107.045,305,199,133,0,97,2
Spa,11,107.045,245,285,143,0,100,2
Spa,11,107.045,186,372,163,0,100,3
Spa,11,107.045,118,473,173,0,100,4
Spa,11,107.045,51,572,181,0,100,4
Spa,11,107.045,-24,686,193,0,100,4
Spa,11,107.045,-85,779,204,0,100,5
Spa,11,107.045,-224,989,207,0,100,5
Spa,11,107.045,-224,989,215,0,100,5
Spa,11,107.045,-271,1060,221,0,100,5
Spa,11,107.045,-434,1305,230,0,100,5
Spa,11,107.045,-434,1305,236,0,100,5
Spa,14,107.843,-543,1470,245,0,100,6
Spa,14,107.843,-674,1667,254,0,99,7
Spa,14,107.843,-792,1845,254,0,100,7
Spa,14,107.843,-864,1955,263,0,99,7
Spa,14,107.843,-970,2115,267,0,100,7
Spa,14,107.843,-1036,2215,272,0,99,7
Spa,14,107.843,-1206,2470,280,0,99,7
Spa,14,107.843,-1326,2652,283,0,99,7
Spa,14,107.843,-1396,2757,287,0,99,8
Spa,14,107.843,-1653,3146,291,0,99,8
Spa,14,107.843,-1653,3146,294,0,99,8
Spa,14,107.843,-1744,3283,298,0,92,8
Spa,14,107.843,-1878,3486,275,100,0,8
Spa,14,107.843,-1988,3652,248,100,0,8
Spa,14,107.843,-2099,3824,209,100,0,8
Spa,14,107.843,-2171,3941,185,100,0,7
Spa,14,107.843,-2171,3941,167,100,0,5
Spa,14,107.843,-2241,4072,150,100,0,4
Spa,14,107.843,-2268,4135,126,100,0,3
Spa,14,107.843,-2268,4135,116,100,0,2
Spa,14,107.843,-2308,4306,97,100,0,2
Spa,14,107.843,-2304,4384,90,100,0,2
Spa,14,107.843,-2296,4419,83,0,0,2
Spa,14,107.843,-2271,4469,81,0,0,2
Spa,14,107.843,-2271,4469,77,0,0,2
Spa,14,107.843,-2241,4503,75,0,1,2
Spa,14,107.843,-2170,4541,71,0,8,2
Spa,14,107.843,-2105,4549,69,0,13,2
Spa,14,107.843,-2089,4548,69,0,22,2
Spa,14,107.843,-2008,4534,74,0,31,2
Spa,14,107.843,-1956,4520,79,0,40,2
Spa,14,107.843,-1911,4506,86,0,45,2
Spa,14,107.843,-1911,4506,91,0,51,2
Spa,14,107.843,-1806,4466,102,0,55,3
Spa,14,107.843,-1707,4422,110,0,58,3
Spa,14,107.843,-1707,4422,114,0,72,3
Spa,14,107.843,-1592,4366,124,0,79,3
Spa,14,107.843,-1592,4366,134,0,84,3
Spa,14,107.843,-1439,4289,151,0,100,3
Spa,14,107.843,-1439,4289,161,0,100,3
Spa,14,107.843,-1236,4185,180,0,100,4
Spa,14,107.843,-1107,4119,189,0,100,4
Spa,14,107.843,-931,4029,198,0,100,5
Spa,14,107.843,-931,4029,206,0,100,5
Spa,14,107.843,-688,3901,212,0,100,5
Spa,14,107.843,-688,3901,219,0,100,6
Spa,14,107.843,-590,3846,232,0,100,6
Spa,14,107.843,-367,3714,237,0,100,6
Spa,14,107.843,-221,3620,245,0,100,6
Spa,14,107.843,15,3454,247,0,100,6
Spa,14,107.843,94,3395,254,0,100,7
Spa,14,107.843,217,3300,254,0,100,7
Spa,14,107.843,331,3209,264,0,100,7
Spa,14,107.843,455,3105,267,0,100,7
Spa,14,107.843,577,2994,274,0,100,7
Spa,14,107.843,796,2781,276,0,100,7
Spa,14,107.843,1014,2557,280,0,100,8
Spa,14,107.843,1014,2557,283,0,100,8
Spa,14,107.843,1130,2436,284,0,99,8
Spa,14,107.843,1267,2293,286,0,100,8
Spa,14,107.843,1267,2293,290,0,100,8
Spa,14,107.843,1489,2057,292,0,100,8
Spa,14,107.843,1635,1902,295,0,100,8
Spa,14,107.843,1736,1793,297,0,100,8
Spa,14,107.843,1837,1684,299,0,100,8
Spa,14,107.843,1996,1511,301,0,100,8
Spa,14,107.843,2109,1387,304,0,100,8
Spa,14,107.843,2265,1210,306,0,100,8
Spa,14,107.843,2526,918,307,0,100,8
Spa,14,107.843,2716,723,309,0,100,8
Spa,14,107.843,2921,556,311,0,100,8
Spa,14,107.843,3059,480,309,0,100,8
Spa,14,107.843,3365,327,311,0,100,8
Spa,14,107.843,3637,82,307,0,99,8
Spa,14,107.843,3793,-183,304,0,100,8
Spa,14,107.843,3892,-436,302,0,99,8
Spa,14,107.843,3892,-436,301,0,100,8
Spa,14,107.843,3962,-746,300,0,100,8
Spa,14,107.843,4021,-1074,301,0,100,8
Spa,14,107.843,4021,-1074,300,0,100,8
Spa,14,107.843,4121,-1323,302,0,100,8
Spa,14,107.843,4297,-1628,302,0,99,8
Spa,14,107.843,4576,-2048,303,0,100,8
Spa,14,107.843,4576,-2048,302,0,99,8
Spa,14,107.843,4699,-2210,304,0,100,8
Spa,14,107.843,4801,-2345,305,0,99,8
Spa,14,107.843,4943,-2535,306,0,99,8
Spa,14,107.843,5093,-2741,306,0,100,8
Spa,14,107.843,5093,-2741,307,0,100,8
Spa,14,107.843,5293,-3017,307,0,99,8
Spa,14,107.843,5484,-3300,308,0,99,8
Spa,14,107.843,5576,-3444,309,0,100,8
Spa,14,107.843,5712,-3675,310,0,100,8
Spa,14,107.843,5824,-3889,311,0,100,8
Spa,14,107.843,5934,-4125,312,0,99,8
Spa,14,107.843,5981,-4238,314,0,100,8
Spa,14,107.843,6096,-4551,316,0,100,8
Spa,14,107.843,6179,-4802,318,0,100,8
Spa,14,107.843,6246,-5004,319,0,100,8
Spa,14,107.843,6308,-5190,322,0,100,8
Spa,14,107.843,6404,-5479,323,0,100,8
Spa,14,107.843,6483,-5717,324,0,100,8
Spa,14,107.843,6563,-5957,325,0,100,8
Spa,14,107.843,6617,-6120,326,0,99,8
Spa,14,107.843,6697,-6361,328,0,100,8
Spa,14,107.843,6790,-6638,329,0,99,8
Spa,14,107.843,6842,-6794,329,0,99,8
Spa,14,107.843,6923,-7037,331,0,100,8
Spa,14,107.843,6988,-7229,331,0,100,8
Spa,14,107.843,7064,-7455,332,0,99,8
Spa,14,107.843,7182,-7805,333,0,99,8
Spa,14,107.843,7253,-8016,333,0,99,8
Spa,14,107.843,7324,-8226,334,0,100,8
Spa,14,107.843,7371,-8367,334,0,100,8
Spa,14,107.843,7419,-8508,335,0,99,8
Spa,14,107.843,7496,-8737,335,0,100,8
Spa,14,107.843,7549,-8896,335,0,100,8
Spa,14,107.843,7597,-9036,333,0,99,8
Spa,14,107.843,7691,-9317,333,0,99,8
Spa,14,107.843,7756,-9510,333,0,100,8
Spa,14,107.843,7819,-9696,332,0,100,8
Spa,14,107.843,7909,-9972,332,0,99,8
Spa,14,107.843,7967,-10146,331,0,100,8
Spa,14,107.843,8066,-10440,322,100,0,8
Spa,14,107.843,8134,-10639,293,100,0,8
Spa,14,107.843,8218,-10892,266,100,0,8
Spa,14,107.843,8247,-10990,229,100,0,7
Spa,14,107.843,8276,-11099,195,100,0,6
Spa,14,107.843,8313,-11343,171,100,0,5
Spa,14,107.843,8311,-11429,161,100,0,4
Spa,14,107.843,8311,-11429,158,100,1,4
Spa,14,107.843,8273,-11588,149,100,5,4
Spa,14,107.843,8273,-11588,144,100,5,4
Spa,14,107.843,8190,-11730,138,0,14,4
Spa,14,107.843,8141,-11788,136,0,29,4
Spa,14,107.843,8080,-11856,138,0,38,4
Spa,14,107.843,8005,-11935,145,0,67,4
Spa,14,107.843,7871,-12097,147,0,14,4
Spa,14,107.843,7827,-12187,144,0,9,4
Spa,14,107.843,7792,-12365,141,0,14,4
Spa,14,107.843,7792,-12365,144,0,55,4
Spa,14,107.843,7796,-12505,149,0,65,4
Spa,14,107.843,7819,-12624,155,0,76,4
Spa,14,107.843,7819,-12624,161,0,77,4
Spa,14,107.843,7874,-12801,168,0,94,4
Spa,14,107.843,7924,-12932,175,0,100,4
Spa,14,107.843,7924,-12932,183,0,100,4
Spa,14,107.843,7986,-13102,194,0,97,4
Spa,14,107.843,7986,-13102,198,0,62,4
Spa,14,107.843,8038,-13312,198,0,44,4
Spa,14,107.843,8038,-13312,197,0,35,6
Spa,14,107.843,8045,-13471,194,0,40,6
Spa,14,107.843,8038,-13539,195,0,60,6
Spa,14,107.843,7960,-13770,199,0,67,6
Spa,14,107.843,7960,-13770,201,0,75,6
Spa,14,107.843,7817,-13986,209,0,100,6
Spa,14,107.843,7629,-14153,218,0,100,6
Spa,14,107.843,7423,-14295,222,0,100,6
Spa,14,107.843,7316,-14366,229,0,100,6
Spa,14,107.843,7316,-14366,233,0,100,6
Spa,14,107.843,7131,-14492,236,0,100,6
Spa,14,107.843,7131,-14492,242,0,100,6
Spa,14,107.843,6999,-14586,246,0,100,6
Spa,14,107.843,6741,-14775,255,0,100,7
Spa,14,107.843,6498,-14959,258,0,100,7
Spa,14,107.843,6417,-15021,262,0,100,7
Spa,14,107.843,6417,-15021,262,0,99,7
Spa,14,107.843,6301,-15111,265,0,100,7
Spa,14,107.843,6138,-15238,267,0,100,7
Spa,14,107.843,6020,-15330,271,0,100,7
Spa,14,107.843,5844,-15464,259,100,13,7
Spa,14,107.843,5589,-15623,223,100,0,7
Spa,14,107.843,5432,-15706,195,100,0,6
Spa,14,107.843,5336,-15747,170,100,0,4
Spa,14,107.843,5255,-15767,159,100,0,4
Spa,14,107.843,5153,-15769,152,100,0,4
Spa,14,107.843,5035,-15746,142,100,2,3
Spa,14,107.843,4910,-15680,129,100,4,3
Spa,14,107.843,4862,-15637,122,100,5,3
Spa,14,107.843,4835,-15607,120,0,6,3
Spa,14,107.843,4787,-15545,119,0,4,3
Spa,14,107.843,4752,-15477,118,0,5,3
Spa,14,107.843,4725,-15381,114,0,38,3
Spa,14,107.843,4723,-15252,115,0,42,3
Spa,14,107.843,4723,-15252,119,0,44,3
Spa,14,107.843,4762,-15105,128,0,61,3
Spa,14,107.843,4811,-15011,138,0,71,3
Spa,14,107.843,4897,-14901,149,0,78,4
Spa,14,107.843,5001,-14804,158,0,78,4
Spa,14,107.843,5084,-14741,171,0,99,4
Spa,14,107.843,5157,-14690,179,0,99,4
Spa,14,107.843,5253,-14631,189,0,100,4
Spa,14,107.843,5452,-14523,202,0,99,5
Spa,14,107.843,5634,-14425,210,0,99,5
Spa,14,107.843,5721,-14372,209,100,0,5
Spa,14,107.843,5818,-14305,194,100,0,5
Spa,14,107.843,5940,-14195,183,100,0,5
Spa,14,107.843,5940,-14195,180,100,0,5
Spa,14,107.843,6050,-14046,176,100,0,5
Spa,14,107.843,6050,-14046,174,100,1,5
Spa,14,107.843,6103,-13915,174,0,20,5
Spa,14,107.843,6127,-13712,173,0,58,5
Spa,14,107.843,6122,-13632,177,0,74,5
Spa,14,107.843,6104,-13520,185,0,99,5
Spa,14,107.843,6081,-13426,196,0,99,5
Spa,14,107.843,5992,-13175,196,0,99,5
Spa,14,107.843,5946,-13066,212,0,99,5
Spa,14,107.843,5884,-12920,224,0,99,5
Spa,14,107.843,5825,-12779,230,0,99,6
Spa,14,107.843,5825,-12779,234,0,99,6
Spa,14,107.843,5760,-12620,242,0,99,6
Spa,14,107.843,5647,-12327,249,0,99,6
Spa,14,107.843,5560,-12057,255,0,99,7
Spa,14,107.843,5513,-11888,262,0,99,7
Spa,14,107.843,5444,-11613,269,0,99,7
Spa,14,107.843,5444,-11613,273,0,99,7
Spa,14,107.843,5380,-11345,276,0,99,7
Spa,14,107.843,5380,-11345,279,0,99,7
Spa,14,107.843,5297,-10962,282,0,99,8
Spa,14,107.843,5297,-10962,285,0,99,8
Spa,14,107.843,5224,-10618,292,0,99,8
Spa,14,107.843,5184,-10427,294,0,99,8
Spa,14,107.843,5163,-10331,296,0,99,8
Spa,14,107.843,5071,-9911,299,0,99,8
Spa,14,107.843,5035,-9747,302,0,99,8
Spa,14,107.843,4980,-9518,305,0,74,8
Spa,14,107.843,4852,-9178,298,0,0,8
Spa,14,107.843,4737,-8991,288,0,0,8
Spa,14,107.843,4737,-8991,285,0,3,8
Spa,14,107.843,4569,-8812,275,0,57,7
Spa,14,107.843,4569,-8812,273,0,64,7
Spa,14,107.843,4411,-8694,272,0,64,7
Spa,14,107.843,4170,-8585,273,0,99,7
Spa,14,107.843,3921,-8548,274,0,99,7
Spa,14,107.843,3825,-8542,276,0,100,7
Spa,14,107.843,3622,-8535,279,0,100,7
Spa,14,107.843,3405,-8539,280,0,99,8
Spa,14,107.843,3405,-8539,282,0,100,8
Spa,14,107.843,3116,-8581,283,0,100,8
Spa,14,107.843,3014,-8615,284,0,100,8
Spa,14,107.843,2839,-8697,285,0,100,8
Spa,14,107.843,2486,-8950,286,0,100,8
Spa,14,107.843,2486,-8950,286,0,100,8
Spa,14,107.843,2227,-9237,290,0,100,8
Spa,14,107.843,2019,-9587,294,0,100,8
Spa,14,107.843,1937,-9767,296,0,100,8
Spa,14,107.843,1873,-9936,295,0,99,8
Spa,14,107.843,1873,-9936,297,0,100,8
Spa,14,107.843,1807,-10143,299,0,99,8
Spa,14,107.843,1732,-10382,299,0,100,8
Spa,14,107.843,1666,-10588,300,0,99,8
Spa,14,107.843,1585,-10843,302,0,100,8
Spa,14,107.843,1498,-11115,302,0,100,8
Spa,14,107.843,1369,-11516,302,0,100,8
Spa,14,107.843,1322,-11660,303,0,100,8
Spa,14,107.843,1322,-11660,304,0,100,8
Spa,14,107.843,1208,-12013,303,0,100,8
Spa,14,107.843,1176,-12107,296,100,3,8
Spa,14,107.843,1090,-12333,257,100,0,8
Spa,14,107.843,964,-12572,239,100,0,7
Spa,14,107.843,964,-12572,223,100,1,7
Spa,14,107.843,900,-12655,206,100,0,6
Spa,14,107.843,750,-12803,189,100,5,5
Spa,14,107.843,635,-12881,183,100,9,5
Spa,14,107.843,513,-12931,176,100,10,5
Spa,14,107.843,513,-12931,170,0,12,4
Spa,14,107.843,273,-12955,163,0,24,4
Spa,14,107.843,273,-12955,162,0,35,4
Spa,14,107.843,54,-12913,163,0,54,4
Spa,14,107.843,54,-12913,166,0,60,4
Spa,14,107.843,-142,-12814,176,0,99,5
Spa,14,107.843,-294,-12738,186,0,93,5
Spa,14,107.843,-490,-12676,190,0,57,5
Spa,14,107.843,-541,-12668,188,0,7,5
Spa,14,107.843,-665,-12666,182,0,17,5
Spa,14,107.843,-855,-12700,181,0,45,5
Spa,14,107.843,-930,-12727,182,0,58,5
Spa,14,107.843,-1094,-12813,183,0,64,5
Spa,14,107.843,-1094,-12813,187,0,75,5
Spa,14,107.843,-1301,-13000,197,0,100,5
Spa,14,107.843,-1359,-13069,204,0,99,5
Spa,14,107.843,-1359,-13069,209,0,100,5
Spa,14,107.843,-1514,-13292,218,0,100,5
Spa,14,107.843,-1588,-13420,222,0,100,6
Spa,14,107.843,-1658,-13554,222,0,99,6
Spa,14,107.843,-1742,-13728,235,0,100,6
Spa,14,107.843,-1787,-13824,240,0,100,6
Spa,14,107.843,-1838,-13934,241,0,100,6
Spa,14,107.843,-1966,-14189,244,0,99,6
Spa,14,107.843,-2064,-14365,241,0,99,6
Spa,14,107.843,-2064,-14365,241,100,0,6
Spa,14,107.843,-2135,-14485,223,100,0,6
Spa,14,107.843,-2220,-14609,206,100,0,5
Spa,14,107.843,-2420,-14798,174,100,0,5
Spa,14,107.843,-2420,-14798,174,100,0,4
Spa,14,107.843,-2578,-14869,160,100,0,4
Spa,14,107.843,-2578,-14869,155,0,5,4
Spa,14,107.843,-2683,-14883,152,0,5,4
Spa,14,107.843,-2769,-14878,148,0,46,4
Spa,14,107.843,-2854,-14867,152,0,58,4
Spa,14,107.843,-3113,-14782,158,0,75,5
Spa,14,107.843,-3197,-14738,174,0,99,5
Spa,14,107.843,-3283,-14689,182,0,99,5
Spa,14,107.843,-3341,-14651,190,0,100,5
Spa,14,107.843,-3594,-14482,208,0,100,5
Spa,14,107.843,-3594,-14482,215,0,99,5
Spa,14,107.843,-3827,-14305,226,0,99,6
Spa,14,107.843,-3930,-14210,227,0,99,6
Spa,14,107.843,-3930,-14210,234,0,100,6
Spa,14,107.843,-4060,-14065,238,0,99,6
Spa,14,107.843,-4179,-13889,240,0,99,6
Spa,14,107.843,-4241,-13769,246,0,100,7
Spa,14,107.843,-4314,-13564,249,0,99,7
Spa,14,107.843,-4338,-13342,252,0,99,7
Spa,14,107.843,-4326,-13126,256,0,99,7
Spa,14,107.843,-4301,-12955,257,0,99,7
Spa,14,107.843,-4153,-12450,266,0,99,7
Spa,14,107.843,-4044,-12204,268,0,100,7
Spa,14,107.843,-4044,-12204,272,0,99,7
Spa,14,107.843,-3871,-11899,276,0,99,7
Spa,14,107.843,-3786,-11770,279,0,99,7
Spa,14,107.843,-3696,-11643,281,0,99,8
Spa,14,107.843,-3564,-11467,284,0,100,8
Spa,14,107.843,-3351,-11210,287,0,100,8
Spa,14,107.843,-3351,-11210,288,0,100,8
Spa,14,107.843,-2917,-10753,291,0,99,8
Spa,14,107.843,-2917,-10753,293,0,100,8
Spa,14,107.843,-2858,-10696,295,0,100,8
Spa,14,107.843,-2588,-10455,297,0,100,8
Spa,14,107.843,-2472,-10361,298,0,100,8
Spa,14,107.843,-2472,-10361,300,0,100,8
Spa,14,107.843,-2148,-10125,302,0,100,8
Spa,14,107.843,-1938,-9989,303,0,100,8
Spa,14,107.843,-1579,-9782,305,0,100,8
Spa,14,107.843,-1432,-9698,306,0,99,8
Spa,14,107.843,-1211,-9569,308,0,100,8
Spa,14,107.843,-989,-9440,308,0,100,8
Spa,14,107.843,-825,-9346,310,0,99,8
Spa,14,107.843,-573,-9197,310,0,100,8
Spa,14,107.843,-370,-9066,311,0,100,8
Spa,14,107.843,-244,-8976,312,0,99,8
Spa,14,107.843,8,-8765,313,0,99,8
Spa,14,107.843,170,-8608,313,0,100,8
Spa,14,107.843,170,-8608,313,0,100,8
Spa,14,107.843,433,-8291,313,0,100,8
Spa,14,107.843,491,-8204,313,0,100,8
Spa,14,107.843,608,-8010,312,0,100,8
Spa,14,107.843,608,-8010,313,0,100,8
Spa,14,107.843,827,-7573,313,0,99,8
Spa,14,107.843,906,-7399,313,0,99,8
Spa,14,107.843,995,-7190,314,0,99,8
Spa,14,107.843,1061,-7029,314,0,99,8
Spa,14,107.843,1207,-6637,315,0,99,8
Spa,14,107.843,1234,-6554,315,0,100,8
Spa,14,107.843,1343,-5945,314,0,99,8
Spa,14,107.843,1336,-5737,311,0,100,8
Spa,14,107.843,1295,-5467,311,0,100,8
Spa,14,107.843,1199,-5164,309,0,99,8
Spa,14,107.843,1107,-4921,310,0,99,8
Spa,14,107.843,1049,-4777,311,0,99,8
Spa,14,107.843,921,-4473,312,0,100,8
Spa,14,107.843,782,-4155,313,0,100,8
Spa,14,107.843,678,-3915,314,0,100,8
Spa,14,107.843,678,-3915,314,0,100,8
Spa,14,107.843,492,-3463,314,0,99,8
Spa,14,107.843,448,-3350,314,0,99,8
Spa,14,107.843,362,-3104,313,0,100,8
Spa,14,107.843,249,-2631,312,0,99,8
Spa,14,107.843,193,-2360,311,0,100,8
Spa,14,107.843,193,-2360,311,0,99,8
Spa,14,107.843,154,-2156,311,0,99,8
Spa,14,107.843,124,-1987,310,0,99,8
Spa,14,107.843,91,-1789,294,100,0,8
Spa,14,107.843,57,-1574,262,100,0,8
Spa,14,107.843,20,-1335,223,100,0,7
Spa,14,107.843,7,-1240,191,100,0,7
Spa,14,107.843,-2,-1155,165,100,0,5
Spa,14,107.843,-12,-1031,156,100,0,4
Spa,14,107.843,-12,-1031,139,100,0,4
Spa,14,107.843,-8,-875,112,100,0,3
Spa,14,107.843,-8,-875,103,100,0,3
Spa,14,107.843,1,-794,95,100,0,2
Spa,14,107.843,31,-692,90,100,0,2
Spa,14,107.843,31,-692,84,100,0,2
Spa,14,107.843,57,-645,80,100,0,2
Spa,14,107.843,81,-615,75,0,1,2
Spa,14,107.843,300,-552,68,0,7,2
Spa,14,107.843,300,-552,67,0,7,2
Spa,14,107.843,300,-552,67,0,29,2
Spa,14,107.843,374,-544,72,0,35,2
Spa,14,107.843,441,-524,81,0,5,2
Spa,14,107.843,512,-466,80,0,0,2
Spa,14,107.843,512,-466,77,0,0,2
Spa,14,107.843,526,-442,73,0,0,2
Spa,14,107.843,545,-389,70,0,8,2
Spa,14,107.843,550,-354,70,0,12,2
Spa,14,107.843,546,-275,72,0,18,2
Spa,14,107.843,529,-202,78,0,37,2
Spa,14,107.843,511,-151,82,0,44,2
Spa,14,107.843,490,-102,90,0,42,2
Spa,14,107.843,460,-43,98,0,54,2
Spa,14,107.843,425,15,106,0,62,2
Spa,14,107.843,361,115,123,0,76,2
Spa,14,107.843,292,217,137,0,99,2
Spa,14,107.843,206,343,147,0,99,3
Spa,14,107.843,149,427,164,0,100,4
Spa,14,107.843,91,512,168,0,99,4
Spa,14,107.843,14,628,183,0,99,4
Spa,14,107.843,-54,732,189,0,99,4
Spa,14,107.843,-234,1004,201,0,99,5
Spa,14,107.843,-305,1110,210,0,99,5
Spa,14,107.843,-405,1262,218,0,99,6
Spa,14,107.843,-405,1262,220,0,100,6
Spa,16,106.988,-532,1453,245,0,99,6
Spa,16,106.988,-677,1672,254,0,99,6
Spa,16,106.988,-835,1911,261,0,99,6
Spa,16,106.988,-965,2108,265,0,99,6
Spa,16,106.988,-1048,2233,271,0,99,7
Spa,16,106.988,-1217,2488,275,0,99,7
Spa,16,106.988,-1295,2605,278,0,99,7
Spa,16,106.988,-1295,2605,282,0,99,7
Spa,16,106.988,-1364,2710,284,0,99,7
Spa,16,106.988,-1488,2896,288,0,99,7
Spa,16,106.988,-1612,3084,290,0,99,7
Spa,16,106.988,-1702,3219,291,0,99,7
Spa,16,106.988,-1791,3354,291,0,99,7
Spa,16,106.988,-1912,3536,273,100,0,7
Spa,16,106.988,-1981,3642,247,100,0,7
Spa,16,106.988,-2110,3840,210,100,0,6
Spa,16,106.988,-2197,3987,187,100,0,6
Spa,16,106.988,-2265,4126,160,100,0,4
Spa,16,106.988,-2265,4126,135,100,0,4
Spa,16,106.988,-2291,4202,122,100,0,2
Spa,16,106.988,-2300,4238,110,100,0,2
Spa,16,106.988,-2303,4389,99,100,0,2
Spa,16,106.988,-2303,4389,93,100,0,2
Spa,16,106.988,-2276,4461,81,100,0,2
Spa,16,106.988,-2170,4541,73,0,0,2
Spa,16,106.988,-2139,4547,70,0,0,2
Spa,16,106.988,-2039,4541,68,0,20,2
Spa,16,106.988,-2008,4534,69,0,27,2
Spa,16,106.988,-1973,4525,73,0,42,2
Spa,16,106.988,-1874,4492,83,0,51,2
Spa,16,106.988,-1743,4438,101,0,70,2
Spa,16,106.988,-1689,4413,115,0,77,2
Spa,16,106.988,-1597,4369,119,0,81,2
Spa,16,106.988,-1530,4335,130,0,99,3
Spa,16,106.988,-1396,4266,158,0,99,4
Spa,16,106.988,-1270,4202,174,0,99,4
Spa,16,106.988,-1115,4123,183,0,99,4
Spa,16,106.988,-968,4048,200,0,99,5
Spa,16,106.988,-802,3962,203,0,99,5
Spa,16,106.988,-663,3887,226,0,99,5
Spa,16,106.988,-407,3739,235,0,99,6
Spa,16,106.988,-283,3661,242,0,99,6
Spa,16,106.988,-90,3531,249,0,99,6
Spa,16,106.988,-56,3506,254,0,99,6
Spa,16,106.988,147,3354,259,0,99,6
Spa,16,106.988,239,3283,264,0,99,6
Spa,16,106.988,444,3114,269,0,99,7
Spa,16,106.988,676,2899,273,0,99,7
Spa,16,106.988,764,2812,277,0,99,7
Spa,16,106.988,764,2812,277,0,99,7
Spa,16,106.988,1015,2556,281,0,99,7
Spa,16,106.988,1149,2416,286,0,99,7
Spa,16,106.988,1235,2326,288,0,99,7
Spa,16,106.988,1468,2080,292,0,99,7
Spa,16,106.988,1580,1960,296,0,99,8
Spa,16,106.988,1998,1509,300,0,99,8
Spa,16,106.988,2179,1309,303,0,99,8
Spa,16,106.988,2414,1041,306,0,99,8
Spa,16,106.988,2541,902,308,0,99,8
Spa,16,106.988,2670,768,309,0,99,8
Spa,16,106.988,2756,686,309,0,99,8
Spa,16,106.988,3027,496,311,0,99,8
Spa,16,106.988,3027,496,310,0,99,8
Spa,16,106.988,3193,419,310,0,99,8
Spa,16,106.988,3402,302,310,0,99,8
Spa,16,106.988,3701,-10,308,0,99,8
Spa,16,106.988,3776,-147,305,0,100,8
Spa,16,106.988,3869,-368,304,0,99,8
Spa,16,106.988,3869,-368,302,0,99,8
Spa,16,106.988,3927,-561,302,0,99,8
Spa,16,106.988,3969,-793,301,0,99,8
Spa,16,106.988,4052,-1169,302,0,99,8
Spa,16,106.988,4052,-1169,303,0,99,8
Spa,16,106.988,4196,-1461,302,0,99,8
Spa,16,106.988,4311,-1651,304,0,99,8
Spa,16,106.988,4393,-1781,305,0,99,8
Spa,16,106.988,4605,-2087,306,0,99,8
Spa,16,106.988,4605,-2087,306,0,99,8
Spa,16,106.988,4719,-2237,307,0,99,8
Spa,16,106.988,4843,-2400,308,0,99,8
Spa,16,106.988,5015,-2634,309,0,99,8
Spa,16,106.988,5126,-2787,309,0,99,8
Spa,16,106.988,5298,-3024,311,0,99,8
Spa,16,106.988,5482,-3296,311,0,99,8
Spa,16,106.988,5575,-3441,311,0,99,8
Spa,16,106.988,5724,-3696,313,0,99,8
Spa,16,106.988,5724,-3696,315,0,99,8
Spa,16,106.988,5903,-4056,314,0,99,8
Spa,16,106.988,5973,-4217,315,0,99,8
Spa,16,106.988,6054,-4431,317,0,99,8
Spa,16,106.988,6123,-4632,318,0,99,8
Spa,16,106.988,6297,-5157,323,0,99,8
Spa,16,106.988,6297,-5157,322,0,99,8
Spa,16,106.988,6376,-5395,323,0,99,8
Spa,16,106.988,6422,-5532,325,0,99,8
Spa,16,106.988,6502,-5773,327,0,99,8
Spa,16,106.988,6587,-6031,329,0,99,8
Spa,16,106.988,6643,-6199,329,0,99,8
Spa,16,106.988,6765,-6563,328,0,99,8
Spa,16,106.988,6828,-6754,329,0,99,8
Spa,16,106.988,6893,-6945,330,0,99,8
Spa,16,106.988,6992,-7241,331,0,99,8
Spa,16,106.988,7081,-7503,332,0,99,8
Spa,16,106.988,7134,-7661,334,0,99,8
Spa,16,106.988,7211,-7889,333,0,99,8
Spa,16,106.988,7258,-8030,333,0,99,8
Spa,16,106.988,7376,-8382,334,0,99,8
Spa,16,106.988,7460,-8629,335,0,99,8
Spa,16,106.988,7507,-8769,336,0,99,8
Spa,16,106.988,7680,-9282,336,0,99,8
Spa,16,106.988,7680,-9282,337,0,99,8
Spa,16,106.988,7740,-9460,337,0,99,8
Spa,16,106.988,7829,-9726,337,0,99,8
Spa,16,106.988,7904,-9956,337,0,99,8
Spa,16,106.988,8009,-10274,335,0,99,8
Spa,16,106.988,8092,-10514,333,100,30,8
Spa,16,106.988,8092,-10514,313,100,0,8
Spa,16,106.988,8185,-10789,313,100,0,8
Spa,16,106.988,8226,-10920,254,100,0,8
Spa,16,106.988,8226,-10920,228,100,0,7
Spa,16,106.988,8304,-11244,190,100,0,5
Spa,16,106.988,8313,-11390,172,100,0,4
Spa,16,106.988,8307,-11459,160,100,1,4
Spa,16,106.988,8283,-11562,156,100,3,4
Spa,16,106.988,8283,-11562,150,0,9,4
Spa,16,106.988,8247,-11644,146,0,27,4
Spa,16,106.988,8161,-11767,144,0,30,4
Spa,16,106.988,8068,-11869,141,0,46,4
Spa,16,106.988,8046,-11892,143,0,53,4
Spa,16,106.988,7934,-12012,151,0,73,4
Spa,16,106.988,7874,-12093,155,0,44,4
Spa,16,106.988,7836,-12164,153,0,41,4
Spa,16,106.988,7836,-12164,151,0,49,4
Spa,16,106.988,7794,-12334,152,0,58,4
Spa,16,106.988,7794,-12490,154,0,59,4
Spa,16,106.988,7794,-12490,156,0,68,4
Spa,16,106.988,7825,-12649,156,0,75,4
Spa,16,106.988,7825,-12649,166,0,83,4
Spa,16,106.988,7888,-12839,171,0,95,4
Spa,16,106.988,7888,-12839,171,0,99,4
Spa,16,106.988,7974,-13066,195,0,99,5
Spa,16,106.988,8014,-13194,201,0,97,5
Spa,16,106.988,8046,-13390,205,0,51,5
Spa,16,106.988,8046,-13390,201,0,32,5
Spa,16,106.988,8010,-13647,196,0,59,5
Spa,16,106.988,8010,-13647,198,0,70,5
Spa,16,106.988,7974,-13740,200,0,80,5
Spa,16,106.988,7859,-13934,203,0,84,5
Spa,16,106.988,7759,-14046,208,0,100,5
Spa,16,106.988,7559,-14202,216,0,99,5
Spa,16,106.988,7487,-14251,217,0,99,5
Spa,16,106.988,7371,-14329,229,0,99,6
Spa,16,106.988,7263,-14402,236,0,99,6
Spa,16,106.988,7143,-14484,241,0,99,6
Spa,16,106.988,7021,-14570,248,0,99,6
Spa,16,106.988,6797,-14733,250,0,99,6
Spa,16,106.988,6560,-14912,257,0,99,6
Spa,16,106.988,6560,-14912,259,0,99,6
Spa,16,106.988,6433,-15008,261,0,99,7
Spa,16,106.988,6284,-15124,262,0,99,7
Spa,16,106.988,6284,-15124,263,0,99,7
Spa,16,106.988,6052,-15305,265,0,99,7
Spa,16,106.988,5901,-15423,265,0,99,7
Spa,16,106.988,5797,-15496,260,100,5,7
Spa,16,106.988,5696,-15560,247,100,1,7
Spa,16,106.988,5554,-15642,214,100,1,7
Spa,16,106.988,5457,-15694,181,100,2,6
Spa,16,106.988,5336,-15747,169,100,2,4
Spa,16,106.988,5149,-15768,154,100,5,3
Spa,16,106.988,5027,-15743,138,100,7,3
Spa,16,106.988,4922,-15688,131,0,18,3
Spa,16,106.988,4872,-15647,129,0,5,3
Spa,16,106.988,4841,-15613,124,0,13,3
Spa,16,106.988,4759,-15494,121,0,18,3
Spa,16,106.988,4724,-15381,120,0,59,3
Spa,16,106.988,4721,-15268,128,0,62,4
Spa,16,106.988,4721,-15268,132,0,60,4
Spa,16,106.988,4752,-15130,138,0,61,4
Spa,16,106.988,4824,-14991,140,0,61,4
Spa,16,106.988,4824,-14991,145,0,59,4
Spa,16,106.988,4908,-14890,147,0,75,4
Spa,16,106.988,5032,-14780,158,0,69,4
Spa,16,106.988,5264,-14624,169,0,78,4
Spa,16,106.988,5264,-14624,175,0,84,4
Spa,16,106.988,5370,-14566,179,0,98,4
Spa,16,106.988,5463,-14518,187,0,100,4
Spa,16,106.988,5599,-14445,203,0,100,5
Spa,16,106.988,5719,-14373,201,100,13,5
Spa,16,106.988,5719,-14373,193,100,14,5
Spa,16,106.988,5884,-14250,186,100,14,5
Spa,16,106.988,6014,-14104,177,0,28,5
Spa,16,106.988,6063,-14021,177,0,65,5
Spa,16,106.988,6114,-13865,178,0,63,5
Spa,16,106.988,6127,-13723,182,0,71,5
Spa,16,106.988,6113,-13566,185,0,80,5
Spa,16,106.988,6098,-13492,190,0,100,5
Spa,16,106.988,6036,-13287,200,0,99,5
Spa,16,106.988,5970,-13123,213,0,99,5
Spa,16,106.988,5912,-12987,224,0,99,5
Spa,16,106.988,5858,-12859,229,0,99,6
Spa,16,106.988,5773,-12653,239,0,99,6
Spa,16,106.988,5700,-12468,246,0,100,6
Spa,16,106.988,5633,-12285,252,0,100,6
Spa,16,106.988,5597,-12178,257,0,99,6
Spa,16,106.988,5540,-11984,261,0,99,6
Spa,16,106.988,5479,-11756,264,0,99,7
Spa,16,106.988,5447,-11625,272,0,99,7
Spa,16,106.988,5397,-11418,275,0,99,7
Spa,16,106.988,5359,-11252,281,0,99,7
Spa,16,106.988,5316,-11053,284,0,99,7
Spa,16,106.988,5251,-10743,286,0,99,7
Spa,16,106.988,5211,-10554,291,0,99,7
Spa,16,106.988,5170,-10363,294,0,99,7
Spa,16,106.988,5143,-10235,295,0,99,7
Spa,16,106.988,5114,-10107,296,0,99,7
Spa,16,106.988,5068,-9896,298,0,99,7
Spa,16,106.988,5036,-9750,299,0,99,7
Spa,16,106.988,5006,-9621,300,0,99,7
Spa,16,106.988,4937,-9378,301,100,68,7
Spa,16,106.988,4869,-9212,296,100,63,7
Spa,16,106.988,4784,-9058,291,100,59,7
Spa,16,106.988,4637,-8876,284,0,65,7
Spa,16,106.988,4521,-8772,281,0,79,7
Spa,16,106.988,4299,-8633,280,0,78,7
Spa,16,106.988,4117,-8572,275,0,72,7
Spa,16,106.988,3817,-8542,274,0,87,7
Spa,16,106.988,3693,-8537,276,0,99,7
Spa,16,106.988,3538,-8535,276,0,99,7
Spa,16,106.988,3141,-8574,281,0,99,7
Spa,16,106.988,2994,-8622,282,0,99,7
Spa,16,106.988,2994,-8622,285,0,99,7
Spa,16,106.988,2711,-8775,286,0,99,7
Spa,16,106.988,2711,-8775,287,0,99,7
Spa,16,106.988,2447,-8986,288,0,99,7
Spa,16,106.988,2274,-9176,290,0,99,8
Spa,16,106.988,2160,-9334,292,0,99,8
Spa,16,106.988,2046,-9531,293,0,99,8
Spa,16,106.988,1878,-9923,295,0,99,8
Spa,16,106.988,1812,-10129,297,0,99,8
Spa,16,106.988,1696,-10496,298,0,99,8
Spa,16,106.988,1696,-10496,301,0,99,8
Spa,16,106.988,1609,-10768,304,0,99,8
Spa,16,106.988,1536,-10994,304,0,99,8
Spa,16,106.988,1536,-10994,305,0,99,8
Spa,16,106.988,1430,-11323,306,0,99,8
Spa,16,106.988,1345,-11591,307,0,99,8
Spa,16,106.988,1345,-11591,308,0,99,8
Spa,16,106.988,1256,-11867,307,0,99,8
Spa,16,106.988,1256,-11867,305,0,99,8
Spa,16,106.988,1149,-12183,303,100,13,8
Spa,16,106.988,1149,-12183,290,100,0,8
Spa,16,106.988,1063,-12395,265,100,1,8
Spa,16,106.988,1039,-12443,242,100,4,8
Spa,16,106.988,892,-12665,213,100,5,5
Spa,16,106.988,892,-12665,208,100,7,5
Spa,16,106.988,704,-12838,189,100,10,5
Spa,16,106.988,520,-12929,179,0,15,5
Spa,16,106.988,326,-12956,173,0,51,5
Spa,16,106.988,230,-12953,173,0,52,5
Spa,16,106.988,230,-12953,173,0,53,5
Spa,16,106.988,71,-12919,174,0,62,5
Spa,16,106.988,71,-12919,174,0,62,5
Spa,16,106.988,-35,-12873,178,0,80,5
Spa,16,106.988,-212,-12776,189,0,99,5
Spa,16,106.988,-411,-12695,197,100,71,5
Spa,16,106.988,-484,-12677,197,0,65,5
Spa,16,106.988,-484,-12677,197,0,59,5
Spa,16,106.988,-589,-12664,197,0,57,5
Spa,16,106.988,-742,-12675,196,0,60,5
Spa,16,106.988,-849,-12698,195,0,58,5
Spa,16,106.988,-1000,-12758,194,0,69,5
Spa,16,106.988,-1216,-12911,197,0,81,5
Spa,16,106.988,-1348,-13056,203,0,87,5
Spa,16,106.988,-1427,-13160,214,0,99,5
Spa,16,106.988,-1495,-13261,220,0,99,5
Spa,16,106.988,-1571,-13390,225,0,99,6
Spa,16,106.988,-1661,-13560,231,0,99,6
Spa,16,106.988,-1769,-13786,240,0,99,6
Spa,16,106.988,-1867,-13994,247,0,99,6
Spa,16,106.988,-1929,-14117,249,0,99,6
Spa,16,106.988,-2006,-14264,250,0,26,6
Spa,16,106.988,-2084,-14399,233,100,2,6
Spa,16,106.988,-2181,-14554,193,100,4,6
Spa,16,106.988,-2306,-14707,181,100,5,4
Spa,16,106.988,-2306,-14707,173,100,6,4
Spa,16,106.988,-2469,-14826,163,0,17,4
Spa,16,106.988,-2583,-14871,160,0,48,4
Spa,16,106.988,-2731,-14882,159,0,51,5
Spa,16,106.988,-2875,-14863,159,0,59,5
Spa,16,106.988,-2971,-14838,161,0,67,5
Spa,16,106.988,-3048,-14811,163,0,64,5
Spa,16,106.988,-3141,-14768,170,0,99,5
Spa,16,106.988,-3319,-14667,186,0,99,5
Spa,16,106.988,-3458,-14580,193,0,99,5
Spa,16,106.988,-3612,-14471,206,0,99,5
Spa,16,106.988,-3717,-14396,215,0,99,5
Spa,16,106.988,-3866,-14271,218,0,100,5
Spa,16,106.988,-3866,-14271,227,0,100,6
Spa,16,106.988,-4034,-14097,231,0,100,6
Spa,16,106.988,-4034,-14097,236,0,100,6
Spa,16,106.988,-4150,-13938,238,0,100,6
Spa,16,106.988,-4277,-13684,243,0,100,6
Spa,16,106.988,-4310,-13581,248,0,100,6
Spa,16,106.988,-4334,-13432,252,0,100,6
Spa,16,106.988,-4337,-13302,254,0,100,6
Spa,16,106.988,-4302,-12958,255,0,100,7
Spa,16,106.988,-4271,-12815,261,0,100,7
Spa,16,106.988,-4219,-12632,263,0,100,7
Spa,16,106.988,-4159,-12464,266,0,100,7
Spa,16,106.988,-4159,-12464,269,0,100,7
Spa,16,106.988,-4082,-12283,273,0,99,7
Spa,16,106.988,-3916,-11972,278,0,99,7
Spa,16,106.988,-3745,-11711,280,0,99,7
Spa,16,106.988,-3633,-11557,284,0,99,7
Spa,16,106.988,-3436,-11310,288,0,99,7
Spa,16,106.988,-3436,-11310,290,0,99,7
Spa,16,106.988,-3236,-11081,292,0,99,7
Spa,16,106.988,-3236,-11081,292,0,99,7
Spa,16,106.988,-2953,-10788,295,0,99,8
Spa,16,106.988,-2953,-10788,295,0,99,8
Spa,16,106.988,-2688,-10541,299,0,99,8
Spa,16,106.988,-2536,-10412,299,0,99,8
Spa,16,106.988,-2458,-10349,301,0,99,8
Spa,16,106.988,-2104,-10095,302,0,99,8
Spa,16,106.988,-1962,-10004,303,0,99,8
Spa,16,106.988,-1760,-9886,306,0,99,8
Spa,16,106.988,-1434,-9699,308,0,99,8
Spa,16,106.988,-1226,-9578,308,0,99,8
Spa,16,106.988,-1226,-9578,310,0,99,8
Spa,16,106.988,-987,-9439,311,0,99,8
Spa,16,106.988,-987,-9439,312,0,99,8
Spa,16,106.988,-792,-9327,312,0,99,8
Spa,16,106.988,-524,-9167,313,0,99,8
Spa,16,106.988,-294,-9012,312,0,99,8
Spa,16,106.988,-210,-8950,314,0,99,8
Spa,16,106.988,-35,-8806,315,0,99,8
Spa,16,106.988,142,-8637,314,0,99,8
Spa,16,106.988,142,-8637,316,0,99,8
Spa,16,106.988,360,-8389,315,0,99,8
Spa,16,106.988,433,-8291,315,0,99,8
Spa,16,106.988,547,-8114,315,0,99,8
Spa,16,106.988,763,-7712,314,0,99,8
Spa,16,106.988,763,-7712,314,0,99,8
Spa,16,106.988,936,-7328,315,0,99,8
Spa,16,106.988,1103,-6923,315,0,99,8
Spa,16,106.988,1177,-6727,316,0,99,8
Spa,16,106.988,1237,-6544,315,0,99,8
Spa,16,106.988,1237,-6544,315,0,99,8
Spa,16,106.988,1295,-6325,316,0,99,8
Spa,16,106.988,1337,-6071,316,0,99,8
Spa,16,106.988,1343,-5843,313,0,99,8
Spa,16,106.988,1315,-5565,314,0,99,8
Spa,16,106.988,1235,-5268,311,0,99,8
Spa,16,106.988,1102,-4907,311,0,99,8
Spa,16,106.988,1043,-4762,313,0,99,8
Spa,16,106.988,1043,-4762,313,0,99,8
Spa,16,106.988,893,-4409,315,0,99,8
Spa,16,106.988,851,-4313,315,0,99,8
Spa,16,106.988,739,-4056,316,0,99,8
Spa,16,106.988,595,-3717,315,0,99,8
Spa,16,106.988,595,-3717,316,0,99,8
Spa,16,106.988,535,-3571,316,0,99,8
Spa,16,106.988,414,-3260,317,0,99,8
Spa,16,106.988,340,-3027,317,0,99,8
Spa,16,106.988,283,-2786,316,0,99,8
Spa,16,106.988,283,-2786,317,0,99,8
Spa,16,106.988,189,-2339,316,0,99,8
Spa,16,106.988,189,-2339,315,0,99,8
Spa,16,106.988,117,-1948,313,100,99,8
Spa,16,106.988,117,-1948,309,100,13,8
Spa,16,106.988,60,-1593,242,100,0,7
Spa,16,106.988,27,-1380,220,100,0,7
Spa,16,106.988,0,-1173,176,100,0,5
Spa,16,106.988,-5,-1129,156,100,0,4
Spa,16,106.988,-12,-1032,132,100,0,3
Spa,16,106.988,-10,-897,128,100,0,3
Spa,16,106.988,-5,-846,113,100,1,2
Spa,16,106.988,11,-747,105,100,1,2
Spa,16,106.988,11,-747,95,100,2,2
Spa,16,106.988,63,-636,82,100,1,2
Spa,16,106.988,85,-610,78,100,2,2
Spa,16,106.988,85,-610,74,0,2,2
Spa,16,106.988,164,-565,71,0,19,2
Spa,16,106.988,211,-555,71,0,19,2
Spa,16,106.988,259,-552,71,0,25,2
Spa,16,106.988,322,-550,74,0,44,2
Spa,16,106.988,356,-547,79,0,53,2
Spa,16,106.988,391,-541,84,0,3,2
Spa,16,106.988,471,-507,82,100,0,2
Spa,16,106.988,518,-460,77,100,0,2
Spa,16,106.988,518,-460,71,0,1,2
Spa,16,106.988,536,-422,68,0,5,2
Spa,16,106.988,548,-374,67,0,26,2
Spa,16,106.988,545,-267,69,0,35,2
Spa,16,106.988,545,-267,70,0,39,2
Spa,16,106.988,524,-186,73,0,41,2
Spa,16,106.988,524,-186,79,0,51,2
Spa,16,106.988,503,-130,81,0,53,2
Spa,16,106.988,482,-85,90,0,61,2
Spa,16,106.988,457,-39,96,0,62,2
Spa,16,106.988,357,121,115,0,78,3
Spa,16,106.988,317,181,134,0,87,3
Spa,16,106.988,274,244,139,0,87,3
Spa,16,106.988,217,326,150,0,99,3
Spa,16,106.988,76,535,175,0,99,4
Spa,16,106.988,76,535,184,0,99,4
Spa,16,106.988,-64,747,196,0,99,5
Spa,16,106.988,-133,850,204,0,99,5
Spa,16,106.988,-133,850,211,0,99,5
Spa,16,106.988,-245,1021,218,0,99,5
Spa,16,106.988,-355,1187,226,0,99,6
Spa,18,108.841,-565,1503,241,0,99,6
Spa,18,108.841,-740,1768,249,0,99,6
Spa,18,108.841,-740,1768,256,0,99,6
Spa,18,108.841,-907,2019,260,0,100,7
Spa,18,108.841,-907,2019,262,0,99,7
Spa,18,108.841,-1087,2291,271,0,100,7
Spa,18,108.841,-1170,2417,276,0,99,7
Spa,18,108.841,-1315,2635,276,0,99,7
Spa,18,108.841,-1315,2635,281,0,99,7
Spa,18,108.841,-1453,2843,284,0,100,7
Spa,18,108.841,-1575,3028,286,0,100,7
Spa,18,108.841,-1709,3230,289,0,100,7
Spa,18,108.841,-1709,3230,293,0,100,7
Spa,18,108.841,-1825,3405,287,0,100,7
Spa,18,108.841,-1962,3612,245,100,0,7
Spa,18,108.841,-2102,3828,218,100,0,7
Spa,18,108.841,-2150,3907,178,100,0,6
Spa,18,108.841,-2193,3980,158,100,0,5
Spa,18,108.841,-2232,4053,141,100,0,4
Spa,18,108.841,-2300,4239,128,100,0,3
Spa,18,108.841,-2308,4296,109,100,0,2
Spa,18,108.841,-2309,4338,96,100,0,2
Spa,18,108.841,-2305,4379,89,100,0,2
Spa,18,108.841,-2287,4441,83,100,0,2
Spa,18,108.841,-2267,4475,80,100,0,2
Spa,18,108.841,-2244,4500,78,0,0,2
Spa,18,108.841,-2186,4535,75,0,0,2
Spa,18,108.841,-2111,4549,70,0,5,2
Spa,18,108.841,-2053,4543,67,0,17,2
Spa,18,108.841,-2014,4536,70,0,23,2
Spa,18,108.841,-1938,4515,76,0,37,2
Spa,18,108.841,-1873,4492,83,0,41,2
Spa,18,108.841,-1835,4477,91,0,46,2
Spa,18,108.841,-1756,4444,101,0,56,2
Spa,18,108.841,-1655,4397,117,0,67,2
Spa,18,108.841,-1569,4355,121,0,88,2
Spa,18,108.841,-1569,4355,121,0,100,3
Spa,18,108.841,-1502,4321,139,0,83,3
Spa,18,108.841,-1416,4277,148,0,86,3
Spa,18,108.841,-1259,4196,156,0,100,3
Spa,18,108.841,-1176,4154,176,0,100,4
Spa,18,108.841,-1131,4131,180,0,100,4
Spa,18,108.841,-1046,4088,197,0,99,4
Spa,18,108.841,-827,3975,201,0,99,4
Spa,18,108.841,-827,3975,209,0,100,5
Spa,18,108.841,-722,3919,222,0,99,5
Spa,18,108.841,-418,3745,231,0,99,6
Spa,18,108.841,-418,3745,234,0,100,6
Spa,18,108.841,-139,3564,244,0,99,6
Spa,18,108.841,-49,3501,246,0,100,6
Spa,18,108.841,162,3343,251,0,99,7
Spa,18,108.841,308,3227,259,0,99,7
Spa,18,108.841,487,3077,264,0,100,7
Spa,18,108.841,683,2893,269,0,100,7
Spa,18,108.841,683,2893,272,0,100,7
Spa,18,108.841,758,2818,272,0,100,7
Spa,18,108.841,1039,2531,278,0,100,7
Spa,18,108.841,1116,2451,283,0,99,8
Spa,18,108.841,1325,2231,289,0,100,8
Spa,18,108.841,1546,1997,291,0,100,8
Spa,18,108.841,1724,1806,294,0,99,8
Spa,18,108.841,1836,1685,296,0,99,8
Spa,18,108.841,2060,1441,298,0,99,8
Spa,18,108.841,2161,1329,299,0,100,8
Spa,18,108.841,2161,1329,301,0,99,8
Spa,18,108.841,2249,1228,303,0,99,8
Spa,18,108.841,2405,1052,303,0,99,8
Spa,18,108.841,2564,877,304,0,99,8
Spa,18,108.841,2682,756,306,0,99,8
Spa,18,108.841,2805,643,307,0,99,8
Spa,18,108.841,2992,514,306,0,100,8
Spa,18,108.841,3147,440,307,0,100,8
Spa,18,108.841,3430,282,307,0,99,8
Spa,18,108.841,3632,87,305,0,99,8
Spa,18,108.841,3795,-189,302,0,99,8
Spa,18,108.841,3795,-189,301,0,99,8
Spa,18,108.841,3872,-377,300,0,99,8
Spa,18,108.841,3903,-471,298,0,99,8
Spa,18,108.841,3989,-930,298,0,100,8
Spa,18,108.841,3989,-930,299,0,100,8
Spa,18,108.841,4061,-1193,298,0,100,8
Spa,18,108.841,4329,-1680,301,0,100,8
Spa,18,108.841,4401,-1793,301,0,100,8
Spa,18,108.841,4651,-2148,301,0,100,8
Spa,18,108.841,4733,-2256,302,0,100,8
Spa,18,108.841,4825,-2376,303,0,100,8
Spa,18,108.841,5065,-2702,304,0,99,8
Spa,18,108.841,5332,-3073,305,0,100,8
Spa,18,108.841,5427,-3214,306,0,99,8
Spa,18,108.841,5566,-3427,306,0,99,8
Spa,18,108.841,5655,-3575,307,0,100,8
Spa,18,108.841,5803,-3846,309,0,100,8
Spa,18,108.841,5914,-4080,310,0,99,8
Spa,18,108.841,6025,-4352,312,0,99,8
Spa,18,108.841,6112,-4599,313,0,99,8
Spa,18,108.841,6200,-4864,315,0,99,8
Spa,18,108.841,6272,-5081,317,0,99,8
Spa,18,108.841,6400,-5467,319,0,99,8
Spa,18,108.841,6462,-5652,320,0,99,8
Spa,18,108.841,6557,-5940,322,0,99,8
Spa,18,108.841,6574,-5991,322,0,99,8
Spa,18,108.841,6682,-6315,323,0,100,8
Spa,18,108.841,6727,-6452,324,0,99,8
Spa,18,108.841,6830,-6760,325,0,99,8
Spa,18,108.841,6951,-7120,326,0,99,8
Spa,18,108.841,6998,-7258,327,0,99,8
Spa,18,108.841,6998,-7258,327,0,99,8
Spa,18,108.841,7131,-7654,328,0,99,8
Spa,18,108.841,7213,-7896,328,0,100,8
Spa,18,108.841,7259,-8034,329,0,99,8
Spa,18,108.841,7382,-8399,330,0,100,8
Spa,18,108.841,7441,-8573,330,0,99,8
Spa,18,108.841,7657,-9214,328,0,100,8
Spa,18,108.841,7750,-9490,327,0,99,8
Spa,18,108.841,7877,-9872,327,0,99,8
Spa,18,108.841,7940,-10065,326,0,99,8
Spa,18,108.841,8002,-10253,325,0,99,8
Spa,18,108.841,8043,-10373,325,0,100,8
Spa,18,108.841,8149,-10683,296,100,0,8
Spa,18,108.841,8149,-10683,265,100,0,8
Spa,18,108.841,8194,-10819,239,100,0,8
Spa,18,108.841,8246,-10985,219,100,0,8
Spa,18,108.841,8306,-11254,189,100,0,6
Spa,18,108.841,8313,-11336,178,100,0,4
Spa,18,108.841,8307,-11458,163,100,0,4
Spa,18,108.841,8307,-11458,156,100,5,4
Spa,18,108.841,8286,-11553,149,100,0,4
Spa,18,108.841,8240,-11655,145,0,15,4
Spa,18,108.841,8161,-11765,140,0,20,4
Spa,18,108.841,8161,-11765,139,0,26,4
Spa,18,108.841,8068,-11869,139,0,43,4
Spa,18,108.841,7998,-11942,141,0,56,4
Spa,18,108.841,7949,-11995,146,0,52,4
Spa,18,108.841,7850,-12136,146,100,15,4
Spa,18,108.841,7850,-12136,144,100,18,4
Spa,18,108.841,7819,-12213,140,0,28,4
Spa,18,108.841,7799,-12303,139,0,37,4
Spa,18,108.841,7791,-12436,140,0,51,4
Spa,18,108.841,7799,-12523,143,0,59,4
Spa,18,108.841,7829,-12663,155,0,77,4
Spa,18,108.841,7884,-12825,168,0,100,4
Spa,18,108.841,7918,-12916,176,0,100,4
Spa,18,108.841,7978,-13078,186,0,99,4
Spa,18,108.841,7978,-13078,188,0,65,4
Spa,18,108.841,8038,-13310,189,100,36,5
Spa,18,108.841,8046,-13410,186,100,36,5
Spa,18,108.841,8036,-13540,184,0,51,5
Spa,18,108.841,8005,-13660,185,0,62,5
Spa,18,108.841,7848,-13948,192,0,89,5
Spa,18,108.841,7848,-13948,193,0,77,5
Spa,18,108.841,7742,-14061,201,0,94,5
Spa,18,108.841,7671,-14121,211,0,100,5
Spa,18,108.841,7534,-14219,217,0,100,5
Spa,18,108.841,7382,-14322,227,0,100,6
Spa,18,108.841,7277,-14393,231,0,99,6
Spa,18,108.841,7051,-14549,236,0,100,6
Spa,18,108.841,6930,-14635,243,0,99,6
Spa,18,108.841,6809,-14724,248,0,100,6
Spa,18,108.841,6590,-14889,254,0,100,7
Spa,18,108.841,6410,-15026,257,0,100,7
Spa,18,108.841,6307,-15106,260,0,100,7
Spa,18,108.841,6158,-15222,262,0,100,7
Spa,18,108.841,6065,-15295,266,0,100,7
Spa,18,108.841,5836,-15469,248,100,0,7
Spa,18,108.841,5690,-15563,224,100,0,7
Spa,18,108.841,5611,-15609,198,100,0,6
Spa,18,108.841,5355,-15740,178,100,0,5
Spa,18,108.841,5355,-15740,168,100,0,5
Spa,18,108.841,5275,-15763,154,100,2,4
Spa,18,108.841,5151,-15769,146,100,0,4
Spa,18,108.841,5045,-15749,136,100,0,3
Spa,18,108.841,4929,-15693,128,100,0,3
Spa,18,108.841,4855,-15631,124,100,1,3
Spa,18,108.841,4855,-15631,121,0,4,3
Spa,18,108.841,4818,-15587,120,0,1,3
Spa,18,108.841,4781,-15534,117,0,1,3
Spa,18,108.841,4781,-15534,117,0,8,3
Spa,18,108.841,4722,-15359,111,0,29,3
Spa,18,108.841,4723,-15258,113,0,38,3
Spa,18,108.841,4731,-15206,118,0,45,3
Spa,18,108.841,4755,-15122,120,0,51,3
Spa,18,108.841,4755,-15122,125,0,53,3
Spa,18,108.841,4788,-15051,133,0,59,3
Spa,18,108.841,4874,-14927,138,0,61,3
Spa,18,108.841,4973,-14829,145,0,70,3
Spa,18,108.841,4999,-14807,153,0,78,3
Spa,18,108.841,5145,-14698,165,0,100,3
Spa,18,108.841,5243,-14637,170,0,100,4
Spa,18,108.841,5332,-14586,182,0,100,4
Spa,18,108.841,5332,-14586,188,0,100,4
Spa,18,108.841,5534,-14481,198,0,99,5
Spa,18,108.841,5681,-14397,205,0,100,5
Spa,18,108.841,5681,-14397,207,0,27,5
Spa,18,108.841,5845,-14284,205,100,0,5
Spa,18,108.841,5845,-14284,195,100,1,5
Spa,18,108.841,5997,-14127,190,100,5,5
Spa,18,108.841,5997,-14127,186,0,16,5
Spa,18,108.841,6100,-13926,181,0,46,5
Spa,18,108.841,6123,-13804,182,0,50,5
Spa,18,108.841,6120,-13617,184,0,64,5
Spa,18,108.841,6120,-13617,186,0,64,5
Spa,18,108.841,6066,-13373,190,0,92,5
Spa,18,108.841,6066,-13373,197,0,88,5
Spa,18,108.841,6033,-13278,206,0,100,5
Spa,18,108.841,5944,-13062,214,0,99,5
Spa,18,108.841,5882,-12916,222,0,99,6
Spa,18,108.841,5779,-12666,232,0,99,6
Spa,18,108.841,5743,-12577,237,0,100,6
Spa,18,108.841,5688,-12437,242,0,99,6
Spa,18,108.841,5640,-12308,251,0,100,6
Spa,18,108.841,5592,-12161,255,0,100,7
Spa,18,108.841,5547,-12010,261,0,99,7
Spa,18,108.841,5472,-11728,263,0,99,7
Spa,18,108.841,5402,-11436,270,0,99,7
Spa,18,108.841,5402,-11436,272,0,99,7
Spa,18,108.841,5363,-11273,275,0,99,7
Spa,18,108.841,5321,-11076,278,0,99,7
Spa,18,108.841,5321,-11076,279,0,99,7
Spa,18,108.841,5256,-10769,284,0,99,8
Spa,18,108.841,5213,-10566,287,0,100,8
Spa,18,108.841,5183,-10424,289,0,99,8
Spa,18,108.841,5153,-10282,291,0,99,8
Spa,18,108.841,5104,-10059,293,0,99,8
Spa,18,108.841,5068,-9899,297,0,99,8
Spa,18,108.841,5018,-9673,299,0,100,8
Spa,18,108.841,4911,-9310,301,100,99,8
Spa,18,108.841,4797,-9080,291,100,42,8
Spa,18,108.841,4647,-8886,277,100,48,7
Spa,18,108.841,4547,-8793,274,100,64,7
Spa,18,108.841,4312,-8639,267,0,100,7
Spa,18,108.841,4000,-8555,267,0,100,7
Spa,18,108.841,3720,-8538,271,0,100,7
Spa,18,108.841,3477,-8536,274,0,99,7
Spa,18,108.841,3477,-8536,276,0,100,7
Spa,18,108.841,3189,-8564,277,0,100,7
Spa,18,108.841,2900,-8666,279,0,100,7
Spa,18,108.841,2900,-8666,281,0,100,8
Spa,18,108.841,2685,-8793,282,0,100,8
Spa,18,108.841,2467,-8967,285,0,100,8
Spa,18,108.841,2160,-9334,288,0,100,8
Spa,18,108.841,2160,-9334,288,0,100,8
Spa,18,108.841,2062,-9500,288,0,100,8
Spa,18,108.841,1991,-9646,290,0,100,8
Spa,18,108.841,1903,-9855,292,0,100,8
Spa,18,108.841,1825,-10088,294,0,100,8
Spa,18,108.841,1825,-10088,295,0,100,8
Spa,18,108.841,1726,-10403,296,0,100,8
Spa,18,108.841,1626,-10716,296,0,100,8
Spa,18,108.841,1575,-10873,297,0,99,8
Spa,18,108.841,1489,-11140,298,0,100,8
Spa,18,108.841,1408,-11393,298,0,100,8
Spa,18,108.841,1328,-11641,299,0,100,8
Spa,18,108.841,1293,-11752,299,0,100,8
Spa,18,108.841,1195,-12052,299,0,100,8
Spa,18,108.841,1116,-12270,272,100,0,8
Spa,18,108.841,1051,-12420,239,100,0,8
Spa,18,108.841,985,-12539,223,100,0,6
Spa,18,108.841,866,-12693,205,100,0,5
Spa,18,108.841,755,-12799,189,100,1,5
Spa,18,108.841,639,-12879,184,0,0,5
Spa,18,108.841,568,-12912,175,0,16,5
Spa,18,108.841,439,-12947,174,0,16,5
Spa,18,108.841,285,-12956,171,0,32,5
Spa,18,108.841,200,-12949,169,0,48,5
Spa,18,108.841,72,-12920,171,0,52,5
Spa,18,108.841,-24,-12879,176,0,68,5
Spa,18,108.841,-140,-12815,182,0,100,5
Spa,18,108.841,-325,-12725,188,0,100,5
Spa,18,108.841,-444,-12686,191,100,59,5
Spa,18,108.841,-565,-12666,188,0,57,5
Spa,18,108.841,-648,-12665,188,0,57,5
Spa,18,108.841,-733,-12674,189,0,43,5
Spa,18,108.841,-866,-12703,189,0,61,5
Spa,18,108.841,-955,-12737,190,0,63,5
Spa,18,108.841,-1032,-12775,193,0,86,5
Spa,18,108.841,-1174,-12873,200,0,100,5
Spa,18,108.841,-1264,-12959,205,0,100,5
Spa,18,108.841,-1348,-13055,209,0,100,5
Spa,18,108.841,-1455,-13200,214,0,100,5
Spa,18,108.841,-1521,-13304,220,0,100,5
Spa,18,108.841,-1626,-13491,226,0,99,6
Spa,18,108.841,-1700,-13641,231,0,100,6
Spa,18,108.841,-1807,-13867,235,0,99,6
Spa,18,108.841,-1873,-14006,242,0,100,6
Spa,18,108.841,-1934,-14127,245,0,99,6
Spa,18,108.841,-2103,-14433,234,100,0,6
Spa,18,108.841,-2168,-14535,223,100,0,6
Spa,18,108.841,-2168,-14535,223,100,0,6
Spa,18,108.841,-2295,-14696,185,100,0,6
Spa,18,108.841,-2295,-14696,170,100,0,4
Spa,18,108.841,-2462,-14822,160,0,0,4
Spa,18,108.841,-2591,-14873,159,0,8,4
Spa,18,108.841,-2691,-14883,152,0,28,4
Spa,18,108.841,-2814,-14873,152,0,51,4
Spa,18,108.841,-3033,-14817,160,0,75,4
Spa,18,108.841,-3143,-14767,165,0,78,4
Spa,18,108.841,-3342,-14654,173,0,100,4
Spa,18,108.841,-3342,-14654,183,0,100,4
Spa,18,108.841,-3452,-14584,195,0,100,5
Spa,18,108.841,-3590,-14490,207,0,99,5
Spa,18,108.841,-3590,-14490,209,0,100,5
Spa,18,108.841,-3784,-14342,216,0,100,5
Spa,18,108.841,-3915,-14225,225,0,100,6
Spa,18,108.841,-3915,-14225,231,0,100,6
Spa,18,108.841,-4063,-14061,235,0,100,6
Spa,18,108.841,-4063,-14061,239,0,99,6
Spa,18,108.841,-4208,-13837,243,0,100,6
Spa,18,108.841,-4208,-13837,243,0,91,6
Spa,18,108.841,-4289,-13650,246,0,99,6
Spa,18,108.841,-4305,-13599,248,0,100,6
Spa,18,108.841,-4337,-13295,252,0,100,6
Spa,18,108.841,-4337,-13295,253,0,100,6
Spa,18,108.841,-4303,-12967,258,0,100,7
Spa,18,108.841,-4232,-12672,262,0,100,7
Spa,18,108.841,-4131,-12395,266,0,100,7
Spa,18,108.841,-4071,-12260,266,0,100,7
Spa,18,108.841,-4071,-12260,266,0,100,7
Spa,18,108.841,-3952,-12033,273,0,100,7
Spa,18,108.841,-3952,-12033,274,0,100,7
Spa,18,108.841,-3856,-11876,277,0,100,7
Spa,18,108.841,-3652,-11583,280,0,99,8
Spa,18,108.841,-3457,-11335,284,0,100,8
Spa,18,108.841,-3376,-11239,286,0,100,8
Spa,18,108.841,-3376,-11239,286,0,100,8
Spa,18,108.841,-3271,-11119,288,0,99,8
Spa,18,108.841,-3117,-10955,291,0,100,8
Spa,18,108.841,-3004,-10839,293,0,100,8
Spa,18,108.841,-2828,-10669,294,0,100,8
Spa,18,108.841,-2531,-10409,296,0,100,8
Spa,18,108.841,-2309,-10237,297,0,100,8
Spa,18,108.841,-2158,-10132,300,0,100,8
Spa,18,108.841,-2019,-10040,301,0,100,8
Spa,18,108.841,-1822,-9921,302,0,100,8
Spa,18,108.841,-1602,-9796,303,0,100,8
Spa,18,108.841,-1324,-9635,305,0,100,8
Spa,18,108.841,-1133,-9523,307,0,100,8
Spa,18,108.841,-985,-9438,307,0,100,8
Spa,18,108.841,-807,-9336,308,0,100,8
Spa,18,108.841,-630,-9232,309,0,100,8
Spa,18,108.841,-399,-9086,309,0,100,8
Spa,18,108.841,-124,-8882,310,0,100,8
Spa,18,108.841,-124,-8882,310,0,99,8
Spa,18,108.841,154,-8625,310,0,100,8
Spa,18,108.841,312,-8449,311,0,100,8
Spa,18,108.841,485,-8213,310,0,99,8
Spa,18,108.841,627,-7975,310,0,99,8
Spa,18,108.841,716,-7806,310,0,100,8
Spa,18,108.841,784,-7666,310,0,99,8
Spa,18,108.841,864,-7493,310,0,99,8
Spa,18,108.841,1007,-7161,311,0,100,8
Spa,18,108.841,1123,-6872,311,0,100,8
Spa,18,108.841,1210,-6629,312,0,100,8
Spa,18,108.841,1265,-6447,312,0,99,8
Spa,18,108.841,1324,-6180,311,0,100,8
Spa,18,108.841,1324,-6180,312,0,99,8
Spa,18,108.841,1343,-5856,310,0,99,8
Spa,18,108.841,1343,-5856,309,0,99,8
Spa,18,108.841,1320,-5598,309,0,100,8
Spa,18,108.841,1231,-5258,308,0,100,8
Spa,18,108.841,1185,-5128,307,0,100,8
Spa,18,108.841,1119,-4951,308,0,100,8
Spa,18,108.841,1062,-4807,309,0,99,8
Spa,18,108.841,901,-4428,308,0,99,8
Spa,18,108.841,832,-4270,310,0,100,8
Spa,18,108.841,743,-4065,310,0,99,8
Spa,18,108.841,661,-3874,311,0,99,8
Spa,18,108.841,661,-3874,311,0,100,8
Spa,18,108.841,574,-3667,311,0,100,8
Spa,18,108.841,429,-3299,310,0,99,8
Spa,18,108.841,326,-2974,310,0,100,8
Spa,18,108.841,279,-2771,309,0,99,8
Spa,18,108.841,211,-2452,308,0,99,8
Spa,18,108.841,211,-2452,308,0,99,8
Spa,18,108.841,153,-2151,308,0,100,8
Spa,18,108.841,153,-2151,308,100,98,8
Spa,18,108.841,86,-1758,280,100,0,8
Spa,18,108.841,86,-1758,266,100,0,8
Spa,18,108.841,42,-1479,209,100,0,7
Spa,18,108.841,22,-1351,190,100,0,6
Spa,18,108.841,14,-1291,173,100,0,6
Spa,18,108.841,-10,-1070,159,100,0,4
Spa,18,108.841,-13,-998,131,100,0,3
Spa,18,108.841,-10,-906,113,100,0,2
Spa,18,108.841,4,-779,101,100,0,2
Spa,18,108.841,22,-712,95,100,0,2
Spa,18,108.841,22,-712,88,100,0,2
Spa,18,108.841,56,-646,85,0,0,2
Spa,18,108.841,56,-646,81,100,0,2
Spa,18,108.841,92,-604,79,0,0,2
Spa,18,108.841,155,-568,73,0,4,2
Spa,18,108.841,217,-555,70,0,7,2
Spa,18,108.841,241,-553,70,0,17,2
Spa,18,108.841,294,-552,70,0,28,2
Spa,18,108.841,353,-547,74,0,37,2
Spa,18,108.841,353,-547,79,0,14,2
Spa,18,108.841,434,-527,81,0,0,2
Spa,18,108.841,461,-513,81,0,2,2
Spa,18,108.841,499,-481,77,0,0,2
Spa,18,108.841,545,-391,74,0,3,2
Spa,18,108.841,545,-391,68,0,12,2
Spa,18,108.841,549,-300,68,0,14,2
Spa,18,108.841,529,-200,74,0,34,2
Spa,18,108.841,511,-150,79,0,24,2
Spa,18,108.841,490,-102,83,0,45,2
Spa,18,108.841,490,-102,86,0,42,2
Spa,18,108.841,460,-43,92,0,53,2
Spa,18,108.841,417,29,103,0,60,2
Spa,18,108.841,373,97,115,0,75,2
Spa,18,108.841,311,189,128,0,83,3
Spa,18,108.841,236,299,148,0,100,3
Spa,18,108.841,127,458,148,0,100,3
Spa,18,108.841,79,530,170,0,100,4
Spa,18,108.841,79,530,178,0,100,4
Spa,18,108.841,-44,717,188,0,99,4
Spa,18,108.841,-80,771,195,0,99,4
Spa,18,108.841,-193,942,201,0,99,5
Spa,18,108.841,-329,1148,207,0,100,5
Spa,18,108.841,-329,1148,212,0,100,5
Spa,18,108.841,-392,1242,219,0,99,5
Spa,31,116.372,-453,1333,223,0,100,5
Spa,31,116.372,-559,1493,233,0,100,5
Spa,31,116.372,-682,1679,237,0,100,5
Spa,31,116.372,-764,1804,244,0,100,6
Spa,31,116.372,-925,2047,250,0,100,6
Spa,31,116.372,-1012,2178,256,0,100,6
Spa,31,116.372,-1115,2333,258,0,100,6
Spa,31,116.372,-1235,2514,261,0,100,6
Spa,31,116.372,-1315,2636,262,0,100,6
Spa,31,116.372,-1315,2636,264,0,100,6
Spa,31,116.372,-1413,2783,266,0,100,6
Spa,31,116.372,-1569,3019,267,0,100,6
Spa,31,116.372,-1651,3143,270,100,100,6
Spa,31,116.372,-1759,3305,270,100,0,6
Spa,31,116.372,-1813,3388,230,100,0,6
Spa,31,116.372,-1915,3541,203,100,0,5
Spa,31,116.372,-2034,3722,193,100,0,5
Spa,31,116.372,-2097,3821,171,100,0,4
Spa,31,116.372,-2178,3955,144,100,0,3
Spa,31,116.372,-2249,4090,117,100,0,3
Spa,31,116.372,-2305,4377,85,100,0,2
Spa,31,116.372,-2297,4415,82,100,0,2
Spa,31,116.372,-2297,4415,78,100,0,2
Spa,31,116.372,-2275,4463,75,100,0,2
Spa,31,116.372,-2200,4529,67,0,0,2
Spa,31,116.372,-2200,4529,66,0,0,2
Spa,31,116.372,-2163,4542,59,0,10,2
Spa,31,116.372,-2103,4548,60,0,23,2
Spa,31,116.372,-2068,4545,66,0,29,2
Spa,31,116.372,-2031,4539,69,0,37,2
Spa,31,116.372,-1985,4528,73,0,40,2
Spa,31,116.372,-1849,4483,83,0,52,2
Spa,31,116.372,-1849,4483,89,0,53,2
Spa,31,116.372,-1792,4459,95,0,59,2
Spa,31,116.372,-1741,4437,102,0,61,2
Spa,31,116.372,-1601,4371,114,0,72,2
Spa,31,116.372,-1466,4302,140,0,93,3
Spa,31,116.372,-1334,4235,150,0,100,3
Spa,31,116.372,-1168,4150,160,0,100,3
Spa,31,116.372,-1168,4150,175,0,100,4
Spa,31,116.372,-1060,4095,187,0,100,4
Spa,31,116.372,-956,4042,195,0,100,4
Spa,31,116.372,-858,3991,203,0,100,4
Spa,31,116.372,-600,3852,216,0,100,5
Spa,31,116.372,-503,3796,222,0,100,5
Spa,31,116.372,-307,3676,231,0,100,5
Spa,31,116.372,-208,3612,238,0,100,5
Spa,31,116.372,13,3455,246,0,100,6
Spa,31,116.372,13,3455,251,0,100,6
Spa,31,116.372,180,3329,255,0,100,6
Spa,31,116.372,470,3092,263,0,100,6
Spa,31,116.372,590,2982,266,0,100,6
Spa,31,116.372,666,2909,269,0,100,6
Spa,31,116.372,817,2759,275,0,100,7
Spa,31,116.372,979,2593,278,0,100,7
Spa,31,116.372,979,2593,280,0,100,7
Spa,31,116.372,1169,2396,285,0,100,7
Spa,31,116.372,1268,2292,286,0,100,7
Spa,31,116.372,1422,2128,290,0,100,7
Spa,31,116.372,1578,1962,294,0,100,7
Spa,31,116.372,1690,1842,297,0,100,7
Spa,31,116.372,1893,1624,300,0,100,7
Spa,31,116.372,2264,1212,304,0,100,7
Spa,31,116.372,2421,1034,306,0,100,8
Spa,31,116.372,2605,833,307,0,100,8
Spa,31,116.372,2751,691,309,0,100,8
Spa,31,116.372,2751,691,309,0,100,8
Spa,31,116.372,3038,490,309,0,100,8
Spa,31,116.372,3322,353,310,0,100,8
Spa,31,116.372,3510,216,308,0,100,8
Spa,31,116.372,3510,216,308,0,100,8
Spa,31,116.372,3693,1,304,0,100,8
Spa,31,116.372,3869,-369,301,0,100,8
Spa,31,116.372,3931,-577,301,0,100,8
Spa,31,116.372,3964,-759,300,0,100,8
Spa,31,116.372,4034,-1117,302,0,100,8
Spa,31,116.372,4103,-1286,302,0,100,8
Spa,31,116.372,4200,-1468,303,0,100,8
Spa,31,116.372,4315,-1657,303,0,100,8
Spa,31,116.372,4490,-1926,304,0,100,8
Spa,31,116.372,4639,-2132,304,0,100,8
Spa,31,116.372,4752,-2281,306,0,100,8
Spa,31,116.372,4855,-2417,306,0,100,8
Spa,31,116.372,4936,-2526,308,0,100,8
Spa,31,116.372,5128,-2789,308,0,100,8
Spa,31,116.372,5377,-3139,309,0,100,8
Spa,31,116.372,5463,-3267,311,0,100,8
Spa,31,116.372,5720,-3688,311,0,100,8
Spa,31,116.372,5824,-3888,311,0,100,8
Spa,31,116.372,5891,-4028,311,0,100,8
Spa,31,116.372,6036,-4380,312,0,100,8
Spa,31,116.372,6132,-4658,311,0,100,8
Spa,31,116.372,6246,-5004,312,0,100,8
Spa,31,116.372,6334,-5267,312,0,100,8
Spa,31,116.372,6427,-5548,313,0,100,8
Spa,31,116.372,6526,-5845,313,0,100,8
Spa,31,116.372,6625,-6143,313,0,100,8
Spa,31,116.372,6674,-6292,314,0,100,8
Spa,31,116.372,6774,-6591,314,0,100,8
Spa,31,116.372,6824,-6740,315,0,100,8
Spa,31,116.372,6879,-6906,315,0,100,8
Spa,31,116.372,6958,-7138,315,0,100,8
Spa,31,116.372,7058,-7437,316,0,100,8
Spa,31,116.372,7120,-7620,316,0,100,8
Spa,31,116.372,7210,-7887,317,0,100,8
Spa,31,116.372,7210,-7887,317,0,100,8
Spa,31,116.372,7451,-8604,317,0,100,8
Spa,31,116.372,7457,-8621,317,0,100,8
Spa,31,116.372,7536,-8854,317,0,100,8
Spa,31,116.372,7631,-9138,317,0,100,8
Spa,31,116.372,7760,-9521,316,0,100,8
Spa,31,116.372,7760,-9521,316,0,100,8
Spa,31,116.372,7911,-9976,316,0,100,8
Spa,31,116.372,8012,-10281,298,100,0,8
Spa,31,116.372,8042,-10371,287,100,0,8
Spa,31,116.372,8042,-10371,265,100,0,8
Spa,31,116.372,8112,-10573,244,100,0,8
Spa,31,116.372,8212,-10874,212,100,0,8
Spa,31,116.372,8254,-11015,191,100,0,6
Spa,31,116.372,8274,-11089,178,100,0,4
Spa,31,116.372,8306,-11262,156,100,0,4
Spa,31,116.372,8312,-11327,153,100,0,4
Spa,31,116.372,8311,-11413,146,100,0,4
Spa,31,116.372,8286,-11552,139,100,0,4
Spa,31,116.372,8249,-11639,134,0,4,4
Spa,31,116.372,8215,-11695,134,0,7,4
Spa,31,116.372,8144,-11786,128,0,20,4
Spa,31,116.372,8075,-11861,128,0,44,4
Spa,31,116.372,7964,-11978,132,0,57,4
Spa,31,116.372,7892,-12066,138,0,8,4
Spa,31,116.372,7892,-12066,135,0,11,4
Spa,31,116.372,7836,-12166,134,0,9,4
Spa,31,116.372,7808,-12255,132,0,19,4
Spa,31,116.372,7793,-12357,131,0,24,4
Spa,31,116.372,7794,-12474,131,0,32,4
Spa,31,116.372,7826,-12649,133,0,54,4
Spa,31,116.372,7853,-12738,137,0,61,4
Spa,31,116.372,7905,-12881,142,0,72,4
Spa,31,116.372,7905,-12881,144,0,82,4
Spa,31,116.372,7960,-13027,150,0,91,4
Spa,31,116.372,7960,-13027,166,0,70,4
Spa,31,116.372,8007,-13168,166,100,21,4
Spa,31,116.372,8045,-13387,164,100,22,4
Spa,31,116.372,8045,-13387,160,0,39,4
Spa,31,116.372,8044,-13474,160,0,62,4
Spa,31,116.372,8028,-13571,163,0,67,4
Spa,31,116.372,7995,-13686,166,0,64,4
Spa,31,116.372,7966,-13756,168,0,57,4
Spa,31,116.372,7874,-13912,171,0,70,4
Spa,31,116.372,7874,-13912,173,0,74,4
Spa,31,116.372,7720,-14081,186,0,99,4
Spa,31,116.372,7566,-14197,193,0,100,4
Spa,31,116.372,7463,-14268,206,0,100,5
Spa,31,116.372,7268,-14399,212,0,100,5
Spa,31,116.372,7268,-14399,218,0,100,5
Spa,31,116.372,7073,-14533,224,0,100,5
Spa,31,116.372,6958,-14615,232,0,100,5
Spa,31,116.372,6767,-14755,238,0,100,6
Spa,31,116.372,6680,-14821,246,0,100,6
Spa,31,116.372,6515,-14946,250,0,100,6
Spa,31,116.372,6303,-15110,257,0,100,6
Spa,31,116.372,6045,-15311,258,100,0,6
Spa,31,116.372,5932,-15399,250,100,0,6
Spa,31,116.372,5759,-15520,214,100,0,6
Spa,31,116.372,5759,-15520,199,100,0,6
Spa,31,116.372,5636,-15595,183,100,0,5
Spa,31,116.372,5554,-15642,171,100,0,4
Spa,31,116.372,5355,-15740,149,100,0,4
Spa,31,116.372,5298,-15758,140,100,0,3
Spa,31,116.372,5213,-15769,132,100,0,3
Spa,31,116.372,5021,-15740,125,0,0,3
Spa,31,116.372,4955,-15709,122,0,3,3
Spa,31,116.372,4901,-15672,116,0,0,3
Spa,31,116.372,4878,-15651,111,100,0,3
Spa,31,116.372,4797,-15560,105,100,0,3
Spa,31,116.372,4736,-15431,96,100,0,3
Spa,31,116.372,4736,-15431,95,0,4,3
Spa,31,116.372,4722,-15344,93,0,28,3
Spa,31,116.372,4721,-15296,96,0,41,3
Spa,31,116.372,4725,-15247,99,0,42,3
Spa,31,116.372,4736,-15187,100,0,44,3
Spa,31,116.372,4751,-15137,107,0,50,3
Spa,31,116.372,4793,-15043,111,0,54,3
Spa,31,116.372,4809,-15015,116,0,58,3
Spa,31,116.372,4855,-14951,116,0,61,3
Spa,31,116.372,4952,-14848,130,0,71,3
Spa,31,116.372,5004,-14804,136,0,83,4
Spa,31,116.372,5073,-14749,148,0,85,4
Spa,31,116.372,5179,-14676,151,0,85,4
Spa,31,116.372,5179,-14676,159,0,92,4
Spa,31,116.372,5273,-14619,168,0,94,4
Spa,31,116.372,5394,-14553,185,0,100,4
Spa,31,116.372,5533,-14481,193,0,0,4
Spa,31,116.372,5697,-14387,181,100,0,4
Spa,31,116.372,5807,-14313,177,100,0,4
Spa,31,116.372,5891,-14242,164,100,2,4
Spa,31,116.372,6111,-13874,154,0,19,4
Spa,31,116.372,6124,-13781,153,0,20,4
Spa,31,116.372,6116,-13593,152,0,42,4
Spa,31,116.372,6103,-13517,155,0,64,4
Spa,31,116.372,6086,-13448,163,0,84,4
Spa,31,116.372,6052,-13333,170,0,87,4
Spa,31,116.372,5953,-13084,176,0,87,4
Spa,31,116.372,5920,-13005,189,0,100,4
Spa,31,116.372,5920,-13005,196,0,100,5
Spa,31,116.372,5841,-12818,212,0,100,5
Spa,31,116.372,5732,-12549,219,0,100,5
Spa,31,116.372,5732,-12549,227,0,100,5
Spa,31,116.372,5650,-12334,233,0,100,5
Spa,31,116.372,5611,-12222,241,0,100,6
Spa,31,116.372,5515,-11894,248,0,100,6
Spa,31,116.372,5446,-11620,257,0,100,6
Spa,31,116.372,5446,-11620,261,0,100,6
Spa,31,116.372,5358,-11248,265,0,100,6
Spa,31,116.372,5317,-11056,272,0,100,6
Spa,31,116.372,5256,-10770,278,0,100,7
Spa,31,116.372,5230,-10648,281,0,100,7
Spa,31,116.372,5155,-10292,284,0,100,7
Spa,31,116.372,5096,-10026,289,0,100,7
Spa,31,116.372,5058,-9852,290,0,100,7
Spa,31,116.372,4986,-9540,287,100,0,7
Spa,31,116.372,4947,-9409,281,100,0,7
Spa,31,116.372,4878,-9233,265,100,0,6
Spa,31,116.372,4878,-9233,258,100,0,6
Spa,31,116.372,4763,-9028,245,0,41,6
Spa,31,116.372,4468,-8733,242,0,67,6
Spa,31,116.372,4355,-8662,243,0,69,6
Spa,31,116.372,4082,-8567,242,0,88,6
Spa,31,116.372,3771,-8540,249,0,100,6
Spa,31,116.372,3531,-8535,255,0,100,6
Spa,31,116.372,3288,-8549,259,0,100,6
Spa,31,116.372,3065,-8596,263,0,100,6
Spa,31,116.372,2915,-8659,265,0,100,6
Spa,31,116.372,2769,-8738,267,0,100,6
Spa,31,116.372,2769,-8738,270,0,100,6
Spa,31,116.372,2618,-8840,271,0,100,7
Spa,31,116.372,2488,-8948,273,0,100,7
Spa,31,116.372,2288,-9158,275,0,100,7
Spa,31,116.372,2169,-9321,278,0,100,7
Spa,31,116.372,2169,-9321,280,0,100,7
Spa,31,116.372,2023,-9578,282,0,100,7
Spa,31,116.372,1938,-9765,284,0,100,7
Spa,31,116.372,1823,-10095,286,0,100,7
Spa,31,116.372,1794,-10188,289,0,100,7
Spa,31,116.372,1716,-10434,292,0,100,7
Spa,31,116.372,1561,-10915,295,0,100,7
Spa,31,116.372,1461,-11229,297,0,100,7
Spa,31,116.372,1461,-11229,298,0,100,7
Spa,31,116.372,1369,-11516,299,0,100,7
Spa,31,116.372,1298,-11737,298,0,100,7
Spa,31,116.372,1159,-12157,286,100,0,7
Spa,31,116.372,1159,-12157,266,100,0,7
Spa,31,116.372,1075,-12369,256,100,0,7
Spa,31,116.372,1075,-12369,236,100,0,6
Spa,31,116.372,1015,-12488,223,100,0,6
Spa,31,116.372,1015,-12488,208,100,0,5
Spa,31,116.372,901,-12653,194,100,0,4
Spa,31,116.372,815,-12745,179,100,0,4
Spa,31,116.372,665,-12864,171,100,0,4
Spa,31,116.372,568,-12912,163,100,0,4
Spa,31,116.372,437,-12947,158,100,0,4
Spa,31,116.372,437,-12947,153,100,0,4
Spa,31,116.372,337,-12955,148,100,0,4
Spa,31,116.372,256,-12954,141,0,2,4
Spa,31,116.372,129,-12935,136,0,28,4
Spa,31,116.372,35,-12905,138,0,44,4
Spa,31,116.372,-152,-12807,140,0,57,4
Spa,31,116.372,-222,-12771,147,0,72,4
Spa,31,116.372,-337,-12720,155,0,36,4
Spa,31,116.372,-449,-12685,153,0,17,4
Spa,31,116.372,-523,-12672,151,0,36,4
Spa,31,116.372,-689,-12669,151,0,31,4
Spa,31,116.372,-869,-12706,150,0,39,4
Spa,31,116.372,-869,-12706,150,0,57,4
Spa,31,116.372,-947,-12735,154,0,60,4
Spa,31,116.372,-1063,-12794,157,0,64,4
Spa,31,116.372,-1284,-12981,167,0,79,4
Spa,31,116.372,-1389,-13109,171,0,80,4
Spa,31,116.372,-1389,-13109,173,0,80,4
Spa,31,116.372,-1515,-13294,182,0,100,5
Spa,31,116.372,-1548,-13350,190,0,100,5
Spa,31,116.372,-1548,-13350,196,0,100,5
Spa,31,116.372,-1623,-13486,203,0,100,5
Spa,31,116.372,-1731,-13705,211,0,100,5
Spa,31,116.372,-1772,-13792,217,0,100,5
Spa,31,116.372,-1819,-13893,223,0,100,5
Spa,31,116.372,-1958,-14174,227,0,100,5
Spa,31,116.372,-1958,-14174,224,100,0,5
Spa,31,116.372,-2050,-14342,207,100,0,5
Spa,31,116.372,-2137,-14487,178,100,0,5
Spa,31,116.372,-2137,-14487,173,100,0,4
Spa,31,116.372,-2198,-14578,160,100,0,4
Spa,31,116.372,-2295,-14695,154,100,0,4
Spa,31,116.372,-2354,-14749,149,100,0,4
Spa,31,116.372,-2398,-14783,146,100,0,4
Spa,31,116.372,-2398,-14783,140,100,0,4
Spa,31,116.372,-2504,-14841,136,100,0,4
Spa,31,116.372,-2600,-14874,132,0,28,4
Spa,31,116.372,-2710,-14882,134,0,52,4
Spa,31,116.372,-2780,-14876,136,0,62,4
Spa,31,116.372,-2904,-14856,143,0,69,4
Spa,31,116.372,-2991,-14831,146,0,79,4
Spa,31,116.372,-3142,-14767,155,0,87,4
Spa,31,116.372,-3150,-14763,167,0,92,4
Spa,31,116.372,-3367,-14638,178,0,100,4
Spa,31,116.372,-3487,-14561,181,0,100,4
Spa,31,116.372,-3487,-14561,192,0,100,5
Spa,31,116.372,-3693,-14414,203,0,100,5
Spa,31,116.372,-3848,-14287,212,0,100,5
Spa,31,116.372,-3945,-14195,219,0,100,5
Spa,31,116.372,-3945,-14195,223,0,100,5
Spa,31,116.372,-4142,-13951,231,0,82,6
Spa,31,116.372,-4224,-13805,232,0,70,6
Spa,31,116.372,-4293,-13638,232,0,74,6
Spa,31,116.372,-4326,-13503,233,0,75,6
Spa,31,116.372,-4337,-13333,235,0,84,6
Spa,31,116.372,-4321,-13084,233,0,80,6
Spa,31,116.372,-4254,-12751,235,0,100,6
Spa,31,116.372,-4216,-12623,240,0,100,6
Spa,31,116.372,-4151,-12444,243,0,100,6
Spa,31,116.372,-4018,-12154,253,0,100,6
Spa,31,116.372,-3874,-11905,260,0,100,6
Spa,31,116.372,-3726,-11685,265,0,100,6
Spa,31,116.372,-3647,-11576,268,0,100,6
Spa,31,116.372,-3441,-11315,272,0,100,7
Spa,31,116.372,-3441,-11315,274,0,100,7
Spa,31,116.372,-3300,-11152,278,0,100,7
Spa,31,116.372,-3217,-11060,281,0,100,7
Spa,31,116.372,-3088,-10924,284,0,100,7
Spa,31,116.372,-2886,-10723,285,0,100,7
Spa,31,116.372,-2886,-10723,287,0,100,7
Spa,31,116.372,-2601,-10466,290,0,100,7
Spa,31,116.372,-2539,-10415,291,0,100,7
Spa,31,116.372,-2268,-10208,294,0,100,7
Spa,31,116.372,-1919,-9978,297,0,100,7
Spa,31,116.372,-1802,-9909,298,0,100,7
Spa,31,116.372,-1527,-9753,299,0,100,7
Spa,31,116.372,-1267,-9602,300,0,100,7
Spa,31,116.372,-1267,-9602,302,0,100,7
Spa,31,116.372,-1122,-9517,303,0,100,8
Spa,31,116.372,-858,-9365,305,0,100,8
Spa,31,116.372,-726,-9289,305,0,100,8
Spa,31,116.372,-494,-9148,307,0,100,8
Spa,31,116.372,-494,-9148,308,0,100,8
Spa,31,116.372,-56,-8823,309,0,100,8
Spa,31,116.372,204,-8573,309,0,100,8
Spa,31,116.372,204,-8573,311,0,100,8
Spa,31,116.372,327,-8430,311,0,100,8
Spa,31,116.372,461,-8250,311,0,100,8
Spa,31,116.372,657,-7921,312,0,100,8
Spa,31,116.372,657,-7921,311,0,100,8
Spa,31,116.372,713,-7813,311,0,100,8
Spa,31,116.372,840,-7547,311,0,100,8
Spa,31,116.372,896,-7420,311,0,100,8
Spa,31,116.372,1006,-7165,312,0,100,8
Spa,31,116.372,1109,-6907,313,0,100,8
Spa,31,116.372,1128,-6859,313,0,100,8
Spa,31,116.372,1226,-6580,314,0,100,8
Spa,31,116.372,1226,-6580,314,0,100,8
Spa,31,116.372,1226,-6580,314,0,100,8
Spa,31,116.372,1308,-5525,313,0,100,8
Spa,31,116.372,1308,-5525,312,0,100,8
Spa,31,116.372,1123,-4962,311,0,100,8
Spa,31,116.372,1013,-4689,310,0,100,8
Spa,31,116.372,931,-4498,311,0,100,8
Spa,31,116.372,931,-4498,312,0,100,8
Spa,31,116.372,834,-4275,312,0,100,8
Spa,31,116.372,710,-3988,313,0,100,8
Spa,31,116.372,574,-3667,313,0,100,8
Spa,31,116.372,574,-3667,314,0,100,8
Spa,31,116.372,521,-3538,314,0,100,8
Spa,31,116.372,392,-3196,313,0,100,8
Spa,31,116.372,392,-3196,313,0,100,8
Spa,31,116.372,288,-2809,314,0,100,8
Spa,31,116.372,250,-2638,313,0,100,8
Spa,31,116.372,211,-2451,312,0,90,8
Spa,31,116.372,180,-2293,295,100,0,8
Spa,31,116.372,124,-1986,262,100,0,8
Spa,31,116.372,88,-1775,244,100,0,7
Spa,31,116.372,50,-1533,214,100,0,7
Spa,31,116.372,50,-1533,197,100,0,5
Spa,31,116.372,31,-1411,185,100,0,4
Spa,31,116.372,10,-1255,157,100,0,3
Spa,31,116.372,-5,-1122,140,100,0,3
Spa,31,116.372,-5,-1122,130,100,0,3
Spa,31,116.372,-12,-1022,111,100,0,2
Spa,31,116.372,-11,-927,101,100,0,2
Spa,31,116.372,-7,-874,93,100,0,2
Spa,31,116.372,-2,-825,87,100,0,2
Spa,31,116.372,10,-753,80,100,0,2
Spa,31,116.372,40,-674,73,100,0,2
Spa,31,116.372,77,-620,66,0,0,2
Spa,31,116.372,116,-588,59,0,0,2
Spa,31,116.372,208,-557,57,0,12,2
Spa,31,116.372,208,-557,59,0,6,2
Spa,31,116.372,266,-553,61,0,32,2
Spa,31,116.372,305,-552,69,0,38,2
Spa,31,116.372,305,-552,73,0,38,2
Spa,31,116.372,444,-522,71,0,0,2
Spa,31,116.372,483,-499,64,0,0,2
Spa,31,116.372,509,-473,62,0,0,2
Spa,31,116.372,546,-380,58,0,3,2
Spa,31,116.372,546,-380,58,0,11,2
Spa,31,116.372,549,-307,59,0,14,2
Spa,31,116.372,542,-256,61,0,14,2
Spa,31,116.372,542,-256,61,0,14,2
Spa,31,116.372,522,-183,67,0,35,2
Spa,31,116.372,510,-150,71,0,40,2
Spa,31,116.372,487,-97,75,0,45,2
Spa,31,116.372,463,-50,80,0,49,2
Spa,31,116.372,463,-50,83,0,54,2
Spa,31,116.372,420,23,93,0,60,2
Spa,31,116.372,378,89,100,0,64,2
Spa,31,116.372,281,233,115,0,74,2
Spa,31,116.372,281,233,126,0,81,3
Spa,31,116.372,132,451,148,0,92,3
Spa,31,116.372,132,451,156,0,100,3
Spa,31,116.372,62,556,170,0,100,4
Spa,31,116.372,-7,661,183,0,100,4
Spa,31,116.372,-87,781,191,0,100,4
Spa,31,116.372,-184,928,197,0,100,4
Spa,31,116.372,-301,1104,203,0,100,5
Spa,31,116.372,-384,1229,217,0,100,5
Spa,44,107.087,-538,1463,244,0,100,6
Spa,44,107.087,-614,1577,249,0,100,6
Spa,44,107.087,-699,1705,254,0,100,7
Spa,44,107.087,-785,1836,262,0,100,7
Spa,44,107.087,-947,2080,264,0,100,7
Spa,44,107.087,-1113,2330,270,0,100,7
Spa,44,107.087,-1113,2330,274,0,100,7
Spa,44,107.087,-1206,2471,277,0,100,7
Spa,44,107.087,-1318,2640,279,0,100,7
Spa,44,107.087,-1318,2640,284,0,100,7
Spa,44,107.087,-1493,2904,287,0,100,7
Spa,44,107.087,-1609,3079,291,0,100,7
Spa,44,107.087,-1690,3201,293,0,100,7
Spa,44,107.087,-1770,3323,292,100,100,7
Spa,44,107.087,-1889,3502,257,100,10,7
Spa,44,107.087,-1963,3615,220,100,0,7
Spa,44,107.087,-2063,3766,199,100,0,7
Spa,44,107.087,-2182,3961,169,100,0,6
Spa,44,107.087,-2241,4073,139,100,0,6
Spa,44,107.087,-2282,4173,116,100,0,3
Spa,44,107.087,-2297,4226,111,100,0,3
Spa,44,107.087,-2309,4331,99,100,0,3
Spa,44,107.087,-2290,4434,89,100,0,3
Spa,44,107.087,-2246,4498,79,0,0,3
Spa,44,107.087,-2189,4534,76,0,2,3
Spa,44,107.087,-2189,4534,75,0,6,3
Spa,44,107.087,-2114,4549,72,0,14,3
Spa,44,107.087,-2030,4539,75,0,11,3
Spa,44,107.087,-2030,4539,73,0,11,3
Spa,44,107.087,-1965,4523,78,0,23,3
Spa,44,107.087,-1883,4496,83,0,30,3
Spa,44,107.087,-1743,4438,95,0,48,3
Spa,44,107.087,-1743,4438,101,0,57,3
Spa,44,107.087,-1680,4409,105,0,64,3
Spa,44,107.087,-1623,4381,119,0,74,3
Spa,44,107.087,-1535,4338,128,0,90,3
Spa,44,107.087,-1430,4284,146,0,96,3
Spa,44,107.087,-1430,4284,157,0,100,3
Spa,44,107.087,-1272,4203,166,0,100,3
Spa,44,107.087,-1085,4108,185,0,100,4
Spa,44,107.087,-989,4059,198,0,100,4
Spa,44,107.087,-819,3970,206,0,100,5
Spa,44,107.087,-671,3891,216,0,100,5
Spa,44,107.087,-510,3800,223,0,100,5
Spa,44,107.087,-435,3756,230,0,100,6
Spa,44,107.087,-223,3621,240,0,100,6
Spa,44,107.087,-55,3505,246,0,100,6
Spa,44,107.087,80,3406,258,0,100,7
Spa,44,107.087,205,3309,262,0,100,7
Spa,44,107.087,399,3153,267,0,100,7
Spa,44,107.087,556,3014,273,0,100,7
Spa,44,107.087,711,2865,276,0,100,7
Spa,44,107.087,798,2778,280,0,100,7
Spa,44,107.087,951,2622,280,0,100,7
Spa,44,107.087,1124,2442,287,0,100,8
Spa,44,107.087,1218,2344,291,0,100,8
Spa,44,107.087,1375,2179,295,0,100,8
Spa,44,107.087,1498,2048,298,0,100,8
Spa,44,107.087,1645,1891,300,0,100,8
Spa,44,107.087,1873,1645,303,0,100,8
Spa,44,107.087,2010,1495,306,0,100,8
Spa,44,107.087,2148,1344,307,0,100,8
Spa,44,107.087,2238,1241,309,0,100,8
Spa,44,107.087,2328,1138,310,0,100,8
Spa,44,107.087,2478,971,311,0,100,8
Spa,44,107.087,2583,857,313,0,100,8
Spa,44,107.087,2680,758,314,0,100,8
Spa,44,107.087,2885,581,313,0,100,8
Spa,44,107.087,3048,485,314,0,100,8
Spa,44,107.087,3242,396,315,0,100,8
Spa,44,107.087,3459,259,313,0,100,8
Spa,44,107.087,3583,145,313,0,100,8
Spa,44,107.087,3748,-93,307,0,100,8
Spa,44,107.087,3842,-299,306,0,100,8
Spa,44,107.087,3937,-605,304,0,100,8
Spa,44,107.087,3961,-740,304,0,100,8
Spa,44,107.087,3986,-910,305,0,100,8
Spa,44,107.087,4121,-1322,305,0,100,8
Spa,44,107.087,4214,-1492,306,0,100,8
Spa,44,107.087,4214,-1492,305,0,100,8
Spa,44,107.087,4395,-1783,306,0,100,8
Spa,44,107.087,4395,-1783,306,0,100,8
Spa,44,107.087,4618,-2105,307,0,100,8
Spa,44,107.087,4785,-2323,309,0,100,8
Spa,44,107.087,4908,-2489,310,0,100,8
Spa,44,107.087,5051,-2683,311,0,100,8
Spa,44,107.087,5314,-3047,311,0,100,8
Spa,44,107.087,5441,-3234,312,0,100,8
Spa,44,107.087,5653,-3570,313,0,100,8
Spa,44,107.087,5653,-3570,313,0,100,8
Spa,44,107.087,5794,-3830,316,0,100,8
Spa,44,107.087,5901,-4051,316,0,100,8
Spa,44,107.087,5901,-4051,317,0,100,8
Spa,44,107.087,6035,-4377,317,0,100,8
Spa,44,107.087,6116,-4612,319,0,100,8
Spa,44,107.087,6116,-4612,320,0,100,8
Spa,44,107.087,6211,-4899,320,0,100,8
Spa,44,107.087,6211,-4899,322,0,100,8
Spa,44,107.087,6324,-5239,323,0,100,8
Spa,44,107.087,6324,-5239,323,0,100,8
Spa,44,107.087,6409,-5495,324,0,100,8
Spa,44,107.087,6432,-5563,325,0,100,8
Spa,44,107.087,6557,-5941,326,0,100,8
Spa,44,107.087,6557,-5941,326,0,100,8
Spa,44,107.087,6689,-6337,328,0,100,8
Spa,44,107.087,6810,-6700,329,0,100,8
Spa,44,107.087,6927,-7047,329,0,100,8
Spa,44,107.087,6986,-7222,331,0,100,8
Spa,44,107.087,6986,-7222,331,0,100,8
Spa,44,107.087,7086,-7518,332,0,100,8
Spa,44,107.087,7086,-7518,332,0,100,8
Spa,44,107.087,7156,-7728,332,0,100,8
Spa,44,107.087,7291,-8130,332,0,100,8
Spa,44,107.087,7409,-8480,333,0,100,8
Spa,44,107.087,7451,-8603,333,0,100,8
Spa,44,107.087,7451,-8603,333,0,100,8
Spa,44,107.087,7510,-8778,333,0,100,8
Spa,44,107.087,7593,-9024,334,0,100,8
Spa,44,107.087,7652,-9200,333,0,100,8
Spa,44,107.087,7741,-9463,334,0,100,8
Spa,44,107.087,7877,-9871,334,0,100,8
Spa,44,107.087,7976,-10174,332,0,100,8
Spa,44,107.087,8040,-10365,330,0,100,8
Spa,44,107.087,8099,-10537,305,100,100,8
Spa,44,107.087,8162,-10722,289,100,0,8
Spa,44,107.087,8227,-10923,221,100,0,8
Spa,44,107.087,8285,-11136,193,100,0,8
Spa,44,107.087,8307,-11266,175,100,0,8
Spa,44,107.087,8313,-11356,165,100,0,6
Spa,44,107.087,8307,-11459,156,100,4,4
Spa,44,107.087,8285,-11554,149,100,6,4
Spa,44,107.087,8233,-11668,142,100,14,4
Spa,44,107.087,8138,-11793,138,0,27,4
Spa,44,107.087,8138,-11793,137,0,37,4
Spa,44,107.087,8021,-11919,139,0,52,4
Spa,44,107.087,7945,-11999,143,0,57,4
Spa,44,107.087,7864,-12109,148,100,36,4
Spa,44,107.087,7815,-12224,143,0,31,4
Spa,44,107.087,7797,-12311,142,0,41,4
Spa,44,107.087,7791,-12383,144,0,51,4
Spa,44,107.087,7793,-12472,147,0,64,4
Spa,44,107.087,7825,-12647,158,0,78,4
Spa,44,107.087,7875,-12804,168,0,84,4
Spa,44,107.087,7927,-12941,176,0,98,4
Spa,44,107.087,7966,-13045,181,0,100,4
Spa,44,107.087,8017,-13206,193,0,100,5
Spa,44,107.087,8017,-13206,196,0,92,5
Spa,44,107.087,8046,-13407,196,0,57,5
Spa,44,107.087,8046,-13407,193,0,43,5
Spa,44,107.087,8031,-13568,191,0,43,5
Spa,44,107.087,7955,-13780,190,0,81,5
Spa,44,107.087,7912,-13856,198,0,88,5
Spa,44,107.087,7841,-13957,204,0,94,5
Spa,44,107.087,7772,-14034,211,0,100,5
Spa,44,107.087,7543,-14213,216,0,100,5
Spa,44,107.087,7439,-14284,224,0,100,5
Spa,44,107.087,7301,-14377,232,0,100,6
Spa,44,107.087,7170,-14465,237,0,100,6
Spa,44,107.087,7170,-14465,240,0,100,6
Spa,44,107.087,7026,-14566,246,0,100,6
Spa,44,107.087,6768,-14754,252,0,100,7
Spa,44,107.087,6531,-14933,257,0,100,7
Spa,44,107.087,6393,-15040,261,0,100,7
Spa,44,107.087,6172,-15211,265,0,100,7
Spa,44,107.087,6172,-15211,266,0,100,7
Spa,44,107.087,5960,-15377,269,0,100,7
Spa,44,107.087,5960,-15377,270,0,100,7
Spa,44,107.087,5674,-15573,247,100,5,7
Spa,44,107.087,5674,-15573,223,100,0,7
Spa,44,107.087,5462,-15691,174,100,0,7
Spa,44,107.087,5361,-15737,163,100,0,6
Spa,44,107.087,5313,-15754,153,100,0,5
Spa,44,107.087,5109,-15763,142,100,0,4
Spa,44,107.087,5036,-15746,135,0,4,4
Spa,44,107.087,4944,-15703,130,0,18,4
Spa,44,107.087,4852,-15627,126,0,32,3
Spa,44,107.087,4813,-15580,125,0,30,3
Spa,44,107.087,4813,-15580,124,0,26,3
Spa,44,107.087,4757,-15489,122,0,10,3
Spa,44,107.087,4757,-15489,121,0,25,3
Spa,44,107.087,4730,-15407,121,0,36,3
Spa,44,107.087,4720,-15286,124,0,50,3
Spa,44,107.087,4738,-15174,126,0,50,3
Spa,44,107.087,4751,-15133,134,0,51,4
Spa,44,107.087,4791,-15044,136,0,62,4
Spa,44,107.087,4852,-14954,141,0,68,4
Spa,44,107.087,4852,-14954,144,0,70,4
Spa,44,107.087,4962,-14838,155,0,76,4
Spa,44,107.087,5009,-14798,162,0,76,4
Spa,44,107.087,5098,-14731,166,0,97,4
Spa,44,107.087,5321,-14592,184,0,100,4
Spa,44,107.087,5321,-14592,194,0,100,4
Spa,44,107.087,5556,-14468,206,0,100,5
Spa,44,107.087,5794,-14323,215,0,100,5
Spa,44,107.087,5899,-14236,203,100,27,5
Spa,44,107.087,5979,-14150,199,100,27,5
Spa,44,107.087,5979,-14150,192,100,32,5
Spa,44,107.087,6055,-14038,188,100,39,5
Spa,44,107.087,6108,-13895,184,0,51,5
Spa,44,107.087,6126,-13761,186,0,65,5
Spa,44,107.087,6117,-13590,192,0,83,5
Spa,44,107.087,6076,-13408,198,0,92,5
Spa,44,107.087,5991,-13172,203,0,96,5
Spa,44,107.087,5948,-13072,216,0,100,5
Spa,44,107.087,5948,-13072,223,0,100,5
Spa,44,107.087,5842,-12820,232,0,100,6
Spa,44,107.087,5812,-12747,236,0,100,6
Spa,44,107.087,5730,-12543,246,0,100,6
Spa,44,107.087,5628,-12271,248,0,100,6
Spa,44,107.087,5628,-12271,250,0,100,7
Spa,44,107.087,5588,-12149,259,0,100,7
Spa,44,107.087,5512,-11884,267,0,100,7
Spa,44,107.087,5461,-11681,271,0,100,7
Spa,44,107.087,5411,-11475,272,0,100,7
Spa,44,107.087,5411,-11475,278,0,100,7
Spa,44,107.087,5322,-11081,281,0,100,7
Spa,44,107.087,5322,-11081,284,0,100,7
Spa,44,107.087,5240,-10692,289,0,100,8
Spa,44,107.087,5240,-10692,289,0,100,8
Spa,44,107.087,5162,-10325,296,0,100,8
Spa,44,107.087,5102,-10052,298,0,100,8
Spa,44,107.087,5031,-9728,300,0,100,8
Spa,44,107.087,5012,-9647,301,100,100,8
Spa,44,107.087,4964,-9463,297,0,59,8
Spa,44,107.087,4852,-9178,295,100,47,8
Spa,44,107.087,4790,-9069,283,100,32,8
Spa,44,107.087,4619,-8858,275,0,36,7
Spa,44,107.087,4619,-8858,270,0,61,7
Spa,44,107.087,4306,-8637,265,0,82,7
Spa,44,107.087,4201,-8594,265,0,93,7
Spa,44,107.087,4201,-8594,268,0,100,7
Spa,44,107.087,3855,-8544,270,0,100,7
Spa,44,107.087,3671,-8537,271,0,100,7
Spa,44,107.087,3488,-8536,276,0,100,7
Spa,44,107.087,3261,-8552,278,0,100,7
Spa,44,107.087,3142,-8574,280,0,100,7
Spa,44,107.087,3026,-8610,281,0,100,8
Spa,44,107.087,2743,-8755,283,0,100,8
Spa,44,107.087,2535,-8907,285,0,100,8
Spa,44,107.087,2535,-8907,287,0,100,8
Spa,44,107.087,2406,-9026,289,0,100,8
Spa,44,107.087,2268,-9183,289,0,100,8
Spa,44,107.087,2028,-9567,292,0,100,8
Spa,44,107.087,2028,-9567,292,0,100,8
Spa,44,107.087,1898,-9869,294,0,100,8
Spa,44,107.087,1898,-9869,296,0,100,8
Spa,44,107.087,1829,-10073,297,0,100,8
Spa,44,107.087,1780,-10232,300,0,100,8
Spa,44,107.087,1729,-10391,301,0,100,8
Spa,44,107.087,1570,-10888,304,0,100,8
Spa,44,107.087,1519,-11049,304,0,100,8
Spa,44,107.087,1467,-11209,304,0,100,8
Spa,44,107.087,1399,-11422,304,0,100,8
Spa,44,107.087,1259,-11858,307,0,100,8
Spa,44,107.087,1259,-11858,306,0,100,8
Spa,44,107.087,1129,-12237,291,100,64,8
Spa,44,107.087,1067,-12386,263,100,3,8
Spa,44,107.087,1067,-12386,243,100,3,8
Spa,44,107.087,973,-12557,225,100,5,8
Spa,44,107.087,857,-12703,210,100,5,6
Spa,44,107.087,777,-12780,187,100,12,5
Spa,44,107.087,647,-12874,180,100,12,5
Spa,44,107.087,507,-12932,172,0,20,5
Spa,44,107.087,368,-12954,169,0,42,5
Spa,44,107.087,255,-12954,167,0,57,5
Spa,44,107.087,-72,-12853,170,0,78,5
Spa,44,107.087,-235,-12765,187,0,100,5
Spa,44,107.087,-235,-12765,193,0,100,5
Spa,44,107.087,-467,-12681,198,100,50,5
Spa,44,107.087,-570,-12665,191,0,44,5
Spa,44,107.087,-675,-12667,189,0,56,5
Spa,44,107.087,-820,-12691,189,0,69,5
Spa,44,107.087,-1027,-12772,191,0,77,5
Spa,44,107.087,-1027,-12772,193,0,86,5
Spa,44,107.087,-1354,-13063,204,0,89,5
Spa,44,107.087,-1354,-13063,207,0,100,5
Spa,44,107.087,-1391,-13111,215,0,100,5
Spa,44,107.087,-1541,-13336,218,0,100,5
Spa,44,107.087,-1597,-13436,227,0,100,6
Spa,44,107.087,-1597,-13436,232,0,100,6
Spa,44,107.087,-1736,-13716,240,0,100,6
Spa,44,107.087,-1816,-13886,242,0,100,6
Spa,44,107.087,-1962,-14181,250,0,100,6
Spa,44,107.087,-2028,-14302,250,100,100,6
Spa,44,107.087,-2124,-14467,211,100,7,6
Spa,44,107.087,-2219,-14607,203,100,7,6
Spa,44,107.087,-2292,-14693,171,100,10,5
Spa,44,107.087,-2414,-14794,168,100,14,4
Spa,44,107.087,-2526,-14851,159,100,22,4
Spa,44,107.087,-2598,-14874,153,0,35,4
Spa,44,107.087,-2759,-14879,153,0,44,4
Spa,44,107.087,-2872,-14863,155,0,57,4
Spa,44,107.087,-2872,-14863,158,0,57,4
Spa,44,107.087,-3069,-14802,162,0,75,4
Spa,44,107.087,-3120,-14778,167,0,87,4
Spa,44,107.087,-3233,-14718,178,0,100,4
Spa,44,107.087,-3233,-14718,184,0,100,4
Spa,44,107.087,-3497,-14554,196,0,100,5
Spa,44,107.087,-3613,-14471,209,0,100,5
Spa,44,107.087,-3738,-14379,217,0,100,5
Spa,44,107.087,-3832,-14302,227,0,100,6
Spa,44,107.087,-4046,-14082,235,0,100,6
Spa,44,107.087,-4086,-14031,241,0,100,6
Spa,44,107.087,-4305,-13599,248,0,100,6
Spa,44,107.087,-4333,-13437,250,0,100,7
Spa,44,107.087,-4333,-13207,255,0,100,7
Spa,44,107.087,-4300,-12949,260,0,100,7
Spa,44,107.087,-4250,-12735,263,0,100,7
Spa,44,107.087,-4211,-12608,266,0,100,7
Spa,44,107.087,-4109,-12342,273,0,100,7
Spa,44,107.087,-3972,-12068,273,0,100,7
Spa,44,107.087,-3851,-11868,279,0,100,7
Spa,44,107.087,-3851,-11868,282,0,100,8
Spa,44,107.087,-3595,-11507,286,0,100,8
Spa,44,107.087,-3526,-11419,289,0,100,8
Spa,44,107.087,-3355,-11214,293,0,100,8
Spa,44,107.087,-3044,-10879,295,0,100,8
Spa,44,107.087,-2856,-10695,297,0,100,8
Spa,44,107.087,-2856,-10695,299,0,100,8
Spa,44,107.087,-2709,-10560,300,0,100,8
Spa,44,107.087,-2582,-10451,300,0,100,8
Spa,44,107.087,-2426,-10324,304,0,100,8
Spa,44,107.087,-2221,-10174,305,0,100,8
Spa,44,107.087,-1926,-9982,306,0,100,8
Spa,44,107.087,-1790,-9903,307,0,100,8
Spa,44,107.087,-1656,-9826,308,0,100,8
Spa,44,107.087,-1432,-9698,309,0,100,8
Spa,44,107.087,-1432,-9698,310,0,100,8
Spa,44,107.087,-1089,-9498,312,0,100,8
Spa,44,107.087,-1089,-9498,312,0,100,8
Spa,44,107.087,-879,-9377,314,0,100,8
Spa,44,107.087,-548,-9182,315,0,100,8
Spa,44,107.087,-548,-9182,314,0,100,8
Spa,44,107.087,-373,-9068,316,0,100,8
Spa,44,107.087,-245,-8977,316,0,100,8
Spa,44,107.087,479,-8222,317,0,100,8
Spa,44,107.087,479,-8222,316,0,100,8
Spa,44,107.087,479,-8222,316,0,100,8
Spa,44,107.087,642,-7948,316,0,100,8
Spa,44,107.087,770,-7696,316,0,100,8
Spa,44,107.087,930,-7343,316,0,100,8
Spa,44,107.087,930,-7343,316,0,100,8
Spa,44,107.087,992,-7197,317,0,100,8
Spa,44,107.087,1085,-6969,317,0,100,8
Spa,44,107.087,1142,-6821,318,0,100,8
Spa,44,107.087,1253,-6488,318,0,100,8
Spa,44,107.087,1324,-6182,317,0,100,8
Spa,44,107.087,1342,-5975,316,0,100,8
Spa,44,107.087,1340,-5781,316,0,100,8
Spa,44,107.087,1313,-5554,314,0,100,8
Spa,44,107.087,1259,-5344,314,0,100,8
Spa,44,107.087,1147,-5025,313,0,100,8
Spa,44,107.087,1038,-4748,314,0,100,8
Spa,44,107.087,907,-4442,315,0,100,8
Spa,44,107.087,823,-4250,316,0,100,8
Spa,44,107.087,746,-4073,317,0,100,8
Spa,44,107.087,649,-3846,317,0,100,8
Spa,44,107.087,567,-3651,318,0,100,8
Spa,44,107.087,401,-3223,318,0,100,8
Spa,44,107.087,343,-3040,317,0,100,8
Spa,44,107.087,286,-2800,316,0,100,8
Spa,44,107.087,286,-2800,315,0,100,8
Spa,44,107.087,226,-2525,315,0,100,8
Spa,44,107.087,205,-2422,315,0,100,8
Spa,44,107.087,105,-1879,314,0,100,8
Spa,44,107.087,89,-1781,294,100,0,8
Spa,44,107.087,52,-1545,233,100,0,8
Spa,44,107.087,31,-1411,207,100,0,8
Spa,44,107.087,-3,-1146,178,100,0,7
Spa,44,107.087,-3,-1146,160,100,0,7
Spa,44,107.087,-11,-1046,150,100,0,7
Spa,44,107.087,-13,-979,124,100,0,6
Spa,44,107.087,-13,-979,118,100,0,4
Spa,44,107.087,-13,-979,108,100,0,2
Spa,44,107.087,42,-668,103,100,0,2
Spa,44,107.087,42,-668,91,100,0,2
Spa,44,107.087,115,-587,79,100,0,2
Spa,44,107.087,170,-563,69,0,4,2
Spa,44,107.087,258,-552,68,0,4,2
Spa,44,107.087,258,-552,67,0,10,2
Spa,44,107.087,317,-551,72,0,30,2
Spa,44,107.087,450,-520,83,0,39,2
Spa,44,107.087,523,-451,76,0,5,2
Spa,44,107.087,546,-388,70,0,9,2
Spa,44,107.087,551,-346,70,0,13,2
Spa,44,107.087,547,-282,71,0,16,2
Spa,44,107.087,547,-282,71,0,23,2
Spa,44,107.087,539,-238,72,0,35,2
Spa,44,107.087,506,-139,84,0,46,2
Spa,44,107.087,485,-91,91,0,52,2
Spa,44,107.087,444,-16,94,0,57,2
Spa,44,107.087,444,-16,98,0,61,2
Spa,44,107.087,411,37,114,0,72,2
Spa,44,107.087,308,193,127,0,80,2
Spa,44,107.087,308,193,137,0,88,2
Spa,44,107.087,227,312,141,0,99,2
Spa,44,107.087,227,312,151,0,100,2
Spa,44,107.087,153,421,166,0,100,3
Spa,44,107.087,94,508,183,0,100,4
Spa,44,107.087,1,647,190,0,100,4
Spa,44,107.087,-117,827,199,0,100,5
Spa,44,107.087,-251,1029,214,0,100,5
Spa,44,107.087,-399,1253,226,0,100,5
Spa,55,107.152,-541,1466,245,0,100,6
Spa,55,107.152,-640,1616,252,0,100,6
Spa,55,107.152,-726,1746,259,0,100,6
Spa,55,107.152,-862,1951,265,0,100,6
Spa,55,107.152,-886,1988,267,0,100,6
Spa,55,107.152,-1035,2213,274,0,100,7
Spa,55,107.152,-1102,2314,277,0,100,7
Spa,55,107.152,-1256,2547,283,0,100,7
Spa,55,107.152,-1439,2823,286,0,100,7
Spa,55,107.152,-1509,2929,290,0,100,7
Spa,55,107.152,-1509,2929,292,0,100,7
Spa,55,107.152,-1715,3240,294,0,99,7
Spa,55,107.152,-1841,3430,294,100,6,7
Spa,55,107.152,-1910,3534,259,100,1,7
Spa,55,107.152,-2052,3750,206,100,0,7
Spa,55,107.152,-2108,3838,183,100,0,7
Spa,55,107.152,-2258,4110,133,100,0,7
Spa,55,107.152,-2291,4204,111,100,0,3
Spa,55,107.152,-2309,4317,96,100,0,2
Spa,55,107.152,-2306,4369,82,100,0,2
Spa,55,107.152,-2296,4417,76,100,0,2
Spa,55,107.152,-2286,4443,75,100,0,2
Spa,55,107.152,-2239,4504,70,100,0,2
Spa,55,107.152,-2239,4504,67,0,6,2
Spa,55,107.152,-2208,4524,66,0,21,2
Spa,55,107.152,-2159,4543,68,0,29,2
Spa,55,107.152,-2059,4544,70,0,36,2
Spa,55,107.152,-2021,4537,72,0,43,2
Spa,55,107.152,-1961,4522,81,0,46,2
Spa,55,107.152,-1961,4522,87,0,52,2
Spa,55,107.152,-1906,4504,94,0,56,2
Spa,55,107.152,-1836,4478,102,0,64,2
Spa,55,107.152,-1707,4422,110,0,75,3
Spa,55,107.152,-1707,4422,122,0,67,3
Spa,55,107.152,-1593,4367,134,0,65,3
Spa,55,107.152,-1503,4321,145,0,100,3
Spa,55,107.152,-1435,4287,161,0,99,3
Spa,55,107.152,-1250,4192,172,0,99,4
Spa,55,107.152,-1250,4192,182,0,99,4
Spa,55,107.152,-1130,4130,190,0,99,4
Spa,55,107.152,-1015,4072,199,0,99,4
Spa,55,107.152,-842,3983,214,0,99,5
Spa,55,107.152,-725,3920,221,0,99,5
Spa,55,107.152,-539,3817,236,0,99,5
Spa,55,107.152,-327,3689,243,0,99,6
Spa,55,107.152,-214,3615,246,0,99,6
Spa,55,107.152,-21,3481,251,0,99,6
Spa,55,107.152,-21,3481,253,0,100,6
Spa,55,107.152,239,3282,257,0,99,6
Spa,55,107.152,354,3190,262,0,99,6
Spa,55,107.152,500,3065,269,0,100,7
Spa,55,107.152,633,2941,274,0,99,7
Spa,55,107.152,972,2600,281,0,99,7
Spa,55,107.152,972,2600,281,0,99,7
Spa,55,107.152,1125,2442,284,0,99,7
Spa,55,107.152,1196,2368,287,0,99,7
Spa,55,107.152,1351,2204,292,0,99,7
Spa,55,107.152,1518,2027,294,0,99,7
Spa,55,107.152,1630,1907,296,0,99,8
Spa,55,107.152,1866,1653,299,0,99,8
Spa,55,107.152,1991,1517,301,0,99,8
Spa,55,107.152,2115,1381,302,0,99,8
Spa,55,107.152,2305,1164,306,0,99,8
Spa,55,107.152,2475,974,307,0,99,8
Spa,55,107.152,2579,861,309,0,99,8
Spa,55,107.152,2735,705,309,0,99,8
Spa,55,107.152,2837,617,310,0,99,8
Spa,55,107.152,3154,436,310,0,100,8
Spa,55,107.152,3371,323,311,0,100,8
Spa,55,107.152,3480,242,308,0,100,8
Spa,55,107.152,3774,-145,305,0,100,8
Spa,55,107.152,3774,-145,303,0,100,8
Spa,55,107.152,3844,-302,301,0,100,8
Spa,55,107.152,3922,-541,301,0,99,8
Spa,55,107.152,3966,-772,301,0,99,8
Spa,55,107.152,4019,-1068,303,0,99,8
Spa,55,107.152,4103,-1285,303,0,99,8
Spa,55,107.152,4103,-1285,304,0,99,8
Spa,55,107.152,4254,-1559,305,0,99,8
Spa,55,107.152,4345,-1704,305,0,99,8
Spa,55,107.152,4345,-1704,304,0,99,8
Spa,55,107.152,4633,-2124,307,0,99,8
Spa,55,107.152,4798,-2341,307,0,99,8
Spa,55,107.152,4880,-2451,308,0,99,8
Spa,55,107.152,5012,-2630,308,0,99,8
Spa,55,107.152,5012,-2630,308,0,99,8
Spa,55,107.152,5123,-2782,309,0,99,8
Spa,55,107.152,5324,-3061,310,0,99,8
Spa,55,107.152,5487,-3304,310,0,100,8
Spa,55,107.152,5525,-3362,310,0,100,8
Spa,55,107.152,5691,-3638,312,0,99,8
Spa,55,107.152,5790,-3822,314,0,99,8
Spa,55,107.152,5867,-3979,314,0,99,8
Spa,55,107.152,5867,-3979,317,0,99,8
Spa,55,107.152,6013,-4318,318,0,99,8
Spa,55,107.152,6119,-4620,320,0,99,8
Spa,55,107.152,6119,-4620,320,0,100,8
Spa,55,107.152,6220,-4925,321,0,99,8
Spa,55,107.152,6220,-4925,322,0,99,8
Spa,55,107.152,6338,-5282,324,0,99,8
Spa,55,107.152,6338,-5282,325,0,99,8
Spa,55,107.152,6469,-5676,326,0,100,8
Spa,55,107.152,6538,-5882,327,0,99,8
Spa,55,107.152,6646,-6207,328,0,99,8
Spa,55,107.152,6646,-6207,329,0,99,8
Spa,55,107.152,6779,-6607,329,0,99,8
Spa,55,107.152,6779,-6607,330,0,99,8
Spa,55,107.152,6832,-6763,332,0,99,8
Spa,55,107.152,6949,-7112,331,0,99,8
Spa,55,107.152,7025,-7339,332,0,99,8
Spa,55,107.152,7149,-7707,333,0,99,8
Spa,55,107.152,7190,-7830,334,0,99,8
Spa,55,107.152,7256,-8023,335,0,99,8
Spa,55,107.152,7315,-8200,334,0,99,8
Spa,55,107.152,7380,-8393,335,0,99,8
Spa,55,107.152,7446,-8587,336,0,99,8
Spa,55,107.152,7565,-8940,337,0,99,8
Spa,55,107.152,7684,-9294,336,0,99,8
Spa,55,107.152,7684,-9294,337,0,99,8
Spa,55,107.152,7749,-9489,337,0,99,8
Spa,55,107.152,7823,-9707,338,0,99,8
Spa,55,107.152,7823,-9707,338,0,99,8
Spa,55,107.152,7939,-10063,337,0,99,8
Spa,55,107.152,8016,-10294,337,0,99,8
Spa,55,107.152,8070,-10452,330,0,14,8
Spa,55,107.152,8121,-10599,299,100,6,8
Spa,55,107.152,8189,-10802,253,100,3,8
Spa,55,107.152,8229,-10929,217,100,1,8
Spa,55,107.152,8273,-11088,198,100,1,8
Spa,55,107.152,8312,-11317,179,100,1,7
Spa,55,107.152,8308,-11457,159,100,2,4
Spa,55,107.152,8275,-11583,147,100,3,4
Spa,55,107.152,8245,-11648,144,100,3,4
Spa,55,107.152,8159,-11769,138,0,29,4
Spa,55,107.152,8043,-11895,137,0,52,4
Spa,55,107.152,7947,-11997,142,0,71,4
Spa,55,107.152,7868,-12101,151,0,40,4
Spa,55,107.152,7868,-12101,149,0,50,4
Spa,55,107.152,7810,-12242,152,0,58,4
Spa,55,107.152,7790,-12413,153,0,63,4
Spa,55,107.152,7790,-12413,158,0,68,4
Spa,55,107.152,7803,-12555,164,0,70,4
Spa,55,107.152,7848,-12728,169,0,70,4
Spa,55,107.152,7954,-13011,186,0,99,4
Spa,55,107.152,7954,-13011,195,0,99,4
Spa,55,107.152,7997,-13135,195,0,100,4
Spa,55,107.152,8026,-13241,202,100,56,5
Spa,55,107.152,8046,-13393,200,100,49,5
Spa,55,107.152,8033,-13554,199,0,72,5
Spa,55,107.152,8033,-13554,202,0,73,5
Spa,55,107.152,7961,-13768,203,0,72,5
Spa,55,107.152,7838,-13961,208,0,75,5
Spa,55,107.152,7758,-14048,214,0,99,5
Spa,55,107.152,7596,-14177,221,0,99,5
Spa,55,107.152,7450,-14276,224,0,99,5
Spa,55,107.152,7289,-14384,235,0,99,6
Spa,55,107.152,7213,-14436,240,0,99,6
Spa,55,107.152,7001,-14584,246,0,99,6
Spa,55,107.152,6832,-14707,253,0,99,6
Spa,55,107.152,6696,-14808,257,0,99,6
Spa,55,107.152,6555,-14915,258,0,99,6
Spa,55,107.152,6360,-15065,261,0,99,7
Spa,55,107.152,6198,-15190,266,0,99,7
Spa,55,107.152,6035,-15318,268,100,100,7
Spa,55,107.152,5942,-15392,252,100,7,7
Spa,55,107.152,5779,-15508,252,100,5,7
Spa,55,107.152,5609,-15611,209,100,5,7
Spa,55,107.152,5521,-15660,192,100,5,7
Spa,55,107.152,5392,-15724,176,100,4,6
Spa,55,107.152,5298,-15758,162,100,6,5
Spa,55,107.152,5188,-15771,162,100,6,4
Spa,55,107.152,5023,-15743,147,100,10,4
Spa,55,107.152,4938,-15700,141,100,11,4
Spa,55,107.152,4866,-15642,137,100,17,4
Spa,55,107.152,4845,-15620,131,100,7,4
Spa,55,107.152,4838,-15611,127,100,0,4
Spa,55,107.152,4784,-15541,124,100,0,4
Spa,55,107.152,4757,-15489,114,100,5,4
Spa,55,107.152,4739,-15442,110,0,30,4
Spa,55,107.152,4721,-15344,109,100,16,4
Spa,55,107.152,4721,-15278,106,0,39,4
Spa,55,107.152,4730,-15212,108,0,45,4
Spa,55,107.152,4755,-15125,112,0,51,4
Spa,55,107.152,4781,-15066,118,0,59,4
Spa,55,107.152,4842,-14968,126,0,78,4
Spa,55,107.152,4905,-14894,139,0,80,4
Spa,55,107.152,5020,-14790,148,0,99,4
Spa,55,107.152,5078,-14746,168,0,99,4
Spa,55,107.152,5155,-14691,173,0,99,4
Spa,55,107.152,5387,-14557,194,0,99,4
Spa,55,107.152,5486,-14506,202,0,99,4
Spa,55,107.152,5486,-14506,207,0,99,5
Spa,55,107.152,5645,-14419,212,0,99,5
Spa,55,107.152,5645,-14419,213,100,38,5
Spa,55,107.152,5864,-14268,197,100,20,5
Spa,55,107.152,5985,-14143,193,100,19,5
Spa,55,107.152,6055,-14038,183,100,20,5
Spa,55,107.152,6105,-13909,174,0,29,5
Spa,55,107.152,6124,-13653,179,0,83,5
Spa,55,107.152,6105,-13521,184,0,69,5
Spa,55,107.152,6037,-13288,185,0,89,5
Spa,55,107.152,6037,-13288,196,0,100,5
Spa,55,107.152,5964,-13109,208,0,100,5
Spa,55,107.152,5899,-12956,217,0,100,5
Spa,55,107.152,5899,-12956,221,0,99,5
Spa,55,107.152,5803,-12726,225,0,99,5
Spa,55,107.152,5738,-12565,235,0,99,5
Spa,55,107.152,5738,-12565,240,0,99,6
Spa,55,107.152,5659,-12359,246,0,99,6
Spa,55,107.152,5659,-12359,250,0,99,6
Spa,55,107.152,5571,-12094,255,0,99,6
Spa,55,107.152,5571,-12094,256,0,99,6
Spa,55,107.152,5513,-11887,260,0,99,6
Spa,55,107.152,5498,-11831,265,0,99,6
Spa,55,107.152,5420,-11514,270,0,99,7
Spa,55,107.152,5420,-11514,274,0,99,7
Spa,55,107.152,5342,-11173,274,0,99,7
Spa,55,107.152,5274,-10853,284,0,99,7
Spa,55,107.152,5208,-10541,287,0,99,7
Spa,55,107.152,5175,-10383,291,0,99,7
Spa,55,107.152,5175,-10383,292,0,99,7
Spa,55,107.152,5116,-10112,293,0,100,7
Spa,55,107.152,5116,-10112,294,0,100,7
Spa,55,107.152,5073,-9920,296,0,99,7
Spa,55,107.152,4989,-9551,298,0,99,7
Spa,55,107.152,4893,-9265,298,100,72,7
Spa,55,107.152,4845,-9164,290,100,53,7
Spa,55,107.152,4845,-9164,288,0,53,7
Spa,55,107.152,4765,-9031,283,0,67,7
Spa,55,107.152,4625,-8864,282,0,65,7
Spa,55,107.152,4508,-8761,278,0,61,7
Spa,55,107.152,4313,-8640,275,0,71,7
Spa,55,107.152,3960,-8551,275,0,99,7
Spa,55,107.152,3691,-8537,276,0,99,7
Spa,55,107.152,3520,-8535,280,0,100,7
Spa,55,107.152,3365,-8541,281,0,99,7
Spa,55,107.152,3182,-8565,283,0,99,7
Spa,55,107.152,2961,-8636,285,0,99,7
Spa,55,107.152,2695,-8786,286,0,99,7
Spa,55,107.152,2549,-8896,288,0,99,7
Spa,55,107.152,2430,-9002,289,0,99,7
Spa,55,107.152,2299,-9144,291,0,99,7
Spa,55,107.152,2182,-9300,291,0,99,7
Spa,55,107.152,2049,-9524,293,0,99,8
Spa,55,107.152,1915,-9824,294,0,99,8
Spa,55,107.152,1915,-9824,295,0,99,8
Spa,55,107.152,1799,-10171,299,0,99,8
Spa,55,107.152,1729,-10393,300,0,99,8
Spa,55,107.152,1642,-10664,303,0,99,8
Spa,55,107.152,1560,-10920,303,0,99,8
Spa,55,107.152,1503,-11097,304,0,99,8
Spa,55,107.152,1457,-11242,304,0,99,8
Spa,55,107.152,1379,-11483,305,0,99,8
Spa,55,107.152,1271,-11821,305,0,99,8
Spa,55,107.152,1176,-12108,295,100,6,8
Spa,55,107.152,1096,-12320,254,100,3,8
Spa,55,107.152,1034,-12453,236,100,3,8
Spa,55,107.152,930,-12618,220,100,3,8
Spa,55,107.152,930,-12618,206,100,4,8
Spa,55,107.152,782,-12776,198,100,8,6
Spa,55,107.152,782,-12776,194,100,16,5
Spa,55,107.152,655,-12870,193,100,37,5
Spa,55,107.152,457,-12945,182,0,27,5
Spa,55,107.152,378,-12954,178,0,42,5
Spa,55,107.152,267,-12956,177,0,42,5
Spa,55,107.152,180,-12947,175,0,60,5
Spa,55,107.152,-38,-12871,175,0,71,5
Spa,55,107.152,-129,-12821,179,0,67,5
Spa,55,107.152,-235,-12764,186,0,100,5
Spa,55,107.152,-355,-12713,199,0,85,5
Spa,55,107.152,-355,-12713,201,0,76,5
Spa,55,107.152,-493,-12675,203,0,45,5
Spa,55,107.152,-745,-12675,197,100,28,5
Spa,55,107.152,-951,-12735,191,0,63,5
Spa,55,107.152,-1067,-12795,192,0,73,5
Spa,55,107.152,-1233,-12927,201,0,78,5
Spa,55,107.152,-1233,-12927,204,0,97,5
Spa,55,107.152,-1371,-13084,206,0,100,5
Spa,55,107.152,-1371,-13084,212,0,100,5
Spa,55,107.152,-1540,-13335,220,0,99,5
Spa,55,107.152,-1540,-13335,226,0,99,6
Spa,55,107.152,-1672,-13582,234,0,99,6
Spa,55,107.152,-1740,-13723,238,0,99,6
Spa,55,107.152,-1774,-13796,243,0,99,6
Spa,55,107.152,-1945,-14149,248,0,99,6
Spa,55,107.152,-2010,-14271,249,100,18,6
Spa,55,107.152,-2102,-14430,222,100,2,6
Spa,55,107.152,-2240,-14635,188,100,2,6
Spa,55,107.152,-2336,-14735,188,100,3,6
Spa,55,107.152,-2336,-14735,175,100,1,5
Spa,55,107.152,-2458,-14820,172,0,1,4
Spa,55,107.152,-2458,-14820,163,0,5,4
Spa,55,107.152,-2566,-14866,160,0,10,4
Spa,55,107.152,-2719,-14883,157,0,32,4
Spa,55,107.152,-2863,-14865,157,0,64,4
Spa,55,107.152,-2916,-14854,165,0,74,4
Spa,55,107.152,-3030,-14818,167,0,75,4
Spa,55,107.152,-3153,-14762,174,0,100,4
Spa,55,107.152,-3153,-14762,181,0,100,4
Spa,55,107.152,-3324,-14665,193,0,100,5
Spa,55,107.152,-3384,-14628,200,0,100,5
Spa,55,107.152,-3500,-14552,208,0,99,5
Spa,55,107.152,-3753,-14367,219,0,100,5
Spa,55,107.152,-3753,-14367,223,0,100,5
Spa,55,107.152,-3976,-14163,236,0,100,6
Spa,55,107.152,-4176,-13896,243,0,100,6
Spa,55,107.152,-4251,-13749,249,0,100,6
Spa,55,107.152,-4303,-13606,249,0,100,6
Spa,55,107.152,-4303,-13606,252,0,100,6
Spa,55,107.152,-4334,-13430,254,0,100,6
Spa,55,107.152,-4334,-13212,258,0,100,6
Spa,55,107.152,-4313,-13025,260,0,100,7
Spa,55,107.152,-4266,-12797,264,0,100,7
Spa,55,107.152,-4193,-12555,268,0,100,7
Spa,55,107.152,-4066,-12250,270,0,100,7
Spa,55,107.152,-4004,-12128,275,0,100,7
Spa,55,107.152,-4004,-12128,276,0,100,7
Spa,55,107.152,-3831,-11837,280,0,100,7
Spa,55,107.152,-3778,-11759,282,0,100,7
Spa,55,107.152,-3631,-11554,286,0,100,7
Spa,55,107.152,-3422,-11293,287,0,100,7
Spa,55,107.152,-3422,-11293,289,0,100,7
Spa,55,107.152,-3328,-11183,290,0,100,7
Spa,55,107.152,-3119,-10957,294,0,99,7
Spa,55,107.152,-2959,-10794,295,0,99,8
Spa,55,107.152,-2792,-10635,297,0,100,8
Spa,55,107.152,-2792,-10635,298,0,100,8
Spa,55,107.152,-2465,-10355,300,0,100,8
Spa,55,107.152,-2465,-10355,301,0,100,8
Spa,55,107.152,-2124,-10109,302,0,100,8
Spa,55,107.152,-2124,-10109,304,0,100,8
Spa,55,107.152,-1783,-9899,306,0,100,8
Spa,55,107.152,-1532,-9755,307,0,99,8
Spa,55,107.152,-1236,-9583,309,0,99,8
Spa,55,107.152,-1161,-9540,310,0,99,8
Spa,55,107.152,-982,-9436,312,0,99,8
Spa,55,107.152,-697,-9272,312,0,100,8
Spa,55,107.152,-579,-9201,313,0,100,8
Spa,55,107.152,-319,-9030,312,0,100,8
Spa,55,107.152,-319,-9030,312,0,100,8
Spa,55,107.152,29,-8746,314,0,100,8
Spa,55,107.152,130,-8649,314,0,99,8
Spa,55,107.152,130,-8649,315,0,99,8
Spa,55,107.152,393,-8345,314,0,99,8
Spa,55,107.152,512,-8172,314,0,99,8
Spa,55,107.152,618,-7991,313,0,99,8
Spa,55,107.152,740,-7758,314,0,99,8
Spa,55,107.152,801,-7631,314,0,99,8
Spa,55,107.152,859,-7504,314,0,99,8
Spa,55,107.152,998,-7182,315,0,99,8
Spa,55,107.152,1097,-6939,315,0,100,8
Spa,55,107.152,1097,-6939,316,0,99,8
Spa,55,107.152,1165,-6759,316,0,99,8
Spa,55,107.152,1237,-6544,316,0,99,8
Spa,55,107.152,1337,-6071,316,0,99,8
Spa,55,107.152,1337,-6071,315,0,99,8
Spa,55,107.152,1335,-5721,313,0,99,8
Spa,55,107.152,1335,-5721,314,0,99,8
Spa,55,107.152,1301,-5492,314,0,99,8
Spa,55,107.152,1249,-5311,311,0,99,8
Spa,55,107.152,1191,-5143,310,0,99,8
Spa,55,107.152,993,-4642,312,0,99,8
Spa,55,107.152,924,-4482,313,0,99,8
Spa,55,107.152,855,-4322,314,0,99,8
Spa,55,107.152,771,-4130,315,0,99,8
Spa,55,107.152,585,-3694,316,0,99,8
Spa,55,107.152,585,-3694,316,0,100,8
Spa,55,107.152,430,-3302,316,0,100,8
Spa,55,107.152,367,-3120,317,0,99,8
Spa,55,107.152,367,-3120,316,0,100,8
Spa,55,107.152,300,-2865,317,0,100,8
Spa,55,107.152,240,-2589,316,0,100,8
Spa,55,107.152,204,-2417,315,0,100,8
Spa,55,107.152,161,-2196,315,0,100,8
Spa,55,107.152,113,-1922,307,100,10,8
Spa,55,107.152,75,-1690,277,100,2,8
Spa,55,107.152,50,-1530,225,100,0,8
Spa,55,107.152,-2,-1156,178,100,0,8
Spa,55,107.152,-12,-1010,154,100,0,8
Spa,55,107.152,-12,-1010,127,100,0,5
Spa,55,107.152,-6,-855,117,100,0,3
Spa,55,107.152,0,-799,99,100,0,2
Spa,55,107.152,11,-748,93,100,0,2
Spa,55,107.152,34,-685,82,100,0,2
Spa,55,107.152,85,-611,78,100,0,2
Spa,55,107.152,85,-611,76,0,5,2
Spa,55,107.152,222,-554,69,0,12,2
Spa,55,107.152,222,-554,68,0,20,2
Spa,55,107.152,242,-553,69,0,34,2
Spa,55,107.152,330,-550,70,0,38,2
Spa,55,107.152,369,-545,77,0,46,2
Spa,55,107.152,369,-545,85,0,50,2
Spa,55,107.152,468,-509,79,100,2,2
Spa,55,107.152,519,-459,76,0,24,2
Spa,55,107.152,550,-366,72,0,20,2
Spa,55,107.152,551,-324,73,0,30,2
Spa,55,107.152,544,-263,74,0,39,2
Spa,55,107.152,529,-202,76,0,46,2
Spa,55,107.152,513,-156,85,0,57,2
Spa,55,107.152,480,-81,91,0,62,2
Spa,55,107.152,444,-15,99,0,61,2
Spa,55,107.152,416,29,111,0,75,3
Spa,55,107.152,349,132,124,0,76,3
Spa,55,107.152,296,212,134,0,79,3
Spa,55,107.152,296,212,143,0,100,3
Spa,55,107.152,187,370,154,0,100,3
Spa,55,107.152,156,416,159,0,99,4
Spa,55,107.152,86,519,174,0,99,4
Spa,55,107.152,86,519,187,0,99,4
Spa,55,107.152,-78,767,199,0,99,5
Spa,55,107.152,-147,872,209,0,99,5
Spa,55,107.152,-238,1010,223,0,99,5
Spa,55,107.152,-307,1113,229,0,99,5
Spa,55,107.152,-389,1237,233,0,99,6
Spa,63,107.805,-602,1559,236,0,100,6
Spa,63,107.805,-602,1559,241,0,100,6
Spa,63,107.805,-602,1559,244,0,100,6
Spa,63,107.805,-725,1745,253,0,100,6
Spa,63,107.805,-876,1972,260,0,100,7
Spa,63,107.805,-1123,2345,270,0,100,7
Spa,63,107.805,-1123,2345,273,0,100,7
Spa,63,107.805,-1224,2498,275,0,100,7
Spa,63,107.805,-1310,2628,280,0,100,7
Spa,63,107.805,-1431,2811,285,0,100,7
Spa,63,107.805,-1563,3010,288,0,100,7
Spa,63,107.805,-1563,3010,290,0,100,7
Spa,63,107.805,-1742,3280,293,0,100,7
Spa,63,107.805,-1909,3532,265,100,0,7
Spa,63,107.805,-1980,3641,216,100,0,7
Spa,63,107.805,-2094,3816,206,100,0,7
Spa,63,107.805,-2166,3933,178,100,0,5
Spa,63,107.805,-2227,4045,155,100,0,4
Spa,63,107.805,-2250,4093,141,100,0,4
Spa,63,107.805,-2294,4214,124,100,0,4
Spa,63,107.805,-2308,4302,107,100,0,4
Spa,63,107.805,-2306,4367,97,100,0,4
Spa,63,107.805,-2295,4422,91,100,0,4
Spa,63,107.805,-2256,4489,84,100,0,4
Spa,63,107.805,-2207,4526,77,100,0,4
Spa,63,107.805,-2152,4545,74,0,0,4
Spa,63,107.805,-2120,4549,68,0,0,4
Spa,63,107.805,-2067,4545,68,0,4,4
Spa,63,107.805,-2007,4534,67,0,15,4
Spa,63,107.805,-1973,4525,72,0,26,4
Spa,63,107.805,-1918,4508,74,0,39,4
Spa,63,107.805,-1872,4491,87,0,50,4
Spa,63,107.805,-1813,4468,94,0,57,4
Spa,63,107.805,-1711,4423,103,0,71,4
Spa,63,107.805,-1641,4390,116,0,82,4
Spa,63,107.805,-1566,4353,131,0,97,4
Spa,63,107.805,-1512,4326,135,0,100,4
Spa,63,107.805,-1456,4297,144,0,100,4
Spa,63,107.805,-1358,4247,153,0,100,4
Spa,63,107.805,-1286,4210,164,0,100,4
Spa,63,107.805,-1219,4176,178,0,100,4
Spa,63,107.805,-1090,4110,191,0,100,4
Spa,63,107.805,-985,4057,198,0,100,4
Spa,63,107.805,-875,4000,206,0,100,5
Spa,63,107.805,-719,3918,213,0,100,5
Spa,63,107.805,-612,3859,223,0,100,5
Spa,63,107.805,-426,3750,229,0,100,6
Spa,63,107.805,-282,3660,237,0,100,6
Spa,63,107.805,-72,3517,237,0,100,6
Spa,63,107.805,18,3452,252,0,100,6
Spa,63,107.805,131,3367,256,0,100,7
Spa,63,107.805,424,3131,264,0,100,7
Spa,63,107.805,536,3033,267,0,100,7
Spa,63,107.805,536,3033,271,0,100,7
Spa,63,107.805,754,2823,274,0,100,7
Spa,63,107.805,754,2823,274,0,100,7
Spa,63,107.805,1003,2569,283,0,100,7
Spa,63,107.805,1163,2402,286,0,100,8
Spa,63,107.805,1295,2263,288,0,100,8
Spa,63,107.805,1450,2099,291,0,100,8
Spa,63,107.805,1740,1788,295,0,100,8
Spa,63,107.805,1887,1631,298,0,100,8
Spa,63,107.805,2146,1347,298,0,100,8
Spa,63,107.805,2146,1347,302,0,100,8
Spa,63,107.805,2334,1131,304,0,100,8
Spa,63,107.805,2493,954,306,0,100,8
Spa,63,107.805,2493,954,306,0,100,8
Spa,63,107.805,2729,711,308,0,100,8
Spa,63,107.805,2908,565,308,0,100,8
Spa,63,107.805,2908,565,308,0,100,8
Spa,63,107.805,3189,421,309,0,100,8
Spa,63,107.805,3189,421,309,0,100,8
Spa,63,107.805,3479,243,308,0,100,8
Spa,63,107.805,3479,243,307,0,100,8
Spa,63,107.805,3651,63,306,0,100,8
Spa,63,107.805,3689,7,304,0,100,8
Spa,63,107.805,3855,-330,301,0,100,8
Spa,63,107.805,3855,-330,299,0,100,8
Spa,63,107.805,3955,-699,299,0,100,8
Spa,63,107.805,4013,-1045,299,0,100,8
Spa,63,107.805,4140,-1359,300,0,100,8
Spa,63,107.805,4227,-1513,300,0,100,8
Spa,63,107.805,4227,-1513,300,0,100,8
Spa,63,107.805,4378,-1756,301,0,100,8
Spa,63,107.805,4378,-1756,301,0,100,8
Spa,63,107.805,4488,-1924,302,0,100,8
Spa,63,107.805,4718,-2235,303,0,100,8
Spa,63,107.805,4921,-2506,305,0,100,8
Spa,63,107.805,4991,-2602,305,0,100,8
Spa,63,107.805,4991,-2602,305,0,100,8
Spa,63,107.805,5091,-2739,306,0,100,8
Spa,63,107.805,5231,-2931,307,0,100,8
Spa,63,107.805,5330,-3070,307,0,100,8
Spa,63,107.805,5473,-3282,307,0,100,8
Spa,63,107.805,5686,-3629,309,0,100,8
Spa,63,107.805,5823,-3887,309,0,100,8
Spa,63,107.805,5904,-4059,312,0,100,8
Spa,63,107.805,5973,-4219,313,0,100,8
Spa,63,107.805,6048,-4414,314,0,100,8
Spa,63,107.805,6133,-4663,316,0,100,8
Spa,63,107.805,6239,-4982,319,0,100,8
Spa,63,107.805,6311,-5200,320,0,100,8
Spa,63,107.805,6368,-5369,321,0,100,8
Spa,63,107.805,6435,-5573,322,0,100,8
Spa,63,107.805,6503,-5777,323,0,100,8
Spa,63,107.805,6594,-6051,325,0,100,8
Spa,63,107.805,6708,-6395,325,0,100,8
Spa,63,107.805,6708,-6395,326,0,100,8
Spa,63,107.805,6835,-6773,326,0,100,8
Spa,63,107.805,6916,-7014,328,0,100,8
Spa,63,107.805,7015,-7308,329,0,100,8
Spa,63,107.805,7108,-7586,330,0,100,8
Spa,63,107.805,7173,-7777,331,0,100,8
Spa,63,107.805,7225,-7934,331,0,100,8
Spa,63,107.805,7290,-8125,332,0,100,8
Spa,63,107.805,7414,-8492,332,0,100,8
Spa,63,107.805,7519,-8806,331,0,100,8
Spa,63,107.805,7607,-9067,331,0,100,8
Spa,63,107.805,7671,-9258,328,0,100,8
Spa,63,107.805,7765,-9534,328,0,100,8
Spa,63,107.805,7765,-9534,328,0,100,8
Spa,63,107.805,7869,-9848,328,0,100,8
Spa,63,107.805,7869,-9848,327,0,100,8
Spa,63,107.805,7957,-10117,327,0,100,8
Spa,63,107.805,8078,-10477,326,0,100,8
Spa,63,107.805,8124,-10608,316,100,76,8
Spa,63,107.805,8179,-10772,268,100,0,8
Spa,63,107.805,8218,-10892,241,100,0,8
Spa,63,107.805,8291,-11166,218,100,0,8
Spa,63,107.805,8307,-11266,192,100,0,7
Spa,63,107.805,8313,-11384,178,100,0,4
Spa,63,107.805,8303,-11486,161,100,0,4
Spa,63,107.805,8303,-11486,157,100,0,4
Spa,63,107.805,8274,-11586,145,100,0,4
Spa,63,107.805,8192,-11727,138,0,3,4
Spa,63,107.805,8093,-11843,135,0,14,4
Spa,63,107.805,8030,-11908,133,0,38,4
Spa,63,107.805,7930,-12017,144,0,76,4
Spa,63,107.805,7930,-12017,149,0,60,4
Spa,63,107.805,7849,-12136,148,0,32,4
Spa,63,107.805,7849,-12136,147,0,30,4
Spa,63,107.805,7795,-12327,145,0,36,4
Spa,63,107.805,7795,-12327,145,0,45,4
Spa,63,107.805,7797,-12510,150,0,69,4
Spa,63,107.805,7816,-12613,158,0,76,4
Spa,63,107.805,7830,-12665,163,0,78,4
Spa,63,107.805,7912,-12900,172,0,100,4
Spa,63,107.805,7947,-12994,181,0,100,4
Spa,63,107.805,7996,-13132,192,0,100,4
Spa,63,107.805,8044,-13363,197,0,50,4
Spa,63,107.805,8040,-13514,195,0,45,5
Spa,63,107.805,8040,-13514,195,0,76,5
Spa,63,107.805,7994,-13690,199,0,74,5
Spa,63,107.805,7994,-13690,200,0,67,5
Spa,63,107.805,7932,-13823,201,0,65,5
Spa,63,107.805,7815,-13988,201,0,72,5
Spa,63,107.805,7681,-14113,207,0,100,5
Spa,63,107.805,7624,-14156,212,0,100,5
Spa,63,107.805,7493,-14247,217,0,100,5
Spa,63,107.805,7348,-14345,221,0,100,5
Spa,63,107.805,7348,-14345,228,0,100,6
Spa,63,107.805,7144,-14484,238,0,100,6
Spa,63,107.805,7067,-14537,241,0,100,6
Spa,63,107.805,6935,-14631,244,0,100,6
Spa,63,107.805,6644,-14848,251,0,100,6
Spa,63,107.805,6644,-14848,256,0,100,7
Spa,63,107.805,6359,-15066,263,0,100,7
Spa,63,107.805,6068,-15293,267,0,100,7
Spa,63,107.805,5926,-15404,270,0,100,7
Spa,63,107.805,5799,-15495,261,100,61,7
Spa,63,107.805,5799,-15495,248,100,0,7
Spa,63,107.805,5659,-15582,224,100,0,7
Spa,63,107.805,5512,-15665,198,100,0,6
Spa,63,107.805,5394,-15723,180,100,0,5
Spa,63,107.805,5259,-15766,165,100,0,4
Spa,63,107.805,5113,-15764,148,100,0,4
Spa,63,107.805,4955,-15710,144,100,0,3
Spa,63,107.805,4900,-15672,132,100,0,3
Spa,63,107.805,4900,-15672,128,100,0,3
Spa,63,107.805,4830,-15601,123,0,0,3
Spa,63,107.805,4805,-15571,118,0,0,3
Spa,63,107.805,4754,-15483,114,0,0,3
Spa,63,107.805,4722,-15356,113,0,4,3
Spa,63,107.805,4722,-15356,112,0,46,3
Spa,63,107.805,4720,-15298,118,0,59,3
Spa,63,107.805,4739,-15170,130,0,69,3
Spa,63,107.805,4776,-15073,133,0,73,3
Spa,63,107.805,4833,-14978,142,0,62,3
Spa,63,107.805,4833,-14978,146,0,59,3
Spa,63,107.805,4985,-14819,153,0,72,3
Spa,63,107.805,4985,-14819,159,0,79,3
Spa,63,107.805,5174,-14679,173,0,100,4
Spa,63,107.805,5174,-14679,181,0,100,4
Spa,63,107.805,5382,-14560,196,0,100,4
Spa,63,107.805,5549,-14473,203,0,100,5
Spa,63,107.805,5738,-14361,210,100,35,5
Spa,63,107.805,5785,-14329,203,100,23,5
Spa,63,107.805,5887,-14247,190,100,21,4
Spa,63,107.805,6016,-14101,187,0,21,4
Spa,63,107.805,6057,-14032,182,0,18,4
Spa,63,107.805,6114,-13865,178,0,51,4
Spa,63,107.805,6114,-13865,182,0,63,4
Spa,63,107.805,6118,-13598,183,0,61,4
Spa,63,107.805,6103,-13515,189,0,77,4
Spa,63,107.805,6103,-13515,192,0,100,4
Spa,63,107.805,6030,-13272,202,0,100,5
Spa,63,107.805,5978,-13142,209,0,100,5
Spa,63,107.805,5921,-13009,216,0,100,5
Spa,63,107.805,5849,-12836,229,0,100,6
Spa,63,107.805,5809,-12741,234,0,100,6
Spa,63,107.805,5770,-12644,240,0,100,6
Spa,63,107.805,5671,-12391,245,0,100,6
Spa,63,107.805,5603,-12195,249,0,100,6
Spa,63,107.805,5603,-12195,253,0,100,7
Spa,63,107.805,5557,-12046,259,0,100,7
Spa,63,107.805,5507,-11864,264,0,100,7
Spa,63,107.805,5407,-11459,268,0,100,7
Spa,63,107.805,5407,-11459,272,0,100,7
Spa,63,107.805,5339,-11160,275,0,100,7
Spa,63,107.805,5339,-11160,279,0,100,7
Spa,63,107.805,5297,-10961,279,0,100,7
Spa,63,107.805,5264,-10808,285,0,100,7
Spa,63,107.805,5231,-10652,287,0,100,7
Spa,63,107.805,5127,-10164,291,0,100,7
Spa,63,107.805,5092,-10006,294,0,100,7
Spa,63,107.805,5057,-9846,294,0,100,7
Spa,63,107.805,5014,-9655,294,0,100,7
Spa,63,107.805,4882,-9242,292,0,53,7
Spa,63,107.805,4882,-9242,287,0,46,7
Spa,63,107.805,4687,-8930,279,0,45,7
Spa,63,107.805,4569,-8812,274,0,51,7
Spa,63,107.805,4569,-8812,269,0,51,7
Spa,63,107.805,4390,-8682,266,0,76,7
Spa,63,107.805,4179,-8588,267,0,98,7
Spa,63,107.805,4032,-8559,270,0,100,7
Spa,63,107.805,3783,-8540,271,0,100,7
Spa,63,107.805,3539,-8535,273,0,100,7
Spa,63,107.805,3311,-8547,275,0,100,7
Spa,63,107.805,3132,-8577,278,0,100,7
Spa,63,107.805,2622,-8838,282,0,100,7
Spa,63,107.805,2406,-9026,285,0,100,8
Spa,63,107.805,2406,-9026,287,0,100,8
Spa,63,107.805,2175,-9312,288,0,100,8
Spa,63,107.805,2090,-9449,290,0,100,8
Spa,63,107.805,2015,-9594,292,0,100,8
Spa,63,107.805,1923,-9803,293,0,100,8
Spa,63,107.805,1812,-10130,295,0,100,8
Spa,63,107.805,1812,-10130,296,0,100,8
Spa,63,107.805,1616,-10745,298,0,100,8
Spa,63,107.805,1616,-10745,300,0,100,8
Spa,63,107.805,1591,-10824,300,0,100,8
Spa,63,107.805,1479,-11174,300,0,100,8
Spa,63,107.805,1432,-11317,301,0,100,8
Spa,63,107.805,1432,-11317,301,0,100,8
Spa,63,107.805,1304,-11717,302,0,100,8
Spa,63,107.805,1232,-11940,302,0,100,8
Spa,63,107.805,1105,-12297,261,100,0,8
Spa,63,107.805,1049,-12423,244,100,0,7
Spa,63,107.805,951,-12589,214,100,0,6
Spa,63,107.805,840,-12720,207,100,0,6
Spa,63,107.805,753,-12800,184,100,0,5
Spa,63,107.805,616,-12891,176,100,0,5
Spa,63,107.805,495,-12935,170,100,0,5
Spa,63,107.805,414,-12950,165,0,23,5
Spa,63,107.805,239,-12953,162,0,47,5
Spa,63,107.805,123,-12934,165,0,61,5
Spa,63,107.805,123,-12934,165,0,62,5
Spa,63,107.805,-77,-12850,168,0,74,5
Spa,63,107.805,-129,-12821,175,0,100,5
Spa,63,107.805,-246,-12759,182,0,100,5
Spa,63,107.805,-246,-12759,188,0,100,5
Spa,63,107.805,-525,-12670,195,0,67,5
Spa,63,107.805,-642,-12665,195,0,67,5
Spa,63,107.805,-782,-12682,195,104,67,5
Spa,63,107.805,-887,-12710,195,104,67,5
Spa,63,107.805,-1118,-12829,195,104,104,5
Spa,63,107.805,-1161,-12862,195,104,104,5
Spa,63,107.805,-1424,-13157,195,104,104,5
Spa,63,107.805,-1505,-13277,216,0,100,5
Spa,63,107.805,-1604,-13450,224,0,100,6
Spa,63,107.805,-1708,-13656,232,0,100,6
Spa,63,107.805,-1792,-13836,239,0,100,6
Spa,63,107.805,-1853,-13963,244,0,100,6
Spa,63,107.805,-1970,-14198,248,0,100,6
Spa,63,107.805,-2106,-14436,247,0,9,6
Spa,63,107.805,-2218,-14607,247,0,9,6
Spa,63,107.805,-2218,-14607,247,0,9,6
Spa,63,107.805,-2427,-14803,173,100,0,4
Spa,63,107.805,-2484,-14833,166,0,5,4
Spa,63,107.805,-2609,-14876,157,0,23,4
Spa,63,107.805,-2854,-14867,155,0,37,4
Spa,63,107.805,-2991,-14831,157,0,61,4
Spa,63,107.805,-2991,-14831,160,0,62,4
Spa,63,107.805,-3092,-14791,162,0,78,4
Spa,63,107.805,-3178,-14749,172,0,100,4
Spa,63,107.805,-3282,-14690,183,0,100,4
Spa,63,107.805,-3369,-14636,187,0,100,4
Spa,63,107.805,-3561,-14507,202,0,100,5
Spa,63,107.805,-3654,-14443,209,0,100,5
Spa,63,107.805,-3741,-14377,219,0,100,5
Spa,63,107.805,-3883,-14255,225,0,100,6
Spa,63,107.805,-3883,-14255,230,0,100,6
Spa,63,107.805,-4084,-14034,237,0,100,6
Spa,63,107.805,-4084,-14034,241,0,100,6
Spa,63,107.805,-4186,-13877,246,0,100,6
Spa,63,107.805,-4305,-13600,247,0,100,6
Spa,63,107.805,-4305,-13600,251,0,100,6
Spa,63,107.805,-4333,-13438,253,0,100,7
Spa,63,107.805,-4337,-13308,257,0,100,7
Spa,63,107.805,-4156,-12456,261,0,100,7
Spa,63,107.805,-4156,-12456,263,0,100,7
Spa,63,107.805,-4156,-12456,267,0,100,7
Spa,63,107.805,-4046,-12209,269,0,100,7
Spa,63,107.805,-3930,-11995,273,0,100,7
Spa,63,107.805,-3744,-11710,278,0,100,7
Spa,63,107.805,-3744,-11710,280,0,100,7
Spa,63,107.805,-3662,-11596,283,0,100,8
Spa,63,107.805,-3528,-11422,282,0,100,8
Spa,63,107.805,-3438,-11311,286,0,100,8
Spa,63,107.805,-3226,-11070,289,0,100,8
Spa,63,107.805,-3025,-10860,291,0,100,8
Spa,63,107.805,-2885,-10723,291,0,100,8
Spa,63,107.805,-2754,-10600,291,0,100,8
Spa,63,107.805,-2594,-10461,291,0,100,8
Spa,63,107.805,-2443,-10337,291,104,104,8
Spa,63,107.805,-2190,-10153,302,0,100,8
Spa,63,107.805,-1948,-9996,303,0,100,8
Spa,63,107.805,-1666,-9832,304,0,100,8
Spa,63,107.805,-1490,-9731,305,0,100,8
Spa,63,107.805,-1328,-9637,307,0,100,8
Spa,63,107.805,-1122,-9517,307,0,100,8
Spa,63,107.805,-944,-9414,308,0,100,8
Spa,63,107.805,-559,-9189,310,0,100,8
Spa,63,107.805,-400,-9087,310,0,100,8
Spa,63,107.805,-205,-8946,311,0,100,8
Spa,63,107.805,-205,-8946,312,0,100,8
Spa,63,107.805,6,-8768,312,0,100,8
Spa,63,107.805,82,-8696,312,0,100,8
Spa,63,107.805,485,-8214,312,0,100,8
Spa,63,107.805,540,-8125,312,0,100,8
Spa,63,107.805,677,-7882,312,0,100,8
Spa,63,107.805,763,-7711,311,0,100,8
Spa,63,107.805,949,-7299,312,0,100,8
Spa,63,107.805,949,-7299,313,0,100,8
Spa,63,107.805,1030,-7106,313,0,100,8
Spa,63,107.805,1088,-6961,314,0,100,8
Spa,63,107.805,1088,-6961,314,0,100,8
Spa,63,107.805,1088,-6961,314,0,100,8
Spa,63,107.805,1339,-6049,313,0,100,8
Spa,63,107.805,1339,-6049,314,0,100,8
Spa,63,107.805,1322,-5614,312,0,100,8
Spa,63,107.805,1265,-5365,311,0,100,8
Spa,63,107.805,1132,-4985,310,0,100,8
Spa,63,107.805,1132,-4985,309,0,100,8
Spa,63,107.805,1036,-4745,309,0,100,8
Spa,63,107.805,818,-4236,311,0,100,8
Spa,63,107.805,666,-3886,313,0,100,8
Spa,63,107.805,552,-3613,312,0,100,8
Spa,63,107.805,481,-3436,312,0,100,8
Spa,63,107.805,385,-3176,312,0,100,8
Spa,63,107.805,385,-3176,312,0,100,8
Spa,63,107.805,331,-2996,312,0,100,8
Spa,63,107.805,240,-2588,311,0,100,8
Spa,63,107.805,201,-2402,311,0,100,8
Spa,63,107.805,160,-2189,310,0,100,8
Spa,63,107.805,160,-2189,309,0,100,8
Spa,63,107.805,127,-2003,308,0,48,8
Spa,63,107.805,58,-1585,265,100,0,8
Spa,63,107.805,58,-1585,237,100,0,8
Spa,63,107.805,26,-1373,214,100,0,8
Spa,63,107.805,26,-1373,202,100,0,7
Spa,63,107.805,5,-1223,163,100,0,6
Spa,63,107.805,-5,-1129,140,100,0,5
Spa,63,107.805,-12,-1005,129,100,0,3
Spa,63,107.805,-8,-875,111,100,0,2
Spa,63,107.805,8,-759,98,100,0,2
Spa,63,107.805,44,-665,83,100,0,2
Spa,63,107.805,101,-597,77,100,0,2
Spa,63,107.805,142,-574,68,0,0,2
Spa,63,107.805,230,-554,66,0,15,2
Spa,63,107.805,303,-552,67,0,27,2
Spa,63,107.805,358,-547,72,0,45,2
Spa,63,107.805,411,-535,83,0,39,2
Spa,63,107.805,464,-511,83,0,0,3
Spa,63,107.805,515,-467,78,0,0,3
Spa,63,107.805,538,-419,74,100,0,3
Spa,63,107.805,548,-379,71,0,0,3
Spa,63,107.805,549,-303,71,0,12,3
Spa,63,107.805,549,-303,70,0,17,3
Spa,63,107.805,546,-276,73,0,29,3
Spa,63,107.805,522,-181,78,0,44,3
Spa,63,107.805,522,-181,81,0,46,3
Spa,63,107.805,507,-141,86,0,54,3
Spa,63,107.805,462,-47,97,0,59,3
Spa,63,107.805,462,-47,103,0,62,3
Spa,63,107.805,430,6,111,0,67,3
Spa,63,107.805,330,162,125,0,81,3
Spa,63,107.805,330,162,134,0,98,3
Spa,63,107.805,195,359,154,0,100,3
Spa,63,107.805,195,359,163,0,100,3
Spa,63,107.805,148,428,172,0,100,3
Spa,63,107.805,32,601,185,0,100,4
Spa,63,107.805,-56,735,197,0,100,4
Spa,63,107.805,-163,896,204,0,100,5
Spa,63,107.805,-202,955,217,0,100,5
Spa,63,107.805,-282,1076,222,0,100,5
Spa,63,107.805,-379,1222,228,0,100,6
Spa,63,107.805,-379,1222,231,0,100,6
Spa,77,114.694,-590,1542,235,0,100,6
Spa,77,114.694,-590,1542,240,0,100,6
Spa,77,114.694,-688,1689,240,0,100,6
Spa,77,114.694,-787,1839,248,0,100,6
Spa,77,114.694,-937,2064,255,0,100,6
Spa,77,114.694,-937,2064,258,0,100,6
Spa,77,114.694,-1001,2161,258,0,100,6
Spa,77,114.694,-1001,2161,263,0,100,6
Spa,77,114.694,-1001,2161,268,0,100,7
Spa,77,114.694,-1422,2797,270,0,100,7
Spa,77,114.694,-1422,2797,276,0,100,7
Spa,77,114.694,-1644,3132,279,0,100,7
Spa,77,114.694,-1644,3132,280,100,15,7
Spa,77,114.694,-1727,3258,262,100,0,7
Spa,77,114.694,-1846,3437,244,100,0,7
Spa,77,114.694,-2084,3800,173,100,0,7
Spa,77,114.694,-2117,3853,157,100,0,7
Spa,77,114.694,-2221,4034,133,100,0,4
Spa,77,114.694,-2221,4034,122,100,0,3
Spa,77,114.694,-2284,4179,107,100,0,3
Spa,77,114.694,-2303,4256,95,100,0,3
Spa,77,114.694,-2308,4324,88,100,0,3
Spa,77,114.694,-2306,4364,85,100,0,3
Spa,77,114.694,-2294,4424,80,100,0,3
Spa,77,114.694,-2254,4489,76,100,0,3
Spa,77,114.694,-2224,4515,73,100,0,3
Spa,77,114.694,-2182,4536,71,0,0,3
Spa,77,114.694,-2122,4548,67,0,6,3
Spa,77,114.694,-2065,4545,68,0,7,3
Spa,77,114.694,-2006,4534,72,0,17,3
Spa,77,114.694,-1883,4495,74,0,23,3
Spa,77,114.694,-1862,4487,80,0,36,3
Spa,77,114.694,-1814,4468,85,0,49,3
Spa,77,114.694,-1772,4451,92,0,55,3
Spa,77,114.694,-1640,4390,103,0,67,3
Spa,77,114.694,-1640,4390,112,0,72,3
Spa,77,114.694,-1467,4303,128,0,83,3
Spa,77,114.694,-1467,4303,139,0,100,3
Spa,77,114.694,-1337,4236,145,0,100,3
Spa,77,114.694,-1256,4195,172,0,100,4
Spa,77,114.694,-1178,4155,181,0,100,4
Spa,77,114.694,-953,4040,191,0,100,4
Spa,77,114.694,-953,4040,193,0,100,4
Spa,77,114.694,-874,3999,210,0,100,5
Spa,77,114.694,-696,3905,216,0,100,5
Spa,77,114.694,-632,3870,220,0,100,5
Spa,77,114.694,-459,3770,223,0,100,5
Spa,77,114.694,-337,3695,234,0,100,6
Spa,77,114.694,-181,3593,240,0,100,6
Spa,77,114.694,-102,3539,245,0,100,6
Spa,77,114.694,21,3450,250,0,100,6
Spa,77,114.694,156,3348,255,0,100,6
Spa,77,114.694,360,3185,257,0,100,6
Spa,77,114.694,360,3185,262,0,100,7
Spa,77,114.694,538,3031,269,0,100,7
Spa,77,114.694,626,2948,271,0,100,7
Spa,77,114.694,864,2711,276,0,100,7
Spa,77,114.694,1071,2498,282,0,100,7
Spa,77,114.694,1179,2385,284,0,100,7
Spa,77,114.694,1179,2385,287,0,100,7
Spa,77,114.694,1422,2129,290,0,100,7
Spa,77,114.694,1489,2058,292,0,100,7
Spa,77,114.694,1645,1891,297,0,100,8
Spa,77,114.694,1837,1685,299,0,100,8
Spa,77,114.694,2039,1463,302,0,100,8
Spa,77,114.694,2308,1160,304,0,100,8
Spa,77,114.694,2308,1160,306,0,100,8
Spa,77,114.694,2490,958,307,0,100,8
Spa,77,114.694,2606,833,308,0,100,8
Spa,77,114.694,2776,668,309,0,100,8
Spa,77,114.694,2946,541,309,0,100,8
Spa,77,114.694,3116,454,308,0,100,8
Spa,77,114.694,3324,352,308,100,86,8
Spa,77,114.694,3484,238,302,100,48,8
Spa,77,114.694,3743,-84,289,100,49,8
Spa,77,114.694,3812,-227,280,100,50,8
Spa,77,114.694,3812,-227,279,0,100,8
Spa,77,114.694,3885,-417,279,0,100,8
Spa,77,114.694,3957,-719,281,0,100,8
Spa,77,114.694,3978,-860,281,0,100,8
Spa,77,114.694,4040,-1135,283,0,100,8
Spa,77,114.694,4040,-1135,284,0,75,8
Spa,77,114.694,4239,-1534,281,0,95,8
Spa,77,114.694,4340,-1697,284,0,100,8
Spa,77,114.694,4443,-1857,286,0,100,8
Spa,77,114.694,4552,-2015,288,0,100,8
Spa,77,114.694,4658,-2157,290,0,100,8
Spa,77,114.694,4658,-2157,290,0,100,8
Spa,77,114.694,4923,-2508,293,0,100,8
Spa,77,114.694,4923,-2508,296,0,100,8
Spa,77,114.694,5059,-2694,295,0,100,8
Spa,77,114.694,5059,-2694,296,0,100,8
Spa,77,114.694,5253,-2961,297,0,100,8
Spa,77,114.694,5386,-3152,299,0,100,8
Spa,77,114.694,5386,-3152,301,0,100,8
Spa,77,114.694,5533,-3375,301,0,100,8
Spa,77,114.694,5604,-3489,303,0,100,8
Spa,77,114.694,5816,-3872,303,0,100,8
Spa,77,114.694,5816,-3872,304,0,100,8
Spa,77,114.694,5995,-4273,305,0,100,8
Spa,77,114.694,6099,-4561,305,0,100,8
Spa,77,114.694,6099,-4561,306,0,100,8
Spa,77,114.694,6147,-4706,307,0,100,8
Spa,77,114.694,6217,-4916,307,0,100,8
Spa,77,114.694,6281,-5110,307,0,100,8
Spa,77,114.694,6324,-5240,308,0,100,8
Spa,77,114.694,6400,-5467,309,0,100,8
Spa,77,114.694,6470,-5679,310,0,100,8
Spa,77,114.694,6563,-5957,309,0,100,8
Spa,77,114.694,6649,-6218,310,0,100,8
Spa,77,114.694,6704,-6382,311,0,100,8
Spa,77,114.694,6764,-6562,311,0,100,8
Spa,77,114.694,6764,-6562,312,0,100,8
Spa,77,114.694,6814,-6710,312,0,100,8
Spa,77,114.694,6924,-7039,312,0,100,8
Spa,77,114.694,6924,-7039,312,0,100,8
Spa,77,114.694,6985,-7220,313,0,100,8
Spa,77,114.694,6985,-7220,314,0,100,8
Spa,77,114.694,7336,-8263,315,0,100,8
Spa,77,114.694,7336,-8263,315,0,100,8
Spa,77,114.694,7336,-8263,315,0,100,8
Spa,77,114.694,7415,-8496,316,0,100,8
Spa,77,114.694,7476,-8678,315,0,100,8
Spa,77,114.694,7549,-8894,315,0,100,8
Spa,77,114.694,7588,-9009,315,0,100,8
Spa,77,114.694,7699,-9341,315,0,100,8
Spa,77,114.694,7699,-9341,315,0,100,8
Spa,77,114.694,7942,-10073,314,100,100,8
Spa,77,114.694,8045,-10380,286,100,0,8
Spa,77,114.694,8114,-10579,243,100,0,8
Spa,77,114.694,8178,-10769,220,100,0,8
Spa,77,114.694,8244,-10979,197,100,0,7
Spa,77,114.694,8258,-11027,177,100,0,5
Spa,77,114.694,8291,-11170,158,100,0,5
Spa,77,114.694,8309,-11288,150,100,0,4
Spa,77,114.694,8310,-11428,147,100,0,4
Spa,77,114.694,8310,-11428,143,100,0,4
Spa,77,114.694,8278,-11573,139,100,0,4
Spa,77,114.694,8278,-11573,136,100,0,4
Spa,77,114.694,8252,-11632,131,0,0,4
Spa,77,114.694,8199,-11717,127,0,0,4
Spa,77,114.694,8098,-11837,125,0,35,4
Spa,77,114.694,8039,-11899,127,0,48,4
Spa,77,114.694,7990,-11951,128,0,64,4
Spa,77,114.694,7944,-12000,134,0,64,4
Spa,77,114.694,7888,-12072,141,100,16,4
Spa,77,114.694,7815,-12225,138,100,0,4
Spa,77,114.694,7795,-12334,133,0,31,4
Spa,77,114.694,7795,-12334,133,0,48,4
Spa,77,114.694,7791,-12418,135,0,56,4
Spa,77,114.694,7797,-12510,141,0,60,4
Spa,77,114.694,7820,-12630,143,0,68,4
Spa,77,114.694,7820,-12630,148,0,69,4
Spa,77,114.694,7882,-12822,161,0,85,4
Spa,77,114.694,7930,-12946,173,0,100,4
Spa,77,114.694,8006,-13164,182,0,100,4
Spa,77,114.694,8006,-13164,184,100,22,4
Spa,77,114.694,8045,-13391,174,0,9,4
Spa,77,114.694,8043,-13484,171,0,39,4
Spa,77,114.694,8032,-13557,170,0,55,4
Spa,77,114.694,7973,-13740,172,0,63,4
Spa,77,114.694,7938,-13810,175,0,83,4
Spa,77,114.694,7938,-13810,178,0,78,4
Spa,77,114.694,7809,-13994,188,0,100,4
Spa,77,114.694,7708,-14091,198,0,100,4
Spa,77,114.694,7618,-14160,201,0,100,5
Spa,77,114.694,7393,-14315,213,0,100,5
Spa,77,114.694,7393,-14315,219,0,100,5
Spa,77,114.694,7290,-14384,223,0,100,5
Spa,77,114.694,7207,-14440,230,0,100,5
Spa,77,114.694,7059,-14543,234,0,100,6
Spa,77,114.694,6754,-14765,242,0,100,6
Spa,77,114.694,6754,-14765,245,0,100,6
Spa,77,114.694,6677,-14823,249,0,100,6
Spa,77,114.694,6677,-14823,253,0,100,6
Spa,77,114.694,6435,-15007,258,0,100,6
Spa,77,114.694,6310,-15104,261,0,100,6
Spa,77,114.694,6080,-15283,263,0,100,6
Spa,77,114.694,5920,-15408,246,100,0,6
Spa,77,114.694,5726,-15541,216,100,0,6
Spa,77,114.694,5602,-15614,189,100,0,6
Spa,77,114.694,5530,-15655,167,100,0,5
Spa,77,114.694,5506,-15668,157,100,0,4
Spa,77,114.694,5341,-15744,148,100,0,4
Spa,77,114.694,5244,-15767,132,100,0,4
Spa,77,114.694,5166,-15768,128,100,0,3
Spa,77,114.694,5084,-15758,121,100,0,3
Spa,77,114.694,4997,-15730,120,100,0,3
Spa,77,114.694,4914,-15681,116,100,0,3
Spa,77,114.694,4856,-15631,113,100,0,3
Spa,77,114.694,4827,-15599,111,0,0,3
Spa,77,114.694,4769,-15514,110,100,0,3
Spa,77,114.694,4742,-15449,105,100,0,3
Spa,77,114.694,4730,-15212,102,0,3,3
Spa,77,114.694,4747,-15148,99,0,25,3
Spa,77,114.694,4747,-15148,101,0,31,3
Spa,77,114.694,4802,-15028,105,0,27,3
Spa,77,114.694,4865,-14939,106,0,37,3
Spa,77,114.694,4903,-14897,114,0,54,3
Spa,77,114.694,5038,-14777,127,0,72,3
Spa,77,114.694,5130,-14709,136,0,43,3
Spa,77,114.694,5218,-14652,145,0,77,3
Spa,77,114.694,5316,-14595,157,0,100,3
Spa,77,114.694,5374,-14565,167,0,100,3
Spa,77,114.694,5567,-14463,186,0,100,4
Spa,77,114.694,5658,-14411,184,100,0,4
Spa,77,114.694,5756,-14349,173,100,0,4
Spa,77,114.694,5823,-14301,166,100,0,4
Spa,77,114.694,5940,-14194,158,100,0,4
Spa,77,114.694,5940,-14194,154,100,0,4
Spa,77,114.694,5940,-14194,152,100,0,4
Spa,77,114.694,6125,-13766,148,0,0,4
Spa,77,114.694,6125,-13766,146,0,35,4
Spa,77,114.694,6125,-13766,145,0,45,4
Spa,77,114.694,6124,-13666,148,0,60,4
Spa,77,114.694,6123,-13649,153,0,62,4
Spa,77,114.694,6096,-13484,161,0,72,4
Spa,77,114.694,6074,-13404,167,0,79,4
Spa,77,114.694,6028,-13267,178,0,100,4
Spa,77,114.694,5994,-13181,188,0,100,4
Spa,77,114.694,5909,-12981,195,0,100,4
Spa,77,114.694,5842,-12821,207,0,100,5
Spa,77,114.694,5842,-12821,214,0,100,5
Spa,77,114.694,5712,-12499,223,0,100,5
Spa,77,114.694,5648,-12329,234,0,100,6
Spa,77,114.694,5648,-12329,241,0,100,6
Spa,77,114.694,5569,-12086,245,0,100,6
Spa,77,114.694,5539,-11980,252,0,100,6
Spa,77,114.694,5498,-11830,254,0,100,6
Spa,77,114.694,5418,-11506,259,0,100,6
Spa,77,114.694,5418,-11506,262,0,100,7
Spa,77,114.694,5387,-11377,266,0,100,7
Spa,77,114.694,5342,-11171,272,0,100,7
Spa,77,114.694,5284,-10901,275,0,100,7
Spa,77,114.694,5284,-10901,277,0,100,7
Spa,77,114.694,5252,-10749,281,0,100,7
Spa,77,114.694,5216,-10579,283,0,100,7
Spa,77,114.694,5170,-10361,288,0,100,7
Spa,77,114.694,5132,-10189,291,0,100,7
Spa,77,114.694,5080,-9951,293,0,100,7
Spa,77,114.694,5002,-9604,295,0,100,7
Spa,77,114.694,4958,-9445,270,100,0,7
Spa,77,114.694,4894,-9270,260,100,0,7
Spa,77,114.694,4741,-8998,248,100,4,7
Spa,77,114.694,4741,-8998,242,100,16,7
Spa,77,114.694,4539,-8787,238,100,43,7
Spa,77,114.694,4539,-8787,235,0,61,7
Spa,77,114.694,4322,-8645,234,0,67,7
Spa,77,114.694,4182,-8589,234,0,75,7
Spa,77,114.694,3956,-8552,237,0,86,7
Spa,77,114.694,3956,-8552,239,0,90,7
Spa,77,114.694,3722,-8538,244,0,92,7
Spa,77,114.694,3722,-8538,246,0,100,7
Spa,77,114.694,3391,-8540,251,0,100,7
Spa,77,114.694,3281,-8550,253,0,100,7
Spa,77,114.694,3007,-8618,257,0,100,7
Spa,77,114.694,3007,-8618,261,0,100,7
Spa,77,114.694,2793,-8724,268,0,100,7
Spa,77,114.694,2452,-8981,269,0,100,7
Spa,77,114.694,2258,-9197,275,0,100,7
Spa,77,114.694,2258,-9197,276,0,100,7
Spa,77,114.694,2064,-9497,279,0,100,7
Spa,77,114.694,1936,-9770,282,0,100,7
Spa,77,114.694,1880,-9918,285,0,100,7
Spa,77,114.694,1880,-9918,286,0,100,7
Spa,77,114.694,1768,-10271,290,0,100,7
Spa,77,114.694,1713,-10441,292,0,100,7
Spa,77,114.694,1634,-10689,294,0,100,7
Spa,77,114.694,1528,-11018,295,0,100,8
Spa,77,114.694,1528,-11018,298,0,100,8
Spa,77,114.694,1468,-11208,298,0,100,8
Spa,77,114.694,1401,-11414,301,0,100,8
Spa,77,114.694,1314,-11685,301,0,100,8
Spa,77,114.694,1263,-11843,301,0,100,8
Spa,77,114.694,1263,-11843,290,100,16,8
Spa,77,114.694,1153,-12171,254,100,0,8
Spa,77,114.694,1058,-12404,225,100,0,8
Spa,77,114.694,978,-12549,211,100,0,8
Spa,77,114.694,918,-12632,186,100,0,6
Spa,77,114.694,792,-12766,175,100,0,5
Spa,77,114.694,377,-12953,153,0,34,4
Spa,77,114.694,257,-12954,152,0,50,4
Spa,77,114.694,138,-12938,154,0,59,4
Spa,77,114.694,138,-12938,158,0,59,4
Spa,77,114.694,-69,-12854,163,0,70,4
Spa,77,114.694,-171,-12798,173,0,85,4
Spa,77,114.694,-312,-12730,179,100,10,4
Spa,77,114.694,-347,-12716,173,100,0,4
Spa,77,114.694,-535,-12669,166,100,0,4
Spa,77,114.694,-659,-12667,161,100,0,4
Spa,77,114.694,-659,-12667,158,0,26,4
Spa,77,114.694,-948,-12735,156,0,44,4
Spa,77,114.694,-1019,-12769,156,0,57,4
Spa,77,114.694,-1146,-12852,162,0,76,4
Spa,77,114.694,-1153,-12857,168,0,85,4
Spa,77,114.694,-1231,-12927,178,0,85,4
Spa,77,114.694,-1417,-13146,188,0,100,4
Spa,77,114.694,-1478,-13236,195,0,100,4
Spa,77,114.694,-1623,-13486,207,0,100,5
Spa,77,114.694,-1667,-13572,217,0,100,5
Spa,77,114.694,-1737,-13717,228,0,100,5
Spa,77,114.694,-1796,-13845,231,0,100,6
Spa,77,114.694,-1929,-14118,238,0,100,6
Spa,77,114.694,-2001,-14255,232,100,29,6
Spa,77,114.694,-2094,-14416,216,100,0,6
Spa,77,114.694,-2128,-14473,200,100,0,6
Spa,77,114.694,-2178,-14550,177,100,0,5
Spa,77,114.694,-2296,-14696,165,100,0,5
Spa,77,114.694,-2382,-14772,163,100,0,4
Spa,77,114.694,-2565,-14865,146,100,0,4
Spa,77,114.694,-2696,-14883,143,0,35,4
Spa,77,114.694,-2777,-14877,143,0,41,4
Spa,77,114.694,-2954,-14843,147,0,72,4
Spa,77,114.694,-3100,-14788,152,0,75,4
Spa,77,114.694,-3100,-14788,161,0,92,4
Spa,77,114.694,-3284,-14688,177,0,100,4
Spa,77,114.694,-3355,-14644,180,0,100,4
Spa,77,114.694,-3474,-14569,192,0,100,5
Spa,77,114.694,-3474,-14569,201,0,100,5
Spa,77,114.694,-3657,-14441,208,0,100,5
Spa,77,114.694,-3808,-14322,215,0,100,5
Spa,77,114.694,-3997,-14139,228,0,100,6
Spa,77,114.694,-3997,-14139,232,0,100,6
Spa,77,114.694,-4088,-14028,236,0,100,6
Spa,77,114.694,-4126,-13975,237,0,71,6
Spa,77,114.694,-4262,-13721,236,0,60,6
Spa,77,114.694,-4312,-13573,236,0,73,6
Spa,77,114.694,-4312,-13573,236,0,76,6
Spa,77,114.694,-4336,-13391,238,0,100,6
Spa,77,114.694,-4336,-13391,242,0,100,6
Spa,77,114.694,-4335,-13240,245,0,100,6
Spa,77,114.694,-4300,-12952,248,0,100,6
Spa,77,114.694,-4233,-12677,254,0,100,6
Spa,77,114.694,-4233,-12677,257,0,100,6
Spa,77,114.694,-4094,-12310,263,0,100,6
Spa,77,114.694,-4050,-12216,266,0,100,7
Spa,77,114.694,-3958,-12044,270,0,100,7
Spa,77,114.694,-3958,-12044,273,0,100,7
Spa,77,114.694,-3813,-11811,276,0,100,7
Spa,77,114.694,-3690,-11634,280,0,100,7
Spa,77,114.694,-3577,-11484,280,0,100,7
Spa,77,114.694,-3407,-11275,284,0,100,7
Spa,77,114.694,-3228,-11073,286,0,100,7
Spa,77,114.694,-3130,-10968,290,0,100,7
Spa,77,114.694,-2891,-10728,293,0,100,7
Spa,77,114.694,-2748,-10594,295,0,100,7
Spa,77,114.694,-2625,-10486,295,0,100,7
Spa,77,114.694,-2498,-10381,297,0,100,7
Spa,77,114.694,-2341,-10260,299,0,100,7
Spa,77,114.694,-2218,-10173,300,0,100,8
Spa,77,114.694,-2066,-10070,301,0,100,8
Spa,77,114.694,-1896,-9964,302,0,100,8
Spa,77,114.694,-1720,-9863,302,0,100,8
Spa,77,114.694,-1720,-9863,304,0,100,8
Spa,77,114.694,-1398,-9678,304,0,100,8
Spa,77,114.694,-1266,-9601,306,0,100,8
Spa,77,114.694,-925,-9404,308,0,100,8
Spa,77,114.694,-673,-9258,310,0,100,8
Spa,77,114.694,-673,-9258,310,0,100,8
Spa,77,114.694,-526,-9168,311,0,100,8
Spa,77,114.694,-367,-9064,311,0,100,8
Spa,77,114.694,-173,-8921,312,0,100,8
Spa,77,114.694,86,-8692,313,0,100,8
Spa,77,114.694,312,-8449,313,0,100,8
Spa,77,114.694,496,-8196,314,0,100,8
Spa,77,114.694,638,-7955,312,0,100,8
Spa,77,114.694,727,-7784,313,0,100,8
Spa,77,114.694,861,-7499,314,0,100,8
Spa,77,114.694,973,-7242,315,0,100,8
Spa,77,114.694,973,-7242,315,0,100,8
Spa,77,114.694,1207,-6638,316,0,100,8
Spa,77,114.694,1207,-6638,316,0,100,8
Spa,77,114.694,1254,-6487,317,0,100,8
Spa,77,114.694,1321,-6199,317,0,100,8
Spa,77,114.694,1340,-6030,316,100,87,8
Spa,77,114.694,1342,-5837,313,0,81,8
Spa,77,114.694,1334,-5717,311,0,100,8
Spa,77,114.694,1278,-5406,310,0,100,8
Spa,77,114.694,1165,-5072,308,0,100,8
Spa,77,114.694,1165,-5072,309,0,100,8
Spa,77,114.694,1033,-4736,309,0,100,8
Spa,77,114.694,959,-4562,309,0,100,8
Spa,77,114.694,870,-4356,311,0,100,8
Spa,77,114.694,780,-4149,312,0,100,8
Spa,77,114.694,704,-3974,313,0,100,8
Spa,77,114.694,562,-3637,314,0,100,8
Spa,77,114.694,509,-3508,314,0,100,8
Spa,77,114.694,458,-3378,314,0,100,8
Spa,77,114.694,304,-2880,315,0,100,8
Spa,77,114.694,240,-2589,314,0,100,8
Spa,77,114.694,208,-2438,310,100,56,8
Spa,77,114.694,192,-2356,297,100,0,8
Spa,77,114.694,139,-2071,281,100,0,8
Spa,77,114.694,139,-2071,260,100,0,8
Spa,77,114.694,106,-1883,243,100,0,8
Spa,77,114.694,66,-1635,208,100,0,8
Spa,77,114.694,40,-1470,188,100,0,8
Spa,77,114.694,12,-1270,176,100,0,8
Spa,77,114.694,0,-1180,158,100,0,5
Spa,77,114.694,0,-1180,139,100,0,3
Spa,77,114.694,-11,-936,111,100,0,3
Spa,77,114.694,-9,-896,104,100,0,3
Spa,77,114.694,0,-799,97,100,0,2
Spa,77,114.694,26,-703,89,100,0,2
Spa,77,114.694,47,-661,81,100,0,2
Spa,77,114.694,47,-661,77,100,0,2
Spa,77,114.694,112,-589,72,100,0,2
Spa,77,114.694,149,-571,66,0,0,2
Spa,77,114.694,188,-560,65,0,4,2
Spa,77,114.694,202,-557,65,0,10,2
Spa,77,114.694,277,-552,66,0,26,2
Spa,77,114.694,309,-551,73,0,42,2
Spa,77,114.694,402,-538,82,100,1,2
Spa,77,114.694,461,-513,81,100,0,2
Spa,77,114.694,523,-452,77,100,0,2
Spa,77,114.694,541,-408,73,0,0,2
Spa,77,114.694,541,-408,71,0,0,2
Spa,77,114.694,549,-370,69,0,2,2
Spa,77,114.694,547,-281,68,0,11,2
Spa,77,114.694,547,-281,67,0,14,2
Spa,77,114.694,536,-228,69,0,27,2
Spa,77,114.694,522,-182,71,0,30,2
Spa,77,114.694,504,-134,76,0,35,2
Spa,77,114.694,456,-37,85,0,50,2
Spa,77,114.694,433,2,91,0,57,2
Spa,77,114.694,403,50,112,0,77,2
Spa,77,114.694,320,176,123,0,85,2
Spa,77,114.694,282,231,133,0,100,2
Spa,77,114.694,241,291,145,0,100,2
Spa,77,114.694,241,291,150,0,100,2
Spa,77,114.694,152,422,170,0,100,3
Spa,77,114.694,20,619,179,0,100,4
Spa,77,114.694,-69,754,194,0,100,4
Spa,77,114.694,-177,918,206,0,100,5
Spa,77,114.694,-177,918,209,0,100,5
Spa,77,114.694,-339,1162,216,0,100,5
Spa,77,114.694,-403,1258,225,0,100,5
Spa,81,107.365,-505,1412,230,0,98,6
Spa,81,107.365,-585,1533,243,0,98,6
Spa,81,107.365,-638,1613,245,0,98,6
Spa,81,107.365,-792,1845,252,0,98,6
Spa,81,107.365,-792,1845,257,0,98,6
Spa,81,107.365,-870,1964,257,0,98,6
Spa,81,107.365,-983,2134,265,0,98,6
Spa,81,107.365,-1198,2459,269,0,98,7
Spa,81,107.365,-1274,2573,275,0,99,7
Spa,81,107.365,-1393,2754,278,0,99,7
Spa,81,107.365,-1393,2754,281,0,99,7
Spa,81,107.365,-1497,2911,284,0,98,7
Spa,81,107.365,-1620,3096,287,0,99,7
Spa,81,107.365,-1820,3398,289,100,77,7
Spa,81,107.365,-1820,3398,263,100,0,7
Spa,81,107.365,-1954,3600,225,100,0,7
Spa,81,107.365,-2039,3730,225,100,0,7
Spa,81,107.365,-2088,3807,175,100,0,6
Spa,81,107.365,-2188,3972,161,100,0,4
Spa,81,107.365,-2188,3972,144,100,0,3
Spa,81,107.365,-2228,4047,134,100,0,3
Spa,81,107.365,-2264,4123,128,100,0,2
Spa,81,107.365,-2296,4222,107,100,0,2
Spa,81,107.365,-2306,4283,104,100,0,2
Spa,81,107.365,-2306,4371,90,100,0,2
Spa,81,107.365,-2279,4457,83,100,0,2
Spa,81,107.365,-2252,4492,81,100,0,2
Spa,81,107.365,-2191,4534,78,0,0,2
Spa,81,107.365,-2191,4534,78,0,0,2
Spa,81,107.365,-2099,4549,72,0,5,2
Spa,81,107.365,-2058,4544,70,0,14,2
Spa,81,107.365,-2006,4534,72,0,29,2
Spa,81,107.365,-1955,4520,78,0,44,2
Spa,81,107.365,-1811,4467,93,0,55,2
Spa,81,107.365,-1811,4467,96,0,59,2
Spa,81,107.365,-1736,4435,108,0,65,2
Spa,81,107.365,-1689,4413,116,0,73,2
Spa,81,107.365,-1603,4372,137,0,85,3
Spa,81,107.365,-1500,4320,141,0,97,3
Spa,81,107.365,-1430,4284,141,0,99,3
Spa,81,107.365,-1256,4195,172,0,98,4
Spa,81,107.365,-1139,4135,186,0,98,4
Spa,81,107.365,-1034,4082,195,0,98,4
Spa,81,107.365,-863,3994,210,0,98,5
Spa,81,107.365,-705,3910,217,0,99,5
Spa,81,107.365,-608,3856,224,0,98,5
Spa,81,107.365,-465,3774,229,0,99,6
Spa,81,107.365,-375,3719,237,0,99,6
Spa,81,107.365,-150,3572,247,0,99,6
Spa,81,107.365,7,3459,251,0,99,6
Spa,81,107.365,98,3392,251,0,98,6
Spa,81,107.365,423,3132,260,0,99,6
Spa,81,107.365,423,3132,264,0,99,6
Spa,81,107.365,533,3035,266,0,99,7
Spa,81,107.365,694,2882,266,0,99,7
Spa,81,107.365,841,2734,269,0,99,7
Spa,81,107.365,1030,2540,271,0,99,7
Spa,81,107.365,1178,2386,274,0,99,7
Spa,81,107.365,1178,2386,284,0,99,7
Spa,81,107.365,1374,2179,284,0,99,7
Spa,81,107.365,1484,2063,288,0,99,7
Spa,81,107.365,1484,2063,290,0,99,7
Spa,81,107.365,1816,1707,294,0,99,7
Spa,81,107.365,1994,1513,295,0,99,7
Spa,81,107.365,2083,1415,299,0,99,8
Spa,81,107.365,2227,1254,299,0,99,8
Spa,81,107.365,2227,1254,301,0,99,8
Spa,81,107.365,2348,1115,302,0,99,8
Spa,81,107.365,2574,866,304,0,99,8
Spa,81,107.365,2778,667,304,0,99,8
Spa,81,107.365,2828,625,305,0,99,8
Spa,81,107.365,3135,445,304,0,99,8
Spa,81,107.365,3326,351,306,0,99,8
Spa,81,107.365,3460,258,304,0,99,8
Spa,81,107.365,3460,258,303,0,99,8
Spa,81,107.365,3692,3,300,0,99,8
Spa,81,107.365,3830,-268,298,0,99,8
Spa,81,107.365,3830,-268,298,0,99,8
Spa,81,107.365,3924,-549,297,0,99,8
Spa,81,107.365,3924,-549,296,0,99,8
Spa,81,107.365,3983,-893,295,0,99,8
Spa,81,107.365,3983,-893,296,0,99,8
Spa,81,107.365,4086,-1250,296,0,99,8
Spa,81,107.365,4184,-1439,297,0,99,8
Spa,81,107.365,4340,-1696,298,0,99,8
Spa,81,107.365,4340,-1696,298,0,99,8
Spa,81,107.365,4551,-2014,298,0,99,8
Spa,81,107.365,4551,-2014,299,0,99,8
Spa,81,107.365,4640,-2134,300,0,99,8
Spa,81,107.365,4843,-2400,301,0,99,8
Spa,81,107.365,4972,-2575,301,0,99,8
Spa,81,107.365,5179,-2859,302,0,99,8
Spa,81,107.365,5248,-2955,303,0,99,8
Spa,81,107.365,5354,-3106,303,0,99,8
Spa,81,107.365,5448,-3245,303,0,99,8
Spa,81,107.365,5549,-3401,304,0,99,8
Spa,81,107.365,5647,-3560,305,0,99,8
Spa,81,107.365,5809,-3860,306,0,99,8
Spa,81,107.365,5953,-4169,306,0,99,8
Spa,81,107.365,5953,-4169,308,0,99,8
Spa,81,107.365,6023,-4345,309,0,99,8
Spa,81,107.365,6097,-4556,309,0,99,8
Spa,81,107.365,6097,-4556,312,0,99,8
Spa,81,107.365,6207,-4885,313,0,99,8
Spa,81,107.365,6278,-5100,314,0,99,8
Spa,81,107.365,6328,-5250,315,0,99,8
Spa,81,107.365,6378,-5400,316,0,99,8
Spa,81,107.365,6455,-5634,317,0,99,8
Spa,81,107.365,6511,-5801,318,0,99,8
Spa,81,107.365,6589,-6036,319,0,99,8
Spa,81,107.365,6721,-6432,320,0,99,8
Spa,81,107.365,6811,-6703,321,0,99,8
Spa,81,107.365,6902,-6974,322,0,99,8
Spa,81,107.365,6954,-7127,323,0,99,8
Spa,81,107.365,7063,-7451,323,0,99,8
Spa,81,107.365,7189,-7826,324,0,99,8
Spa,81,107.365,7293,-8133,325,0,99,8
Spa,81,107.365,7385,-8407,325,0,99,8
Spa,81,107.365,7385,-8407,325,0,99,8
Spa,81,107.365,7495,-8733,326,0,99,8
Spa,81,107.365,7610,-9077,326,0,99,8
Spa,81,107.365,7610,-9077,327,0,99,8
Spa,81,107.365,7703,-9351,326,0,99,8
Spa,81,107.365,7810,-9668,325,0,99,8
Spa,81,107.365,7978,-10180,323,0,99,8
Spa,81,107.365,7978,-10180,323,0,99,8
Spa,81,107.365,8046,-10384,322,0,99,8
Spa,81,107.365,8104,-10549,309,100,0,8
Spa,81,107.365,8174,-10758,279,100,0,8
Spa,81,107.365,8236,-10952,241,100,0,8
Spa,81,107.365,8236,-10952,219,100,0,8
Spa,81,107.365,8293,-11179,202,100,0,6
Spa,81,107.365,8314,-11372,176,100,0,4
Spa,81,107.365,8307,-11460,163,100,0,3
Spa,81,107.365,8270,-11597,154,100,0,3
Spa,81,107.365,8215,-11696,147,0,0,3
Spa,81,107.365,8160,-11768,141,0,11,3
Spa,81,107.365,8123,-11809,140,0,21,3
Spa,81,107.365,8020,-11919,142,0,48,3
Spa,81,107.365,7937,-12009,150,0,55,3
Spa,81,107.365,7876,-12089,154,0,42,3
Spa,81,107.365,7834,-12168,155,0,32,3
Spa,81,107.365,7797,-12308,155,0,42,3
Spa,81,107.365,7791,-12431,157,0,61,3
Spa,81,107.365,7804,-12557,164,0,75,4
Spa,81,107.365,7820,-12630,172,0,87,4
Spa,81,107.365,7859,-12759,175,0,92,4
Spa,81,107.365,7916,-12912,184,0,99,4
Spa,81,107.365,7950,-13000,190,0,99,4
Spa,81,107.365,7999,-13143,196,0,94,4
Spa,81,107.365,8029,-13260,202,0,69,5
Spa,81,107.365,8046,-13402,203,0,77,5
Spa,81,107.365,8010,-13649,208,0,79,5
Spa,81,107.365,7955,-13780,211,0,86,5
Spa,81,107.365,7881,-13904,216,0,93,5
Spa,81,107.365,7822,-13980,218,0,90,5
Spa,81,107.365,7754,-14051,221,0,85,5
Spa,81,107.365,7629,-14154,224,0,94,6
Spa,81,107.365,7534,-14219,229,0,99,6
Spa,81,107.365,7449,-14277,234,0,99,6
Spa,81,107.365,7275,-14394,241,0,99,6
Spa,81,107.365,7153,-14477,245,0,99,6
Spa,81,107.365,7030,-14563,249,0,99,6
Spa,81,107.365,6861,-14686,252,0,98,6
Spa,81,107.365,6746,-14771,256,0,99,6
Spa,81,107.365,6553,-14917,260,0,99,6
Spa,81,107.365,6402,-15033,265,0,99,7
Spa,81,107.365,6178,-15206,269,0,99,7
Spa,81,107.365,6083,-15280,272,0,99,7
Spa,81,107.365,5964,-15374,274,0,75,7
Spa,81,107.365,5667,-15577,233,100,0,7
Spa,81,107.365,5566,-15636,213,100,0,7
Spa,81,107.365,5566,-15636,196,100,0,5
Spa,81,107.365,5381,-15729,184,100,0,4
Spa,81,107.365,5381,-15729,172,100,0,4
Spa,81,107.365,5185,-15771,154,100,0,3
Spa,81,107.365,5050,-15751,151,100,0,3
Spa,81,107.365,4962,-15715,140,100,0,3
Spa,81,107.365,4875,-15651,129,100,0,3
Spa,81,107.365,4803,-15567,124,0,10,3
Spa,81,107.365,4759,-15494,121,0,26,3
Spa,81,107.365,4720,-15344,122,0,28,3
Spa,81,107.365,4720,-15344,124,0,44,3
Spa,81,107.365,4727,-15223,129,0,55,3
Spa,81,107.365,4755,-15122,136,0,51,3
Spa,81,107.365,4755,-15122,138,0,51,3
Spa,81,107.365,4829,-14984,142,0,57,3
Spa,81,107.365,4904,-14894,148,0,64,3
Spa,81,107.365,4904,-14894,154,0,79,3
Spa,81,107.365,5017,-14792,161,0,94,3
Spa,81,107.365,5017,-14792,170,0,99,4
Spa,81,107.365,5175,-14679,178,0,99,4
Spa,81,107.365,5175,-14679,181,0,99,4
Spa,81,107.365,5309,-14599,189,0,99,4
Spa,81,107.365,5347,-14579,195,0,99,4
Spa,81,107.365,5564,-14464,204,0,98,5
Spa,81,107.365,5564,-14464,210,0,98,5
Spa,81,107.365,5746,-14356,199,100,0,5
Spa,81,107.365,5919,-14217,194,100,0,4
Spa,81,107.365,6042,-14059,184,0,2,4
Spa,81,107.365,6085,-13973,180,0,12,4
Spa,81,107.365,6085,-13973,178,0,27,4
Spa,81,107.365,6122,-13809,177,0,48,4
Spa,81,107.365,6122,-13809,178,0,59,4
Spa,81,107.365,6126,-13689,182,0,82,4
Spa,81,107.365,6087,-13447,195,0,99,4
Spa,81,107.365,6015,-13232,202,0,99,4
Spa,81,107.365,5984,-13155,211,0,99,5
Spa,81,107.365,5984,-13155,215,0,99,5
Spa,81,107.365,5936,-13042,221,0,99,5
Spa,81,107.365,5867,-12881,227,0,99,6
Spa,81,107.365,5817,-12761,236,0,99,6
Spa,81,107.365,5733,-12552,241,0,99,6
Spa,81,107.365,5618,-12241,249,0,99,6
Spa,81,107.365,5547,-12010,255,0,99,6
Spa,81,107.365,5505,-11856,263,0,99,7
Spa,81,107.365,5469,-11713,267,0,99,7
Spa,81,107.365,5426,-11540,270,0,99,7
Spa,81,107.365,5374,-11319,274,0,99,7
Spa,81,107.365,5312,-11033,280,0,99,7
Spa,81,107.365,5270,-10835,283,0,99,7
Spa,81,107.365,5237,-10680,286,0,99,7
Spa,81,107.365,5198,-10493,288,0,99,7
Spa,81,107.365,5158,-10304,290,0,99,7
Spa,81,107.365,5102,-10051,293,0,99,7
Spa,81,107.365,5031,-9731,295,0,99,7
Spa,81,107.365,5031,-9731,297,0,99,7
Spa,81,107.365,4940,-9387,299,0,82,7
Spa,81,107.365,4852,-9179,295,0,59,7
Spa,81,107.365,4707,-8954,286,0,71,7
Spa,81,107.365,4528,-8777,285,0,71,7
Spa,81,107.365,4387,-8680,280,0,67,7
Spa,81,107.365,4265,-8618,278,0,79,7
Spa,81,107.365,4107,-8570,278,0,98,7
Spa,81,107.365,3771,-8540,278,0,98,7
Spa,81,107.365,3489,-8536,282,0,99,7
Spa,81,107.365,3257,-8553,282,0,99,7
Spa,81,107.365,3092,-8588,284,0,99,7
Spa,81,107.365,2859,-8687,285,0,99,7
Spa,81,107.365,2859,-8687,285,0,99,7
Spa,81,107.365,2604,-8852,285,0,99,7
Spa,81,107.365,2604,-8852,287,0,99,7
Spa,81,107.365,2423,-9009,287,0,99,7
Spa,81,107.365,2206,-9266,288,0,99,7
Spa,81,107.365,2135,-9374,289,0,99,7
Spa,81,107.365,2048,-9528,290,0,99,7
Spa,81,107.365,1984,-9661,292,0,99,7
Spa,81,107.365,1844,-10025,293,0,99,7
Spa,81,107.365,1795,-10183,294,0,99,7
Spa,81,107.365,1731,-10387,296,0,99,8
Spa,81,107.365,1671,-10575,295,0,99,8
Spa,81,107.365,1671,-10575,296,0,99,8
Spa,81,107.365,1605,-10778,297,0,98,8
Spa,81,107.365,1490,-11139,297,0,99,8
Spa,81,107.365,1381,-11476,297,0,99,8
Spa,81,107.365,1321,-11665,298,0,99,8
Spa,81,107.365,1224,-11965,298,0,99,8
Spa,81,107.365,1224,-11965,298,0,98,8
Spa,81,107.365,1129,-12237,289,100,0,8
Spa,81,107.365,1129,-12237,263,100,0,8
Spa,81,107.365,986,-12536,240,100,0,8
Spa,81,107.365,986,-12536,225,100,0,8
Spa,81,107.365,829,-12732,195,100,0,4
Spa,81,107.365,733,-12816,189,100,0,4
Spa,81,107.365,685,-12851,184,100,3,4
Spa,81,107.365,451,-12945,177,0,36,4
Spa,81,107.365,352,-12955,177,0,48,4
Spa,81,107.365,213,-12951,178,0,54,4
Spa,81,107.365,2,-12892,183,0,67,4
Spa,81,107.365,-130,-12821,185,0,79,4
Spa,81,107.365,-130,-12821,190,0,84,4
Spa,81,107.365,-290,-12739,196,0,82,5
Spa,81,107.365,-290,-12739,200,0,63,5
Spa,81,107.365,-423,-12691,200,0,52,5
Spa,81,107.365,-616,-12664,200,0,54,5
Spa,81,107.365,-794,-12684,200,0,54,5
Spa,81,107.365,-860,-12701,201,0,69,5
Spa,81,107.365,-995,-12756,202,0,69,5
Spa,81,107.365,-1131,-12838,203,0,85,5
Spa,81,107.365,-1131,-12838,208,0,95,5
Spa,81,107.365,-1295,-12992,214,0,99,5
Spa,81,107.365,-1350,-13058,219,0,99,5
Spa,81,107.365,-1439,-13177,221,0,99,5
Spa,81,107.365,-1610,-13462,230,0,99,6
Spa,81,107.365,-1610,-13462,233,0,99,6
Spa,81,107.365,-1750,-13746,241,0,99,6
Spa,81,107.365,-1903,-14066,247,0,99,6
Spa,81,107.365,-1979,-14214,251,0,99,6
Spa,81,107.365,-2053,-14348,253,0,89,6
Spa,81,107.365,-2053,-14348,239,100,89,6
Spa,81,107.365,-2139,-14491,230,100,89,6
Spa,81,107.365,-2236,-14630,198,100,0,6
Spa,81,107.365,-2327,-14727,183,100,0,4
Spa,81,107.365,-2453,-14818,179,100,0,4
Spa,81,107.365,-2599,-14875,166,0,0,4
Spa,81,107.365,-2796,-14876,159,0,25,4
Spa,81,107.365,-2877,-14863,162,0,69,4
Spa,81,107.365,-2877,-14863,166,0,80,4
Spa,81,107.365,-3075,-14800,175,0,96,4
Spa,81,107.365,-3129,-14774,178,0,96,4
Spa,81,107.365,-3272,-14695,189,0,99,5
Spa,81,107.365,-3452,-14584,190,0,99,5
Spa,81,107.365,-3452,-14584,200,0,99,5
Spa,81,107.365,-3535,-14528,209,0,99,5
Spa,81,107.365,-3724,-14391,220,0,99,5
Spa,81,107.365,-3857,-14279,227,0,99,5
Spa,81,107.365,-3984,-14153,231,0,99,6
Spa,81,107.365,-3984,-14153,234,0,99,6
Spa,81,107.365,-4186,-13877,238,0,99,6
Spa,81,107.365,-4186,-13877,242,0,99,6
Spa,81,107.365,-4314,-13565,246,0,99,6
Spa,81,107.365,-4314,-13565,249,0,99,6
Spa,81,107.365,-4336,-13245,252,0,99,6
Spa,81,107.365,-4309,-13003,257,0,99,7
Spa,81,107.365,-4246,-12722,258,0,99,7
Spa,81,107.365,-4225,-12652,265,0,99,7
Spa,81,107.365,-4167,-12485,267,0,99,7
Spa,81,107.365,-4054,-12224,269,0,99,7
Spa,81,107.365,-3998,-12117,272,0,99,7
Spa,81,107.365,-3858,-11880,275,0,99,7
Spa,81,107.365,-3858,-11880,276,0,99,7
Spa,81,107.365,-3628,-11550,280,0,99,7
Spa,81,107.365,-3551,-11451,283,0,99,7
Spa,81,107.365,-3551,-11451,284,0,99,7
Spa,81,107.365,-3294,-11145,286,0,99,7
Spa,81,107.365,-3164,-11004,288,0,99,7
Spa,81,107.365,-3031,-10865,289,0,99,7
Spa,81,107.365,-2857,-10696,292,0,99,7
Spa,81,107.365,-2762,-10608,293,0,99,7
Spa,81,107.365,-2665,-10521,293,0,99,7
Spa,81,107.365,-2412,-10313,295,0,99,8
Spa,81,107.365,-2212,-10169,296,0,99,8
Spa,81,107.365,-2212,-10169,297,0,99,8
Spa,81,107.365,-2062,-10067,298,0,99,8
Spa,81,107.365,-1893,-9962,299,0,99,8
Spa,81,107.365,-1488,-9730,301,0,99,8
Spa,81,107.365,-1488,-9730,301,0,99,8
Spa,81,107.365,-1198,-9561,302,0,99,8
Spa,81,107.365,-1198,-9561,303,0,99,8
Spa,81,107.365,-1008,-9451,303,0,99,8
Spa,81,107.365,-861,-9367,305,0,99,8
Spa,81,107.365,-715,-9282,305,0,99,8
Spa,81,107.365,-274,-8998,306,0,99,8
Spa,81,107.365,-139,-8894,306,0,99,8
Spa,81,107.365,-10,-8783,307,0,99,8
Spa,81,107.365,137,-8642,307,0,99,8
Spa,81,107.365,434,-8288,306,0,99,8
Spa,81,107.365,434,-8288,307,0,99,8
Spa,81,107.365,647,-7938,306,0,99,8
Spa,81,107.365,734,-7771,306,0,99,8
Spa,81,107.365,734,-7771,307,0,99,8
Spa,81,107.365,843,-7539,307,0,99,8
Spa,81,107.365,953,-7289,307,0,99,8
Spa,81,107.365,1019,-7132,307,0,99,8
Spa,81,107.365,1120,-6878,307,0,99,8
Spa,81,107.365,1213,-6621,308,0,99,8
Spa,81,107.365,1283,-6376,308,0,99,8
Spa,81,107.365,1324,-6177,308,0,99,8
Spa,81,107.365,1315,-5569,306,0,99,8
Spa,81,107.365,1238,-5278,304,0,99,8
Spa,81,107.365,1238,-5278,304,0,99,8
Spa,81,107.365,1103,-4909,305,0,99,8
Spa,81,107.365,1039,-4752,305,0,99,8
Spa,81,107.365,973,-4596,305,0,99,8
Spa,81,107.365,879,-4377,307,0,99,8
Spa,81,107.365,736,-4048,307,0,99,8
Spa,81,107.365,736,-4048,308,0,99,8
Spa,81,107.365,479,-3432,308,0,99,8
Spa,81,107.365,479,-3432,308,0,99,8
Spa,81,107.365,449,-3352,308,0,99,8
Spa,81,107.365,332,-2998,308,0,99,8
Spa,81,107.365,296,-2848,306,0,99,8
Spa,81,107.365,296,-2848,305,0,99,8
Spa,81,107.365,211,-2450,303,0,99,8
Spa,81,107.365,169,-2236,302,0,99,8
Spa,81,107.365,99,-1843,298,100,0,8
Spa,81,107.365,75,-1693,270,100,0,8
Spa,81,107.365,45,-1499,212,100,0,8
Spa,81,107.365,21,-1337,190,100,0,7
Spa,81,107.365,7,-1234,154,100,0,6
Spa,81,107.365,-8,-1096,139,100,0,5
Spa,81,107.365,-13,-998,128,100,0,3
Spa,81,107.365,-12,-939,115,100,0,2
Spa,81,107.365,-3,-826,105,100,0,2
Spa,81,107.365,8,-757,100,100,0,2
Spa,81,107.365,8,-757,96,100,0,2
Spa,81,107.365,51,-653,92,100,0,2
Spa,81,107.365,67,-630,88,100,0,2
Spa,81,107.365,109,-591,83,0,0,2
Spa,81,107.365,109,-591,83,0,0,2
Spa,81,107.365,219,-554,73,0,7,2
Spa,81,107.365,265,-552,74,0,28,2
Spa,81,107.365,322,-550,78,0,27,2
Spa,81,107.365,366,-546,84,0,14,2
Spa,81,107.365,465,-510,82,0,0,2
Spa,81,107.365,482,-498,76,0,0,2
Spa,81,107.365,547,-379,70,0,11,2
Spa,81,107.365,551,-331,71,0,13,2
Spa,81,107.365,545,-266,73,0,26,2
Spa,81,107.365,525,-189,81,0,37,2
Spa,81,107.365,499,-123,85,0,48,2
Spa,81,107.365,480,-80,98,0,60,2
Spa,81,107.365,426,14,110,0,68,2
Spa,81,107.365,355,124,117,0,78,2
Spa,81,107.365,294,214,130,0,87,3
Spa,81,107.365,294,214,134,0,91,3
Spa,81,107.365,158,413,164,0,98,4
Spa,81,107.365,121,467,174,0,99,4
Spa,81,107.365,38,592,190,0,99,4
Spa,81,107.365,-131,848,202,0,99,5
Spa,81,107.365,-242,1016,212,0,99,5
Spa,81,107.365,-242,1016,215,0,99,5
Spa,81,107.365,-325,1141,221,0,99,5
Spa,81,107.365,-398,1252,230,0,99,5
Suzuka,1,88.877,1895,-1072,286,0,100,7
Suzuka,1,88.877,1895,-1072,291,0,100,7
Suzuka,1,88.877,2011,-1207,292,0,100,7
Suzuka,1,88.877,2011,-1207,293,0,100,7
Suzuka,1,88.877,2246,-1482,297,0,100,7
Suzuka,1,88.877,2246,-1482,300,0,100,8
Suzuka,1,88.877,2408,-1672,300,0,100,8
Suzuka,1,88.877,2506,-1786,304,0,100,8
Suzuka,1,88.877,2627,-1928,307,0,100,8
Suzuka,1,88.877,2716,-2031,309,0,100,8
Suzuka,1,88.877,2985,-2346,314,0,100,8
Suzuka,1,88.877,3327,-2746,316,0,100,8
Suzuka,1,88.877,3327,-2746,318,0,100,8
Suzuka,1,88.877,3685,-3164,321,0,100,8
Suzuka,1,88.877,3910,-3428,322,0,100,8
Suzuka,1,88.877,4047,-3590,324,0,100,8
Suzuka,1,88.877,4163,-3728,326,0,100,8
Suzuka,1,88.877,4434,-4046,328,0,100,8
Suzuka,1,88.877,4528,-4158,328,0,100,8
Suzuka,1,88.877,4528,-4158,329,0,100,8
Suzuka,1,88.877,4754,-4422,330,0,100,8
Suzuka,1,88.877,4825,-4506,330,0,100,8
Suzuka,1,88.877,5192,-4935,332,0,100,8
Suzuka,1,88.877,5347,-5119,333,0,100,8
Suzuka,1,88.877,5454,-5246,333,0,100,8
Suzuka,1,88.877,5751,-5604,334,0,100,8
Suzuka,1,88.877,5853,-5734,335,0,100,8
Suzuka,1,88.877,5903,-5805,329,100,100,8
Suzuka,1,88.877,6032,-6121,327,100,15,8
Suzuka,1,88.877,6046,-6440,288,100,0,8
Suzuka,1,88.877,5992,-6685,270,100,0,7
Suzuka,1,88.877,5992,-6685,253,100,0,7
Suzuka,1,88.877,5947,-6844,243,100,0,6
Suzuka,1,88.877,5891,-6984,215,100,0,5
Suzuka,1,88.877,5808,-7109,209,100,0,5
Suzuka,1,88.877,5571,-7267,186,100,2,5
Suzuka,1,88.877,5571,-7267,181,0,2,5
Suzuka,1,88.877,5485,-7292,175,0,28,5
Suzuka,1,88.877,5369,-7307,175,0,61,5
Suzuka,1,88.877,5205,-7299,173,0,57,5
Suzuka,1,88.877,5102,-7273,174,0,67,5
Suzuka,1,88.877,4937,-7189,179,0,78,5
Suzuka,1,88.877,4874,-7138,185,0,100,5
Suzuka,1,88.877,4680,-6889,193,0,100,5
Suzuka,1,88.877,4612,-6778,199,0,100,5
Suzuka,1,88.877,4612,-6778,204,0,100,5
Suzuka,1,88.877,4511,-6605,213,0,100,5
Suzuka,1,88.877,4390,-6390,223,0,100,5
Suzuka,1,88.877,4315,-6258,227,0,100,5
Suzuka,1,88.877,4315,-6258,231,0,100,5
Suzuka,1,88.877,4213,-6093,237,0,100,5
Suzuka,1,88.877,4005,-5816,241,0,100,6
Suzuka,1,88.877,4005,-5816,241,0,100,6
Suzuka,1,88.877,3873,-5680,247,0,100,6
Suzuka,1,88.877,3732,-5574,248,0,100,6
Suzuka,1,88.877,3648,-5528,250,0,100,6
Suzuka,1,88.877,3383,-5451,251,0,100,6
Suzuka,1,88.877,3254,-5438,251,0,100,6
Suzuka,1,88.877,3095,-5428,256,0,95,6
Suzuka,1,88.877,2804,-5366,247,0,41,6
Suzuka,1,88.877,2710,-5318,238,0,43,6
Suzuka,1,88.877,2267,-4552,236,0,100,6
Suzuka,1,88.877,2208,-4347,243,0,100,6
Suzuka,1,88.877,2109,-4107,241,0,68,6
Suzuka,1,88.877,1921,-3904,236,0,55,6
Suzuka,1,88.877,1675,-3765,232,0,75,6
Suzuka,1,88.877,1675,-3765,231,0,86,6
Suzuka,1,88.877,1539,-3728,231,0,88,6
Suzuka,1,88.877,1288,-3703,233,0,91,6
Suzuka,1,88.877,1143,-3696,238,0,100,6
Suzuka,1,88.877,972,-3681,236,100,0,6
Suzuka,1,88.877,800,-3646,228,0,1,6
Suzuka,1,88.877,503,-3497,213,100,0,5
Suzuka,1,88.877,406,-3417,204,0,3,5
Suzuka,1,88.877,287,-3290,195,0,11,5
Suzuka,1,88.877,178,-3110,190,0,61,5
Suzuka,1,88.877,178,-3110,191,0,64,5
Suzuka,1,88.877,122,-2822,195,0,75,5
Suzuka,1,88.877,151,-2668,203,0,98,5
Suzuka,1,88.877,187,-2568,208,0,100,5
Suzuka,1,88.877,311,-2265,215,0,100,5
Suzuka,1,88.877,385,-2079,221,0,100,5
Suzuka,1,88.877,471,-1741,232,0,100,6
Suzuka,1,88.877,402,-1442,236,0,100,6
Suzuka,1,88.877,402,-1442,236,0,100,6
Suzuka,1,88.877,303,-1285,238,0,100,6
Suzuka,1,88.877,303,-1285,238,0,100,6
Suzuka,1,88.877,130,-1120,239,0,100,6
Suzuka,1,88.877,38,-1064,241,0,100,6
Suzuka,1,88.877,-113,-992,243,0,100,6
Suzuka,1,88.877,-313,-900,247,0,100,6
Suzuka,1,88.877,-453,-842,250,0,100,6
Suzuka,1,88.877,-693,-770,252,0,100,6
Suzuka,1,88.877,-818,-745,255,0,100,6
Suzuka,1,88.877,-1032,-711,258,0,100,6
Suzuka,1,88.877,-1335,-698,261,0,100,7
Suzuka,1,88.877,-1657,-720,262,0,100,7
Suzuka,1,88.877,-1657,-720,265,0,100,7
Suzuka,1,88.877,-1800,-751,268,0,100,7
Suzuka,1,88.877,-2001,-818,270,0,100,7
Suzuka,1,88.877,-2236,-923,274,0,100,7
Suzuka,1,88.877,-2489,-1065,276,0,100,7
Suzuka,1,88.877,-2673,-1202,276,0,100,7
Suzuka,1,88.877,-2763,-1285,279,0,100,7
Suzuka,1,88.877,-2858,-1389,280,0,100,7
Suzuka,1,88.877,-3102,-1709,282,0,100,7
Suzuka,1,88.877,-3183,-1818,283,0,100,7
Suzuka,1,88.877,-3183,-1818,284,0,100,7
Suzuka,1,88.877,-3355,-2045,287,0,100,7
Suzuka,1,88.877,-3493,-2221,288,0,100,7
Suzuka,1,88.877,-3596,-2344,289,0,100,7
Suzuka,1,88.877,-3699,-2468,289,100,100,7
Suzuka,1,88.877,-3792,-2575,283,100,19,7
Suzuka,1,88.877,-4059,-2726,271,0,63,7
Suzuka,1,88.877,-4386,-2783,267,0,100,7
Suzuka,1,88.877,-4386,-2783,268,0,100,7
Suzuka,1,88.877,-4681,-2831,268,100,15,7
Suzuka,1,88.877,-4946,-2867,238,100,0,7
Suzuka,1,88.877,-5070,-2872,211,100,0,7
Suzuka,1,88.877,-5183,-2868,185,100,0,6
Suzuka,1,88.877,-5183,-2868,185,100,0,5
Suzuka,1,88.877,-5384,-2831,161,100,0,4
Suzuka,1,88.877,-5474,-2782,152,0,3,4
Suzuka,1,88.877,-5521,-2738,146,0,9,4
Suzuka,1,88.877,-5605,-2605,148,0,55,4
Suzuka,1,88.877,-5642,-2501,152,0,77,4
Suzuka,1,88.877,-5675,-2296,163,0,100,4
Suzuka,1,88.877,-5695,-2120,182,0,100,4
Suzuka,1,88.877,-5695,-2120,192,0,100,4
Suzuka,1,88.877,-5767,-1781,200,0,100,4
Suzuka,1,88.877,-5790,-1679,205,0,100,5
Suzuka,1,88.877,-5812,-1575,211,0,100,5
Suzuka,1,88.877,-5859,-1358,219,0,100,5
Suzuka,1,88.877,-5859,-1358,225,0,100,5
Suzuka,1,88.877,-5913,-1109,232,0,100,5
Suzuka,1,88.877,-5957,-903,238,0,100,5
Suzuka,1,88.877,-5977,-811,242,0,100,6
Suzuka,1,88.877,-6027,-569,247,0,100,6
Suzuka,1,88.877,-6061,-405,253,0,100,6
Suzuka,1,88.877,-6085,-280,255,0,100,6
Suzuka,1,88.877,-6135,30,261,0,100,6
Suzuka,1,88.877,-6138,315,262,0,100,6
Suzuka,1,88.877,-6097,531,264,0,100,6
Suzuka,1,88.877,-6097,531,264,0,100,6
Suzuka,1,88.877,-5978,843,253,100,0,6
Suzuka,1,88.877,-5978,843,229,100,0,6
Suzuka,1,88.877,-5901,1005,206,100,0,6
Suzuka,1,88.877,-5858,1093,175,100,0,6
Suzuka,1,88.877,-5805,1216,151,100,0,4
Suzuka,1,88.877,-5782,1291,130,100,0,3
Suzuka,1,88.877,-5769,1408,114,100,0,3
Suzuka,1,88.877,-5769,1408,109,100,0,3
Suzuka,1,88.877,-5813,1541,93,100,0,3
Suzuka,1,88.877,-5843,1575,89,0,0,3
Suzuka,1,88.877,-5908,1619,87,0,0,3
Suzuka,1,88.877,-5946,1630,83,0,0,3
Suzuka,1,88.877,-5985,1634,75,0,16,3
Suzuka,1,88.877,-6098,1609,80,0,25,3
Suzuka,1,88.877,-6160,1569,83,0,29,3
Suzuka,1,88.877,-6220,1506,88,0,38,3
Suzuka,1,88.877,-6244,1472,92,0,49,3
Suzuka,1,88.877,-6270,1430,95,0,55,3
Suzuka,1,88.877,-6318,1341,110,0,69,3
Suzuka,1,88.877,-6358,1264,117,0,74,3
Suzuka,1,88.877,-6388,1207,126,0,88,3
Suzuka,1,88.877,-6420,1146,143,0,100,3
Suzuka,1,88.877,-6465,1066,154,0,100,3
Suzuka,1,88.877,-6535,943,159,0,100,3
Suzuka,1,88.877,-6535,943,168,0,100,3
Suzuka,1,88.877,-6570,886,178,0,100,4
Suzuka,1,88.877,-6698,685,186,0,100,4
Suzuka,1,88.877,-6784,554,197,0,100,4
Suzuka,1,88.877,-6784,554,204,0,100,4
Suzuka,1,88.877,-6855,448,210,0,100,5
Suzuka,1,88.877,-6882,408,217,0,100,5
Suzuka,1,88.877,-7051,184,225,0,100,5
Suzuka,1,88.877,-7172,54,231,0,100,5
Suzuka,1,88.877,-7258,-24,236,0,100,6
Suzuka,1,88.877,-7392,-132,241,0,100,6
Suzuka,1,88.877,-7480,-193,242,0,100,6
Suzuka,1,88.877,-7695,-305,246,0,100,6
Suzuka,1,88.877,-7799,-341,250,0,100,6
Suzuka,1,88.877,-8152,-404,254,0,100,6
Suzuka,1,88.877,-8296,-418,260,0,100,6
Suzuka,1,88.877,-8671,-427,264,0,100,7
Suzuka,1,88.877,-8760,-422,265,0,100,7
Suzuka,1,88.877,-8878,-410,268,0,100,7
Suzuka,1,88.877,-9026,-388,271,0,100,7
Suzuka,1,88.877,-9248,-341,274,0,100,7
Suzuka,1,88.877,-9455,-284,276,0,100,7
Suzuka,1,88.877,-9689,-206,278,0,100,7
Suzuka,1,88.877,-9806,-163,279,0,100,7
Suzuka,1,88.877,-9966,-100,280,0,100,7
Suzuka,1,88.877,-10096,-47,282,0,100,7
Suzuka,1,88.877,-10239,16,283,0,100,7
Suzuka,1,88.877,-10363,81,284,0,100,7
Suzuka,1,88.877,-10594,228,285,0,100,7
Suzuka,1,88.877,-10811,395,285,0,100,7
Suzuka,1,88.877,-10811,395,285,0,100,7
Suzuka,1,88.877,-10915,491,285,0,100,7
Suzuka,1,88.877,-11196,816,285,0,100,7
Suzuka,1,88.877,-11196,816,287,0,100,7
Suzuka,1,88.877,-11342,1044,288,0,100,7
Suzuka,1,88.877,-11505,1394,289,0,100,7
Suzuka,1,88.877,-11600,1616,289,0,100,7
Suzuka,1,88.877,-11662,1764,290,0,100,7
Suzuka,1,88.877,-11777,2031,291,0,100,7
Suzuka,1,88.877,-11907,2292,291,0,100,7
Suzuka,1,88.877,-11907,2292,293,100,42,7
Suzuka,1,88.877,-12071,2567,282,100,0,7
Suzuka,1,88.877,-12167,2667,259,100,1,7
Suzuka,1,88.877,-12365,2784,245,100,3,7
Suzuka,1,88.877,-12365,2784,241,0,6,6
Suzuka,1,88.877,-12691,2837,233,0,31,6
Suzuka,1,88.877,-12845,2831,225,0,61,6
Suzuka,1,88.877,-13081,2798,227,0,81,6
Suzuka,1,88.877,-13081,2798,224,100,81,6
Suzuka,1,88.877,-13224,2758,214,100,0,6
Suzuka,1,88.877,-13459,2646,194,100,0,5
Suzuka,1,88.877,-13529,2589,183,100,0,5
Suzuka,1,88.877,-13633,2451,176,0,1,5
Suzuka,1,88.877,-13633,2451,176,0,3,5
Suzuka,1,88.877,-13697,2270,169,0,5,5
Suzuka,1,88.877,-13701,2063,162,0,48,5
Suzuka,1,88.877,-13685,1980,166,0,65,5
Suzuka,1,88.877,-13620,1800,171,0,63,5
Suzuka,1,88.877,-13620,1800,174,0,76,5
Suzuka,1,88.877,-13554,1680,176,0,85,5
Suzuka,1,88.877,-13470,1564,185,0,100,5
Suzuka,1,88.877,-13367,1453,193,0,100,5
Suzuka,1,88.877,-13217,1312,205,0,100,5
Suzuka,1,88.877,-13087,1207,212,0,100,5
Suzuka,1,88.877,-13087,1207,218,0,100,5
Suzuka,1,88.877,-12968,1117,225,0,100,5
Suzuka,1,88.877,-12793,987,235,0,100,5
Suzuka,1,88.877,-12597,846,242,0,100,6
Suzuka,1,88.877,-12444,741,248,0,100,6
Suzuka,1,88.877,-12444,741,253,0,100,6
Suzuka,1,88.877,-12232,603,253,0,100,6
Suzuka,1,88.877,-12036,481,258,0,100,6
Suzuka,1,88.877,-12036,481,264,0,100,6
Suzuka,1,88.877,-11923,413,265,0,100,7
Suzuka,1,88.877,-11585,222,272,0,100,7
Suzuka,1,88.877,-11330,84,272,0,100,7
Suzuka,1,88.877,-11330,84,277,0,100,7
Suzuka,1,88.877,-11097,-36,280,0,100,7
Suzuka,1,88.877,-10843,-159,282,0,100,7
Suzuka,1,88.877,-10656,-244,286,0,100,7
Suzuka,1,88.877,-10554,-289,287,0,100,7
Suzuka,1,88.877,-10376,-361,288,0,100,7
Suzuka,1,88.877,-10059,-481,289,0,100,7
Suzuka,1,88.877,-10059,-481,291,0,100,7
Suzuka,1,88.877,-9891,-540,293,0,100,7
Suzuka,1,88.877,-9475,-682,294,0,100,8
Suzuka,1,88.877,-9257,-756,296,0,100,8
Suzuka,1,88.877,-9006,-840,298,0,100,8
Suzuka,1,88.877,-8676,-952,299,0,100,8
Suzuka,1,88.877,-8676,-952,299,0,100,8
Suzuka,1,88.877,-8438,-1031,301,0,100,8
Suzuka,1,88.877,-8246,-1095,302,0,100,8
Suzuka,1,88.877,-8246,-1095,303,0,100,8
Suzuka,1,88.877,-7828,-1235,305,0,100,8
Suzuka,1,88.877,-7661,-1292,306,0,100,8
Suzuka,1,88.877,-7387,-1384,306,0,100,8
Suzuka,1,88.877,-7387,-1384,307,0,100,8
Suzuka,1,88.877,-7079,-1487,308,0,100,8
Suzuka,1,88.877,-6933,-1536,309,0,100,8
Suzuka,1,88.877,-6722,-1607,309,0,100,8
Suzuka,1,88.877,-6217,-1776,310,0,100,8
Suzuka,1,88.877,-6217,-1776,310,0,100,8
Suzuka,1,88.877,-5841,-1903,311,0,100,8
Suzuka,1,88.877,-5514,-2013,311,0,100,8
Suzuka,1,88.877,-5199,-2055,310,0,100,8
Suzuka,1,88.877,-5048,-2032,309,0,100,8
Suzuka,1,88.877,-5048,-2032,309,0,100,8
Suzuka,1,88.877,-4874,-1978,307,0,100,8
Suzuka,1,88.877,-4443,-1801,306,0,100,8
Suzuka,1,88.877,-4233,-1692,305,0,100,8
Suzuka,1,88.877,-4087,-1604,305,0,100,8
Suzuka,1,88.877,-3831,-1430,306,0,100,8
Suzuka,1,88.877,-3831,-1430,306,0,100,8
Suzuka,1,88.877,-3592,-1239,306,0,100,8
Suzuka,1,88.877,-3441,-1101,306,0,100,8
Suzuka,1,88.877,-3291,-961,307,0,100,8
Suzuka,1,88.877,-3105,-786,307,0,100,8
Suzuka,1,88.877,-2824,-511,308,0,100,8
Suzuka,1,88.877,-2693,-378,301,100,100,8
Suzuka,1,88.877,-2514,-199,268,100,0,8
Suzuka,1,88.877,-2514,-199,252,100,0,8
Suzuka,1,88.877,-2424,-109,225,100,0,8
Suzuka,1,88.877,-2336,-23,188,100,0,8
Suzuka,1,88.877,-2281,27,180,100,0,7
Suzuka,1,88.877,-2166,118,152,100,0,5
Suzuka,1,88.877,-2109,154,140,100,0,4
Suzuka,1,88.877,-2021,195,118,100,0,3
Suzuka,1,88.877,-1897,230,114,100,0,3
Suzuka,1,88.877,-1811,235,101,100,0,3
Suzuka,1,88.877,-1811,235,96,100,0,3
Suzuka,1,88.877,-1728,218,96,0,0,3
Suzuka,1,88.877,-1653,173,88,0,5,3
Suzuka,1,88.877,-1653,173,87,0,23,3
Suzuka,1,88.877,-1522,65,100,0,56,3
Suzuka,1,88.877,-1477,42,100,0,30,3
Suzuka,1,88.877,-1370,22,100,0,0,3
Suzuka,1,88.877,-1312,25,95,0,7,3
Suzuka,1,88.877,-1231,45,93,0,18,3
Suzuka,1,88.877,-1197,59,94,0,30,3
Suzuka,1,88.877,-1114,113,102,0,39,3
Suzuka,1,88.877,-1114,113,104,0,51,3
Suzuka,1,88.877,-990,229,115,0,64,3
Suzuka,1,88.877,-990,229,123,0,76,3
Suzuka,1,88.877,-943,273,132,0,80,3
Suzuka,1,88.877,-802,380,147,0,88,3
Suzuka,1,88.877,-721,424,156,0,91,3
Suzuka,1,88.877,-655,450,163,0,91,4
Suzuka,1,88.877,-494,482,172,0,100,4
Suzuka,1,88.877,-391,490,185,0,100,4
Suzuka,1,88.877,-174,483,193,0,100,4
Suzuka,1,88.877,26,450,206,0,100,5
Suzuka,1,88.877,220,394,221,0,100,5
Suzuka,1,88.877,430,314,226,0,100,5
Suzuka,1,88.877,534,264,231,0,100,5
Suzuka,1,88.877,671,185,236,0,100,6
Suzuka,1,88.877,671,185,243,0,100,6
Suzuka,1,88.877,1006,-71,251,0,100,6
Suzuka,1,88.877,1118,-182,255,0,100,6
Suzuka,1,88.877,1118,-182,257,0,100,6
Suzuka,1,88.877,1317,-393,261,0,100,6
Suzuka,1,88.877,1468,-572,268,0,100,7
Suzuka,1,88.877,1507,-618,268,0,100,7
Suzuka,1,88.877,1674,-813,275,0,100,7
Suzuka,1,88.877,1674,-813,279,0,100,7
Suzuka,2,95.122,1848,-1017,286,0,100,8
Suzuka,2,95.122,1848,-1017,286,0,100,8
Suzuka,2,95.122,1848,-1017,291,0,100,8
Suzuka,2,95.122,2070,-1276,294,0,100,8
Suzuka,2,95.122,2209,-1439,297,0,100,8
Suzuka,2,95.122,2362,-1617,302,0,100,8
Suzuka,2,95.122,2362,-1617,304,0,100,8
Suzuka,2,95.122,2505,-1784,307,0,100,8
Suzuka,2,95.122,2760,-2083,311,0,100,8
Suzuka,2,95.122,3008,-2373,313,0,100,8
Suzuka,2,95.122,3008,-2373,313,0,100,8
Suzuka,2,95.122,3260,-2667,316,0,100,8
Suzuka,2,95.122,3352,-2775,316,0,100,8
Suzuka,2,95.122,3503,-2951,320,0,100,8
Suzuka,2,95.122,3619,-3087,323,0,100,8
Suzuka,2,95.122,4072,-3619,326,0,100,8
Suzuka,2,95.122,4320,-3912,329,0,100,8
Suzuka,2,95.122,4320,-3912,329,0,100,8
Suzuka,2,95.122,4486,-4108,331,0,100,8
Suzuka,2,95.122,4486,-4108,331,0,100,8
Suzuka,2,95.122,4701,-4360,332,0,100,8
Suzuka,2,95.122,4809,-4486,332,0,100,8
Suzuka,2,95.122,4965,-4669,333,0,100,8
Suzuka,2,95.122,5061,-4782,334,0,100,8
Suzuka,2,95.122,5252,-5006,335,0,100,8
Suzuka,2,95.122,5432,-5219,335,0,100,8
Suzuka,2,95.122,5681,-5517,333,0,100,8
Suzuka,2,95.122,5681,-5517,332,0,100,8
Suzuka,2,95.122,5862,-5745,328,100,100,8
Suzuka,2,95.122,6033,-6130,311,100,0,8
Suzuka,2,95.122,6033,-6130,282,100,0,8
Suzuka,2,95.122,6052,-6341,268,100,0,8
Suzuka,2,95.122,6005,-6633,247,100,0,7
Suzuka,2,95.122,5982,-6722,232,100,0,6
Suzuka,2,95.122,5952,-6828,211,100,0,6
Suzuka,2,95.122,5917,-6927,200,100,0,6
Suzuka,2,95.122,5807,-7110,187,100,0,5
Suzuka,2,95.122,5727,-7183,178,100,0,5
Suzuka,2,95.122,5610,-7251,175,100,0,5
Suzuka,2,95.122,5610,-7251,171,0,0,5
Suzuka,2,95.122,5511,-7285,166,0,0,5
Suzuka,2,95.122,5392,-7305,160,0,20,5
Suzuka,2,95.122,5205,-7298,161,0,44,5
Suzuka,2,95.122,5018,-7237,163,0,57,5
Suzuka,2,95.122,5018,-7237,167,0,69,5
Suzuka,2,95.122,4845,-7108,168,0,72,5
Suzuka,2,95.122,4723,-6954,182,0,100,5
Suzuka,2,95.122,4723,-6954,186,0,100,5
Suzuka,2,95.122,4642,-6827,188,0,100,5
Suzuka,2,95.122,4642,-6827,201,0,100,5
Suzuka,2,95.122,4554,-6681,207,0,100,5
Suzuka,2,95.122,4450,-6496,207,0,100,5
Suzuka,2,95.122,4371,-6357,225,0,100,6
Suzuka,2,95.122,4177,-6040,233,0,100,6
Suzuka,2,95.122,4107,-5943,241,0,100,6
Suzuka,2,95.122,3953,-5758,243,0,100,6
Suzuka,2,95.122,3856,-5666,244,0,100,6
Suzuka,2,95.122,3856,-5666,245,0,69,6
Suzuka,2,95.122,3704,-5558,245,0,54,6
Suzuka,2,95.122,3572,-5497,243,0,55,6
Suzuka,2,95.122,3442,-5461,241,0,61,6
Suzuka,2,95.122,3105,-5429,242,100,21,6
Suzuka,2,95.122,2873,-5391,241,100,4,6
Suzuka,2,95.122,2690,-5306,237,0,10,6
Suzuka,2,95.122,2650,-5278,220,0,10,5
Suzuka,2,95.122,2439,-5056,214,0,55,5
Suzuka,2,95.122,2439,-5056,214,0,60,5
Suzuka,2,95.122,2336,-4796,216,0,67,5
Suzuka,2,95.122,2286,-4618,217,0,80,5
Suzuka,2,95.122,2258,-4524,220,0,100,5
Suzuka,2,95.122,2228,-4417,221,0,69,5
Suzuka,2,95.122,2122,-4129,225,0,44,5
Suzuka,2,95.122,2076,-4061,216,0,15,5
Suzuka,2,95.122,1954,-3933,207,0,21,5
Suzuka,2,95.122,1817,-3833,200,0,29,5
Suzuka,2,95.122,1728,-3788,197,0,45,5
Suzuka,2,95.122,1561,-3733,198,0,52,5
Suzuka,2,95.122,1461,-3717,200,0,65,5
Suzuka,2,95.122,1290,-3704,204,0,78,5
Suzuka,2,95.122,1093,-3693,211,0,100,5
Suzuka,2,95.122,940,-3677,215,100,100,5
Suzuka,2,95.122,765,-3635,207,100,0,5
Suzuka,2,95.122,765,-3635,199,100,0,5
Suzuka,2,95.122,628,-3575,190,100,0,5
Suzuka,2,95.122,479,-3478,187,0,0,5
Suzuka,2,95.122,479,-3478,183,0,0,5
Suzuka,2,95.122,326,-3335,180,0,30,5
Suzuka,2,95.122,289,-3291,176,0,39,5
Suzuka,2,95.122,217,-3186,177,0,46,5
Suzuka,2,95.122,142,-3006,180,0,50,5
Suzuka,2,95.122,127,-2929,180,0,51,5
Suzuka,2,95.122,127,-2929,181,0,56,5
Suzuka,2,95.122,125,-2797,185,0,60,5
Suzuka,2,95.122,178,-2592,187,0,65,5
Suzuka,2,95.122,225,-2478,192,0,75,5
Suzuka,2,95.122,225,-2478,197,0,84,5
Suzuka,2,95.122,321,-2242,208,0,100,5
Suzuka,2,95.122,369,-2120,212,0,100,5
Suzuka,2,95.122,369,-2120,217,0,100,5
Suzuka,2,95.122,457,-1857,223,0,83,5
Suzuka,2,95.122,470,-1738,223,0,64,6
Suzuka,2,95.122,443,-1549,219,0,44,6
Suzuka,2,95.122,380,-1402,218,0,53,6
Suzuka,2,95.122,200,-1176,217,0,74,6
Suzuka,2,95.122,200,-1176,219,0,100,6
Suzuka,2,95.122,122,-1116,223,0,100,6
Suzuka,2,95.122,-138,-981,227,0,100,6
Suzuka,2,95.122,-138,-981,227,0,100,6
Suzuka,2,95.122,-267,-921,227,0,100,6
Suzuka,2,95.122,-535,-813,239,0,100,6
Suzuka,2,95.122,-770,-754,245,0,100,6
Suzuka,2,95.122,-879,-733,249,0,100,6
Suzuka,2,95.122,-1128,-703,252,0,100,7
Suzuka,2,95.122,-1257,-698,256,0,100,7
Suzuka,2,95.122,-1372,-699,259,0,100,7
Suzuka,2,95.122,-1560,-709,263,0,100,7
Suzuka,2,95.122,-1717,-731,266,0,100,7
Suzuka,2,95.122,-2059,-841,269,0,100,7
Suzuka,2,95.122,-2237,-923,272,0,100,7
Suzuka,2,95.122,-2399,-1010,274,0,100,7
Suzuka,2,95.122,-2590,-1135,276,0,100,7
Suzuka,2,95.122,-2590,-1135,278,0,100,7
Suzuka,2,95.122,-2786,-1309,280,0,100,7
Suzuka,2,95.122,-2983,-1549,281,0,100,7
Suzuka,2,95.122,-2983,-1549,282,0,100,7
Suzuka,2,95.122,-3157,-1784,284,0,100,7
Suzuka,2,95.122,-3282,-1949,284,0,100,7
Suzuka,2,95.122,-3282,-1949,284,0,100,7
Suzuka,2,95.122,-3475,-2199,284,0,100,7
Suzuka,2,95.122,-3556,-2297,284,100,50,7
Suzuka,2,95.122,-3725,-2498,273,100,12,7
Suzuka,2,95.122,-3811,-2594,265,100,6,7
Suzuka,2,95.122,-4006,-2711,249,0,37,6
Suzuka,2,95.122,-4006,-2711,245,0,62,6
Suzuka,2,95.122,-4876,-2859,247,0,100,6
Suzuka,2,95.122,-4876,-2859,249,0,100,6
Suzuka,2,95.122,-4876,-2859,240,100,0,6
Suzuka,2,95.122,-5086,-2872,198,100,0,6
Suzuka,2,95.122,-5165,-2870,169,100,0,5
Suzuka,2,95.122,-5427,-2812,150,100,0,4
Suzuka,2,95.122,-5497,-2762,144,0,0,4
Suzuka,2,95.122,-5558,-2690,138,0,37,4
Suzuka,2,95.122,-5616,-2577,140,0,48,4
Suzuka,2,95.122,-5637,-2517,143,0,55,4
Suzuka,2,95.122,-5653,-2455,148,0,72,4
Suzuka,2,95.122,-5665,-2380,155,0,98,4
Suzuka,2,95.122,-5680,-2245,165,0,98,4
Suzuka,2,95.122,-5707,-2053,173,0,100,4
Suzuka,2,95.122,-5751,-1857,186,0,100,5
Suzuka,2,95.122,-5767,-1782,200,0,100,5
Suzuka,2,95.122,-5767,-1782,200,0,100,5
Suzuka,2,95.122,-5806,-1604,210,0,100,5
Suzuka,2,95.122,-5851,-1396,216,0,100,5
Suzuka,2,95.122,-5874,-1290,224,0,100,6
Suzuka,2,95.122,-5874,-1290,229,0,100,6
Suzuka,2,95.122,-5923,-1064,234,0,100,6
Suzuka,2,95.122,-5928,-1039,238,0,100,6
Suzuka,2,95.122,-5970,-844,244,0,100,6
Suzuka,2,95.122,-6010,-657,248,0,100,7
Suzuka,2,95.122,-6094,-229,253,0,100,7
Suzuka,2,95.122,-6133,13,261,0,100,7
Suzuka,2,95.122,-6133,13,263,0,100,7
Suzuka,2,95.122,-6142,270,263,0,100,7
Suzuka,2,95.122,-6121,429,263,0,100,7
Suzuka,2,95.122,-6077,599,263,0,100,7
Suzuka,2,95.122,-6037,706,238,100,0,7
Suzuka,2,95.122,-5996,804,228,100,0,7
Suzuka,2,95.122,-5905,997,193,100,0,6
Suzuka,2,95.122,-5822,1175,160,100,0,5
Suzuka,2,95.122,-5789,1266,137,100,0,5
Suzuka,2,95.122,-5769,1375,112,100,0,4
Suzuka,2,95.122,-5777,1461,96,100,0,2
Suzuka,2,95.122,-5790,1499,90,100,0,2
Suzuka,2,95.122,-5849,1580,86,100,0,2
Suzuka,2,95.122,-5911,1620,78,0,0,2
Suzuka,2,95.122,-5984,1633,71,0,6,2
Suzuka,2,95.122,-6024,1631,73,0,21,2
Suzuka,2,95.122,-6068,1621,76,0,25,2
Suzuka,2,95.122,-6103,1606,79,0,29,2
Suzuka,2,95.122,-6191,1540,86,0,38,2
Suzuka,2,95.122,-6191,1540,88,0,39,2
Suzuka,2,95.122,-6276,1421,98,0,46,2
Suzuka,2,95.122,-6276,1421,105,0,50,2
Suzuka,2,95.122,-6310,1357,110,0,56,2
Suzuka,2,95.122,-6333,1312,116,0,61,3
Suzuka,2,95.122,-6357,1266,119,0,67,3
Suzuka,2,95.122,-6402,1180,132,0,78,3
Suzuka,2,95.122,-6506,992,153,0,100,3
Suzuka,2,95.122,-6558,905,167,0,100,4
Suzuka,2,95.122,-6654,752,181,0,100,4
Suzuka,2,95.122,-6654,752,189,0,100,4
Suzuka,2,95.122,-6798,532,201,0,100,5
Suzuka,2,95.122,-6798,532,208,0,100,5
Suzuka,2,95.122,-6877,416,210,0,100,5
Suzuka,2,95.122,-6989,260,217,0,100,5
Suzuka,2,95.122,-7102,126,225,0,100,6
Suzuka,2,95.122,-7183,44,233,0,100,6
Suzuka,2,95.122,-7395,-133,239,0,100,6
Suzuka,2,95.122,-7506,-209,245,0,100,6
Suzuka,2,95.122,-7649,-286,251,0,100,7
Suzuka,2,95.122,-7847,-354,252,0,100,7
Suzuka,2,95.122,-7903,-367,255,0,100,7
Suzuka,2,95.122,-8206,-410,258,0,100,7
Suzuka,2,95.122,-8380,-424,265,0,100,7
Suzuka,2,95.122,-8658,-428,267,0,100,7
Suzuka,2,95.122,-8807,-417,272,0,100,7
Suzuka,2,95.122,-9003,-392,274,0,100,7
Suzuka,2,95.122,-9198,-354,276,0,100,7
Suzuka,2,95.122,-9318,-323,278,0,100,7
Suzuka,2,95.122,-9452,-285,279,0,100,7
Suzuka,2,95.122,-9615,-232,282,0,100,8
Suzuka,2,95.122,-9749,-184,282,0,100,8
Suzuka,2,95.122,-10014,-81,286,0,100,8
Suzuka,2,95.122,-10372,85,286,0,100,8
Suzuka,2,95.122,-10372,85,287,0,100,8
Suzuka,2,95.122,-10494,160,288,0,100,8
Suzuka,2,95.122,-10732,330,288,0,100,8
Suzuka,2,95.122,-10866,444,289,0,100,8
Suzuka,2,95.122,-11118,714,289,0,100,8
Suzuka,2,95.122,-11118,714,289,0,100,8
Suzuka,2,95.122,-11359,1075,291,0,100,8
Suzuka,2,95.122,-11437,1236,292,0,100,8
Suzuka,2,95.122,-11503,1387,293,0,100,8
Suzuka,2,95.122,-11579,1568,293,0,100,8
Suzuka,2,95.122,-11655,1748,293,0,100,8
Suzuka,2,95.122,-11731,1927,292,0,100,8
Suzuka,2,95.122,-11876,2232,285,100,0,8
Suzuka,2,95.122,-11983,2431,263,100,0,8
Suzuka,2,95.122,-12011,2480,249,100,0,7
Suzuka,2,95.122,-12381,2788,229,0,0,6
Suzuka,2,95.122,-12485,2817,218,0,3,6
Suzuka,2,95.122,-12714,2836,215,0,20,6
Suzuka,2,95.122,-12830,2832,206,0,29,6
Suzuka,2,95.122,-12830,2832,206,0,50,6
Suzuka,2,95.122,-13091,2795,207,100,59,6
Suzuka,2,95.122,-13210,2762,197,100,0,6
Suzuka,2,95.122,-13311,2725,188,100,0,5
Suzuka,2,95.122,-13544,2573,175,100,0,5
Suzuka,2,95.122,-13627,2461,171,0,0,5
Suzuka,2,95.122,-13627,2461,166,0,0,5
Suzuka,2,95.122,-13685,2320,161,0,0,5
Suzuka,2,95.122,-13706,2190,158,0,24,5
Suzuka,2,95.122,-13703,2085,157,0,36,5
Suzuka,2,95.122,-13670,1929,158,0,38,5
Suzuka,2,95.122,-13628,1819,163,0,60,5
Suzuka,2,95.122,-13568,1704,167,0,57,5
Suzuka,2,95.122,-13517,1626,169,0,52,5
Suzuka,2,95.122,-13451,1544,174,0,65,5
Suzuka,2,95.122,-13377,1464,181,0,100,5
Suzuka,2,95.122,-13200,1299,193,0,100,5
Suzuka,2,95.122,-13069,1193,207,0,100,5
Suzuka,2,95.122,-12868,1043,220,0,100,6
Suzuka,2,95.122,-12747,954,226,0,100,6
Suzuka,2,95.122,-12632,872,232,0,100,6
Suzuka,2,95.122,-12506,783,241,0,100,6
Suzuka,2,95.122,-12416,723,246,0,100,6
Suzuka,2,95.122,-12229,601,255,0,100,7
Suzuka,2,95.122,-12035,481,259,0,100,7
Suzuka,2,95.122,-11821,353,264,0,100,7
Suzuka,2,95.122,-11821,353,266,0,100,7
Suzuka,2,95.122,-11479,164,272,0,100,7
Suzuka,2,95.122,-11479,164,277,0,100,7
Suzuka,2,95.122,-10841,-160,282,0,100,7
Suzuka,2,95.122,-10841,-160,284,0,100,8
Suzuka,2,95.122,-10638,-252,286,0,100,8
Suzuka,2,95.122,-10638,-252,287,0,100,8
Suzuka,2,95.122,-10535,-297,290,0,100,8
Suzuka,2,95.122,-10179,-437,291,0,100,8
Suzuka,2,95.122,-10026,-493,293,0,100,8
Suzuka,2,95.122,-9823,-563,297,0,100,8
Suzuka,2,95.122,-9823,-563,299,0,100,8
Suzuka,2,95.122,-9460,-687,300,0,100,8
Suzuka,2,95.122,-9253,-757,302,0,100,8
Suzuka,2,95.122,-9253,-757,304,0,100,8
Suzuka,2,95.122,-8949,-860,306,0,100,8
Suzuka,2,95.122,-8626,-968,307,0,100,8
Suzuka,2,95.122,-8448,-1028,308,0,100,8
Suzuka,2,95.122,-8073,-1153,309,0,100,8
Suzuka,2,95.122,-8073,-1153,310,0,100,8
Suzuka,2,95.122,-7658,-1293,312,0,100,8
Suzuka,2,95.122,-7576,-1320,313,0,100,8
Suzuka,2,95.122,-7246,-1431,314,0,100,8
Suzuka,2,95.122,-6948,-1531,315,0,100,8
Suzuka,2,95.122,-6799,-1581,315,0,100,8
Suzuka,2,95.122,-6416,-1709,316,0,100,8
Suzuka,2,95.122,-6416,-1709,316,0,100,8
Suzuka,2,95.122,-6133,-1805,316,0,100,8
Suzuka,2,95.122,-6034,-1838,317,0,100,8
Suzuka,2,95.122,-5666,-1962,318,0,100,8
Suzuka,2,95.122,-5467,-2027,317,0,100,8
Suzuka,2,95.122,-5467,-2027,315,0,100,8
Suzuka,2,95.122,-5244,-2057,314,0,100,8
Suzuka,2,95.122,-4813,-1956,314,0,100,8
Suzuka,2,95.122,-4616,-1879,311,0,100,8
Suzuka,2,95.122,-4427,-1794,311,0,100,8
Suzuka,2,95.122,-4158,-1647,309,0,100,8
Suzuka,2,95.122,-3991,-1541,309,0,100,8
Suzuka,2,95.122,-3878,-1463,309,0,100,8
Suzuka,2,95.122,-3660,-1297,309,0,100,8
Suzuka,2,95.122,-3530,-1184,309,0,100,8
Suzuka,2,95.122,-3291,-960,309,0,100,8
Suzuka,2,95.122,-3065,-748,310,0,100,8
Suzuka,2,95.122,-3065,-748,310,0,100,8
Suzuka,2,95.122,-2784,-469,311,0,100,8
Suzuka,2,95.122,-2702,-387,297,100,0,8
Suzuka,2,95.122,-2585,-270,269,100,0,8
Suzuka,2,95.122,-2491,-176,241,100,0,8
Suzuka,2,95.122,-2413,-98,203,100,0,7
Suzuka,2,95.122,-2321,-8,176,100,0,7
Suzuka,2,95.122,-2217,80,146,100,0,4
Suzuka,2,95.122,-2124,145,132,100,0,4
Suzuka,2,95.122,-2081,169,117,100,0,3
Suzuka,2,95.122,-1979,210,106,100,0,3
Suzuka,2,95.122,-1720,214,96,0,0,3
Suzuka,2,95.122,-1720,214,94,0,0,3
Suzuka,2,95.122,-1720,214,89,0,9,3
Suzuka,2,95.122,-1633,157,89,0,21,3
Suzuka,2,95.122,-1609,135,91,0,36,3
Suzuka,2,95.122,-1564,96,97,100,0,3
Suzuka,2,95.122,-1483,45,98,100,0,3
Suzuka,2,95.122,-1395,24,91,0,0,3
Suzuka,2,95.122,-1330,24,89,0,1,3
Suzuka,2,95.122,-1254,38,87,0,11,3
Suzuka,2,95.122,-1171,73,90,0,25,3
Suzuka,2,95.122,-1171,73,92,0,31,3
Suzuka,2,95.122,-1118,110,98,0,37,3
Suzuka,2,95.122,-1066,155,106,0,48,3
Suzuka,2,95.122,-1027,193,112,0,57,3
Suzuka,2,95.122,-873,331,129,0,68,3
Suzuka,2,95.122,-873,331,134,0,68,3
Suzuka,2,95.122,-691,437,151,0,78,4
Suzuka,2,95.122,-605,463,163,0,100,4
Suzuka,2,95.122,-453,486,177,0,91,4
Suzuka,2,95.122,-173,483,190,0,69,5
Suzuka,2,95.122,-173,483,192,0,74,5
Suzuka,2,95.122,59,442,201,0,100,5
Suzuka,2,95.122,254,382,203,100,0,5
Suzuka,2,95.122,346,348,192,100,0,5
Suzuka,2,95.122,561,249,145,100,0,5
Suzuka,2,95.122,612,219,127,100,0,5
Suzuka,2,95.122,671,182,56,100,0,5
Suzuka,2,95.122,671,182,16,100,0,5
Suzuka,2,95.122,682,175,0,100,0,5
Suzuka,2,95.122,683,174,0,100,0,5
Suzuka,2,95.122,689,171,11,100,47,5
Suzuka,2,95.122,714,155,15,0,0,5
Suzuka,2,95.122,728,146,17,0,0,5
Suzuka,2,95.122,736,140,15,0,0,5
Suzuka,2,95.122,747,133,12,0,0,5
Suzuka,2,95.122,760,124,12,0,0,5
Suzuka,2,95.122,764,122,11,0,0,5
Suzuka,2,95.122,764,122,9,0,0,5
Suzuka,2,95.122,773,116,5,0,0,5
Suzuka,2,95.122,774,115,0,0,0,5
Suzuka,2,95.122,774,115,0,0,0,5
Suzuka,2,95.122,774,115,0,0,0,5
Suzuka,2,95.122,774,115,0,0,0,5
Suzuka,2,95.122,774,115,0,0,0,5
Suzuka,2,95.122,774,115,0,0,0,5
Suzuka,44,89.908,1853,-1023,283,0,100,8
Suzuka,44,89.908,1853,-1023,285,0,100,8
Suzuka,44,89.908,2040,-1242,289,0,100,8
Suzuka,44,89.908,2209,-1439,292,0,100,8
Suzuka,44,89.908,2209,-1439,295,0,100,8
Suzuka,44,89.908,2305,-1551,296,0,100,8
Suzuka,44,89.908,2585,-1878,299,0,100,8
Suzuka,44,89.908,2793,-2121,302,0,100,8
Suzuka,44,89.908,2793,-2121,305,0,100,8
Suzuka,44,89.908,2980,-2340,307,0,100,8
Suzuka,44,89.908,3180,-2574,309,0,100,8
Suzuka,44,89.908,3326,-2744,310,0,100,8
Suzuka,44,89.908,3404,-2836,312,0,100,8
Suzuka,44,89.908,3540,-2994,313,0,100,8
Suzuka,44,89.908,3777,-3272,314,0,100,8
Suzuka,44,89.908,3777,-3272,315,0,100,8
Suzuka,44,89.908,3919,-3439,317,0,100,8
Suzuka,44,89.908,4232,-3809,319,0,100,8
Suzuka,44,89.908,4393,-3998,319,0,100,8
Suzuka,44,89.908,4578,-4215,321,0,100,8
Suzuka,44,89.908,4821,-4501,322,0,100,8
Suzuka,44,89.908,4821,-4501,322,0,100,8
Suzuka,44,89.908,4996,-4706,323,0,100,8
Suzuka,44,89.908,5136,-4869,323,0,100,8
Suzuka,44,89.908,5136,-4869,324,0,100,8
Suzuka,44,89.908,5436,-5224,325,0,100,8
Suzuka,44,89.908,5552,-5362,325,0,100,8
Suzuka,44,89.908,5747,-5598,324,0,100,8
Suzuka,44,89.908,5747,-5598,323,0,100,8
Suzuka,44,89.908,5938,-5864,317,0,80,8
Suzuka,44,89.908,5998,-6000,316,0,53,8
Suzuka,44,89.908,6047,-6218,299,100,31,8
Suzuka,44,89.908,5986,-6709,264,100,0,8
Suzuka,44,89.908,5986,-6709,246,100,0,8
Suzuka,44,89.908,5902,-6961,210,100,0,7
Suzuka,44,89.908,5780,-7139,198,100,0,5
Suzuka,44,89.908,5609,-7252,180,100,2,5
Suzuka,44,89.908,5526,-7281,177,0,7,4
Suzuka,44,89.908,5526,-7281,173,0,18,4
Suzuka,44,89.908,5432,-7301,169,0,42,4
Suzuka,44,89.908,5182,-7294,165,0,55,4
Suzuka,44,89.908,5065,-7259,169,0,70,4
Suzuka,44,89.908,4980,-7217,174,0,74,4
Suzuka,44,89.908,4840,-7104,179,0,87,4
Suzuka,44,89.908,4840,-7104,184,0,90,4
Suzuka,44,89.908,4721,-6951,191,0,100,4
Suzuka,44,89.908,4648,-6838,200,0,100,5
Suzuka,44,89.908,4586,-6735,210,0,100,5
Suzuka,44,89.908,4498,-6582,219,0,100,5
Suzuka,44,89.908,4359,-6335,226,0,100,6
Suzuka,44,89.908,4289,-6214,231,0,100,6
Suzuka,44,89.908,4170,-6029,235,0,100,6
Suzuka,44,89.908,4170,-6029,239,0,100,6
Suzuka,44,89.908,4091,-5922,242,0,100,6
Suzuka,44,89.908,3997,-5807,245,0,100,6
Suzuka,44,89.908,3914,-5719,247,0,100,6
Suzuka,44,89.908,3734,-5576,248,0,92,6
Suzuka,44,89.908,3626,-5518,249,0,87,6
Suzuka,44,89.908,3443,-5461,249,0,91,6
Suzuka,44,89.908,3126,-5430,247,0,92,6
Suzuka,44,89.908,2908,-5400,250,0,80,6
Suzuka,44,89.908,2908,-5400,244,0,58,6
Suzuka,44,89.908,2703,-5314,241,100,38,6
Suzuka,44,89.908,2524,-5168,229,0,53,6
Suzuka,44,89.908,2524,-5168,225,0,63,6
Suzuka,44,89.908,2341,-4814,224,0,81,6
Suzuka,44,89.908,2309,-4702,227,0,87,6
Suzuka,44,89.908,2239,-4456,228,0,100,6
Suzuka,44,89.908,2200,-4320,233,0,85,6
Suzuka,44,89.908,2124,-4133,231,0,54,6
Suzuka,44,89.908,2077,-4062,227,0,58,6
Suzuka,44,89.908,1918,-3902,221,0,51,6
Suzuka,44,89.908,1918,-3902,217,0,52,6
Suzuka,44,89.908,1631,-3751,216,0,64,6
Suzuka,44,89.908,1631,-3751,216,0,71,6
Suzuka,44,89.908,1525,-3726,217,0,86,6
Suzuka,44,89.908,1241,-3701,222,0,100,6
Suzuka,44,89.908,1105,-3693,224,0,100,6
Suzuka,44,89.908,1006,-3685,224,0,100,6
Suzuka,44,89.908,799,-3646,228,0,82,6
Suzuka,44,89.908,683,-3603,223,0,52,6
Suzuka,44,89.908,478,-3477,216,100,44,6
Suzuka,44,89.908,365,-3377,199,0,26,5
Suzuka,44,89.908,247,-3234,196,0,42,5
Suzuka,44,89.908,160,-3065,192,0,51,5
Suzuka,44,89.908,134,-2975,190,0,54,5
Suzuka,44,89.908,122,-2850,191,0,70,5
Suzuka,44,89.908,122,-2850,195,0,74,5
Suzuka,44,89.908,208,-2519,204,0,91,5
Suzuka,44,89.908,257,-2401,208,0,100,5
Suzuka,44,89.908,257,-2401,210,0,100,5
Suzuka,44,89.908,364,-2131,217,0,100,5
Suzuka,44,89.908,433,-1947,223,0,98,5
Suzuka,44,89.908,447,-1900,225,0,90,6
Suzuka,44,89.908,469,-1683,226,0,92,6
Suzuka,44,89.908,469,-1683,226,0,92,6
Suzuka,44,89.908,418,-1478,228,0,91,6
Suzuka,44,89.908,344,-1342,232,0,100,6
Suzuka,44,89.908,219,-1193,234,0,100,6
Suzuka,44,89.908,36,-1064,239,0,100,6
Suzuka,44,89.908,-247,-930,242,0,100,6
Suzuka,44,89.908,-575,-800,245,0,100,6
Suzuka,44,89.908,-820,-744,250,0,100,7
Suzuka,44,89.908,-820,-744,253,0,100,7
Suzuka,44,89.908,-820,-744,254,0,100,7
Suzuka,44,89.908,-1320,-698,260,0,100,7
Suzuka,44,89.908,-1393,-700,261,0,100,7
Suzuka,44,89.908,-1554,-708,264,0,100,7
Suzuka,44,89.908,-1554,-708,265,0,100,7
Suzuka,44,89.908,-1812,-754,267,0,100,7
Suzuka,44,89.908,-1984,-812,269,0,100,7
Suzuka,44,89.908,-2191,-900,270,0,100,7
Suzuka,44,89.908,-2352,-984,272,0,100,7
Suzuka,44,89.908,-2352,-984,273,0,100,7
Suzuka,44,89.908,-2570,-1120,275,0,100,7
Suzuka,44,89.908,-2712,-1236,277,0,100,7
Suzuka,44,89.908,-2948,-1502,280,0,100,7
Suzuka,44,89.908,-3031,-1615,280,0,100,7
Suzuka,44,89.908,-3248,-1904,280,0,100,8
Suzuka,44,89.908,-3352,-2041,280,0,100,8
Suzuka,44,89.908,-3437,-2152,280,0,100,8
Suzuka,44,89.908,-3635,-2391,280,0,100,8
Suzuka,44,89.908,-3745,-2521,276,0,50,8
Suzuka,44,89.908,-3981,-2703,263,0,61,7
Suzuka,44,89.908,-4238,-2757,260,0,100,7
Suzuka,44,89.908,-4396,-2784,258,0,100,7
Suzuka,44,89.908,-4665,-2828,260,0,100,7
Suzuka,44,89.908,-4780,-2846,253,100,11,7
Suzuka,44,89.908,-5042,-2872,222,100,0,7
Suzuka,44,89.908,-5179,-2869,175,100,0,6
Suzuka,44,89.908,-5305,-2853,157,100,0,6
Suzuka,44,89.908,-5502,-2757,145,0,5,4
Suzuka,44,89.908,-5502,-2757,144,0,15,4
Suzuka,44,89.908,-5561,-2685,144,0,40,4
Suzuka,44,89.908,-5592,-2630,142,0,58,4
Suzuka,44,89.908,-5648,-2477,146,0,69,4
Suzuka,44,89.908,-5662,-2401,151,0,85,4
Suzuka,44,89.908,-5662,-2401,158,0,92,4
Suzuka,44,89.908,-5673,-2313,167,0,100,4
Suzuka,44,89.908,-5694,-2132,175,0,100,4
Suzuka,44,89.908,-5694,-2132,182,0,100,4
Suzuka,44,89.908,-5723,-1982,190,0,100,4
Suzuka,44,89.908,-5723,-1982,194,0,100,4
Suzuka,44,89.908,-5766,-1790,206,0,100,5
Suzuka,44,89.908,-5837,-1459,218,0,100,5
Suzuka,44,89.908,-5874,-1290,227,0,100,6
Suzuka,44,89.908,-5901,-1167,232,0,100,6
Suzuka,44,89.908,-5958,-900,239,0,100,6
Suzuka,44,89.908,-6016,-624,245,0,100,6
Suzuka,44,89.908,-6054,-436,251,0,100,6
Suzuka,44,89.908,-6079,-313,255,0,100,7
Suzuka,44,89.908,-6140,79,259,0,100,7
Suzuka,44,89.908,-6144,235,260,0,100,7
Suzuka,44,89.908,-6096,534,261,0,100,7
Suzuka,44,89.908,-6055,659,254,0,96,7
Suzuka,44,89.908,-6007,779,226,100,2,7
Suzuka,44,89.908,-5943,919,198,100,0,7
Suzuka,44,89.908,-5838,1136,153,100,0,7
Suzuka,44,89.908,-5785,1279,136,100,0,7
Suzuka,44,89.908,-5775,1324,115,100,0,3
Suzuka,44,89.908,-5771,1435,111,100,0,3
Suzuka,44,89.908,-5771,1435,104,100,0,3
Suzuka,44,89.908,-5817,1547,95,100,0,3
Suzuka,44,89.908,-5866,1595,88,100,0,3
Suzuka,44,89.908,-5901,1616,82,0,0,3
Suzuka,44,89.908,-5960,1632,76,0,0,3
Suzuka,44,89.908,-6002,1633,72,0,10,3
Suzuka,44,89.908,-6067,1621,77,0,29,3
Suzuka,44,89.908,-6151,1576,80,0,30,3
Suzuka,44,89.908,-6206,1523,83,0,42,3
Suzuka,44,89.908,-6206,1523,93,0,50,3
Suzuka,44,89.908,-6308,1362,103,0,62,3
Suzuka,44,89.908,-6308,1362,106,0,65,3
Suzuka,44,89.908,-6355,1269,117,0,75,3
Suzuka,44,89.908,-6355,1269,132,0,91,3
Suzuka,44,89.908,-6487,1026,158,0,100,3
Suzuka,44,89.908,-6532,948,176,0,100,4
Suzuka,44,89.908,-6779,562,205,0,100,5
Suzuka,44,89.908,-6915,361,208,0,100,5
Suzuka,44,89.908,-6915,361,219,0,100,5
Suzuka,44,89.908,-7048,187,225,0,100,6
Suzuka,44,89.908,-7160,66,233,0,100,6
Suzuka,44,89.908,-7356,-104,237,0,100,6
Suzuka,44,89.908,-7476,-190,242,0,100,6
Suzuka,44,89.908,-7476,-190,243,0,100,6
Suzuka,44,89.908,-7820,-347,249,0,100,7
Suzuka,44,89.908,-7820,-347,252,0,100,7
Suzuka,44,89.908,-7958,-377,255,0,100,7
Suzuka,44,89.908,-8229,-412,259,0,100,7
Suzuka,44,89.908,-8469,-429,263,0,100,7
Suzuka,44,89.908,-8556,-430,264,0,100,7
Suzuka,44,89.908,-8836,-414,268,0,100,7
Suzuka,44,89.908,-9162,-362,271,0,100,7
Suzuka,44,89.908,-9413,-296,273,0,100,7
Suzuka,44,89.908,-9413,-296,274,0,100,7
Suzuka,44,89.908,-9632,-226,276,0,100,7
Suzuka,44,89.908,-9894,-129,280,0,100,7
Suzuka,44,89.908,-10153,-22,282,0,100,8
Suzuka,44,89.908,-10224,9,283,0,100,8
Suzuka,44,89.908,-10497,162,284,0,100,8
Suzuka,44,89.908,-10731,330,284,0,100,8
Suzuka,44,89.908,-10731,330,284,0,100,8
Suzuka,44,89.908,-10852,431,286,0,100,8
Suzuka,44,89.908,-11103,696,286,0,100,8
Suzuka,44,89.908,-11181,796,286,0,100,8
Suzuka,44,89.908,-11382,1119,287,0,100,8
Suzuka,44,89.908,-11449,1265,287,0,100,8
Suzuka,44,89.908,-11526,1442,288,0,100,8
Suzuka,44,89.908,-11683,1814,290,0,100,8
Suzuka,44,89.908,-11860,2201,289,0,100,8
Suzuka,44,89.908,-12002,2464,273,100,24,8
Suzuka,44,89.908,-12074,2570,262,100,19,8
Suzuka,44,89.908,-12292,2750,250,0,26,7
Suzuka,44,89.908,-12402,2796,241,0,31,6
Suzuka,44,89.908,-12711,2836,226,0,51,6
Suzuka,44,89.908,-12861,2830,221,0,65,6
Suzuka,44,89.908,-13118,2789,221,100,79,6
Suzuka,44,89.908,-13231,2755,209,100,8,6
Suzuka,44,89.908,-13345,2710,193,100,9,5
Suzuka,44,89.908,-13486,2625,181,100,9,4
Suzuka,44,89.908,-13576,2538,171,100,7,4
Suzuka,44,89.908,-13633,2451,168,0,2,4
Suzuka,44,89.908,-13687,2314,159,0,23,4
Suzuka,44,89.908,-13705,2210,157,0,54,4
Suzuka,44,89.908,-13703,2078,159,0,59,4
Suzuka,44,89.908,-13691,2007,162,0,61,4
Suzuka,44,89.908,-13633,1831,166,0,69,4
Suzuka,44,89.908,-13592,1745,176,0,78,4
Suzuka,44,89.908,-13536,1652,180,0,87,4
Suzuka,44,89.908,-13427,1516,191,0,100,4
Suzuka,44,89.908,-13203,1301,203,0,100,5
Suzuka,44,89.908,-13008,1147,203,0,100,5
Suzuka,44,89.908,-12909,1073,203,0,100,5
Suzuka,44,89.908,-12714,930,203,104,100,5
Suzuka,44,89.908,-12714,930,235,0,100,5
Suzuka,44,89.908,-12496,776,242,0,100,6
Suzuka,44,89.908,-12496,776,242,0,100,6
Suzuka,44,89.908,-12334,669,254,0,100,7
Suzuka,44,89.908,-12081,509,256,0,100,7
Suzuka,44,89.908,-11435,140,274,0,100,7
Suzuka,44,89.908,-11177,4,277,0,100,7
Suzuka,44,89.908,-11025,-72,280,0,100,7
Suzuka,44,89.908,-11025,-72,281,0,100,8
Suzuka,44,89.908,-10813,-173,282,0,100,8
Suzuka,44,89.908,-10655,-245,286,0,100,8
Suzuka,44,89.908,-10331,-379,288,0,100,8
Suzuka,44,89.908,-10075,-475,289,0,100,8
Suzuka,44,89.908,-9845,-556,292,0,100,8
Suzuka,44,89.908,-9845,-556,293,0,100,8
Suzuka,44,89.908,-9706,-603,295,0,100,8
Suzuka,44,89.908,-9317,-735,297,0,100,8
Suzuka,44,89.908,-9192,-778,297,0,100,8
Suzuka,44,89.908,-9192,-778,298,0,100,8
Suzuka,44,89.908,-8941,-863,299,0,100,8
Suzuka,44,89.908,-8800,-910,299,0,100,8
Suzuka,44,89.908,-8484,-1016,301,0,100,8
Suzuka,44,89.908,-8245,-1096,302,0,100,8
Suzuka,44,89.908,-8245,-1096,302,0,100,8
Suzuka,44,89.908,-8213,-1106,303,0,100,8
Suzuka,44,89.908,-7857,-1226,303,0,100,8
Suzuka,44,89.908,-7617,-1307,304,0,100,8
Suzuka,44,89.908,-7617,-1307,305,0,100,8
Suzuka,44,89.908,-7328,-1404,306,0,100,8
Suzuka,44,89.908,-7022,-1507,306,0,100,8
Suzuka,44,89.908,-6666,-1626,308,0,100,8
Suzuka,44,89.908,-6666,-1626,307,0,100,8
Suzuka,44,89.908,-6374,-1724,308,0,100,8
Suzuka,44,89.908,-6196,-1784,308,0,100,8
Suzuka,44,89.908,-5920,-1876,309,0,100,8
Suzuka,44,89.908,-5692,-1953,309,0,100,8
Suzuka,44,89.908,-5466,-2027,307,0,100,8
Suzuka,44,89.908,-5134,-2048,307,0,100,8
Suzuka,44,89.908,-4747,-1931,305,0,100,8
Suzuka,44,89.908,-4747,-1931,305,0,100,8
Suzuka,44,89.908,-4558,-1854,303,0,100,8
Suzuka,44,89.908,-4405,-1783,303,0,100,8
Suzuka,44,89.908,-4148,-1641,302,0,100,8
Suzuka,44,89.908,-3881,-1466,302,0,100,8
Suzuka,44,89.908,-3681,-1314,301,0,100,8
Suzuka,44,89.908,-3479,-1138,301,0,100,8
Suzuka,44,89.908,-3394,-1057,302,0,100,8
Suzuka,44,89.908,-2979,-665,302,0,100,8
Suzuka,44,89.908,-2907,-594,302,0,100,8
Suzuka,44,89.908,-2777,-463,300,100,100,8
Suzuka,44,89.908,-2521,-206,239,100,0,8
Suzuka,44,89.908,-2288,20,188,100,0,8
Suzuka,44,89.908,-2288,20,167,100,0,8
Suzuka,44,89.908,-2266,40,151,100,0,8
Suzuka,44,89.908,-2167,118,136,100,0,8
Suzuka,44,89.908,-2040,188,115,100,0,6
Suzuka,44,89.908,-1947,219,107,100,0,4
Suzuka,44,89.908,-1947,219,101,100,0,2
Suzuka,44,89.908,-1824,235,96,100,0,2
Suzuka,44,89.908,-1747,224,91,0,0,2
Suzuka,44,89.908,-1733,220,89,0,5,2
Suzuka,44,89.908,-1687,197,87,0,15,2
Suzuka,44,89.908,-1687,197,87,0,32,2
Suzuka,44,89.908,-1620,145,90,0,42,2
Suzuka,44,89.908,-1588,116,95,0,44,2
Suzuka,44,89.908,-1546,81,102,0,53,2
Suzuka,44,89.908,-1446,32,105,100,0,3
Suzuka,44,89.908,-1446,32,98,0,7,3
Suzuka,44,89.908,-1377,22,96,0,11,3
Suzuka,44,89.908,-1251,38,95,0,25,3
Suzuka,44,89.908,-1202,57,98,0,41,3
Suzuka,44,89.908,-1149,87,102,0,44,3
Suzuka,44,89.908,-1071,150,106,0,57,3
Suzuka,44,89.908,-887,320,140,0,84,3
Suzuka,44,89.908,-772,399,152,0,87,3
Suzuka,44,89.908,-537,477,174,0,95,3
Suzuka,44,89.908,-537,477,178,0,100,4
Suzuka,44,89.908,-339,491,193,0,100,5
Suzuka,44,89.908,-37,464,209,0,100,5
Suzuka,44,89.908,170,410,215,0,100,5
Suzuka,44,89.908,252,383,223,0,100,6
Suzuka,44,89.908,370,339,229,0,100,6
Suzuka,44,89.908,555,253,233,0,100,6
Suzuka,44,89.908,670,186,240,0,100,6
Suzuka,44,89.908,782,112,243,0,100,6
Suzuka,44,89.908,861,54,247,0,100,6
Suzuka,44,89.908,997,-63,251,0,100,6
Suzuka,44,89.908,1089,-152,256,0,100,7
Suzuka,44,89.908,1239,-306,261,0,100,7
Suzuka,44,89.908,1336,-415,265,0,100,7
Suzuka,44,89.908,1439,-538,271,0,100,7
Suzuka,44,89.908,1569,-691,275,0,100,7
Suzuka,44,89.908,1718,-865,278,0,100,7
Suzuka,55,89.85,1865,-1037,287,0,99,7
Suzuka,55,89.85,2032,-1232,290,0,99,7
Suzuka,55,89.85,2245,-1481,295,0,99,7
Suzuka,55,89.85,2472,-1746,300,0,99,8
Suzuka,55,89.85,2713,-2027,304,0,99,8
Suzuka,55,89.85,2713,-2027,307,0,99,8
Suzuka,55,89.85,2835,-2170,309,0,99,8
Suzuka,55,89.85,3047,-2419,311,0,99,8
Suzuka,55,89.85,3172,-2565,315,0,99,8
Suzuka,55,89.85,3320,-2737,316,0,99,8
Suzuka,55,89.85,3480,-2924,317,0,99,8
Suzuka,55,89.85,3803,-3302,320,0,99,8
Suzuka,55,89.85,3954,-3480,322,0,99,8
Suzuka,55,89.85,4139,-3699,324,0,99,8
Suzuka,55,89.85,4372,-3973,324,0,99,8
Suzuka,55,89.85,4372,-3973,325,0,99,8
Suzuka,55,89.85,4701,-4360,327,0,99,8
Suzuka,55,89.85,4866,-4554,327,0,99,8
Suzuka,55,89.85,4973,-4679,328,0,99,8
Suzuka,55,89.85,5227,-4977,331,0,99,8
Suzuka,55,89.85,5417,-5201,330,0,99,8
Suzuka,55,89.85,5745,-5596,331,100,100,8
Suzuka,55,89.85,5975,-5940,325,100,100,8
Suzuka,55,89.85,5975,-5940,319,100,100,8
Suzuka,55,89.85,6040,-6169,316,100,75,8
Suzuka,55,89.85,6040,-6169,308,100,18,8
Suzuka,55,89.85,6043,-6460,291,100,3,8
Suzuka,55,89.85,6018,-6583,269,100,3,8
Suzuka,55,89.85,5974,-6753,250,100,0,8
Suzuka,55,89.85,5921,-6915,226,100,0,8
Suzuka,55,89.85,5868,-7027,207,100,0,6
Suzuka,55,89.85,5746,-7169,192,100,0,5
Suzuka,55,89.85,5671,-7221,182,100,0,5
Suzuka,55,89.85,5545,-7276,174,0,2,5
Suzuka,55,89.85,5350,-7308,168,0,57,5
Suzuka,55,89.85,5146,-7286,166,0,67,5
Suzuka,55,89.85,5146,-7286,169,0,80,5
Suzuka,55,89.85,5056,-7255,173,0,82,5
Suzuka,55,89.85,4936,-7188,178,0,82,5
Suzuka,55,89.85,4808,-7068,192,0,100,5
Suzuka,55,89.85,4685,-6896,201,0,100,5
Suzuka,55,89.85,4595,-6749,206,0,100,5
Suzuka,55,89.85,4547,-6669,209,0,99,5
Suzuka,55,89.85,4494,-6576,215,0,99,5
Suzuka,55,89.85,4349,-6318,224,0,99,5
Suzuka,55,89.85,4291,-6218,229,0,99,6
Suzuka,55,89.85,4291,-6218,231,0,99,6
Suzuka,55,89.85,4164,-6021,239,0,100,6
Suzuka,55,89.85,4052,-5872,243,0,99,6
Suzuka,55,89.85,3963,-5769,246,0,99,6
Suzuka,55,89.85,3867,-5675,248,0,100,6
Suzuka,55,89.85,3770,-5600,250,0,99,6
Suzuka,55,89.85,3498,-5473,251,0,99,6
Suzuka,55,89.85,3186,-5434,252,0,99,6
Suzuka,55,89.85,3186,-5434,253,0,99,6
Suzuka,55,89.85,2907,-5400,250,100,30,6
Suzuka,55,89.85,2671,-5293,240,100,49,6
Suzuka,55,89.85,2561,-5205,229,0,61,6
Suzuka,55,89.85,2470,-5103,227,0,71,6
Suzuka,55,89.85,2470,-5103,225,0,71,6
Suzuka,55,89.85,2348,-4838,226,0,78,6
Suzuka,55,89.85,2302,-4675,228,0,80,6
Suzuka,55,89.85,2274,-4577,228,0,100,6
Suzuka,55,89.85,2206,-4342,234,100,62,6
Suzuka,55,89.85,2150,-4182,231,0,52,6
Suzuka,55,89.85,1980,-3956,225,0,53,6
Suzuka,55,89.85,1804,-3826,218,0,67,6
Suzuka,55,89.85,1804,-3826,218,0,83,6
Suzuka,55,89.85,1433,-3713,221,0,98,6
Suzuka,55,89.85,1318,-3705,223,0,99,6
Suzuka,55,89.85,1203,-3699,226,0,99,6
Suzuka,55,89.85,960,-3679,228,100,99,6
Suzuka,55,89.85,960,-3679,233,100,35,6
Suzuka,55,89.85,719,-3618,222,100,29,6
Suzuka,55,89.85,551,-3530,215,100,29,6
Suzuka,55,89.85,485,-3483,210,100,19,6
Suzuka,55,89.85,337,-3348,200,100,17,6
Suzuka,55,89.85,258,-3250,188,0,41,6
Suzuka,55,89.85,208,-3171,185,0,52,6
Suzuka,55,89.85,132,-2962,185,0,76,6
Suzuka,55,89.85,130,-2756,189,0,92,6
Suzuka,55,89.85,176,-2596,194,0,85,6
Suzuka,55,89.85,176,-2596,197,0,100,6
Suzuka,55,89.85,286,-2327,202,0,100,6
Suzuka,55,89.85,286,-2327,207,0,100,6
Suzuka,55,89.85,360,-2143,211,0,99,6
Suzuka,55,89.85,412,-2007,220,0,100,6
Suzuka,55,89.85,464,-1820,227,0,81,6
Suzuka,55,89.85,470,-1686,224,0,75,6
Suzuka,55,89.85,410,-1462,221,0,64,6
Suzuka,55,89.85,410,-1462,223,0,99,6
Suzuka,55,89.85,212,-1186,227,0,99,6
Suzuka,55,89.85,121,-1114,231,0,99,6
Suzuka,55,89.85,-77,-1009,233,0,99,6
Suzuka,55,89.85,-187,-958,238,0,99,6
Suzuka,55,89.85,-295,-908,240,0,100,6
Suzuka,55,89.85,-636,-783,245,0,99,6
Suzuka,55,89.85,-853,-738,248,0,99,6
Suzuka,55,89.85,-1095,-705,254,0,99,6
Suzuka,55,89.85,-1208,-699,255,0,99,6
Suzuka,55,89.85,-1337,-698,257,0,99,6
Suzuka,55,89.85,-1583,-711,261,0,99,7
Suzuka,55,89.85,-1767,-742,263,0,99,7
Suzuka,55,89.85,-1895,-780,266,0,99,7
Suzuka,55,89.85,-2023,-827,268,0,99,7
Suzuka,55,89.85,-2173,-892,270,0,99,7
Suzuka,55,89.85,-2401,-1011,270,0,99,7
Suzuka,55,89.85,-2401,-1011,273,0,99,7
Suzuka,55,89.85,-2491,-1066,274,0,99,7
Suzuka,55,89.85,-2763,-1286,276,0,99,7
Suzuka,55,89.85,-2908,-1449,278,0,99,7
Suzuka,55,89.85,-2908,-1449,280,0,99,7
Suzuka,55,89.85,-3017,-1596,280,0,99,7
Suzuka,55,89.85,-3055,-1647,282,0,99,7
Suzuka,55,89.85,-3268,-1931,284,0,99,7
Suzuka,55,89.85,-3402,-2108,285,0,99,7
Suzuka,55,89.85,-3491,-2219,285,100,99,7
Suzuka,55,89.85,-3624,-2377,286,100,67,7
Suzuka,55,89.85,-3704,-2473,278,100,46,7
Suzuka,55,89.85,-3886,-2656,273,0,64,7
Suzuka,55,89.85,-3981,-2704,265,0,72,7
Suzuka,55,89.85,-4357,-2778,259,0,99,7
Suzuka,55,89.85,-4500,-2802,258,100,100,7
Suzuka,55,89.85,-4853,-2857,238,100,3,7
Suzuka,55,89.85,-4927,-2865,227,100,0,7
Suzuka,55,89.85,-5017,-2871,202,100,0,7
Suzuka,55,89.85,-5120,-2872,183,100,0,6
Suzuka,55,89.85,-5261,-2860,161,100,0,6
Suzuka,55,89.85,-5378,-2833,157,0,0,4
Suzuka,55,89.85,-5488,-2770,153,0,10,4
Suzuka,55,89.85,-5533,-2724,150,0,44,4
Suzuka,55,89.85,-5584,-2647,147,0,51,4
Suzuka,55,89.85,-5616,-2578,148,0,57,4
Suzuka,55,89.85,-5643,-2498,148,0,64,4
Suzuka,55,89.85,-5659,-2424,153,0,73,4
Suzuka,55,89.85,-5678,-2262,165,0,99,4
Suzuka,55,89.85,-5701,-2088,173,0,100,4
Suzuka,55,89.85,-5701,-2088,177,0,99,4
Suzuka,55,89.85,-5720,-1997,186,0,99,4
Suzuka,55,89.85,-5784,-1706,200,0,99,5
Suzuka,55,89.85,-5784,-1706,206,0,99,5
Suzuka,55,89.85,-5827,-1509,218,0,100,5
Suzuka,55,89.85,-5892,-1208,225,0,99,5
Suzuka,55,89.85,-5932,-1019,234,0,99,6
Suzuka,55,89.85,-5960,-889,241,0,99,6
Suzuka,55,89.85,-6011,-652,245,0,99,6
Suzuka,55,89.85,-6060,-407,250,0,100,6
Suzuka,55,89.85,-6060,-407,250,0,100,6
Suzuka,55,89.85,-6113,-115,254,0,100,6
Suzuka,55,89.85,-6134,26,258,0,100,6
Suzuka,55,89.85,-6142,267,260,0,100,7
Suzuka,55,89.85,-6142,267,263,0,100,7
Suzuka,55,89.85,-6068,624,263,0,99,7
Suzuka,55,89.85,-6004,786,255,100,42,7
Suzuka,55,89.85,-5904,998,229,100,1,7
Suzuka,55,89.85,-5904,998,202,100,0,7
Suzuka,55,89.85,-5850,1111,166,100,0,7
Suzuka,55,89.85,-5784,1285,133,100,0,7
Suzuka,55,89.85,-5772,1342,127,100,0,5
Suzuka,55,89.85,-5773,1445,104,100,0,3
Suzuka,55,89.85,-5773,1445,100,100,0,3
Suzuka,55,89.85,-5812,1540,92,100,0,3
Suzuka,55,89.85,-5894,1612,85,100,0,3
Suzuka,55,89.85,-5930,1626,80,0,0,3
Suzuka,55,89.85,-6013,1632,75,0,1,3
Suzuka,55,89.85,-6013,1632,73,0,31,3
Suzuka,55,89.85,-6069,1620,76,0,40,3
Suzuka,55,89.85,-6124,1595,78,0,41,3
Suzuka,55,89.85,-6174,1557,83,0,48,3
Suzuka,55,89.85,-6232,1490,90,0,55,3
Suzuka,55,89.85,-6273,1426,96,0,59,3
Suzuka,55,89.85,-6273,1426,99,0,65,3
Suzuka,55,89.85,-6307,1363,109,0,73,3
Suzuka,55,89.85,-6357,1265,122,0,78,3
Suzuka,55,89.85,-6424,1140,142,0,99,3
Suzuka,55,89.85,-6476,1045,152,0,99,4
Suzuka,55,89.85,-6476,1045,163,0,99,4
Suzuka,55,89.85,-6553,913,172,0,99,4
Suzuka,55,89.85,-6639,776,181,0,99,4
Suzuka,55,89.85,-6639,776,188,0,99,4
Suzuka,55,89.85,-6691,696,196,0,99,4
Suzuka,55,89.85,-6853,450,210,0,99,5
Suzuka,55,89.85,-6987,263,216,0,99,5
Suzuka,55,89.85,-6987,263,224,0,99,5
Suzuka,55,89.85,-7126,101,231,0,99,5
Suzuka,55,89.85,-7297,-57,237,0,99,6
Suzuka,55,89.85,-7435,-162,241,0,100,6
Suzuka,55,89.85,-7513,-214,244,0,99,6
Suzuka,55,89.85,-7656,-289,247,0,99,6
Suzuka,55,89.85,-7935,-373,251,0,99,6
Suzuka,55,89.85,-7935,-373,251,0,99,6
Suzuka,55,89.85,-8092,-397,255,0,99,6
Suzuka,55,89.85,-8488,-429,261,0,100,7
Suzuka,55,89.85,-8692,-426,265,0,100,7
Suzuka,55,89.85,-8928,-403,268,0,100,7
Suzuka,55,89.85,-9239,-344,270,0,100,7
Suzuka,55,89.85,-9239,-344,271,0,100,7
Suzuka,55,89.85,-9460,-282,274,0,100,7
Suzuka,55,89.85,-9636,-224,277,0,99,7
Suzuka,55,89.85,-9636,-224,278,0,99,7
Suzuka,55,89.85,-10014,-81,281,0,100,7
Suzuka,55,89.85,-10158,-20,282,0,100,7
Suzuka,55,89.85,-10395,99,283,0,100,7
Suzuka,55,89.85,-10395,99,285,0,100,7
Suzuka,55,89.85,-10625,250,284,0,100,7
Suzuka,55,89.85,-10738,335,285,0,100,7
Suzuka,55,89.85,-10893,469,285,0,100,7
Suzuka,55,89.85,-11214,841,286,0,100,7
Suzuka,55,89.85,-11214,841,286,0,99,7
Suzuka,55,89.85,-11400,1156,287,0,100,7
Suzuka,55,89.85,-11530,1452,288,0,99,7
Suzuka,55,89.85,-11655,1747,288,0,99,7
Suzuka,55,89.85,-11714,1887,289,0,99,7
Suzuka,55,89.85,-11714,1887,290,0,99,7
Suzuka,55,89.85,-11779,2035,289,0,99,7
Suzuka,55,89.85,-11973,2414,285,100,53,7
Suzuka,55,89.85,-12074,2571,277,100,25,7
Suzuka,55,89.85,-12168,2667,260,100,40,6
Suzuka,55,89.85,-12377,2788,246,100,53,6
Suzuka,55,89.85,-12377,2788,244,0,57,6
Suzuka,55,89.85,-12611,2834,239,100,40,6
Suzuka,55,89.85,-12770,2835,229,100,56,6
Suzuka,55,89.85,-12922,2824,226,100,24,6
Suzuka,55,89.85,-13100,2793,211,100,9,6
Suzuka,55,89.85,-13323,2719,196,100,2,5
Suzuka,55,89.85,-13424,2668,188,100,2,5
Suzuka,55,89.85,-13554,2563,183,0,26,5
Suzuka,55,89.85,-13554,2563,180,0,29,5
Suzuka,55,89.85,-13613,2485,177,100,7,5
Suzuka,55,89.85,-13662,2391,171,0,9,5
Suzuka,55,89.85,-13688,2311,167,0,21,5
Suzuka,55,89.85,-13708,2156,164,0,50,5
Suzuka,55,89.85,-13703,2074,164,0,60,5
Suzuka,55,89.85,-13675,1945,168,0,69,5
Suzuka,55,89.85,-13599,1758,171,0,69,5
Suzuka,55,89.85,-13515,1622,177,0,85,5
Suzuka,55,89.85,-13515,1622,180,0,99,5
Suzuka,55,89.85,-13399,1486,180,0,99,5
Suzuka,55,89.85,-13254,1345,203,0,99,5
Suzuka,55,89.85,-13254,1345,209,0,99,5
Suzuka,55,89.85,-12951,1104,224,0,99,5
Suzuka,55,89.85,-12859,1036,226,0,99,6
Suzuka,55,89.85,-12646,881,232,0,99,6
Suzuka,55,89.85,-12545,810,245,0,99,6
Suzuka,55,89.85,-12360,686,250,0,99,6
Suzuka,55,89.85,-12277,632,253,0,99,6
Suzuka,55,89.85,-12058,495,260,0,99,6
Suzuka,55,89.85,-12058,495,264,0,99,6
Suzuka,55,89.85,-11714,293,267,0,99,7
Suzuka,55,89.85,-11714,293,269,0,99,7
Suzuka,55,89.85,-11596,227,273,0,99,7
Suzuka,55,89.85,-11287,61,276,0,99,7
Suzuka,55,89.85,-11135,-17,278,0,99,7
Suzuka,55,89.85,-11024,-72,280,0,99,7
Suzuka,55,89.85,-10784,-187,283,0,99,7
Suzuka,55,89.85,-10640,-251,285,0,99,7
Suzuka,55,89.85,-10345,-374,287,0,99,7
Suzuka,55,89.85,-10206,-426,291,0,99,7
Suzuka,55,89.85,-9948,-520,292,0,99,7
Suzuka,55,89.85,-9671,-615,294,0,99,7
Suzuka,55,89.85,-9532,-663,294,0,99,8
Suzuka,55,89.85,-9345,-726,295,0,99,8
Suzuka,55,89.85,-9345,-726,297,0,99,8
Suzuka,55,89.85,-8858,-891,300,0,99,8
Suzuka,55,89.85,-8684,-949,301,0,99,8
Suzuka,55,89.85,-8684,-949,301,0,99,8
Suzuka,55,89.85,-8366,-1055,302,0,99,8
Suzuka,55,89.85,-8060,-1158,304,0,99,8
Suzuka,55,89.85,-7996,-1179,304,0,99,8
Suzuka,55,89.85,-7702,-1278,305,0,99,8
Suzuka,55,89.85,-7702,-1278,306,0,99,8
Suzuka,55,89.85,-7427,-1370,306,0,99,8
Suzuka,55,89.85,-7233,-1435,308,0,99,8
Suzuka,55,89.85,-6990,-1517,308,0,99,8
Suzuka,55,89.85,-6714,-1610,309,0,99,8
Suzuka,55,89.85,-6339,-1735,309,0,99,8
Suzuka,55,89.85,-5917,-1877,309,0,99,8
Suzuka,55,89.85,-5624,-1976,309,0,99,8
Suzuka,55,89.85,-5624,-1976,309,0,99,8
Suzuka,55,89.85,-5624,-1976,309,0,99,8
Suzuka,55,89.85,-5063,-2035,307,0,99,8
Suzuka,55,89.85,-4978,-2012,307,0,99,8
Suzuka,55,89.85,-4790,-1947,306,0,99,8
Suzuka,55,89.85,-4790,-1947,305,0,99,8
Suzuka,55,89.85,-4505,-1831,304,0,99,8
Suzuka,55,89.85,-4313,-1736,304,0,99,8
Suzuka,55,89.85,-4089,-1605,303,0,99,8
Suzuka,55,89.85,-3921,-1494,303,0,99,8
Suzuka,55,89.85,-3921,-1494,303,0,99,8
Suzuka,55,89.85,-3692,-1323,303,0,99,8
Suzuka,55,89.85,-3539,-1192,303,0,99,8
Suzuka,55,89.85,-3254,-926,304,0,99,8
Suzuka,55,89.85,-3143,-822,304,0,99,8
Suzuka,55,89.85,-2853,-540,302,0,99,8
Suzuka,55,89.85,-2723,-408,302,0,100,8
Suzuka,55,89.85,-2618,-303,290,100,8,8
Suzuka,55,89.85,-2419,-104,240,100,2,8
Suzuka,55,89.85,-2329,-16,195,100,1,8
Suzuka,55,89.85,-2207,88,153,100,0,8
Suzuka,55,89.85,-2104,157,136,100,0,8
Suzuka,55,89.85,-2039,188,114,100,0,5
Suzuka,55,89.85,-1933,223,101,100,0,3
Suzuka,55,89.85,-1890,231,96,100,0,3
Suzuka,55,89.85,-1788,233,94,0,0,3
Suzuka,55,89.85,-1727,217,91,0,12,3
Suzuka,55,89.85,-1668,184,89,0,41,3
Suzuka,55,89.85,-1554,88,95,0,54,3
Suzuka,55,89.85,-1554,88,98,0,43,3
Suzuka,55,89.85,-1498,52,102,0,15,3
Suzuka,55,89.85,-1459,36,100,0,0,3
Suzuka,55,89.85,-1353,22,97,0,8,3
Suzuka,55,89.85,-1306,26,95,0,19,3
Suzuka,55,89.85,-1306,26,94,0,32,3
Suzuka,55,89.85,-1255,37,93,0,45,3
Suzuka,55,89.85,-1162,78,98,0,49,3
Suzuka,55,89.85,-1162,78,98,0,55,3
Suzuka,55,89.85,-1093,130,104,0,61,3
Suzuka,55,89.85,-1093,130,110,0,67,3
Suzuka,55,89.85,-1009,210,126,0,76,3
Suzuka,55,89.85,-846,350,140,0,83,4
Suzuka,55,89.85,-747,412,155,0,100,4
Suzuka,55,89.85,-667,446,169,0,100,4
Suzuka,55,89.85,-465,486,181,0,99,4
Suzuka,55,89.85,-240,488,194,0,100,5
Suzuka,55,89.85,-81,471,208,0,100,5
Suzuka,55,89.85,22,451,213,0,100,5
Suzuka,55,89.85,352,347,224,0,99,5
Suzuka,55,89.85,481,291,233,0,100,6
Suzuka,55,89.85,723,152,241,0,100,6
Suzuka,55,89.85,857,58,246,0,100,6
Suzuka,55,89.85,952,-21,252,0,99,6
Suzuka,55,89.85,1076,-139,255,0,99,6
Suzuka,55,89.85,1305,-380,264,0,99,7
Suzuka,55,89.85,1499,-609,267,0,99,7
Suzuka,55,89.85,1569,-691,275,0,99,7
Suzuka,55,89.85,1569,-691,278,0,99,7
Suzuka,63,90.219,1907,-1086,285,0,100,8
Suzuka,63,90.219,1991,-1184,290,0,100,8
Suzuka,63,90.219,2267,-1506,293,0,100,8
Suzuka,63,90.219,2353,-1607,297,0,100,8
Suzuka,63,90.219,2515,-1797,299,0,100,8
Suzuka,63,90.219,2515,-1797,301,0,100,8
Suzuka,63,90.219,2767,-2091,303,0,100,8
Suzuka,63,90.219,2767,-2091,306,0,100,8
Suzuka,63,90.219,2944,-2298,307,0,100,8
Suzuka,63,90.219,3100,-2481,310,0,100,8
Suzuka,63,90.219,3404,-2836,312,0,100,8
Suzuka,63,90.219,3404,-2836,313,0,100,8
Suzuka,63,90.219,3699,-3180,315,0,100,8
Suzuka,63,90.219,3891,-3406,317,0,100,8
Suzuka,63,90.219,4216,-3790,319,0,100,8
Suzuka,63,90.219,4216,-3790,320,0,100,8
Suzuka,63,90.219,4342,-3939,320,0,100,8
Suzuka,63,90.219,4481,-4102,321,0,100,8
Suzuka,63,90.219,4701,-4360,322,0,100,8
Suzuka,63,90.219,4840,-4523,322,0,100,8
Suzuka,63,90.219,4957,-4659,323,0,100,8
Suzuka,63,90.219,5120,-4851,324,0,100,8
Suzuka,63,90.219,5383,-5161,324,0,100,8
Suzuka,63,90.219,5546,-5354,325,0,100,8
Suzuka,63,90.219,5639,-5465,325,0,100,8
Suzuka,63,90.219,5890,-5785,318,0,82,8
Suzuka,63,90.219,6015,-6054,316,0,82,8
Suzuka,63,90.219,6015,-6054,311,0,78,8
Suzuka,63,90.219,6053,-6353,291,100,0,8
Suzuka,63,90.219,6014,-6598,270,100,0,8
Suzuka,63,90.219,5979,-6735,237,100,0,8
Suzuka,63,90.219,5896,-6974,207,100,0,5
Suzuka,63,90.219,5818,-7097,191,100,0,5
Suzuka,63,90.219,5748,-7167,185,100,0,4
Suzuka,63,90.219,5642,-7236,172,0,6,4
Suzuka,63,90.219,5430,-7301,163,0,47,4
Suzuka,63,90.219,5310,-7308,165,0,63,4
Suzuka,63,90.219,5099,-7272,167,0,64,4
Suzuka,63,90.219,5099,-7272,170,0,71,4
Suzuka,63,90.219,5020,-7239,177,0,87,4
Suzuka,63,90.219,4866,-7130,183,0,100,4
Suzuka,63,90.219,4774,-7026,189,0,100,4
Suzuka,63,90.219,4774,-7026,194,0,100,4
Suzuka,63,90.219,4667,-6868,203,0,100,5
Suzuka,63,90.219,4533,-6644,212,0,100,5
Suzuka,63,90.219,4432,-6464,216,0,100,5
Suzuka,63,90.219,4432,-6464,221,0,100,6
Suzuka,63,90.219,4371,-6356,229,0,100,6
Suzuka,63,90.219,4371,-6356,234,0,100,6
Suzuka,63,90.219,4040,-5858,237,0,100,6
Suzuka,63,90.219,4040,-5858,241,0,100,6
Suzuka,63,90.219,3932,-5737,244,0,100,6
Suzuka,63,90.219,3767,-5598,248,0,100,6
Suzuka,63,90.219,3674,-5542,249,0,94,6
Suzuka,63,90.219,3613,-5513,247,0,100,6
Suzuka,63,90.219,3457,-5464,247,0,100,6
Suzuka,63,90.219,3134,-5431,245,0,100,6
Suzuka,63,90.219,3134,-5431,246,100,80,6
Suzuka,63,90.219,2946,-5409,241,100,68,6
Suzuka,63,90.219,2788,-5359,236,100,55,6
Suzuka,63,90.219,2788,-5359,233,0,52,6
Suzuka,63,90.219,2548,-5192,227,0,55,6
Suzuka,63,90.219,2394,-4969,224,0,65,6
Suzuka,63,90.219,2320,-4738,222,0,100,6
Suzuka,63,90.219,2271,-4568,226,0,100,6
Suzuka,63,90.219,2223,-4398,228,0,100,6
Suzuka,63,90.219,2174,-4240,231,0,69,6
Suzuka,63,90.219,2109,-4108,230,0,64,6
Suzuka,63,90.219,2041,-4018,227,0,53,6
Suzuka,63,90.219,1941,-3921,221,0,51,6
Suzuka,63,90.219,1811,-3829,217,0,51,6
Suzuka,63,90.219,1554,-3732,215,0,57,6
Suzuka,63,90.219,1423,-3712,213,0,69,6
Suzuka,63,90.219,1228,-3701,213,0,100,6
Suzuka,63,90.219,1059,-3690,219,0,100,6
Suzuka,63,90.219,973,-3681,222,0,67,6
Suzuka,63,90.219,741,-3626,215,0,50,6
Suzuka,63,90.219,544,-3525,209,0,48,5
Suzuka,63,90.219,544,-3525,205,100,42,5
Suzuka,63,90.219,410,-3419,205,0,38,5
Suzuka,63,90.219,284,-3285,192,0,42,5
Suzuka,63,90.219,168,-3086,191,0,62,5
Suzuka,63,90.219,122,-2859,192,0,67,5
Suzuka,63,90.219,122,-2859,196,0,78,5
Suzuka,63,90.219,140,-2708,198,0,73,5
Suzuka,63,90.219,211,-2511,201,0,100,5
Suzuka,63,90.219,306,-2277,209,0,100,5
Suzuka,63,90.219,306,-2277,215,0,100,5
Suzuka,63,90.219,396,-2049,226,0,100,5
Suzuka,63,90.219,451,-1883,228,0,91,6
Suzuka,63,90.219,470,-1749,231,0,70,6
Suzuka,63,90.219,331,-1323,227,0,72,6
Suzuka,63,90.219,331,-1323,226,0,85,6
Suzuka,63,90.219,155,-1140,227,0,100,6
Suzuka,63,90.219,155,-1140,230,0,100,6
Suzuka,63,90.219,47,-1070,234,0,100,6
Suzuka,63,90.219,-159,-971,238,0,100,6
Suzuka,63,90.219,-328,-894,241,0,100,6
Suzuka,63,90.219,-593,-795,247,0,100,6
Suzuka,63,90.219,-754,-757,249,0,100,7
Suzuka,63,90.219,-1019,-712,253,0,100,7
Suzuka,63,90.219,-1203,-699,257,0,100,7
Suzuka,63,90.219,-1347,-699,260,0,100,7
Suzuka,63,90.219,-1550,-708,262,0,100,7
Suzuka,63,90.219,-1893,-780,265,0,100,7
Suzuka,63,90.219,-2477,-1057,272,0,100,7
Suzuka,63,90.219,-2636,-1171,274,0,100,7
Suzuka,63,90.219,-2636,-1171,274,0,100,7
Suzuka,63,90.219,-2835,-1362,277,0,100,7
Suzuka,63,90.219,-3049,-1640,278,0,100,7
Suzuka,63,90.219,-3182,-1817,280,0,100,7
Suzuka,63,90.219,-3267,-1929,282,0,100,7
Suzuka,63,90.219,-3362,-2054,282,0,100,7
Suzuka,63,90.219,-3517,-2250,282,0,100,7
Suzuka,63,90.219,-3517,-2250,282,0,100,7
Suzuka,63,90.219,-3688,-2454,280,100,77,7
Suzuka,63,90.219,-3777,-2558,275,0,71,7
Suzuka,63,90.219,-3946,-2689,268,0,79,7
Suzuka,63,90.219,-4121,-2738,263,0,100,6
Suzuka,63,90.219,-4391,-2784,261,0,100,6
Suzuka,63,90.219,-4581,-2815,261,0,100,6
Suzuka,63,90.219,-4696,-2833,260,100,100,6
Suzuka,63,90.219,-4903,-2863,227,100,0,6
Suzuka,63,90.219,-5010,-2871,202,100,0,6
Suzuka,63,90.219,-5196,-2867,183,100,0,5
Suzuka,63,90.219,-5323,-2849,165,100,0,4
Suzuka,63,90.219,-5388,-2829,159,0,0,4
Suzuka,63,90.219,-5484,-2774,151,0,0,4
Suzuka,63,90.219,-5550,-2702,146,0,42,4
Suzuka,63,90.219,-5616,-2578,146,0,62,4
Suzuka,63,90.219,-5647,-2482,148,0,76,4
Suzuka,63,90.219,-5664,-2387,157,0,100,4
Suzuka,63,90.219,-5664,-2387,166,0,100,4
Suzuka,63,90.219,-5664,-2387,174,0,100,4
Suzuka,63,90.219,-5711,-2035,186,0,100,4
Suzuka,63,90.219,-5788,-1686,197,0,100,5
Suzuka,63,90.219,-5788,-1686,207,0,100,5
Suzuka,63,90.219,-5834,-1474,218,0,100,5
Suzuka,63,90.219,-5878,-1272,228,0,100,6
Suzuka,63,90.219,-5955,-914,239,0,100,6
Suzuka,63,90.219,-5955,-914,242,0,100,6
Suzuka,63,90.219,-6009,-662,246,0,100,6
Suzuka,63,90.219,-6067,-375,251,0,100,6
Suzuka,63,90.219,-6098,-208,258,0,100,7
Suzuka,63,90.219,-6128,-23,260,0,100,7
Suzuka,63,90.219,-6143,247,263,0,100,7
Suzuka,63,90.219,-6104,505,262,0,100,7
Suzuka,63,90.219,-6035,712,261,0,100,7
Suzuka,63,90.219,-5954,894,250,100,0,7
Suzuka,63,90.219,-5954,894,209,100,0,7
Suzuka,63,90.219,-5874,1061,184,100,0,7
Suzuka,63,90.219,-5836,1143,162,100,0,6
Suzuka,63,90.219,-5789,1266,125,100,0,5
Suzuka,63,90.219,-5769,1373,105,100,0,2
Suzuka,63,90.219,-5785,1485,98,100,0,2
Suzuka,63,90.219,-5785,1485,92,100,0,2
Suzuka,63,90.219,-5822,1551,87,100,0,2
Suzuka,63,90.219,-5870,1596,80,100,0,2
Suzuka,63,90.219,-5917,1621,73,0,13,2
Suzuka,63,90.219,-5979,1633,72,0,25,2
Suzuka,63,90.219,-6211,1518,91,0,56,2
Suzuka,63,90.219,-6265,1440,98,0,61,2
Suzuka,63,90.219,-6280,1414,108,0,74,2
Suzuka,63,90.219,-6377,1226,125,0,100,2
Suzuka,63,90.219,-6431,1128,140,0,100,3
Suzuka,63,90.219,-6431,1128,156,0,100,3
Suzuka,63,90.219,-6537,940,165,0,100,3
Suzuka,63,90.219,-6582,866,174,0,100,4
Suzuka,63,90.219,-6646,765,190,0,100,4
Suzuka,63,90.219,-6752,603,204,0,100,5
Suzuka,63,90.219,-6834,479,207,0,100,5
Suzuka,63,90.219,-6907,372,216,0,100,5
Suzuka,63,90.219,-6979,274,221,0,100,6
Suzuka,63,90.219,-7064,168,226,0,100,6
Suzuka,63,90.219,-7132,94,230,0,100,6
Suzuka,63,90.219,-7314,-71,234,0,100,6
Suzuka,63,90.219,-7431,-159,241,0,100,6
Suzuka,63,90.219,-7675,-297,243,0,100,6
Suzuka,63,90.219,-7928,-372,248,0,100,6
Suzuka,63,90.219,-7928,-372,251,0,100,7
Suzuka,63,90.219,-8069,-394,253,0,100,7
Suzuka,63,90.219,-8397,-425,257,0,100,7
Suzuka,63,90.219,-8546,-430,262,0,100,7
Suzuka,63,90.219,-8765,-421,265,0,100,7
Suzuka,63,90.219,-8927,-403,268,0,100,7
Suzuka,63,90.219,-9309,-325,271,0,100,7
Suzuka,63,90.219,-9484,-275,272,0,100,7
Suzuka,63,90.219,-9484,-275,274,0,100,7
Suzuka,63,90.219,-9673,-211,276,0,100,7
Suzuka,63,90.219,-9889,-131,277,0,100,7
Suzuka,63,90.219,-10104,-43,278,0,100,7
Suzuka,63,90.219,-10104,-43,280,0,100,7
Suzuka,63,90.219,-10245,19,280,0,100,7
Suzuka,63,90.219,-10488,156,281,0,100,8
Suzuka,63,90.219,-10705,310,281,0,100,8
Suzuka,63,90.219,-10814,398,282,0,100,8
Suzuka,63,90.219,-10940,515,282,0,100,8
Suzuka,63,90.219,-11157,764,283,0,100,8
Suzuka,63,90.219,-11283,945,283,0,100,8
Suzuka,63,90.219,-11398,1151,285,0,100,8
Suzuka,63,90.219,-11451,1268,286,0,100,8
Suzuka,63,90.219,-11564,1533,286,0,100,8
Suzuka,63,90.219,-11620,1665,287,0,100,8
Suzuka,63,90.219,-11689,1827,287,0,100,8
Suzuka,63,90.219,-11964,2398,276,100,40,8
Suzuka,63,90.219,-12055,2545,269,100,37,8
Suzuka,63,90.219,-12153,2654,242,0,37,7
Suzuka,63,90.219,-12366,2783,242,0,42,6
Suzuka,63,90.219,-12490,2819,232,0,56,6
Suzuka,63,90.219,-12645,2835,227,0,74,6
Suzuka,63,90.219,-12800,2834,227,0,73,6
Suzuka,63,90.219,-12989,2815,227,100,52,6
Suzuka,63,90.219,-13137,2784,222,100,41,6
Suzuka,63,90.219,-13288,2734,212,100,34,6
Suzuka,63,90.219,-13524,2593,188,100,32,5
Suzuka,63,90.219,-13524,2593,180,0,34,4
Suzuka,63,90.219,-13582,2529,174,0,34,4
Suzuka,63,90.219,-13688,2310,166,0,34,4
Suzuka,63,90.219,-13707,2149,163,0,44,4
Suzuka,63,90.219,-13707,2149,163,0,46,4
Suzuka,63,90.219,-13704,2086,162,0,52,4
Suzuka,63,90.219,-13650,1872,165,0,58,4
Suzuka,63,90.219,-13581,1725,168,0,76,4
Suzuka,63,90.219,-13535,1650,177,0,97,4
Suzuka,63,90.219,-13374,1460,189,0,100,4
Suzuka,63,90.219,-13374,1460,195,0,100,5
Suzuka,63,90.219,-13244,1336,206,0,100,5
Suzuka,63,90.219,-13107,1223,216,0,100,5
Suzuka,63,90.219,-13107,1223,221,0,100,5
Suzuka,63,90.219,-12765,967,232,0,100,6
Suzuka,63,90.219,-12765,967,234,0,100,6
Suzuka,63,90.219,-12597,846,241,0,100,6
Suzuka,63,90.219,-12522,795,248,0,100,6
Suzuka,63,90.219,-12408,717,251,0,100,6
Suzuka,63,90.219,-12231,603,256,0,100,7
Suzuka,63,90.219,-12097,519,259,0,100,7
Suzuka,63,90.219,-11998,458,262,0,100,7
Suzuka,63,90.219,-11861,376,264,0,100,7
Suzuka,63,90.219,-11653,259,268,0,100,7
Suzuka,63,90.219,-11441,143,274,0,100,7
Suzuka,63,90.219,-11346,93,276,0,100,7
Suzuka,63,90.219,-11210,21,278,0,100,7
Suzuka,63,90.219,-10961,-103,280,0,100,7
Suzuka,63,90.219,-10961,-103,281,0,100,7
Suzuka,63,90.219,-10676,-236,283,0,100,8
Suzuka,63,90.219,-10516,-305,285,0,100,8
Suzuka,63,90.219,-10516,-305,286,0,100,8
Suzuka,63,90.219,-10248,-411,288,0,100,8
Suzuka,63,90.219,-10052,-483,290,0,100,8
Suzuka,63,90.219,-9761,-585,292,0,100,8
Suzuka,63,90.219,-9669,-616,294,0,100,8
Suzuka,63,90.219,-9452,-690,295,0,100,8
Suzuka,63,90.219,-9218,-769,296,0,100,8
Suzuka,63,90.219,-8841,-896,299,0,100,8
Suzuka,63,90.219,-8636,-965,301,0,100,8
Suzuka,63,90.219,-8430,-1034,302,0,100,8
Suzuka,63,90.219,-8207,-1108,302,0,100,8
Suzuka,63,90.219,-8032,-1167,303,0,100,8
Suzuka,63,90.219,-7841,-1231,303,0,100,8
Suzuka,63,90.219,-7630,-1302,304,0,100,8
Suzuka,63,90.219,-7358,-1394,305,0,100,8
Suzuka,63,90.219,-7068,-1491,305,0,100,8
Suzuka,63,90.219,-6923,-1540,306,0,100,8
Suzuka,63,90.219,-6682,-1621,306,0,100,8
Suzuka,63,90.219,-6488,-1685,306,0,100,8
Suzuka,63,90.219,-6262,-1761,306,0,100,8
Suzuka,63,90.219,-6262,-1761,307,0,100,8
Suzuka,63,90.219,-6036,-1837,307,0,100,8
Suzuka,63,90.219,-6036,-1837,306,0,100,8
Suzuka,63,90.219,-4939,-1999,305,0,100,8
Suzuka,63,90.219,-4939,-1999,305,0,100,8
Suzuka,63,90.219,-4708,-1916,303,0,100,8
Suzuka,63,90.219,-4399,-1780,303,0,100,8
Suzuka,63,90.219,-4399,-1780,302,0,100,8
Suzuka,63,90.219,-4192,-1668,303,0,100,8
Suzuka,63,90.219,-3843,-1438,300,0,100,8
Suzuka,63,90.219,-3645,-1284,301,0,100,8
Suzuka,63,90.219,-3483,-1140,300,0,100,8
Suzuka,63,90.219,-3324,-991,300,0,100,8
Suzuka,63,90.219,-2959,-646,301,0,100,8
Suzuka,63,90.219,-2817,-503,302,0,100,8
Suzuka,63,90.219,-2722,-408,303,100,98,8
Suzuka,63,90.219,-2476,-161,276,100,98,8
Suzuka,63,90.219,-2476,-161,259,100,0,8
Suzuka,63,90.219,-2405,-90,229,100,0,8
Suzuka,63,90.219,-2241,61,194,100,0,8
Suzuka,63,90.219,-2119,149,156,100,0,7
Suzuka,63,90.219,-2119,149,140,100,0,5
Suzuka,63,90.219,-2014,198,135,100,0,5
Suzuka,63,90.219,-1897,230,120,100,0,3
Suzuka,63,90.219,-1897,230,120,100,0,3
Suzuka,63,90.219,-1818,236,108,100,0,3
Suzuka,63,90.219,-1818,236,99,100,0,3
Suzuka,63,90.219,-1771,230,95,0,0,3
Suzuka,63,90.219,-1700,205,91,0,0,3
Suzuka,63,90.219,-1600,127,88,0,14,3
Suzuka,63,90.219,-1533,72,95,0,51,3
Suzuka,63,90.219,-1482,44,99,0,0,3
Suzuka,63,90.219,-1359,22,96,0,10,3
Suzuka,63,90.219,-1233,44,95,0,30,3
Suzuka,63,90.219,-1102,122,100,0,40,3
Suzuka,63,90.219,-1059,161,102,0,56,3
Suzuka,63,90.219,-1059,161,107,0,61,3
Suzuka,63,90.219,-1011,209,118,0,61,3
Suzuka,63,90.219,-928,286,125,0,79,3
Suzuka,63,90.219,-789,388,143,0,80,3
Suzuka,63,90.219,-692,436,154,0,82,3
Suzuka,63,90.219,-634,456,160,0,79,3
Suzuka,63,90.219,-448,487,167,0,100,4
Suzuka,63,90.219,-448,487,176,0,100,4
Suzuka,63,90.219,-89,472,199,0,100,5
Suzuka,63,90.219,134,421,208,0,100,5
Suzuka,63,90.219,481,291,229,0,100,6
Suzuka,63,90.219,818,86,236,0,100,6
Suzuka,63,90.219,818,86,243,0,100,6
Suzuka,63,90.219,924,2,246,0,100,6
Suzuka,63,90.219,1086,-150,251,0,100,6
Suzuka,63,90.219,1217,-283,257,0,100,7
Suzuka,63,90.219,1217,-283,262,0,100,7
Suzuka,63,90.219,1368,-453,265,0,100,7
Suzuka,63,90.219,1462,-566,271,0,100,7
Suzuka,63,90.219,1560,-680,273,0,100,7
Suzuka,63,90.219,1639,-773,276,0,100,7
Suzuka,77,91.049,1778,-935,284,0,100,7
Suzuka,77,91.049,1891,-1068,285,0,100,7
Suzuka,77,91.049,2090,-1300,289,0,100,7
Suzuka,77,91.049,2090,-1300,293,0,100,7
Suzuka,77,91.049,2336,-1587,297,0,100,8
Suzuka,77,91.049,2542,-1828,300,0,100,8
Suzuka,77,91.049,2542,-1828,302,0,100,8
Suzuka,77,91.049,2718,-2033,305,0,100,8
Suzuka,77,91.049,2817,-2149,306,0,100,8
Suzuka,77,91.049,3050,-2422,309,0,100,8
Suzuka,77,91.049,3050,-2422,311,0,100,8
Suzuka,77,91.049,3321,-2739,315,0,100,8
Suzuka,77,91.049,3481,-2925,315,0,100,8
Suzuka,77,91.049,3607,-3072,316,0,100,8
Suzuka,77,91.049,3756,-3247,318,0,100,8
Suzuka,77,91.049,4057,-3602,320,0,100,8
Suzuka,77,91.049,4057,-3602,321,0,100,8
Suzuka,77,91.049,4230,-3806,322,0,100,8
Suzuka,77,91.049,4474,-4094,324,0,100,8
Suzuka,77,91.049,4556,-4190,325,0,100,8
Suzuka,77,91.049,4791,-4465,325,0,100,8
Suzuka,77,91.049,4791,-4465,326,0,100,8
Suzuka,77,91.049,4921,-4617,327,0,100,8
Suzuka,77,91.049,5175,-4916,329,0,100,8
Suzuka,77,91.049,5291,-5053,328,0,100,8
Suzuka,77,91.049,5527,-5331,328,0,100,8
Suzuka,77,91.049,5735,-5583,326,0,100,8
Suzuka,77,91.049,5735,-5583,325,0,100,8
Suzuka,77,91.049,5894,-5792,318,100,100,8
Suzuka,77,91.049,6025,-6090,310,100,100,8
Suzuka,77,91.049,6052,-6287,301,100,43,8
Suzuka,77,91.049,6027,-6543,279,100,1,8
Suzuka,77,91.049,6027,-6543,257,100,0,8
Suzuka,77,91.049,5951,-6830,230,100,0,8
Suzuka,77,91.049,5951,-6830,216,100,0,6
Suzuka,77,91.049,5896,-6974,200,100,1,6
Suzuka,77,91.049,5721,-7188,184,100,1,5
Suzuka,77,91.049,5519,-7283,172,0,0,5
Suzuka,77,91.049,5380,-7306,165,0,24,5
Suzuka,77,91.049,5380,-7306,164,0,44,5
Suzuka,77,91.049,5134,-7283,168,0,64,5
Suzuka,77,91.049,5134,-7283,168,0,68,5
Suzuka,77,91.049,4978,-7215,173,0,82,5
Suzuka,77,91.049,4804,-7063,183,0,89,5
Suzuka,77,91.049,4714,-6941,190,0,100,5
Suzuka,77,91.049,4625,-6799,200,0,100,5
Suzuka,77,91.049,4625,-6799,205,0,100,5
Suzuka,77,91.049,4519,-6620,209,0,100,5
Suzuka,77,91.049,4467,-6527,218,0,100,5
Suzuka,77,91.049,4384,-6379,219,0,100,5
Suzuka,77,91.049,4257,-6162,228,0,100,5
Suzuka,77,91.049,4164,-6020,235,0,100,6
Suzuka,77,91.049,4077,-5903,238,0,100,6
Suzuka,77,91.049,3964,-5770,242,0,100,6
Suzuka,77,91.049,3763,-5595,246,0,87,6
Suzuka,77,91.049,3763,-5595,246,0,69,6
Suzuka,77,91.049,2876,-5391,235,0,0,6
Suzuka,77,91.049,2624,-5258,221,0,0,6
Suzuka,77,91.049,2474,-5108,215,0,23,6
Suzuka,77,91.049,2474,-5108,212,0,54,6
Suzuka,77,91.049,2398,-4977,209,0,72,6
Suzuka,77,91.049,2342,-4818,212,0,77,6
Suzuka,77,91.049,2303,-4678,213,0,83,6
Suzuka,77,91.049,2236,-4446,217,0,100,6
Suzuka,77,91.049,2236,-4446,221,0,100,6
Suzuka,77,91.049,2193,-4296,225,0,100,6
Suzuka,77,91.049,1961,-3939,226,0,60,6
Suzuka,77,91.049,1961,-3939,223,0,41,6
Suzuka,77,91.049,1855,-3857,220,0,48,6
Suzuka,77,91.049,1707,-3778,216,0,56,6
Suzuka,77,91.049,1559,-3732,215,0,64,6
Suzuka,77,91.049,1559,-3732,215,0,73,6
Suzuka,77,91.049,1342,-3706,215,0,84,6
Suzuka,77,91.049,1059,-3690,221,0,100,6
Suzuka,77,91.049,1059,-3690,223,100,100,6
Suzuka,77,91.049,925,-3674,219,100,48,6
Suzuka,77,91.049,688,-3605,215,100,8,6
Suzuka,77,91.049,514,-3504,199,100,3,6
Suzuka,77,91.049,406,-3416,193,0,2,5
Suzuka,77,91.049,312,-3319,185,0,0,5
Suzuka,77,91.049,183,-3119,178,0,20,5
Suzuka,77,91.049,183,-3119,175,0,48,5
Suzuka,77,91.049,131,-2955,175,0,53,5
Suzuka,77,91.049,123,-2869,176,0,53,5
Suzuka,77,91.049,147,-2685,177,0,72,5
Suzuka,77,91.049,233,-2459,188,0,100,5
Suzuka,77,91.049,298,-2299,193,0,100,5
Suzuka,77,91.049,349,-2171,205,0,100,5
Suzuka,77,91.049,349,-2171,210,0,100,5
Suzuka,77,91.049,428,-1963,215,0,100,5
Suzuka,77,91.049,463,-1827,222,0,100,6
Suzuka,77,91.049,468,-1673,222,0,100,6
Suzuka,77,91.049,462,-1626,225,0,100,6
Suzuka,77,91.049,354,-1357,230,0,100,6
Suzuka,77,91.049,276,-1253,233,0,100,6
Suzuka,77,91.049,77,-1087,236,0,100,6
Suzuka,77,91.049,-167,-967,241,0,100,6
Suzuka,77,91.049,-327,-894,243,0,100,6
Suzuka,77,91.049,-516,-819,248,0,100,6
Suzuka,77,91.049,-675,-774,251,0,100,6
Suzuka,77,91.049,-902,-729,253,0,100,6
Suzuka,77,91.049,-1098,-704,255,0,100,6
Suzuka,77,91.049,-1169,-700,257,0,100,6
Suzuka,77,91.049,-1602,-713,261,0,100,7
Suzuka,77,91.049,-1830,-759,264,0,100,7
Suzuka,77,91.049,-2070,-846,268,0,100,7
Suzuka,77,91.049,-2248,-928,271,0,100,7
Suzuka,77,91.049,-2368,-993,271,0,100,7
Suzuka,77,91.049,-2368,-993,274,0,100,7
Suzuka,77,91.049,-2548,-1104,274,0,100,7
Suzuka,77,91.049,-2725,-1248,276,0,100,7
Suzuka,77,91.049,-2950,-1505,277,0,100,7
Suzuka,77,91.049,-2950,-1505,278,0,100,7
Suzuka,77,91.049,-3059,-1652,279,0,100,7
Suzuka,77,91.049,-3124,-1739,280,0,100,7
Suzuka,77,91.049,-3324,-2004,282,0,100,7
Suzuka,77,91.049,-3324,-2004,284,0,100,7
Suzuka,77,91.049,-3458,-2179,283,0,100,7
Suzuka,77,91.049,-3589,-2336,281,100,60,7
Suzuka,77,91.049,-3629,-2383,269,100,0,7
Suzuka,77,91.049,-4265,-2761,240,0,100,6
Suzuka,77,91.049,-4452,-2794,242,0,100,6
Suzuka,77,91.049,-4626,-2822,245,0,100,6
Suzuka,77,91.049,-4789,-2847,235,100,3,6
Suzuka,77,91.049,-4961,-2868,197,100,0,6
Suzuka,77,91.049,-5175,-2869,180,100,0,6
Suzuka,77,91.049,-5283,-2857,163,100,0,5
Suzuka,77,91.049,-5325,-2848,159,100,0,5
Suzuka,77,91.049,-5394,-2827,152,0,1,4
Suzuka,77,91.049,-5469,-2786,147,0,0,4
Suzuka,77,91.049,-5581,-2651,144,0,52,4
Suzuka,77,91.049,-5628,-2546,148,0,63,4
Suzuka,77,91.049,-5669,-2344,153,0,75,4
Suzuka,77,91.049,-5669,-2344,158,0,100,4
Suzuka,77,91.049,-5693,-2138,177,0,100,4
Suzuka,77,91.049,-5715,-2019,187,0,100,4
Suzuka,77,91.049,-5764,-1796,203,0,100,5
Suzuka,77,91.049,-5826,-1513,214,0,100,5
Suzuka,77,91.049,-5862,-1346,220,0,100,5
Suzuka,77,91.049,-5862,-1346,225,0,100,5
Suzuka,77,91.049,-5907,-1136,230,0,100,5
Suzuka,77,91.049,-5957,-906,236,0,100,6
Suzuka,77,91.049,-5985,-776,238,0,100,6
Suzuka,77,91.049,-6018,-616,243,0,100,6
Suzuka,77,91.049,-6018,-616,247,0,100,6
Suzuka,77,91.049,-6051,-454,252,0,100,6
Suzuka,77,91.049,-6122,-64,255,0,100,6
Suzuka,77,91.049,-6122,-64,257,0,100,6
Suzuka,77,91.049,-6145,188,262,0,100,6
Suzuka,77,91.049,-6123,417,262,0,100,6
Suzuka,77,91.049,-6123,417,262,0,100,6
Suzuka,77,91.049,-6062,641,261,0,100,6
Suzuka,77,91.049,-5956,889,251,100,75,6
Suzuka,77,91.049,-5956,889,224,100,0,6
Suzuka,77,91.049,-5860,1090,169,100,0,6
Suzuka,77,91.049,-5860,1090,158,100,0,6
Suzuka,77,91.049,-5784,1284,123,100,0,4
Suzuka,77,91.049,-5769,1399,106,100,0,3
Suzuka,77,91.049,-5794,1509,99,100,0,3
Suzuka,77,91.049,-5829,1560,88,100,0,3
Suzuka,77,91.049,-5829,1560,83,100,0,3
Suzuka,77,91.049,-5883,1605,77,0,0,3
Suzuka,77,91.049,-5965,1632,75,0,0,3
Suzuka,77,91.049,-6039,1629,73,0,15,3
Suzuka,77,91.049,-6039,1629,75,0,21,3
Suzuka,77,91.049,-6067,1621,77,0,30,3
Suzuka,77,91.049,-6114,1601,78,0,30,3
Suzuka,77,91.049,-6187,1545,84,0,42,3
Suzuka,77,91.049,-6235,1486,93,0,50,3
Suzuka,77,91.049,-6298,1380,104,0,61,3
Suzuka,77,91.049,-6336,1307,115,0,73,3
Suzuka,77,91.049,-6377,1227,130,0,87,3
Suzuka,77,91.049,-6387,1208,141,0,100,3
Suzuka,77,91.049,-6439,1112,152,0,100,3
Suzuka,77,91.049,-6479,1040,164,0,100,4
Suzuka,77,91.049,-6560,902,176,0,100,4
Suzuka,77,91.049,-6694,692,193,0,100,4
Suzuka,77,91.049,-6748,608,203,0,100,5
Suzuka,77,91.049,-6818,503,212,0,100,5
Suzuka,77,91.049,-6961,297,220,0,100,5
Suzuka,77,91.049,-7095,133,228,0,100,5
Suzuka,77,91.049,-7184,42,230,0,100,6
Suzuka,77,91.049,-7312,-70,237,0,100,6
Suzuka,77,91.049,-7440,-165,239,0,100,6
Suzuka,77,91.049,-7553,-237,244,0,100,6
Suzuka,77,91.049,-7687,-302,248,0,100,6
Suzuka,77,91.049,-7873,-360,250,0,100,6
Suzuka,77,91.049,-7942,-374,252,0,100,6
Suzuka,77,91.049,-8270,-416,258,0,100,6
Suzuka,77,91.049,-8459,-429,262,0,100,7
Suzuka,77,91.049,-8619,-429,263,0,100,7
Suzuka,77,91.049,-8856,-412,265,0,100,7
Suzuka,77,91.049,-8856,-412,265,0,100,7
Suzuka,77,91.049,-9195,-354,271,0,100,7
Suzuka,77,91.049,-9372,-308,274,0,100,7
Suzuka,77,91.049,-9766,-177,277,0,100,7
Suzuka,77,91.049,-9882,-133,279,0,100,7
Suzuka,77,91.049,-10112,-40,280,0,100,7
Suzuka,77,91.049,-10281,37,281,0,100,7
Suzuka,77,91.049,-10391,96,283,0,100,7
Suzuka,77,91.049,-10600,233,282,0,100,7
Suzuka,77,91.049,-10791,379,282,0,100,7
Suzuka,77,91.049,-10930,505,282,0,100,7
Suzuka,77,91.049,-11038,620,284,0,100,7
Suzuka,77,91.049,-11120,716,283,0,100,7
Suzuka,77,91.049,-11233,868,286,0,100,7
Suzuka,77,91.049,-11439,1241,285,0,100,7
Suzuka,77,91.049,-11439,1241,284,0,100,7
Suzuka,77,91.049,-11491,1359,285,0,100,7
Suzuka,77,91.049,-11572,1549,285,0,100,7
Suzuka,77,91.049,-11572,1549,285,0,100,7
Suzuka,77,91.049,-11670,1783,287,0,100,7
Suzuka,77,91.049,-11818,2119,285,0,100,7
Suzuka,77,91.049,-11875,2229,283,100,100,7
Suzuka,77,91.049,-11875,2229,274,100,4,7
Suzuka,77,91.049,-12008,2474,259,100,0,7
Suzuka,77,91.049,-12008,2474,249,100,0,7
Suzuka,77,91.049,-12196,2688,239,0,0,6
Suzuka,77,91.049,-12328,2767,227,0,51,6
Suzuka,77,91.049,-12547,2828,227,0,60,6
Suzuka,77,91.049,-12726,2836,222,0,67,6
Suzuka,77,91.049,-13041,2806,226,0,100,6
Suzuka,77,91.049,-13041,2806,228,100,30,6
Suzuka,77,91.049,-13101,2793,217,100,4,6
Suzuka,77,91.049,-13325,2719,204,100,4,6
Suzuka,77,91.049,-13409,2677,184,100,5,5
Suzuka,77,91.049,-13553,2564,177,0,4,5
Suzuka,77,91.049,-13553,2564,174,0,0,5
Suzuka,77,91.049,-13651,2414,169,0,0,5
Suzuka,77,91.049,-13694,2284,162,0,2,5
Suzuka,77,91.049,-13694,2284,162,0,27,5
Suzuka,77,91.049,-13707,2151,160,0,51,5
Suzuka,77,91.049,-13703,2080,161,0,63,5
Suzuka,77,91.049,-13581,1724,178,0,85,5
Suzuka,77,91.049,-13503,1606,183,0,76,5
Suzuka,77,91.049,-13368,1454,189,0,100,5
Suzuka,77,91.049,-13304,1391,207,0,100,5
Suzuka,77,91.049,-13228,1322,213,0,100,5
Suzuka,77,91.049,-13108,1223,219,0,100,5
Suzuka,77,91.049,-12930,1088,224,0,100,5
Suzuka,77,91.049,-12930,1088,230,0,100,5
Suzuka,77,91.049,-12806,997,236,0,100,6
Suzuka,77,91.049,-12678,903,240,0,100,6
Suzuka,77,91.049,-12592,843,243,0,100,6
Suzuka,77,91.049,-12438,737,249,0,100,6
Suzuka,77,91.049,-12250,615,257,0,100,6
Suzuka,77,91.049,-12055,493,263,0,100,6
Suzuka,77,91.049,-11841,365,266,0,100,7
Suzuka,77,91.049,-11541,198,268,0,100,7
Suzuka,77,91.049,-11541,198,273,0,100,7
Suzuka,77,91.049,-11381,111,275,0,100,7
Suzuka,77,91.049,-11178,4,277,0,100,7
Suzuka,77,91.049,-10886,-139,278,0,100,7
Suzuka,77,91.049,-10630,-256,282,0,100,7
Suzuka,77,91.049,-10630,-256,284,0,100,7
Suzuka,77,91.049,-10411,-348,288,0,100,7
Suzuka,77,91.049,-10060,-480,291,0,100,7
Suzuka,77,91.049,-9846,-556,292,0,100,7
Suzuka,77,91.049,-9476,-682,292,0,100,7
Suzuka,77,91.049,-9476,-682,293,0,100,7
Suzuka,77,91.049,-9228,-765,295,0,100,8
Suzuka,77,91.049,-8994,-845,296,0,100,8
Suzuka,77,91.049,-8884,-882,298,0,100,8
Suzuka,77,91.049,-8584,-982,299,0,100,8
Suzuka,77,91.049,-8584,-982,300,0,100,8
Suzuka,77,91.049,-8252,-1093,302,0,100,8
Suzuka,77,91.049,-8125,-1136,302,0,100,8
Suzuka,77,91.049,-8125,-1136,302,0,100,8
Suzuka,77,91.049,-7882,-1217,303,0,100,8
Suzuka,77,91.049,-7693,-1281,305,0,100,8
Suzuka,77,91.049,-7533,-1335,305,0,100,8
Suzuka,77,91.049,-7179,-1453,307,0,100,8
Suzuka,77,91.049,-7050,-1497,306,0,100,8
Suzuka,77,91.049,-6889,-1551,306,0,100,8
Suzuka,77,91.049,-6566,-1660,307,0,100,8
Suzuka,77,91.049,-6323,-1741,307,0,100,8
Suzuka,77,91.049,-6048,-1833,307,0,100,8
Suzuka,77,91.049,-5676,-1959,308,0,100,8
Suzuka,77,91.049,-5346,-2051,307,0,100,8
Suzuka,77,91.049,-5019,-2024,305,0,100,8
Suzuka,77,91.049,-4591,-1869,303,0,100,8
Suzuka,77,91.049,-4530,-1842,302,0,100,8
Suzuka,77,91.049,-4260,-1707,302,0,100,8
Suzuka,77,91.049,-4260,-1707,302,0,100,8
Suzuka,77,91.049,-4046,-1578,300,0,100,8
Suzuka,77,91.049,-3716,-1342,300,0,100,8
Suzuka,77,91.049,-3600,-1246,301,0,100,8
Suzuka,77,91.049,-3476,-1134,302,0,100,8
Suzuka,77,91.049,-3291,-961,303,0,100,8
Suzuka,77,91.049,-3291,-961,304,0,100,8
Suzuka,77,91.049,-3291,-961,303,0,100,8
Suzuka,77,91.049,-2596,-281,302,0,100,8
Suzuka,77,91.049,-2596,-281,277,100,0,8
Suzuka,77,91.049,-2596,-281,249,100,0,8
Suzuka,77,91.049,-2437,-122,222,100,0,8
Suzuka,77,91.049,-2378,-63,198,100,0,8
Suzuka,77,91.049,-2229,71,142,100,0,8
Suzuka,77,91.049,-2072,173,122,100,0,4
Suzuka,77,91.049,-1954,218,110,100,0,3
Suzuka,77,91.049,-1885,232,103,100,0,3
Suzuka,77,91.049,-1841,235,97,100,0,3
Suzuka,77,91.049,-1684,196,94,0,0,3
Suzuka,77,91.049,-1684,196,91,0,17,3
Suzuka,77,91.049,-1574,104,93,0,35,3
Suzuka,77,91.049,-1522,65,97,0,20,3
Suzuka,77,91.049,-1438,30,100,0,0,3
Suzuka,77,91.049,-1412,25,98,0,0,3
Suzuka,77,91.049,-1412,25,96,0,0,3
Suzuka,77,91.049,-1343,22,95,0,0,3
Suzuka,77,91.049,-1194,61,92,0,20,3
Suzuka,77,91.049,-1194,61,93,0,36,3
Suzuka,77,91.049,-1104,121,100,0,50,3
Suzuka,77,91.049,-1029,191,117,0,71,3
Suzuka,77,91.049,-978,241,120,0,71,3
Suzuka,77,91.049,-926,288,130,0,76,3
Suzuka,77,91.049,-825,365,141,0,76,3
Suzuka,77,91.049,-825,365,146,0,76,3
Suzuka,77,91.049,-610,462,156,0,87,4
Suzuka,77,91.049,-516,480,169,0,86,4
Suzuka,77,91.049,-407,489,178,0,100,4
Suzuka,77,91.049,-302,491,190,0,100,4
Suzuka,77,91.049,-85,472,197,0,100,4
Suzuka,77,91.049,-85,472,203,0,100,5
Suzuka,77,91.049,162,413,214,0,100,5
Suzuka,77,91.049,301,365,226,0,100,5
Suzuka,77,91.049,418,320,227,0,100,5
Suzuka,77,91.049,590,233,236,0,100,6
Suzuka,77,91.049,760,127,240,0,100,6
Suzuka,77,91.049,910,14,249,0,100,6
Suzuka,77,91.049,1136,-200,252,0,100,6
Suzuka,77,91.049,1136,-200,254,0,100,6
Suzuka,77,91.049,1197,-262,260,0,100,6
Suzuka,77,91.049,1430,-527,268,0,100,6
Suzuka,81,89.458,1810,-972,284,0,99,7
Suzuka,81,89.458,1810,-972,288,0,99,7
Suzuka,81,89.458,1924,-1106,291,0,99,7
Suzuka,81,89.458,2029,-1229,294,0,99,7
Suzuka,81,89.458,2167,-1390,296,0,99,7
Suzuka,81,89.458,2568,-1859,304,0,99,8
Suzuka,81,89.458,2679,-1988,307,0,99,8
Suzuka,81,89.458,2913,-2261,309,0,99,8
Suzuka,81,89.458,3025,-2393,312,0,99,8
Suzuka,81,89.458,3194,-2591,314,0,99,8
Suzuka,81,89.458,3297,-2710,315,0,99,8
Suzuka,81,89.458,3388,-2817,317,0,99,8
Suzuka,81,89.458,3641,-3112,318,0,99,8
Suzuka,81,89.458,3802,-3301,320,0,99,8
Suzuka,81,89.458,3802,-3301,321,0,99,8
Suzuka,81,89.458,4023,-3562,322,0,99,8
Suzuka,81,89.458,4139,-3699,324,0,99,8
Suzuka,81,89.458,4244,-3822,324,0,99,8
Suzuka,81,89.458,4244,-3822,325,0,99,8
Suzuka,81,89.458,4419,-4028,325,0,99,8
Suzuka,81,89.458,4512,-4139,326,0,99,8
Suzuka,81,89.458,4724,-4387,326,0,99,8
Suzuka,81,89.458,4913,-4608,327,0,99,8
Suzuka,81,89.458,5054,-4774,328,0,99,8
Suzuka,81,89.458,5159,-4897,328,0,99,8
Suzuka,81,89.458,5357,-5130,330,0,99,8
Suzuka,81,89.458,5475,-5270,329,0,99,8
Suzuka,81,89.458,5709,-5551,329,0,99,8
Suzuka,81,89.458,5865,-5750,325,0,99,8
Suzuka,81,89.458,6010,-6035,322,0,94,8
Suzuka,81,89.458,6037,-6494,284,100,0,8
Suzuka,81,89.458,6010,-6617,266,100,0,8
Suzuka,81,89.458,5961,-6796,241,100,0,6
Suzuka,81,89.458,5901,-6964,217,100,0,6
Suzuka,81,89.458,5864,-7034,204,100,0,5
Suzuka,81,89.458,5779,-7140,189,100,0,4
Suzuka,81,89.458,5690,-7209,181,100,0,4
Suzuka,81,89.458,5472,-7294,173,0,0,4
Suzuka,81,89.458,5352,-7308,168,0,19,4
Suzuka,81,89.458,5205,-7298,165,0,51,4
Suzuka,81,89.458,5080,-7265,170,0,77,4
Suzuka,81,89.458,4852,-7116,181,0,98,4
Suzuka,81,89.458,4723,-6955,194,0,98,4
Suzuka,81,89.458,4698,-6917,200,0,98,5
Suzuka,81,89.458,4605,-6767,206,0,99,5
Suzuka,81,89.458,4551,-6675,211,0,99,5
Suzuka,81,89.458,4551,-6675,216,0,99,5
Suzuka,81,89.458,4370,-6354,224,0,98,5
Suzuka,81,89.458,4370,-6354,228,0,99,6
Suzuka,81,89.458,4280,-6200,235,0,99,6
Suzuka,81,89.458,4196,-6067,239,0,99,6
Suzuka,81,89.458,4044,-5862,243,0,99,6
Suzuka,81,89.458,4044,-5862,245,0,99,6
Suzuka,81,89.458,3925,-5730,249,0,99,6
Suzuka,81,89.458,3551,-5489,248,0,86,6
Suzuka,81,89.458,3303,-5442,247,0,86,6
Suzuka,81,89.458,3303,-5442,247,0,87,6
Suzuka,81,89.458,2983,-5416,248,100,83,6
Suzuka,81,89.458,2983,-5416,244,0,6,6
Suzuka,81,89.458,2870,-5389,238,0,11,6
Suzuka,81,89.458,2654,-5281,232,0,26,6
Suzuka,81,89.458,2522,-5165,226,0,50,6
Suzuka,81,89.458,2522,-5165,226,0,76,6
Suzuka,81,89.458,2404,-4991,227,0,91,6
Suzuka,81,89.458,2314,-4717,230,0,90,6
Suzuka,81,89.458,2271,-4567,231,0,86,6
Suzuka,81,89.458,2271,-4567,233,0,87,6
Suzuka,81,89.458,2207,-4342,234,0,71,6
Suzuka,81,89.458,2207,-4342,234,0,23,6
Suzuka,81,89.458,2142,-4165,230,0,21,6
Suzuka,81,89.458,1968,-3945,219,0,41,6
Suzuka,81,89.458,1813,-3830,217,0,51,6
Suzuka,81,89.458,1717,-3782,216,0,58,6
Suzuka,81,89.458,1615,-3747,214,0,70,6
Suzuka,81,89.458,1474,-3718,216,0,83,6
Suzuka,81,89.458,1314,-3705,217,0,90,6
Suzuka,81,89.458,1166,-3697,221,0,99,6
Suzuka,81,89.458,860,-3662,224,0,43,6
Suzuka,81,89.458,860,-3662,221,0,10,6
Suzuka,81,89.458,733,-3624,220,0,9,6
Suzuka,81,89.458,594,-3556,213,0,16,5
Suzuka,81,89.458,505,-3498,212,0,17,5
Suzuka,81,89.458,334,-3344,203,0,25,5
Suzuka,81,89.458,258,-3250,199,0,38,5
Suzuka,81,89.458,201,-3157,198,0,42,5
Suzuka,81,89.458,136,-2985,197,0,47,5
Suzuka,81,89.458,122,-2878,200,0,71,5
Suzuka,81,89.458,147,-2681,202,0,80,5
Suzuka,81,89.458,182,-2582,207,0,91,5
Suzuka,81,89.458,313,-2262,216,0,99,5
Suzuka,81,89.458,394,-2055,225,0,78,5
Suzuka,81,89.458,403,-2032,225,0,82,5
Suzuka,81,89.458,467,-1796,227,0,86,6
Suzuka,81,89.458,460,-1613,227,0,83,6
Suzuka,81,89.458,413,-1468,227,0,79,6
Suzuka,81,89.458,366,-1377,228,0,83,6
Suzuka,81,89.458,223,-1197,230,0,92,6
Suzuka,81,89.458,11,-1051,230,0,94,6
Suzuka,81,89.458,-232,-937,237,0,99,6
Suzuka,81,89.458,-232,-937,240,0,99,6
Suzuka,81,89.458,-493,-828,241,0,99,6
Suzuka,81,89.458,-717,-764,249,0,99,6
Suzuka,81,89.458,-717,-764,251,0,99,6
Suzuka,81,89.458,-911,-728,253,0,99,6
Suzuka,81,89.458,-1263,-698,257,0,99,6
Suzuka,81,89.458,-1263,-698,260,0,99,6
Suzuka,81,89.458,-1466,-703,262,0,99,6
Suzuka,81,89.458,-1725,-732,264,0,99,7
Suzuka,81,89.458,-1996,-816,266,0,99,7
Suzuka,81,89.458,-1996,-816,269,0,99,7
Suzuka,81,89.458,-2244,-927,273,0,99,7
Suzuka,81,89.458,-2470,-1053,275,0,99,7
Suzuka,81,89.458,-2595,-1139,277,0,99,7
Suzuka,81,89.458,-2746,-1269,278,0,99,7
Suzuka,81,89.458,-2961,-1519,280,0,99,7
Suzuka,81,89.458,-2961,-1519,281,0,99,7
Suzuka,81,89.458,-3131,-1749,283,0,99,7
Suzuka,81,89.458,-3225,-1874,284,0,99,7
Suzuka,81,89.458,-3368,-2062,284,0,99,7
Suzuka,81,89.458,-3636,-2392,283,100,11,7
Suzuka,81,89.458,-3715,-2486,275,0,1,7
Suzuka,81,89.458,-3803,-2586,265,0,29,6
Suzuka,81,89.458,-4062,-2726,260,0,74,6
Suzuka,81,89.458,-4303,-2768,256,0,96,6
Suzuka,81,89.458,-4529,-2806,257,0,98,6
Suzuka,81,89.458,-4753,-2842,256,0,16,6
Suzuka,81,89.458,-4869,-2858,214,100,0,6
Suzuka,81,89.458,-4975,-2869,203,100,0,6
Suzuka,81,89.458,-5144,-2871,185,100,0,6
Suzuka,81,89.458,-5308,-2852,166,100,0,4
Suzuka,81,89.458,-5308,-2852,161,100,0,4
Suzuka,81,89.458,-5452,-2797,152,0,0,4
Suzuka,81,89.458,-5513,-2746,145,0,41,4
Suzuka,81,89.458,-5595,-2624,148,0,71,4
Suzuka,81,89.458,-5653,-2456,150,0,71,4
Suzuka,81,89.458,-5667,-2368,161,0,98,4
Suzuka,81,89.458,-5667,-2368,170,0,99,4
Suzuka,81,89.458,-5687,-2186,181,0,99,4
Suzuka,81,89.458,-5716,-2015,186,0,99,4
Suzuka,81,89.458,-5746,-1881,201,0,99,5
Suzuka,81,89.458,-5760,-1814,208,0,99,5
Suzuka,81,89.458,-5815,-1561,214,0,99,5
Suzuka,81,89.458,-5836,-1465,224,0,99,5
Suzuka,81,89.458,-5895,-1192,234,0,99,6
Suzuka,81,89.458,-5942,-973,238,0,99,6
Suzuka,81,89.458,-5971,-842,244,0,99,6
Suzuka,81,89.458,-6019,-613,248,0,99,6
Suzuka,81,89.458,-6035,-531,253,0,99,6
Suzuka,81,89.458,-6085,-280,259,0,99,6
Suzuka,81,89.458,-6117,-95,263,0,98,6
Suzuka,81,89.458,-6141,91,263,0,98,6
Suzuka,81,89.458,-6145,191,263,0,98,6
Suzuka,81,89.458,-6107,492,263,0,98,6
Suzuka,81,89.458,-6013,764,240,100,0,6
Suzuka,81,89.458,-5923,960,188,100,0,6
Suzuka,81,89.458,-5843,1126,166,100,0,6
Suzuka,81,89.458,-5795,1246,138,100,0,6
Suzuka,81,89.458,-5782,1291,121,100,0,4
Suzuka,81,89.458,-5769,1408,105,100,0,2
Suzuka,81,89.458,-5777,1461,99,100,0,2
Suzuka,81,89.458,-5802,1523,95,100,0,2
Suzuka,81,89.458,-5849,1581,89,100,0,2
Suzuka,81,89.458,-5887,1608,82,0,0,2
Suzuka,81,89.458,-5949,1630,81,0,1,2
Suzuka,81,89.458,-6000,1633,77,0,4,2
Suzuka,81,89.458,-6033,1630,73,0,20,2
Suzuka,81,89.458,-6127,1593,76,0,24,2
Suzuka,81,89.458,-6127,1593,78,0,29,2
Suzuka,81,89.458,-6167,1563,81,0,36,2
Suzuka,81,89.458,-6167,1563,84,0,43,2
Suzuka,81,89.458,-6216,1511,90,0,49,2
Suzuka,81,89.458,-6272,1427,99,0,53,2
Suzuka,81,89.458,-6317,1343,106,0,62,2
Suzuka,81,89.458,-6350,1279,117,0,75,2
Suzuka,81,89.458,-6350,1279,126,0,76,2
Suzuka,81,89.458,-6400,1183,141,0,91,3
Suzuka,81,89.458,-6450,1093,151,0,98,3
Suzuka,81,89.458,-6450,1093,156,0,99,3
Suzuka,81,89.458,-6537,940,166,0,99,4
Suzuka,81,89.458,-6631,789,180,0,99,4
Suzuka,81,89.458,-6671,727,188,0,99,4
Suzuka,81,89.458,-6742,618,203,0,99,5
Suzuka,81,89.458,-6903,378,216,0,99,5
Suzuka,81,89.458,-6982,270,222,0,99,5
Suzuka,81,89.458,-7060,173,231,0,98,6
Suzuka,81,89.458,-7173,53,235,0,98,6
Suzuka,81,89.458,-7438,-164,240,0,98,6
Suzuka,81,89.458,-7588,-256,248,0,98,6
Suzuka,81,89.458,-7929,-372,254,0,99,6
Suzuka,81,89.458,-8216,-410,257,0,99,6
Suzuka,81,89.458,-8418,-426,261,0,99,6
Suzuka,81,89.458,-8418,-426,264,0,98,7
Suzuka,81,89.458,-8714,-425,266,0,98,7
Suzuka,81,89.458,-8714,-425,269,0,98,7
Suzuka,81,89.458,-9028,-388,273,0,99,7
Suzuka,81,89.458,-9281,-333,276,0,99,7
Suzuka,81,89.458,-9474,-278,277,0,99,7
Suzuka,81,89.458,-9474,-278,279,0,99,7
Suzuka,81,89.458,-9710,-198,279,0,99,7
Suzuka,81,89.458,-9872,-137,282,0,99,7
Suzuka,81,89.458,-10303,48,284,0,99,7
Suzuka,81,89.458,-10303,48,284,0,99,7
Suzuka,81,89.458,-10902,478,284,0,99,7
Suzuka,81,89.458,-11034,615,285,0,99,7
Suzuka,81,89.458,-11165,774,285,0,99,7
Suzuka,81,89.458,-11282,943,286,0,99,7
Suzuka,81,89.458,-11282,943,286,0,99,7
Suzuka,81,89.458,-11347,1053,286,0,99,7
Suzuka,81,89.458,-11483,1343,287,0,99,7
Suzuka,81,89.458,-11609,1637,287,0,99,7
Suzuka,81,89.458,-11609,1637,288,0,99,7
Suzuka,81,89.458,-11659,1755,288,0,99,7
Suzuka,81,89.458,-11789,2057,288,0,99,7
Suzuka,81,89.458,-11882,2243,288,0,99,7
Suzuka,81,89.458,-11963,2396,279,100,0,7
Suzuka,81,89.458,-11963,2396,274,100,0,7
Suzuka,81,89.458,-12039,2522,261,100,0,6
Suzuka,81,89.458,-12125,2628,249,0,27,6
Suzuka,81,89.458,-12372,2786,243,0,41,6
Suzuka,81,89.458,-12527,2825,240,0,32,6
Suzuka,81,89.458,-12742,2836,234,0,46,6
Suzuka,81,89.458,-12742,2836,231,0,53,6
Suzuka,81,89.458,-12949,2821,231,0,57,6
Suzuka,81,89.458,-13141,2783,223,100,0,6
Suzuka,81,89.458,-13282,2737,203,100,0,6
Suzuka,81,89.458,-13381,2692,195,100,0,4
Suzuka,81,89.458,-13500,2614,187,100,0,4
Suzuka,81,89.458,-13586,2524,177,100,0,4
Suzuka,81,89.458,-13653,2410,168,100,2,4
Suzuka,81,89.458,-13684,2324,162,0,30,4
Suzuka,81,89.458,-13707,2163,164,0,49,4
Suzuka,81,89.458,-13691,2007,168,0,59,4
Suzuka,81,89.458,-13619,1799,173,0,76,4
Suzuka,81,89.458,-13563,1694,182,0,89,4
Suzuka,81,89.458,-13428,1517,194,0,99,4
Suzuka,81,89.458,-13267,1357,206,0,99,5
Suzuka,81,89.458,-13169,1273,213,0,99,5
Suzuka,81,89.458,-13034,1167,221,0,99,5
Suzuka,81,89.458,-12872,1045,236,0,99,6
Suzuka,81,89.458,-12646,881,241,0,99,6
Suzuka,81,89.458,-12646,881,246,0,99,6
Suzuka,81,89.458,-12446,743,255,0,99,6
Suzuka,81,89.458,-11969,441,263,0,99,6
Suzuka,81,89.458,-11969,441,264,0,99,7
Suzuka,81,89.458,-11788,334,272,0,99,7
Suzuka,81,89.458,-11615,238,274,0,99,7
Suzuka,81,89.458,-11521,186,277,0,99,7
Suzuka,81,89.458,-11316,76,280,0,99,7
Suzuka,81,89.458,-11150,-9,284,0,99,7
Suzuka,81,89.458,-10923,-121,285,0,99,7
Suzuka,81,89.458,-10574,-280,289,0,99,7
Suzuka,81,89.458,-10167,-441,293,0,99,7
Suzuka,81,89.458,-10029,-491,295,0,99,7
Suzuka,81,89.458,-9812,-567,296,0,99,8
Suzuka,81,89.458,-9641,-626,297,0,99,8
Suzuka,81,89.458,-9641,-626,297,0,99,8
Suzuka,81,89.458,-9374,-716,300,0,99,8
Suzuka,81,89.458,-8995,-844,301,0,99,8
Suzuka,81,89.458,-8772,-920,303,0,99,8
Suzuka,81,89.458,-8772,-920,304,0,99,8
Suzuka,81,89.458,-8547,-994,305,0,99,8
Suzuka,81,89.458,-8306,-1075,306,0,99,8
Suzuka,81,89.458,-8001,-1178,307,0,99,8
Suzuka,81,89.458,-7855,-1227,307,0,99,8
Suzuka,81,89.458,-7668,-1289,309,0,99,8
Suzuka,81,89.458,-7457,-1360,309,0,100,8
Suzuka,81,89.458,-7326,-1404,310,0,99,8
Suzuka,81,89.458,-7098,-1481,310,0,99,8
Suzuka,81,89.458,-6934,-1536,310,0,99,8
Suzuka,81,89.458,-6542,-1668,311,0,99,8
Suzuka,81,89.458,-6542,-1668,311,0,100,8
Suzuka,81,89.458,-6181,-1788,311,0,99,8
Suzuka,81,89.458,-5853,-1899,311,0,99,8
Suzuka,81,89.458,-5656,-1966,313,0,99,8
Suzuka,81,89.458,-5353,-2050,310,0,99,8
Suzuka,81,89.458,-4939,-1999,308,0,99,8
Suzuka,81,89.458,-4689,-1909,307,0,99,8
Suzuka,81,89.458,-4440,-1800,305,0,100,8
Suzuka,81,89.458,-4183,-1662,304,0,99,8
Suzuka,81,89.458,-3914,-1489,304,0,99,8
Suzuka,81,89.458,-3914,-1489,305,0,99,8
Suzuka,81,89.458,-3504,-1161,305,0,99,8
Suzuka,81,89.458,-3504,-1161,306,0,99,8
Suzuka,81,89.458,-3342,-1009,305,0,99,8
Suzuka,81,89.458,-3107,-788,306,0,99,8
Suzuka,81,89.458,-2984,-671,306,0,99,8
Suzuka,81,89.458,-2852,-539,305,0,99,8
Suzuka,81,89.458,-2607,-292,302,0,2,8
Suzuka,81,89.458,-2515,-200,269,100,0,8
Suzuka,81,89.458,-2515,-200,224,100,0,8
Suzuka,81,89.458,-2306,4,188,100,0,8
Suzuka,81,89.458,-2255,50,167,100,0,8
Suzuka,81,89.458,-2193,99,147,100,0,8
Suzuka,81,89.458,-2129,142,135,100,0,8
Suzuka,81,89.458,-2066,176,119,100,0,5
Suzuka,81,89.458,-1963,215,110,100,0,3
Suzuka,81,89.458,-1847,235,105,100,0,3
Suzuka,81,89.458,-1767,230,99,0,0,3
Suzuka,81,89.458,-1679,192,92,0,13,3
Suzuka,81,89.458,-1614,139,91,0,26,3
Suzuka,81,89.458,-1581,110,95,0,37,3
Suzuka,81,89.458,-1520,64,101,0,37,3
Suzuka,81,89.458,-1460,36,104,0,11,3
Suzuka,81,89.458,-1367,22,102,0,0,3
Suzuka,81,89.458,-1367,22,100,0,1,3
Suzuka,81,89.458,-1280,30,98,0,4,3
Suzuka,81,89.458,-1280,30,96,0,11,3
Suzuka,81,89.458,-1215,51,97,0,20,3
Suzuka,81,89.458,-1153,84,99,0,32,3
Suzuka,81,89.458,-1060,160,103,0,48,3
Suzuka,81,89.458,-1034,186,109,0,60,3
Suzuka,81,89.458,-935,280,123,0,76,3
Suzuka,81,89.458,-736,417,139,0,78,3
Suzuka,81,89.458,-736,417,147,0,70,3
Suzuka,81,89.458,-659,448,154,0,85,4
Suzuka,81,89.458,-563,472,170,0,95,4
Suzuka,81,89.458,-380,490,182,0,98,4
Suzuka,81,89.458,-287,490,194,0,99,5
Suzuka,81,89.458,-76,470,202,0,99,5
Suzuka,81,89.458,199,401,214,0,98,5
Suzuka,81,89.458,199,401,220,0,99,5
Suzuka,81,89.458,454,304,225,0,99,5
Suzuka,81,89.458,557,252,230,0,99,6
Suzuka,81,89.458,799,100,240,0,99,6
Suzuka,81,89.458,988,-54,246,0,98,6
Suzuka,81,89.458,988,-54,249,0,99,6
Suzuka,81,89.458,1119,-183,260,0,99,6
Suzuka,81,89.458,1269,-339,262,0,99,6
Suzuka,81,89.458,1370,-456,266,0,99,7
Suzuka,81,89.458,1487,-595,270,0,99,7
Suzuka,81,89.458,1487,-595,274,0,99,7
Suzuka,81,89.458,1695,-838,278,0,99,7
