track,global_corner_id,driver_number,entry_speed,apex_speed,exit_speed,speed_drop,braking_pct_before_apex,trail_braking_pct,throttle_app_pct_after_apex,coasting_pct,braking_time_pct,average_throttle,min_gear,average_speed
Monza,101,1,-0.4946295785741683,0.5265784937070226,0.5265784937070226,-0.5478404950822175,0.7980414448857536,0.7980414448857536,-1.688194297813413,-0.7980414448857537,-0.16628124296826677,-0.3118761672556453,-0.3248931437714102,-0.5626847003423638
Monza,101,2,-0.8299716657430959,-0.11169846836209349,-0.11169846836209349,-0.8150797609759821,-2.4652558445413364,-2.4652558445413364,0.562731432604471,2.4652558445413373,-1.2854819167931446,-0.3118761672556453,-0.3248931437714102,-1.1449836821781492
Monza,101,4,0.5449308916495075,0.5265784937070226,0.5265784937070226,0.48771166025612017,-0.09499201003601805,-0.09499201003601805,0.562731432604471,0.09499201003601798,-0.3901213777332422,-0.3118761672556453,-0.3248931437714102,0.7275672541463934
Monza,101,10,0.6119993090832929,0.8457169747415806,0.8457169747415806,0.5211165684928407,0.7980414448857536,0.7980414448857536,0.562731432604471,-0.7980414448857537,0.9529194308566105,-0.3118761672556453,-0.3248931437714102,0.7091788652463158
Monza,101,11,0.6790677265170785,0.5265784937070226,0.5265784937070226,0.6213312932030025,0.7980414448857536,0.7980414448857536,-1.688194297813413,-0.7980414448857537,0.9529194308566105,-0.3118761672556453,-0.3248931437714102,0.7617171192465353
Monza,101,14,-0.5281637872910611,-1.7073908735348835,-1.7073908735348835,-0.3474110456618941,-0.6530598474172571,-0.6530598474172571,0.562731432604471,0.6530598474172565,-0.3901213777332422,-0.006186575079750218,-0.3248931437714102,-0.7067270800596385
Monza,101,16,3.4288728413022853,-0.7499754304312095,-0.7499754304312095,3.494153401560972,0.12875753158620487,0.12875753158620487,0.562731432604471,-0.12875753158620618,-0.3901213777332422,-0.3118761672556453,-0.3248931437714102,3.0628926444562126
Monza,101,18,-1.1317795441951308,-1.3882523925003256,-1.3882523925003256,-0.982104302159585,-0.7229618837311873,-0.7229618837311873,0.562731432604471,0.7229618837311865,-1.2854819167931446,-0.05713484044239951,-0.3248931437714102,-1.3748385434291157
Monza,101,20,-0.42756116114038273,0.20744001267246454,0.20744001267246454,-0.44762577037205586,0.7980414448857536,0.7980414448857536,0.562731432604471,-0.7980414448857537,0.9529194308566105,-0.3118761672556453,-0.3248931437714102,-0.43352815925849064
Monza,101,22,0.07545196961300872,-1.3882523925003256,-1.3882523925003256,0.22047239436235558,0.16447271009844677,0.16447271009844677,0.562731432604471,-0.16447271009844683,-0.16628124296826677,-0.3118761672556453,-0.3248931437714102,0.35673474466150223
Monza,101,23,-0.32695853498970445,1.4839939368106967,1.4839939368106967,-0.48103067860877646,0.7980414448857536,0.7980414448857536,0.562731432604471,-0.7980414448857537,0.9529194308566105,-0.3118761672556453,-0.3248931437714102,0.17285085566072902
Monza,101,24,-0.32695853498970445,0.5265784937070226,0.5265784937070226,-0.3808159538986147,0.7980414448857536,0.7980414448857536,0.562731432604471,-0.7980414448857537,0.9529194308566105,-0.3118761672556453,-0.3248931437714102,0.12687988341053572
Monza,101,27,-0.7293690395924176,-1.0691139114657675,-1.0691139114657675,-0.6146503115556587,-1.2877861561920658,-1.2877861561920658,0.562731432604471,1.2877861561920663,-1.9250251589787888,0.998222084926762,-0.3248931437714102,-1.1953328422616931
Monza,101,31,-0.6287664134417393,0.20744001267246454,0.20744001267246454,-0.6480552197923793,0.7980414448857536,0.7980414448857536,-1.688194297813413,-0.7980414448857537,0.9529194308566105,-0.3118761672556453,-0.3248931437714102,-0.4400954410085168
Monza,101,40,-0.32695853498970445,0.8457169747415806,0.8457169747415806,-0.41422086213533527,0.7980414448857536,0.7980414448857536,0.562731432604471,-0.7980414448857537,0.9529194308566105,-0.3118761672556453,-0.3248931437714102,0.050261596326876726
Monza,101,44,0.6455335178001858,0.8457169747415806,0.8457169747415806,0.5545214767295613,-1.713097561564785,-1.713097561564785,0.562731432604471,1.7130975615647859,-1.2854819167931446,-0.3118761672556453,2.9240382939426888,0.770473494913242
Monza,101,55,-0.6287664134417393,0.5265784937070226,0.5265784937070226,-0.6814601280290998,0.7980414448857536,0.7980414448857536,-1.688194297813413,-0.7980414448857537,0.9529194308566105,-0.3118761672556453,-0.3248931437714102,-0.4860664132587101
Monza,101,63,-0.15928749140524062,1.4839939368106967,1.4839939368106967,-0.3140061374251736,-0.48686694930698116,-0.48686694930698116,0.562731432604471,0.48686694930698077,-0.006395432421856271,-0.3118761672556453,2.9240382939426888,-0.1314331987572185
Monza,101,77,-0.4946295785741683,-1.3882523925003256,-1.3882523925003256,-0.3474110456618941,0.7980414448857536,0.7980414448857536,-1.688194297813413,-0.7980414448857537,0.9529194308566105,4.055118006685713,-0.3248931437714102,-0.8801033182603663
Monza,101,81,1.0479440224028989,-0.7499754304312095,-0.7499754304312095,1.122404916753811,-0.8496244377525589,-0.8496244377525589,0.562731432604471,0.8496244377525592,-1.2854819167931446,-0.3118761672556453,-0.3248931437714102,0.6172369207459292
Monza,102,1,2.0302002719016152,1.463162693912175,0.454300069286934,0.39672246002233175,-0.8829941349812114,-0.8829941349812114,0.0,0.7972903690475163,-0.8726641565518364,-0.41884953947838777,-0.3248931437714102,1.2306751333726875
Monza,102,2,-0.02050707345355049,-0.3657906734780437,-0.37170005668931083,0.39672246002233175,0.30022926473365946,0.30022926473365946,0.0,0.01853106894538657,0.16094821161446754,-1.178763623950107,-0.3248931437714102,-0.7138310311044229
Monza,102,4,0.38963439561748264,0.3657906734780437,1.044300159269966,-0.020880129474859878,-0.8829941349812114,-0.8829941349812114,0.0,0.7221807618253384,-0.8726641565518364,0.744149407191374,-0.3248931437714102,0.6811407825421999
Monza,102,10,-1.661072949737683,0.0,-0.7257001106791301,-1.6912904874636265,-0.8829941349812114,-0.8829941349812114,0.0,0.8827426918045258,-0.8726641565518364,0.21551352234148252,-0.3248931437714102,-0.5729247873017321
Monza,102,11,-0.4306485425245836,-1.463162693912175,-0.9617001466723429,1.231927639016715,-0.267469747554716,-0.267469747554716,0.0,0.13885825199303836,0.30860712135251045,-0.7511349528126053,-0.3248931437714102,-1.015772982110184
Monza,102,14,1.2099173337595488,0.0,0.6903001052801468,1.231927639016715,1.341829356058972,1.341829356058972,0.0,-1.6399915503446325,0.30860712135251045,0.7894610544642217,-0.3248931437714102,0.4818590948783987
Monza,102,16,1.2099173337595488,1.463162693912175,0.10030001529711477,-0.43848271897205154,1.1262479283148108,1.1262479283148108,0.0,-1.1514581381109532,1.8836354918916407,0.6119904359789012,-0.3248931437714102,0.8925001482462336
Monza,102,18,-0.8407900115956167,-0.3657906734780437,0.2183000332937212,-0.43848271897205154,-0.8829941349812114,-0.8829941349812114,0.0,-0.1633851289334986,-0.8726641565518364,0.20040963991719996,-0.3248931437714102,-0.09786945105266806
Monza,102,20,-0.4306485425245836,0.3657906734780437,-0.37170005668931083,-0.8560853084692431,-0.8829941349812114,-0.8829941349812114,0.0,0.9845162651242513,-0.8726641565518364,-0.41884953947838777,-0.3248931437714102,-0.2347498021752781
Monza,102,22,-0.02050707345355049,0.0,-0.13570002069609804,-0.020880129474859878,-0.8829941349812114,-0.8829941349812114,0.0,0.5142259180106945,-0.8726641565518364,0.21551352234148252,-0.3248931437714102,0.21615017799332562
Monza,102,23,0.38963439561748264,1.0973720204341313,-0.48970007468591725,-0.8560853084692431,0.31458061448987207,0.31458061448987207,0.0,0.4533816899739549,0.30860712135251045,-1.6120562509967147,-0.3248931437714102,0.14368410975194468
Monza,102,24,-0.4306485425245836,-1.463162693912175,-0.7257001106791301,1.231927639016715,1.6206539649429281,1.6206539649429281,0.0,-0.8467287899743071,1.4898783992568583,-0.841758247358301,-0.3248931437714102,-1.3056372550757174
Monza,102,27,0.38963439561748264,1.463162693912175,0.6903001052801468,-1.2736878979664348,-0.8829941349812114,-0.8829941349812114,0.0,0.8311850286150393,-0.8726641565518364,0.32784864787208434,-0.3248931437714102,1.2729470065134945
Monza,102,31,-2.071214418808716,-2.1947440408682626,-1.6697002546519812,0.39672246002233175,0.6671012908225242,0.6671012908225242,0.0,-0.31310205343427966,1.4898783992568583,-1.3175305437232034,-0.3248931437714102,-2.465094346937846
Monza,102,40,-0.02050707345355049,0.0,-0.6077000926825237,-0.020880129474859878,-0.8829941349812114,-0.8829941349812114,0.0,1.0247768084653275,-0.8726641565518364,0.13621813961399878,-0.3248931437714102,-0.2347498021752781
Monza,102,44,0.38963439561748264,-0.7315813469560875,-0.25370003869270447,1.231927639016715,0.9053129095797913,0.9053129095797913,0.0,-0.7858901810898848,0.5054856676699017,0.16264993385649243,2.9240382939426888,-0.5729247873017321
Monza,102,55,-1.2509314806666498,0.0,3.2863005012054876,-1.2736878979664348,1.3776132007539539,1.3776132007539539,0.0,-2.450868986733748,0.78111563251425,3.1230108890158865,-0.3248931437714102,2.008477599163531
Monza,102,63,0.7997758646885157,-0.7315813469560875,0.10030001529711477,1.6495302285139066,1.443842567670316,1.443842567670316,0.0,-0.8042071285329536,1.4898783992568583,0.20040963991719996,2.9240382939426888,-0.19449087537450932
Monza,102,77,-0.4306485425245836,0.7315813469560875,0.10030001529711477,-1.2736878979664348,-0.8829941349812114,-0.8829941349812114,0.0,0.6322230234942882,-0.8726641565518364,-0.13942771462915945,-0.3248931437714102,0.14368410975194468
Monza,102,81,0.7997758646885157,0.3657906734780437,-0.37170005668931083,0.39672246002233175,-0.8829941349812114,-0.8829941349812114,0.0,1.155720079854895,-0.8726641565518364,-0.0488044200834635,-0.3248931437714102,0.336926958395632
Monza,103,1,-0.0839561774701673,-0.14673189530171055,-0.1741952362371513,-0.0566089317204912,-0.11287422157895896,-0.07838540964209874,0.22360679674997913,0.5408529331282175,0.06957687471608433,-0.49840682113949847,-0.40944725900693746,0.46961202359168397
Monza,103,2,-0.9235179521718403,-1.4806582162263588,-1.5141585919075342,-0.6524924235151337,0.2642635737458395,0.30117187112668964,0.22360679674997913,0.12348566442775373,0.06957687471608433,-0.5676987327179788,-0.40944725900693746,-1.0912371877679468
Monza,103,4,0.587693242291171,1.1871944256229379,1.1657681194332314,0.3605095125357585,0.19173433985695545,0.2281773340307729,0.22360679674997913,0.2037516272254371,0.8647411571856244,-0.49840682113949847,-0.40944725900693746,0.9944192946575267
Monza,103,10,-0.8675471671917288,0.9204091614380081,0.897775448299155,-1.1291992169508476,-0.6534936918465202,-0.622473163797578,0.22360679674997913,1.1391405471223028,-0.9243784783708399,-0.9141582906103809,-0.40944725900693746,-0.18639706524062424
Monza,103,11,0.363810102370725,-0.6803024236715699,-0.7101805785053045,0.5392745600741513,-0.25233042600588307,-0.21873627978767468,0.22360679674997913,-0.013474836358250926,-0.49839761276215816,0.9864198555422246,-0.40944725900693746,-0.002197468868990717
Monza,103,14,-0.475751672330948,-1.4806582162263588,-1.5141585919075342,-0.1757856300794197,0.717050113143711,0.7568632120450884,0.22360679674997913,-0.37759983693408333,0.8647411571856244,-0.33210623335114553,-0.40944725900693746,-0.7700189442707451
Monza,103,16,0.41978088735083646,0.9204091614380081,0.897775448299155,0.24133281417683003,1.920289916355168,1.9678222659537405,0.22360679674997913,-1.7091898193847959,2.0574875808899336,-0.5815571150336749,2.320201134372647,0.6958220542235126
Monza,103,18,-0.30783931739061343,-0.41351715948664025,-0.4421879073712279,-0.23537397925888395,0.6730385283285172,0.7125692758184282,-4.2485291382496,-0.32889351480671175,0.3535641184552059,0.21430998366772866,-0.40944725900693746,-0.4869332487943423
Monza,103,20,-0.0839561774701673,0.9204091614380081,0.897775448299155,-0.2949623284383482,0.1961455404694273,0.23261683420856197,0.22360679674997913,0.1988698816827202,1.0635322278030093,-0.7062825558749397,-0.40944725900693746,0.266022996023037
Monza,103,22,0.2518685324105019,-0.6803024236715699,-0.7101805785053045,0.4200978617152228,-0.0013992349835605475,0.03380473229116302,0.22360679674997913,-0.6469067749172893,0.06957687471608433,0.4023880293807468,-0.40944725900693746,0.10767597458075728
Monza,103,23,0.30783931739061343,-0.6803024236715699,-0.7101805785053045,0.47968621089468705,0.36637398066058996,0.40393735596328395,0.22360679674997913,-0.6626188229359325,-0.9243784783708399,-0.15194726324709643,-0.40944725900693746,-0.41260709587245675
Monza,103,24,-0.6996348122513941,-1.2138729520414293,-1.2461659207734577,-0.4737273759767409,-0.21461045774844062,-0.1807743232827588,0.22360679674997913,-0.07044503728462162,-0.32800526651868533,1.1645990567440314,-0.40944725900693746,-1.3129230177871372
Monza,103,27,-1.0354595221320633,-0.41351715948664025,0.09379743489692527,-1.0100225185919192,-1.409524202991609,-1.3833539043272676,0.22360679674997913,-0.14711448105941755,-1.9183338314577645,1.788226260950355,2.320201134372647,-1.3174472183997714
Monza,103,31,-1.091430307112175,-0.14673189530171055,-0.1741952362371513,-1.1291992169508476,-2.0649672135996706,-2.0430018364340228,0.22360679674997913,2.701176640878935,-1.5207516902229945,-0.747857702822028,-0.40944725900693746,-0.9328901663256631
Monza,103,40,0.475751672330948,-0.14673189530171055,-0.1741952362371513,0.5392745600741513,0.01617407258273566,0.05149077945128009,0.22360679674997913,0.39803899421144845,0.06957687471608433,-0.9141582906103809,-0.40944725900693746,0.4922330266548657
Monza,103,44,3.4422032762768593,0.9204091614380081,0.897775448299155,3.4591036698678996,-2.3039743818952485,-2.283542328548823,0.22360679674997913,1.5062355863979642,-1.5207516902229945,0.4993967055906194,-0.40944725900693746,2.514550700503426
Monza,103,55,-0.6996348122513941,1.4539796898078674,1.4337607905673082,-1.0696108677713834,0.6617320581603005,0.7011902702524496,0.22360679674997913,-0.3163809779269548,0.8647411571856244,-0.49840682113949847,2.320201134372647,0.04433716600384271
Monza,103,63,0.30783931739061343,0.9204091614380081,0.897775448299155,0.12215611581790153,1.0125462998570243,1.0542551215721059,0.22360679674997913,-0.704616746638726,0.8647411571856244,-0.9141582906103809,-0.40944725900693746,1.4558877571464606
Monza,103,77,-0.587693242291171,-1.2138729520414293,-1.2461659207734577,-0.35455067761781245,0.504917846082911,-0.16088884411744006,0.22360679674997913,-1.7091898193847959,0.3535641184552059,2.7682118675602925,-0.40944725900693746,-1.2237316342808726
Monza,103,81,0.6996348122513941,1.4539796898078674,1.4337607905673082,0.4200978617152228,0.4889075614067167,0.5272570372241043,0.22360679674997913,-0.12512120744318694,0.06957687471608433,-0.49840682113949847,-0.40944725900693746,0.6958220542235126
Monza,104,1,1.709972619127019,1.7125256205937591,0.10824204917974438,-0.2236067974166456,-0.22360679674997902,0.0,0.31192017963661606,0.0,-0.22360679374997908,0.660005017572099,1.3282641706660374,0.8865160653464356
Monza,104,2,-0.6218082251370985,-0.5835981165151909,-0.7035733196683461,-0.2236067974166456,-0.22360679674997902,0.0,0.31192017963661606,0.0,-0.22360679374997908,-0.2950410026872694,-0.7152191688201743,-0.4982645979080444
Monza,104,4,-0.03886301407106918,-0.009567182237953414,-0.793775027318134,-0.2236067974166456,-0.22360679674997902,0.0,0.31192017963661606,0.0,-0.22360679374997908,-0.7589204982418188,-0.7152191688201743,-0.4726205115514814
Monza,104,10,-1.204753436203128,-1.1576290507924285,-0.7035733196683461,-0.2236067974166456,-0.22360679674997902,0.0,0.31192017963661606,0.0,-0.22360679374997908,-0.7384552263791181,-0.7152191688201743,-1.3958076203878014
Monza,104,11,0.15545205628427397,0.18177646252112575,-0.16236307376961912,-0.2236067974166456,-0.22360679674997902,0.0,0.31192017963661606,0.0,-0.22360679374997908,-0.30049840851732207,-0.7152191688201743,-0.18027792708664586
Monza,104,14,-0.6218082251370985,-0.5835981165151909,1.1004608333274106,-0.2236067974166456,-0.22360679674997902,0.0,-1.9450044050246411,0.0,-0.22360679374997908,1.4240418337795941,-0.7152191688201743,1.2455332743383347
Monza,104,16,0.3497671266396171,0.3731201072802049,2.814293278673379,-0.2236067974166456,-0.22360679674997902,0.0,0.31192017963661606,0.0,-0.22360679374997908,1.5331899503806643,1.3282641706660374,1.9635676923221421
Monza,104,18,-0.6218082251370985,-0.5835981165151909,-0.8839767349679218,-0.2236067974166456,4.248529138249601,0.0,0.31192017963661606,0.0,4.248529081249602,-1.0454343043196292,-0.7152191688201743,-0.7803495478302547
Monza,104,20,-0.2331780844264123,-0.7749417612742701,-1.0643801502674974,4.248529150916267,-0.22360679674997902,0.0,0.31192017963661606,0.0,-0.22360679374997908,-1.4342744697109433,-0.7152191688201743,-1.203476972713568
Monza,104,22,-0.6218082251370985,-0.5835981165151909,-0.34276648906919477,-0.2236067974166456,-0.22360679674997902,0.0,0.31192017963661606,0.0,-0.22360679374997908,0.9874493673753109,-0.7152191688201743,-0.4469764251949184
Monza,104,23,1.709972619127019,1.7125256205937591,-0.5231699043687704,-0.2236067974166456,-0.22360679674997902,0.0,0.31192017963661606,0.0,-0.22360679374997908,-1.7139665185011865,-0.7152191688201743,0.42492251092827554
Monza,104,24,-1.204753436203128,-1.1576290507924285,0.10824204917974438,-0.2236067974166456,-0.22360679674997902,0.0,0.31192017963661606,0.0,-0.22360679374997908,0.5917874446964302,1.3282641706660374,-0.5880189001560214
Monza,104,27,1.3213424784163328,1.3298383310756008,1.5514693715763497,-0.2236067974166456,-0.22360679674997902,0.0,-3.6695588284344365,0.0,-0.22360679374997908,2.0516435042357495,1.3282641706660374,2.014855865035268
Monza,104,31,-1.5933835769138143,-1.5403163403105868,-0.34276648906919477,-0.2236067974166456,-0.22360679674997902,0.0,0.31192017963661606,0.0,-0.22360679374997908,-0.05491514616491316,-0.7152191688201743,-1.0419192286672125
Monza,104,40,-0.2331780844264123,-0.20091082699703258,-0.793775027318134,-0.2236067974166456,-0.22360679674997902,0.0,0.31192017963661606,0.0,-0.22360679374997908,-0.349615060987804,-0.7152191688201743,-0.7034172887605614
Monza,104,44,1.1270274080609897,1.1384946863165215,-0.25256478141940697,-0.2236067974166456,-0.22360679674997902,0.0,0.31192017963661606,0.0,-0.22360679374997908,-0.5297094533795708,1.3282641706660374,0.34286143458726964
Monza,104,55,1.515657548771676,1.5211819758346798,1.0102591256776228,-0.2236067974166456,-0.22360679674997902,0.0,0.31192017963661606,0.0,-0.22360679374997908,0.5508569009710287,1.3282641706660374,1.1814230584469252
Monza,104,63,-0.4274931547817554,-0.3922544717561118,0.9200574180278349,-0.2236067974166456,-0.22360679674997902,0.0,0.31192017963661606,0.0,-0.22360679374997908,0.32573891048132053,-0.7152191688201743,0.14283756100606523
Monza,104,77,0.15545205628427397,0.18177646252112575,-0.8839767349679218,-0.2236067974166456,-0.22360679674997902,0.0,0.31192017963661606,0.0,-0.22360679374997908,-0.3086845172624025,1.3282641706660374,-0.43415438201663475
Monza,104,81,-0.6218082251370985,-0.5835981165151909,-0.16236307376961912,-0.2236067974166456,-0.22360679674997902,0.0,0.31192017963661606,0.0,-0.22360679374997908,-0.5951983233402128,-0.7152191688201743,-0.4572340597375436
Monza,105,1,0.9595116357136343,1.0375020139717177,0.44749892518371964,0.48520381333108564,0.6702366229367337,-0.0635816535841424,-1.6276007604198819,-0.65563502221416,0.5675478773099071,1.4297047953984698,0.0,1.4613559996418815
Monza,105,2,0.8749731656067061,0.014612704422136049,-0.7809294968892307,1.1701974321514417,0.7964567122494468,0.9799924792849537,0.3522528286394919,0.11130149816083396,0.07878336990059201,-1.516058166889469,0.0,-0.09448428560295366
Monza,105,4,-0.4776423561041446,0.8913749697503488,-0.42994994772553063,-1.3414458368565307,-2.55732247086617,-1.3386398593761495,1.0659865459151288,3.7036078752912247,-1.1431278986226934,-0.6347021597607414,0.0,0.4782657941896411
Monza,105,10,-1.4075655272803544,-1.0082766051274454,0.44749892518371964,-1.1131146305830788,-0.49260027904043147,0.08880404284016248,0.4480732463306146,-0.11862712347539907,-0.4851756771101546,-0.31071256246563944,0.0,-1.40806758240865
Monza,105,11,0.9595116357136343,0.74524792552898,0.09651937602001952,0.7135350196045377,-0.19194667081778755,0.06547169172689841,-0.881181439478165,-0.65563502221416,0.15283859829594268,-0.3596636155780877,0.0,0.9101464583421012
Monza,105,14,-1.4075655272803544,-0.5698954724633392,0.44749892518371964,-1.455611439993257,0.853576824742908,1.019482419672819,-0.454826729405973,-0.65563502221416,0.39209395157322957,-0.0460450041118949,0.0,-0.9898212122334387
Monza,105,16,1.2976655161413468,0.4529938370862424,1.1494580235111198,1.3985286384248938,-0.8340973597877156,-1.7785928177324453,-0.9183977664110013,0.8549535829855244,-1.1431278986226934,0.31445046330096493,0.0,1.2059722311864107
Monza,105,18,-1.3230270571734264,-2.031165914677027,-0.6054397223073806,-0.19978980548927056,0.7136215907796817,0.922724489673815,-0.9705703846170448,-0.05976157997557423,0.39209395157322957,-1.1229681725857537,0.0,-1.8389880850134064
Monza,105,20,0.3677423449651371,-0.716022516684708,-1.658378369798481,1.0560318290147157,0.9444391189584563,0.6606925544239045,0.07873125077292471,-0.65563502221416,1.707998394598307,1.036201937087471,0.0,-0.1670587820150417
Monza,105,22,-0.7312577664249291,0.16073974864350485,0.6229886997655697,-1.1131146305830788,-0.19070578847152325,0.2975185378852464,-1.0828093847152565,0.2136532214244282,-0.8839345992389662,0.7836338622007856,0.0,0.11628489070926126
Monza,105,23,1.1285885759274905,0.5991208813076112,-1.4828885952166309,1.0560318290147157,-1.1085289842166772,-0.604508671027311,1.9696849814604547,0.5361929548013493,-0.4851756771101546,-1.2689916530567857,0.0,0.6197936063196372
Monza,105,24,-0.9003347066387855,-1.446657737791552,0.09651937602001952,-0.08562420235254452,0.7625946632188505,0.9565819809638536,-0.21416964424960977,-0.65563502221416,1.707998394598307,-0.10080380928853161,0.0,-0.8123833582197151
Monza,105,27,-0.9003347066387855,0.4529938370862424,-0.7809294968892307,-1.569777043129983,-0.13077987572995312,0.33894826584882354,1.9696849814604547,0.2351240476454586,-0.5729026399784933,-0.17199025601815976,0.0,-0.4169504264176977
Monza,105,31,-0.9848731767457137,-1.1544036493488143,-2.184847693544031,-0.4281210117627226,1.2485804601489219,1.2925678415014124,-0.26417453125144047,-0.65563502221416,1.2693635802566143,-0.7487830038787348,0.0,-1.4334158472677545
Monza,105,40,0.5368192851789934,-0.8621495609060768,1.3249477980929698,1.3985286384248938,0.5711891532376979,0.8242539471223598,0.40961854331034814,-0.16609339925651365,0.39209395157322957,-0.3928507702305949,0.0,0.011435249701152537
Monza,105,44,0.9595116357136343,0.74524792552898,-0.07897039856183052,0.7135350196045377,-1.319046797026843,-1.7785928177324453,1.0954795513792195,-0.65563502221416,-0.4851756771101546,0.5745547878899904,0.0,0.7718831954742608
Monza,105,55,0.6213577552859216,0.5991208813076112,0.9739682489292698,0.37103821019435956,1.1509548759126753,0.5840154851731665,0.48784539937611093,-0.65563502221416,1.707998394598307,0.047501288064860016,0.0,0.7116810664338901
Monza,105,63,0.6213577552859216,1.0375020139717177,0.7984784743474197,0.028541400784181506,0.3211130630090619,-1.7785928177324453,-0.8275258594785723,-0.65563502221416,-1.1431278986226934,2.865298137779301,0.0,0.5606476549817279
Monza,105,77,-1.15395011695957,-0.716022516684708,0.2720091506018696,-0.9989490274463527,-1.163078229802533,-0.3747303087422933,-0.8539191248177066,0.47309984896525176,-0.8839345992389662,-0.19787623664711543,0.0,-1.1119537611000299
Monza,105,81,0.9595116357136343,1.7681372350785616,1.3249477980929698,-0.08562420235254452,-0.044656629434798735,-0.31381479019017866,0.21781829619988807,0.11726427336085916,-1.1431278986226934,-0.17989986121034018,0.0,1.4256571932986388
Monza,106,1,0.8595714186015267,0.8588234041397412,1.5785489838238522,0.6082340894609336,1.383675654649111,-0.08747725916411014,-1.3969088494465833,-1.0352203295353588,0.7011458532984306,1.6201248278273488,0.3248931437714087,1.1708941177673104
Monza,106,2,-0.5107598284443844,-1.0305880849676894,-0.18238215350952713,-0.15205852236523365,0.3222591911111262,0.5441672645581402,0.7521733874549359,-0.2019241230804297,0.001997566533613756,-0.36385909985501913,0.3248931437714087,-1.0282913760943777
Monza,106,4,-1.0713498840540752,0.8588234041397412,0.5723026196333497,-1.5344087256855377,-0.28196762182455093,0.0061601932607327015,-1.1069917344870168,-0.11197387560744373,-1.256469349643057,-0.4854929918791425,0.3248931437714087,0.08888657939509714
Monza,106,10,-1.1336376680107076,-0.687058723311793,-0.056601357985714335,-0.9814686443574161,-2.641162735067028,-2.094480867879764,0.7521733874549359,2.346474364080989,-1.536128664348984,-0.5638792778502444,-2.92403829394269,-1.08001257773741
Monza,106,11,0.7349958506882621,0.687058723311793,0.8238642106809754,0.5391165792949184,-1.0383620518794459,-2.292038458063165,-2.2362472685889294,-1.0352203295353588,0.001997566533613756,1.1687279396489356,0.3248931437714087,0.7778129852802733
Monza,106,14,-0.6976231803142813,0.17176468082794824,1.5785489838238522,-0.8432336240253857,-0.415757232935963,-0.11296685523013344,-0.43882477310111834,-0.4916509466338294,0.541340530609329,0.8385788041548868,0.3248931437714087,0.017067996542205956
Monza,106,16,0.7349958506882621,0.8588234041397412,-0.18238215350952713,0.46999906912890316,0.2339547764679915,0.4655404997610568,0.7521733874549359,-1.0352203295353588,1.2604644827102844,-0.33953232145019446,0.3248931437714087,0.9640093111951858
Monza,106,18,0.6104202827749975,-1.374117446623586,-1.9433132908429065,1.2302916809550704,-1.1349289712116044,-1.2772951314898926,0.7521733874549359,2.0197575364321834,-1.256469349643057,-1.3369302360480062,-2.92403829394269,-0.9724324783199041
Monza,106,20,0.8595714186015267,0.17176468082794824,-1.062847722176217,0.8847041301249944,0.920102909470386,1.076490791290242,0.7521733874549359,-1.0352203295353588,1.2604644827102844,-1.8234658041444998,0.3248931437714087,0.5543773941823784
Monza,106,22,0.4235569309051005,0.17176468082794824,-0.30816294903333996,0.40088155896288796,0.21861059700758054,0.45187795305471534,-1.1107179296044645,0.5918395408841106,0.001997566533613756,-0.5098197702839672,0.3248931437714087,0.2750829053100096
Monza,106,23,0.9218592025581591,0.687058723311793,1.5785489838238522,0.746469109792964,1.0073317345849304,1.1541598449103196,0.7521733874549359,0.26109034617269694,-0.4174914055252767,-0.30439364153211407,0.3248931437714087,0.9226323498807618
Monza,106,24,-0.6976231803142813,-1.7176468082794825,-0.937066926652404,-0.08294101219921844,0.4115217246643798,0.6236471440097742,0.7521733874549359,-1.0352203295353588,0.001997566533613756,1.97151162700815,0.3248931437714087,-1.642739251613589
Monza,106,27,-1.2582132359239722,-1.0305880849676894,0.4465218241095369,-0.9814686443574161,0.16762001104206095,0.4064756385070352,-0.9885677944966388,0.3175643063437174,-0.4174914055252767,0.7984203128199375,0.3248931437714087,-1.22896963846934
Monza,106,31,-1.1336376680107076,-1.2023527657956377,-0.937066926652404,-0.7741161138593705,1.636782697483622,1.7146266461585276,0.7521733874549359,-1.0352203295353588,2.5189313988869553,-1.1909695656190582,0.3248931437714087,-0.6931379894475354
Monza,106,40,-1.382788803837237,-0.3435293616558965,-1.1886285177000295,-1.3961737053535073,0.20658908262534537,0.4411739266744188,-0.6477850232120008,0.3200719645730183,-0.4174914055252767,0.23620143413065672,0.3248931437714087,-1.295172776572422
Monza,106,44,2.29219044960407,0.3435293616558965,0.1949602330619113,2.405289353777329,0.9230049680179306,-0.3400311553797807,0.7521733874549359,-0.6000442388086419,0.001997566533613756,-0.09626453740194767,0.3248931437714087,1.2246841674760633
Monza,106,55,0.6727080667316298,0.0,0.1949602330619113,0.746469109792964,0.1629513595766876,0.40231864406716544,-1.1000372765224635,0.03481395390733491,0.001997566533613756,1.144401161244111,0.3248931437714087,0.6474755571398346
Monza,106,63,-0.3238964765744874,1.7176468082794825,0.6980834151571625,-1.0505861545234312,-0.837908689071966,-0.48885296901609193,0.7521733874549359,0.9625471928193191,0.541340530609329,-0.2735024943513844,0.3248931437714087,0.995928681352025
Monza,106,77,-0.5730476124010166,-0.8588234041397412,-1.1886285177000295,-0.29029354269726404,-0.34878160891246524,-0.0533313697505537,0.7521733874549359,-0.11315331805525387,0.001997566533613756,0.2686371386704225,0.3248931437714087,-0.9351932131369216
Monza,106,81,0.6727080667316298,1.7176468082794825,0.3207410285857241,0.05529400813281197,-0.8955357957981207,-0.5401644802786385,0.7521733874549359,0.8759092741843792,-1.536128664348984,-0.7584935050888418,0.3248931437714087,1.237097255870388
Monza,107,1,0.589286735170286,0.7922271374875908,0.8672800354271376,0.3008901375594824,-0.6196849720033447,-0.2557166934544422,0.32489314377140976,0.3111521507104507,-0.5242073859561107,0.7087854546638138,0.0,1.0117881540194593
Monza,107,2,-0.3737499526566409,-1.3561854387499415,-1.3179924947829749,0.08442241269654552,-0.720928157510416,-0.332513977948483,0.32489314377140976,-0.008021128374375894,-0.5242073859561107,-0.0906905604663249,0.0,-1.534012200407908
Monza,107,4,-0.6489032920357629,0.657951351472745,0.8672800354271376,-0.8247420317277895,1.525205250764205,1.3712742375535627,0.32489314377140976,-0.8211637761365662,0.37443384711150723,0.27906709653136424,0.0,-0.30465860820416363
Monza,107,10,-0.7864799617253239,-0.28197915063117535,-0.36193576281605067,-0.6515678518374399,-1.019691572468788,-0.5591388007457342,0.32489314377140976,1.5314518923735523,-0.5242073859561107,-0.5903630699226616,0.0,-0.646331813666784
Monza,107,11,0.6351456250668063,0.3893997794430535,0.3209619028746095,0.4740643174498319,0.33844963569462244,-0.26796264613345355,0.32489314377140976,0.1656327688596066,0.9735280024899192,-0.015739684047874403,0.0,0.978290780934885
Monza,107,14,-1.5660810899661695,-0.4162549366460211,-0.22535622967791863,-1.344264571398838,-0.7428285231104625,-0.3491263415271933,0.32489314377140976,-0.8211637761365662,-0.5242073859561107,1.3083924660114177,0.0,-1.232535842646773
Monza,107,16,-0.9240566314148848,1.0607787095172823,1.0038595685652696,-1.2143839364810758,1.459468244273431,1.3214099077818966,0.32489314377140976,-0.8211637761365662,0.37443384711150723,0.9086544584463483,0.0,-0.16396964124896662
Monza,107,18,-0.23617328296707993,-2.296115940853862,-2.410628759888031,0.5173578624224193,-1.1549666671892402,-2.7194756087409986,0.32489314377140976,1.6668731900372986,-0.5242073859561107,-0.6653139463411121,0.0,-1.6847503792884757
Monza,107,20,-0.5113266223462019,-0.013427578601483813,-0.08877669653978659,-0.4783936719470904,-0.11595955813475685,0.12638056792659633,0.32489314377140976,0.1683118428508654,0.37443384711150723,-1.5797146386462082,0.0,-0.2041664889504519
Monza,107,22,-0.6030444021392425,0.12084820741336195,0.04780283659834544,-0.6082743068648525,-1.0298448291474591,-0.5668404800023442,-2.9240382939426888,2.5507929606006425,-2.021942774402141,-0.7152811972867459,0.0,-0.4955936347862165
Monza,107,23,-0.00687883348447831,-0.14770336461632957,-0.22535622967791863,0.041128867723958136,-0.970033127449046,-0.5214707472307009,-2.9240382939426888,-0.8211637761365662,-0.5242073859561107,-1.0150847029605476,0.0,0.27484594615890295
Monza,107,24,-0.00687883348447831,-0.28197915063117535,-0.36193576281605067,0.08442241269654552,-0.14855306974288623,0.10165699595389792,0.32489314377140976,-0.8211637761365662,0.37443384711150723,0.09918499312708288,0.0,-0.06347752199525492
Monza,107,27,2.6529367805137007,-0.4162549366460211,-0.08877669653978659,2.638741566079201,-1.5534839741979312,-0.9640431578245335,0.32489314377140976,-0.8211637761365662,-0.5242073859561107,2.4326556122881753,0.0,1.74873036188001
Monza,107,31,-0.6489032920357629,-1.0876338667202499,-0.9082538953685788,-0.2619259470841535,-0.26798824862020054,0.011060306755520936,0.32489314377140976,0.21058876682325547,-0.5242073859561107,0.5588837018269128,0.0,-1.1655410964776298
Monza,107,40,-0.1444555031740393,-0.14770336461632957,-0.22535622967791863,-0.08875176719380401,0.558098774113914,0.6376826298679829,0.32489314377140976,-0.13713650586799891,-0.5242073859561107,-0.6653139463411121,0.0,0.006866961482342147
Monza,107,44,-0.09859661327751897,0.7922271374875908,0.7307005022890056,-0.3485130370293283,1.4784181276850425,1.3357842044834636,0.32489314377140976,-0.8211637761365662,2.171716313246744,-0.6203434204900418,0.0,0.7806562797359212
Monza,107,55,-0.2820321728636003,1.195054495532128,1.1404391017034017,-0.6515678518374399,1.3548539907621138,1.2420555240887916,0.32489314377140976,-0.8211637761365662,0.9735280024899192,1.3833433424298682,0.0,0.37533806541261466
Monza,107,63,1.6440412027902533,1.3293302815469739,1.2770186348415338,1.1234674920386427,1.1960701077466092,1.1216111605897934,0.32489314377140976,-0.8211637761365662,2.171716313246744,-0.44046131708576064,0.0,1.9865617107804618
Monza,107,77,1.6440412027902533,-1.3561854387499415,-1.454572027921107,1.9893383914903902,0.5486472984743402,-0.8595468428950246,0.32489314377140976,-0.10547861690938648,-0.5242073859561107,0.08419481784339283,0.0,-0.17736859048279982
Monza,107,81,-0.3278910627601206,1.4636060675618197,1.4135981679796659,-0.7814484867552021,-0.11524872993974825,0.12691976150140388,0.32489314377140976,1.0363066641251868,-0.5242073859561107,-1.3648554595799833,0.0,0.5093275577509008
Monza,108,1,1.7573193981431556,1.7573193981431556,1.7216559783946057,0.0,-0.24253562403633294,0.0,-0.17956681335889152,0.0,-0.35424594994937153,1.202907001830137,3.8805699845813284,1.8473904344301988
Monza,108,2,-1.2064137138046287,-1.2064137138046287,-0.7054590350494964,0.0,-0.24253562403633294,0.0,1.3389186516309826,0.0,-0.35424594994937153,-1.2526074847979412,-0.2425356240363321,-0.8577711122949072
Monza,108,4,1.0460234512756874,1.0460234512756874,0.5794842073620872,0.0,-0.24253562403633294,0.0,-1.244861370173845,0.0,-0.35424594994937153,0.7276461334505091,-0.2425356240363321,0.9456699188551634
Monza,108,10,-1.3249630382825401,-1.3249630382825401,-0.991001977807626,0.0,-0.24253562403633294,0.0,0.8774096232706143,0.0,-0.35424594994937153,-0.4446640085525744,-0.2425356240363321,-1.3730399783377847
Monza,108,11,0.571826153364042,0.571826153364042,1.2933415642574113,0.0,-0.24253562403633294,0.0,-0.6826510701378667,0.0,-0.35424594994937153,1.202907001830137,-0.2425356240363321,0.8168527023444441
Monza,108,14,0.6903754778419533,0.6903754778419533,0.8650271501202168,0.0,-0.24253562403633294,0.0,-1.244861370173845,0.0,-0.35424594994937153,1.163301929465168,-0.2425356240363321,0.8812613105998037
Monza,108,16,1.4016714247094215,1.4016714247094215,1.1505700928783464,0.0,-0.24253562403633294,0.0,0.35542429334661685,0.0,-0.35424594994937153,0.09396497561100499,-0.2425356240363321,1.2355086560042818
Monza,108,18,-0.8507657403708946,-0.8507657403708946,-1.2765449205657555,0.0,-0.24253562403633294,0.0,-1.244861370173845,0.0,-0.35424594994937153,-0.9753719782431581,-0.2425356240363321,-0.9865883288056266
Monza,108,20,-0.7322164158929833,-0.7322164158929833,-0.7054590350494964,0.0,-0.24253562403633294,0.0,1.3389186516309826,0.0,-0.35424594994937153,-1.2262041032212945,-0.2425356240363321,-0.7289538957841879
Monza,108,22,-0.3765684424592491,-0.3765684424592491,-0.5626875636704315,0.0,-0.24253562403633294,0.0,0.4431610102888606,0.0,-0.35424594994937153,0.29199033743585,-0.2425356240363321,-0.5679323751457888
Monza,108,23,-0.2580191179813377,-0.2580191179813377,0.5794842073620872,0.0,-0.24253562403633294,0.0,-0.8292796546584472,0.0,-0.35424594994937153,0.4741736703147083,-0.2425356240363321,0.19853006309298982
Monza,108,24,-0.8507657403708946,-0.8507657403708946,-1.4193163919448204,0.0,-0.24253562403633294,0.0,1.3389186516309826,0.0,-0.35424594994937153,-2.229532603133844,-0.2425356240363321,-1.2442227618270651
Monza,108,27,0.09762885545239641,0.09762885545239641,0.7222556787411519,0.0,-0.24253562403633294,0.0,-1.244861370173845,0.0,-0.35424594994937153,1.08409178473523,-0.2425356240363321,0.2693795321738869
Monza,108,31,-0.8507657403708946,-0.8507657403708946,-1.1337734491866909,0.0,-0.24253562403633294,0.0,-0.4211300186313331,0.0,2.6568446246202866,-0.6585313993234061,-0.2425356240363321,-0.922179720550267
Monza,108,40,0.571826153364042,0.571826153364042,-0.41991609229136667,0.0,-0.24253562403633294,0.0,-0.2637080645252089,0.0,-0.35424594994937153,0.199578501917592,-0.2425356240363321,0.1727666197908474
Monza,108,55,1.28312210023151,1.28312210023151,0.7222556787411519,0.0,3.880569984581327,0.0,1.3389186516309826,0.0,2.6568446246202866,0.133570047975974,-0.2425356240363321,1.0744871353658827
Monza,108,77,-0.9693150648488059,-0.9693150648488059,-0.41991609229136667,0.0,-0.24253562403633294,0.0,0.3241115685771086,0.0,-0.35424594994937153,0.212780192705912,-0.2425356240363321,-0.7611581999118677
Monza,109,2,-1.5585655766162345,-1.5585655766162345,-0.36417896422040485,0.0,0.0,0.0,0.21953306369546027,0.0,0.0,0.4579866427133731,-0.235702259395515,-0.9583981665838831
Monza,109,4,1.4338803304869323,1.4338803304869323,1.0697757073974443,0.0,0.0,0.0,0.4590857874904004,0.0,0.0,-0.34628258351499164,-0.235702259395515,1.240759099515115
Monza,109,10,-1.1845098382283386,-1.1845098382283386,-0.5690296315943834,0.0,0.0,0.0,-1.7080868533609768,0.0,0.0,0.4579866427133731,-0.235702259395515,-0.8117876821772831
Monza,109,11,0.31171311532324475,0.31171311532324475,0.6600743726494874,0.0,0.0,0.0,-0.09428089755517648,0.0,0.0,0.4579866427133731,-0.235702259395515,0.5077066774821156
Monza,109,14,0.4987409845171927,0.4987409845171927,1.6843277095193798,0.0,0.0,0.0,-0.8192343643121144,0.0,0.0,0.4579866427133731,4.00693840972377,1.4362397453905813
Monza,109,16,1.2468524612929843,1.2468524612929843,0.455223705275509,0.0,0.0,0.0,0.03993879714919998,0.0,0.0,-0.34628258351499164,-0.235702259395515,0.7194773771805338
Monza,109,18,-1.3715377074222865,-1.3715377074222865,-0.5690296315943834,0.0,0.0,0.0,-1.7080868533609768,0.0,0.0,-0.0781928414388853,-0.235702259395515,-1.4308097274495974
Monza,109,20,-0.06234262306465108,-0.06234262306465108,-0.7738802989683619,0.0,0.0,0.0,0.18424803545263643,0.0,0.0,-0.34628258351499164,-0.235702259395515,-0.583726928655913
Monza,109,22,-0.8104540998404428,-0.8104540998404428,-1.5932829684642758,0.0,0.0,0.0,1.0333386300079643,0.0,0.0,-3.7644267949855417,-0.235702259395515,-1.2516191353970827
Monza,109,23,0.4987409845171927,0.4987409845171927,0.8649250400234659,0.0,0.0,0.0,-0.2900008554088409,0.0,0.0,0.4579866427133731,-0.235702259395515,0.5565768389509822
Monza,109,24,-1.3715377074222865,-1.3715377074222865,-1.3884323010902972,0.0,0.0,0.0,-0.4429536419961272,0.0,0.0,0.4579866427133731,-0.235702259395515,-1.235329081574131
Monza,109,27,-0.06234262306465108,-0.06234262306465108,0.455223705275509,0.0,0.0,0.0,0.29139843200231524,0.0,0.0,0.4579866427133731,-0.235702259395515,0.16561554720004923
Monza,109,31,-1.1845098382283386,-1.1845098382283386,-2.0029843032122328,0.0,0.0,0.0,0.1924431578848127,0.0,0.0,0.4579866427133731,-0.235702259395515,-1.626290373325064
Monza,109,40,0.8727967229050886,0.8727967229050886,0.25037303790153054,0.0,0.0,0.0,0.7594538664468654,0.0,0.0,0.4579866427133731,-0.235702259395515,0.7194773771805338
Monza,109,44,0.8727967229050886,0.8727967229050886,0.8649250400234659,0.0,0.0,0.0,-1.7080868533609768,0.0,0.0,0.4579866427133731,-0.235702259395515,1.0452784536396484
Monza,109,55,1.0598245920990366,1.0598245920990366,0.045522370527552064,0.0,0.0,0.0,0.5134749529135306,0.0,0.0,0.18989690063726675,-0.235702259395515,0.45883651601324893
Monza,109,77,0.12468524612929685,0.12468524612929685,0.045522370527552064,0.0,0.0,0.0,1.874944391332321,0.0,0.0,0.4579866427133731,-0.235702259395515,0.1981956548459529
Monza,109,81,0.6857688537111406,0.6857688537111406,0.8649250400234659,0.0,0.0,0.0,1.2028712049796868,0.0,0.0,-0.34628258351499164,-0.235702259395515,0.8497978077641819
Monza,110,1,1.581714681958499,1.3968838676125404,1.4344849528657726,1.3793014309894789,0.7431921962627546,0.05207970609984278,-1.3472367036873087,-0.5693081284087981,0.37253202562160126,0.4459607992059546,0.9746794325808965,2.1761820297751067
Monza,110,2,0.5157138944819146,-0.6076131621453641,-0.3310349891228706,0.717236744114529,0.6419919651590472,0.8297746850110395,1.5497936793199738,-0.5693081284087981,0.13842661822464788,-0.4193891095439654,0.9746794325808965,-0.9511474429296068
Monza,110,4,-0.40623273252486125,0.8957596101730643,-0.6252883127876445,-0.6699464093377469,-1.313427005841011,-1.1684065694690264,0.6842568453905421,2.4032149918487433,-0.9179740326541048,-0.3770137274144596,-0.9746794325808965,0.10778285117811025
Monza,110,10,-0.4638543967127848,-0.4823320977854951,-0.9195416364524184,-0.3862044006770541,-0.49855129159826445,-0.3357106607768004,0.2879976580596606,2.314415325708564,0.2496266867382018,-1.2605404448146689,-0.9746794325808965,-0.8875032948182742
Monza,110,11,1.6105255140524608,1.2716028032526714,-1.949428269279127,1.442355210691855,0.2912609692661515,-0.3189411238312021,1.8447471774589534,-0.5693081284087981,1.2504273033601785,-0.3951746054699618,0.9746794325808965,1.5539945571973433
Monza,110,14,0.05474058097852666,-0.35705103342562605,-1.80230160744674,0.14975272679314341,0.8419410377324473,1.0340963647084134,-0.5853871754745302,-0.5693081284087981,0.6617210582884271,-0.7135241149134804,-0.9746794325808965,-0.8189205519849075
Monza,110,16,0.5445247265758764,1.5221649319724095,-0.18390832729048368,0.21280650649551958,0.8061765732683877,0.6802583657418881,0.9870782475306387,-0.5693081284087981,0.2496266867382018,-0.021060517526605968,0.9746794325808965,0.8187015268898133
Monza,110,18,-0.8672060460282491,-2.4868291275433996,0.8459783055362249,-0.3231506209746779,0.511081305733669,0.28785109181444113,-1.273113917763698,0.04265382290843419,0.833427046434355,-0.5677029469972384,-0.9746794325808965,-1.6197495308013292
Monza,110,20,-1.7603418409410634,-1.1087374195848403,-0.9195416364524184,-1.6472799947245775,-1.9311710473111,-1.799659810865676,0.2571623339534116,-0.5693081284087981,-2.085574752046411,1.307407712233421,-0.9746794325808965,-1.3620415108558368
Monza,110,22,1.4664713535826521,0.018792159653981066,0.4045983200390641,1.5999896599477954,-0.15809337898354134,0.01219259116834593,0.09176899828688521,0.31504480109424704,-0.1395735530592346,-0.5094367965691677,-0.9746794325808965,0.27010928213227625
Monza,110,23,-0.08931357949128206,0.3946353527335882,0.8459783055362249,-0.19704306156992554,0.32491411997540737,0.5057627899372943,-0.4660513865961754,0.07451261636936166,0.34692674668756,-0.9384875406304194,0.9746794325808965,-0.05572844423558228
Monza,110,24,-0.7519627176524022,-0.6076131621453641,0.2574716582066771,-0.6699464093377469,0.5048257584706749,0.6896088448419274,1.7313017127620076,-0.5693081284087981,0.037335646848691124,-0.0649768226426397,0.9746794325808965,-0.892673612459809
Monza,110,27,0.7750113833275702,0.1440732240138501,-0.6252883127876445,0.8118174136680932,0.08974294697448847,0.2654487516398154,-1.0957176715157755,1.8376534509878806,0.6944269607924125,-0.7220704104690111,0.9746794325808965,0.26757028686188195
Monza,110,31,0.05474058097852666,-0.8581752908651021,-0.47816165095525753,0.27586028619789577,0.7187104556118797,0.9081709017647601,0.05077693140415862,-0.5693081284087981,0.833427046434355,-0.6842352478533817,-0.9746794325808965,-0.9739984003632042
Monza,110,40,-1.673909344659178,-0.7328942265052332,-0.03678166545809673,-1.6472799947245775,-1.9311710473111,-1.799659810865676,-0.4350900141028165,-0.5693081284087981,-2.085574752046411,2.0066015173702767,-0.9746794325808965,-0.40230129864503755
Monza,110,44,0.5157138944819146,0.5199164170934572,0.551724981871451,0.4334947354538362,0.10911194199392023,0.28524131954466325,0.36057198613588465,-0.5693081284087981,0.2496266867382018,0.38574315091665606,0.9746794325808965,0.7191729122901726
Monza,110,55,0.5157138944819146,0.2693542883737191,1.2873582910333856,0.49654851515621234,0.7505451890785559,0.9407018164167483,-1.3759440240494258,0.41351066039714285,0.4526876814151235,-0.5538848876071828,0.9746794325808965,0.9596488817265685
Monza,110,63,-0.11812441158524381,0.3946353527335882,-0.3310349891228706,-0.22856995142111364,0.14016806045080238,-0.7610237922374801,0.16062605290188317,-0.5693081284087981,0.2496266867382018,0.23319177525043258,-0.9746794325808965,0.022472610092706683
Monza,110,77,0.05474058097852666,-0.7328942265052332,1.2873582910333856,0.24433339634670767,1.2899222983779284,1.4918743502223537,-0.44786072048289244,-0.5693081284087981,0.6944269607924125,0.10727635406561394,0.9746794325808965,0.17278113010032692
Monza,110,81,-1.558666016283331,1.1463217388928024,1.2873582910333856,-1.9940757830876465,-1.9311710473111,-1.799659810865676,-0.9796800095313576,-0.5693081284087981,-2.085574752046411,2.7413158634098074,-0.9746794325808965,0.8956480188491964
Singapore,201,1,-0.6151094625616488,0.5039613294287434,0.4937304925536453,-0.6738392513724806,0.764843776885427,-0.3385743144360655,0.0,-0.9919394598646348,0.40677764475379746,0.34540980255883597,0.5251727817083276,-0.20150941619739354
Singapore,201,2,0.06232386625074008,-0.5955906620521513,-0.6034483797877933,0.14694726306944067,-0.5191105513597696,-0.34650691607953005,0.0,1.3036578279466224,-1.039542869926369,-0.5281797348085535,0.5251727817083276,-0.4874459164721145
Singapore,201,4,-0.5067201299516665,1.6035133209096382,1.5909093648950838,-0.726793220046153,1.0479770363187189,1.1214442393382131,0.0,0.4138445164537244,0.7683577734238388,-1.2727162723375787,-1.2254031573194322,0.34599399626045324
Singapore,201,10,-0.2899414647317021,0.6872199946755592,0.676593637943885,-0.38259242366728274,-1.5944522100775573,-1.353820765538385,0.0,2.1105069222998334,-1.7627031272664515,-0.6473055808131977,0.5251727817083276,-0.08616003256384154
Singapore,201,11,1.715261188552969,-0.5955906620521513,-0.6034483797877933,1.762043307616447,0.4385709721777728,0.5505901639131595,0.0,-0.9919394598646348,-0.07532919347292505,3.0279473718485965,-1.2254031573194322,2.7683310525650526
Singapore,201,14,1.1733145255030577,-0.778849327298967,-0.786311525178033,1.2589806052165597,1.135142251584399,1.2030952456173485,0.0,-0.9919394598646348,1.8530981594339628,-0.6605417859248247,-1.2254031573194322,0.8122654484129818
Singapore,201,16,-0.9402774603915954,0.6872199946755592,0.676593637943885,-1.0180400477513507,-1.0255160012769458,-0.8208763585795597,0.0,0.21445348066942016,-0.4971726769213064,0.5108623664541747,0.5251727817083276,-0.3136095214187335
Singapore,201,18,-0.7776934614766221,-1.1453666577925987,-1.1520378159585125,-0.5944082983619721,-0.7084507286091547,-0.5238691351064727,0.0,-0.9919394598646348,-0.4971726769213064,-0.09138496612485889,0.5251727817083276,-1.155172630181834
Singapore,201,20,0.19781053201321785,1.786771986156454,1.7737725102853237,-0.06486861162524869,-0.461390379061988,-0.29243821291217176,0.0,0.6200586102860461,-1.039542869926369,0.5836614945681238,0.5251727817083276,0.8122654484129818
Singapore,201,22,1.5526771896379956,-2.428177314520309,-2.432079833690191,1.8679512449637916,1.463374050985617,1.5105625837319028,0.0,-0.6218160519013097,0.40677764475379746,-0.39581768369228254,-2.9759790963471917,0.26638667516124104
Singapore,201,23,1.6610665222479777,0.6872199946755592,0.676593637943885,1.5237504485849216,1.2495157069966858,1.3102332558611207,0.0,-0.9919394598646348,0.40677764475379746,-0.8723210677108586,0.5251727817083276,1.3451471080158746
Singapore,201,24,-1.3467374576790287,-0.778849327298967,-0.786311525178033,-1.203378938109204,0.06601426342031362,0.20160198011334787,0.0,-0.9919394598646348,0.40677764475379746,0.2659925718890732,0.5251727817083276,-1.6441890312198515
Singapore,201,27,1.3900931907230223,1.2369959904160066,1.2251830741146044,1.1795496522060513,-1.9045824246761627,-1.644331653653069,0.0,1.541858463301853,-1.7627031272664515,-0.06822160717951144,0.5251727817083276,0.7440306017565141
Singapore,201,31,-0.6693041288666398,0.3207026641819276,0.3108673471634055,-0.7003162357093168,-0.6632002076078659,-0.4814812334286214,0.0,0.8225795156012022,0.40677764475379746,-0.2369832223527571,0.5251727817083276,-0.7473881894491343
Singapore,201,40,0.008129199945748974,0.13744399893511183,0.12800420177316577,-0.011914642951576352,-1.0629799766260541,-0.8559703037633999,0.0,0.7786193252607703,-0.4971726769213064,0.5340257253995222,0.5251727817083276,0.20952430294751803
Singapore,201,44,-1.0486667930015776,-0.5955906620521513,-0.6034483797877933,-0.9386090947408423,0.7510682533442327,0.8433183742314991,0.0,-0.9919394598646348,1.6120447403206026,-0.3075763162814351,0.5251727817083276,-1.022493761683146
Singapore,201,55,-0.5338174631041621,0.13744399893511183,0.3108673471634055,-0.5414543296882998,-0.1472575783625062,-1.598658859912487,0.0,0.4267961127185683,-1.039542869926369,1.8278647750610726,0.5251727817083276,-0.5264372574186689
Singapore,201,63,0.49588119669066894,-0.22907333155851972,-0.23772208900731379,0.5176250437851471,1.324541526848013,1.380512824024936,0.0,-0.9919394598646348,0.40677764475379746,-0.9517382983806212,0.5251727817083276,0.01944151583307185
Singapore,201,77,-1.1299587924590642,-0.5955906620521513,-0.6034483797877933,-1.0180400477513507,-0.10221206068629857,0.04401791858056888,0.0,-0.05098556184817882,0.7683577734238388,-0.29985519663298593,0.5251727817083276,-1.0528203601971324
Singapore,201,81,-0.3983307973416843,-0.045814666311703944,-0.05485894361707401,-0.38259242366728274,-0.051895720216891775,0.0911511679976475,0.0,0.3759425181285262,0.7683577734238388,-0.7631223755399349,-1.2254031573194322,-0.08616003256384154
Singapore,202,1,1.2954989292533756,-1.0109606138136504,-1.5962802367571594,1.3773195999347487,-0.0160442698056379,-0.0160442698056379,1.4745010804011012,1.3261862527232247,0.48821439329261074,-1.077967220841435,0.562731432604471,-1.641028891201802
Singapore,202,2,-1.3263441418546447,-0.2479714713127838,-1.4037916638493193,-0.9909222461069006,0.8130670367488124,0.8130670367488124,1.4745010804011012,-0.5818550637556631,0.6710423883397533,-1.4045831349094007,0.562731432604471,-1.550100609088886
Singapore,202,4,1.4497249922597297,-0.2479714713127838,0.5210940652290809,1.2526752922483462,0.952935730585246,0.952935730585246,-0.0756149000154823,-0.7508525651186335,0.3358577307533254,0.38228031503542836,-1.688194297813413,0.5987174036005523
Singapore,202,10,0.8328207402343132,0.896512242438516,0.3561038598795037,0.380165138443528,-1.546306773601962,-1.546306773601962,-0.29925737756289433,0.7618184498812953,-0.9210847351957795,0.682655064718651,0.562731432604471,0.5461362124254436
Singapore,202,11,-0.0925356378038116,-1.773949756314517,0.5760908003456066,0.5048094461299306,0.9766172078799392,0.9766172078799392,-0.6962406223990226,-0.6514386267906018,-0.08312309122970954,0.6789919580151971,-1.688194297813413,0.47602795752529886
Singapore,202,14,0.3701425512152508,-0.6294660425632171,0.4385989625542923,0.5048094461299306,-1.2741590641012237,-1.2741590641012237,0.3208616570255289,0.1878953869920008,-0.4462398036150067,0.3556617396569961,-1.688194297813413,0.4970604339953418
Singapore,202,16,-1.634796267867353,0.896512242438516,-2.063752485247628,-1.6141437845389135,-1.2932443755896321,-1.2932443755896321,1.4745010804011012,3.2710645999566816,0.0006730731668975227,-2.0785947683449244,0.562731432604471,-1.9894456731297938
Singapore,202,18,1.9124031812787923,-1.3924551850640836,0.46609733011255516,2.0005411383667617,0.8896420176507047,0.8896420176507047,-0.39421541777444163,-0.8397288343907443,0.42406421959185897,0.15227577307645243,0.562731432604471,0.1900600756957603
Singapore,202,20,-0.24676170081016574,-1.0109606138136504,-1.0463128855919022,0.1308765230707228,-0.08989396201992354,-0.08989396201992354,1.4745010804011012,0.441481685695222,-0.30872814922057484,-0.6431077844929459,-1.688194297813413,-1.3926266826977902
Singapore,202,22,0.21591648820889667,0.5150176711880827,0.5760908003456066,0.006232215384320218,-0.5851782017488767,-0.5851782017488767,-1.082330895843955,-0.008904236704916989,0.0006730731668975227,0.742485807541732,0.562731432604471,0.7214068496758057
Singapore,202,23,-0.8636659528355823,-0.2479714713127838,0.5210940652290809,-0.6169893230476928,-0.36268291818551085,-0.36268291818551085,-0.4217870918802625,-0.12688804496521572,-0.4462398036150067,0.46115921271646965,0.562731432604471,0.8086526779959863
Singapore,202,24,-1.0178920158419364,0.896512242438516,-2.063752485247628,-1.1155665537933033,2.1566404441154536,2.1566404441154536,-2.5882967475836844,-1.0972771155354886,3.6877043066176047,-2.5152370873966334,0.562731432604471,-1.6389043986290697
Singapore,202,27,-0.4009877638165199,0.1335230999376495,0.878572843486498,-0.36770070767488755,-0.13393858833345362,-0.13393858833345362,-0.32100938002165935,0.011213498192146756,-0.9457306659006639,0.3885291441177911,0.562731432604471,0.5454488765930899
Singapore,202,31,-0.4009877638165199,2.040995956189816,0.8235761083699723,-0.9909222461069006,-1.1936191539037948,-1.1936191539037948,-0.46740179082328565,0.4643073023031874,-0.9457306659006639,0.7160539787795546,0.562731432604471,0.9908424959587145
Singapore,202,40,0.06169042520254253,0.5150176711880827,0.6860842705786581,-0.11841209230208238,-0.09457478223011125,-0.09457478223011125,-0.10423138029397899,-0.22979152013607407,-0.22278336522405495,0.49176650428310714,0.562731432604471,0.5604175236088046
Singapore,202,44,0.6785946772279591,0.5150176711880827,0.38360222743776656,0.380165138443528,0.10515124121207635,0.10515124121207635,0.1639658784730157,-0.3411624929330025,-0.4462398036150067,0.4025495054612067,0.562731432604471,0.472133054475289
Singapore,202,55,-0.24676170081016574,-0.2479714713127838,0.493595697670818,-0.11841209230208238,1.4646823295017846,1.4646823295017846,0.28670577067922326,-1.0972771155354886,0.447585949948801,0.4259933883633118,0.562731432604471,0.3848872261551111
Singapore,202,63,-0.7094398898292281,-0.2479714713127838,0.493595697670818,-0.49234501536129016,-0.6821019313207263,-0.6821019313207263,-0.3958232420918488,0.289592802671495,-0.8243968531996946,1.146742506302392,0.562731432604471,0.9515057375532059
Singapore,202,77,-1.1721180788482906,1.6595013849393827,0.24611038964645227,-1.489499476852511,-0.6712486952518069,-0.6712486952518069,0.7218326064797143,-0.14192337664740043,-0.3823951069318778,0.2624443957367213,0.562731432604471,0.22063360038905663
Singapore,202,81,1.2954989292533756,-1.0109606138136504,0.7135826381369209,1.3773195999347487,0.5842567083986481,0.5842567083986481,-0.5451613879713741,-0.8864609859020254,-0.08312309122970954,0.4299007021803295,-1.688194297813413,0.2481761290998282
Singapore,203,1,0.23195955024136852,-0.18819774890104626,-0.4004403138961881,0.2752543183820836,0.38620938254875936,-0.020298843624143675,-0.6145421770033381,-1.0073280758399386,0.8888967194113624,0.42702432856331535,-0.22360679674997821,-0.0262720181477338
Singapore,203,2,0.46011648490500884,-1.4428494082413545,-1.767797483297808,0.8547370939233125,-0.11065850946540033,0.4460610485504939,0.8240423455277505,0.675820729515489,1.2902620182675955,-2.2434039560874233,-0.22360679674997821,-0.4581071186441383
Singapore,203,4,0.15590723868682174,2.572035901647632,-1.2794556370829437,-0.5939698449297599,-0.5688288174310602,-0.026559299714126013,0.8240423455277505,0.7983179766675583,-0.4489876101094135,0.8406669785775525,-0.22360679674997821,3.221183568516065
Singapore,203,10,0.3080118617959153,1.5683145741753854,-0.10743520616726958,-0.1593577632738382,0.87948154609151,0.7882576802210978,0.8240423455277505,-1.0073280758399386,1.691627317123828,-1.2032143509045612,-0.22360679674997821,-0.10276454802632372
Singapore,203,11,-0.14830200753136535,-0.4391280807691079,1.455258701720296,-0.014487069388530931,-1.1726202859620132,-0.6493934929715676,0.8240423455277505,1.5058577057470857,-0.9459160753599875,0.7389943104017824,-0.22360679674997821,1.193634821993943
Singapore,203,14,0.38406417335046206,0.5645932467031387,-1.181787267839971,0.20281897143942995,-0.544434108434764,-1.4032901139658416,0.8240423455277505,0.844696196291199,0.08616612169889672,-0.8747334229520792,-0.22360679674997821,0.5578527554705955
Singapore,203,16,0.5361687964595556,-0.4391280807691079,0.28323827080462183,0.6374310530953516,2.310601517608756,-1.5064649293312566,0.8240423455277505,-1.0073280758399386,0.8888967194113624,0.2567008844398053,-0.22360679674997821,-0.4435039993036819
Singapore,203,18,0.07985492713227497,-1.4428494082413545,-0.3027719446532153,0.49256035921004443,-0.9595134141260178,-1.4619113310827394,-1.5560960070846577,0.6215625346383333,-1.3186124242979178,0.6956892850676608,-0.22360679674997821,-0.1537595679453871
Singapore,203,20,0.46011648490500884,-0.6900584126371696,1.455258701720296,0.6374310530953516,1.1431179175486315,0.7905967882101066,-1.8332520396885186,1.1223286442698333,0.4206372040790913,-0.5827503758832057,-0.22360679674997821,-0.4249603556967535
Singapore,203,22,-0.37645894219500564,0.3136629148350771,0.08790153231867612,-0.4490991510444527,-0.8484015568180925,-0.31494936593442857,-1.1925858562660048,-0.25564795717142935,0.08616612169889672,0.37836048738517,-0.22360679674997821,0.3144674331296244
Singapore,203,23,-3.950917585258704,-0.18819774890104626,-0.49810868313916096,-3.7086897634638656,-0.7405249105703018,-0.2036704435930197,0.8240423455277505,1.3720070900881525,-1.6084873623607527,-0.8112000747472777,-0.22360679674997821,-2.042120608584528
Singapore,203,24,-0.9848774346313799,0.5645932467031387,-0.00976683692429673,-1.1010172735283352,0.40042387421511294,0.9732622441921382,0.8240423455277505,1.0788552554192603,0.4206372040790913,-2.07206668193937,4.2485291382496015,-0.9748952864147977
Singapore,203,27,0.38406417335046206,-0.6900584126371696,0.28323827080462183,0.564995706152698,1.3994142399623413,1.3038100713947889,0.8240423455277505,-1.0073280758399386,0.8888967194113624,0.20803704326165995,-0.22360679674997821,0.015451179967862811
Singapore,203,31,0.6122211080141023,-0.6900584126371696,0.18556990156164896,0.7823017469806589,1.112909942918352,1.7082191108196747,-0.9269061120506413,-1.0073280758399386,0.8159212105284105,0.42370633939207836,-0.22360679674997821,-0.2879902608728272
Singapore,203,40,0.46011648490500884,-0.4391280807691079,1.357590332477323,0.564995706152698,0.4036346108186574,0.9765742428646208,-1.5561561453764274,-1.0073280758399386,-0.4489876101094135,-0.05555876311996156,-0.22360679674997821,-0.23662647531385675
Singapore,203,44,0.3080118617959153,1.066453910439262,0.28323827080462183,-0.014487069388530931,-1.0788776507091944,-1.565694336597292,-0.3328876263454719,0.34530478214273375,-1.081442020428326,0.9700685562558035,-0.22360679674997821,0.1640110520461168
Singapore,203,55,0.5361687964595556,1.066453910439262,0.6739117477765132,0.20281897143942995,-0.05981131193324056,0.4985118944218297,-0.566886655743679,-1.0073280758399386,0.08616612169889672,0.08637744031629643,-0.22360679674997821,-0.15144161249451848
Singapore,203,63,0.15590723868682174,0.06273258296701542,0.5762433785335404,0.13038362449677632,-0.8437769378537089,-0.310178893061049,0.8240423455277505,-1.0073280758399386,0.8888967194113624,0.3540285667960961,-0.22360679674997821,0.6969300825225766
Singapore,203,77,0.23195955024136852,-0.4391280807691079,0.9669168555054317,0.34768966532473716,-1.3357582904403522,-0.8176766382371193,-0.48515318124652657,0.9568497249512307,-1.519295073726035,1.2056457874136441,-0.22360679674997821,-0.408734667540686
Singapore,203,81,0.15590723868682174,-0.6900584126371696,-2.0608025910267265,0.34768966532473716,0.22741276203202393,0.7947946074378391,0.8240423455277505,-1.0073280758399386,-1.081442020428326,1.2576276177630266,-0.22360679674997821,-0.45235437466153106
Singapore,204,2,1.0234228153705671,1.0234228153705671,0.9555884834585348,0.0,0.0,0.0,0.7430982267295764,0.0,0.0,0.5499999986800096,0.5590169931249475,0.968159868393542
Singapore,204,4,0.2618058364901451,0.2618058364901451,0.4459412922806496,0.0,0.0,0.0,0.7218791851026193,0.0,0.0,0.5499999986800096,0.5590169931249475,0.36512111825061444
Singapore,204,10,-1.261428121270699,-1.261428121270699,-1.0830002812530062,0.0,0.0,0.0,-1.722852731886193,0.0,0.0,0.5499999986800096,-1.6770509793748423,-1.2932354446424685
Singapore,204,14,0.2618058364901451,0.2618058364901451,0.4459412922806496,0.0,0.0,0.0,0.7460557536385137,0.0,0.0,-1.0499999974800307,0.5590169931249475,0.06360174317913779
Singapore,204,16,1.4042313048107782,1.4042313048107782,1.4652356746364201,0.0,0.0,0.0,0.6534074404811236,0.0,0.0,0.5499999986800096,0.5590169931249475,1.5711986185364952
Singapore,204,18,0.2618058364901451,0.2618058364901451,0.4459412922806496,0.0,0.0,0.0,-0.029163129838838137,0.0,0.0,-1.8499999955599828,0.5590169931249475,0.36512111825061444
Singapore,204,20,0.2618058364901451,0.2618058364901451,0.4459412922806496,0.0,0.0,0.0,-0.4868156545919915,0.0,0.0,-1.8499999955599828,0.5590169931249475,0.21436143071488897
Singapore,204,22,-1.261428121270699,-1.261428121270699,-2.1022946636087765,0.0,0.0,0.0,0.6937865591354545,0.0,0.0,0.5499999986800096,-1.6770509793748423,-1.5947548197139194
Singapore,204,23,1.4042313048107782,1.4042313048107782,1.4652356746364201,0.0,0.0,0.0,0.1809093753773714,0.0,0.0,0.5499999986800096,0.5590169931249475,1.5711986185364952
Singapore,204,27,0.6426143259303562,0.6426143259303562,0.4459412922806496,0.0,0.0,0.0,0.8079846930003669,0.0,0.0,0.5499999986800096,0.5590169931249475,0.6666404933220911
Singapore,204,31,-0.11900265295006594,-0.11900265295006594,-1.0830002812530062,0.0,0.0,0.0,-1.722852731886193,0.0,0.0,0.5499999986800096,-1.6770509793748423,-0.5394370069637897
Singapore,204,40,-1.64223661071091,-1.64223661071091,-1.0830002812530062,0.0,0.0,0.0,-1.722852731886193,0.0,0.0,0.5499999986800096,0.5590169931249475,-1.3309253665263934
Singapore,204,44,0.6426143259303562,0.6426143259303562,0.4459412922806496,0.0,0.0,0.0,-0.5390626885112075,0.0,0.0,0.5499999986800096,0.5590169931249475,0.5158808057863399
Singapore,204,63,0.2618058364901451,0.2618058364901451,-0.06370589889723566,0.0,0.0,0.0,1.489938178314217,0.0,0.0,0.5499999986800096,0.5590169931249475,0.21436143071488897
Singapore,204,77,-0.49981114239027696,-0.49981114239027696,-0.5733530900751209,0.0,0.0,0.0,0.3233135744557398,0.0,0.0,0.5499999986800096,0.5590169931249475,-0.5394370069637897
Singapore,204,81,-1.64223661071091,-1.64223661071091,-0.5733530900751209,0.0,0.0,0.0,-0.13677331763436565,0.0,0.0,-1.8499999955599828,-1.6770509793748423,-1.2178556008745929
Singapore,205,1,0.9606637178682154,-0.7689160604548757,-1.2859653010389451,1.08069238712864,0.5815391570834629,0.5815391570834629,0.39633489890493684,0.3281134142046581,0.26297859410679153,-1.0237072141776904,-0.562731432604471,0.3843074630954452
Singapore,205,2,-2.186338116527664,-1.484186814366386,-0.17417973818106713,-2.073991504292243,-3.26648205987013,-3.26648205987013,0.39633489890493684,1.0837724395907409,-2.9977061119204147,1.8127039979943134,-0.562731432604471,-2.747023045416679
Singapore,205,4,-0.6542451182033544,0.30399007041238985,2.049391387534689,-0.7098038755696989,-0.392406935676246,-0.392406935676246,-2.702671335699502,0.3250867675896778,-0.6365206351420929,1.5072443289911746,-0.562731432604471,0.367125951388931
Singapore,205,10,0.09109742152198551,0.30399007041238985,0.7152487121052353,0.05755166558673208,-0.21896365260870315,-0.21896365260870315,0.39633489890493684,0.1991618772165332,-0.11181275141357619,-0.06161315466440312,-0.562731432604471,0.5289185199586052
Singapore,205,11,0.09109742152198551,1.0192608243239003,-0.17417973818106713,-0.027710061208426916,-0.6794567242994167,-0.6794567242994167,0.39633489890493684,1.0977581294698353,-1.2661700956163118,0.5646830646386316,-0.562731432604471,-0.05382108542065362
Singapore,205,14,0.33954493476376546,1.3768962012796555,1.1599629372483866,0.18544425577947057,0.8201304932476159,0.8201304932476159,0.39633489890493684,-1.2832425944268426,-0.6365206351420929,0.4225508104902325,-0.562731432604471,0.5733040918670962
Singapore,205,16,0.7122162046264354,1.7345315782354105,-0.3224178132287842,0.5264911629601066,0.45518794667812756,0.45518794667812756,0.39633489890493684,-1.2832425944268426,1.2624221821611088,0.3574414932877495,1.688194297813413,1.1746570015950772
Singapore,205,18,-1.5238114145495842,-0.7689160604548757,1.0117248622006694,-1.47715941672613,-0.7603183701092336,-0.7603183701092336,0.39633489890493684,-0.07059616382859235,-0.27672094344253834,0.7841153166572132,-0.562731432604471,-1.3011988353135486
Singapore,205,20,0.5879924480055454,-0.05364530654336531,0.6411296745813768,0.6117528897552655,0.5500755163210983,0.5500755163210983,0.39633489890493684,0.002150316800507861,-0.27672094344253834,0.44125242287817984,-0.562731432604471,0.1351755433509973
Singapore,205,22,0.42236077251102544,-0.7689160604548757,-1.0636081884673696,0.5264911629601066,-0.2663082514220328,-0.2663082514220328,0.39633489890493684,2.356395949747296,1.1624778233556765,-1.1608523716893033,-0.562731432604471,0.7623007206387471
Singapore,205,23,-0.7370609559506144,-1.126551437410631,-0.9894891509435111,-0.62454214877454,0.16870725789362753,0.16870725789362753,0.39633489890493684,0.6978014364493736,0.26297859410679153,-0.9114975398500064,-0.562731432604471,-1.127665567077762
Singapore,205,24,1.7060062575935553,-1.126551437410631,-1.0636081884673696,1.8906787916826506,0.13182282033588757,0.13182282033588757,0.39633489890493684,-0.48215607812518796,0.7127282087312347,-1.2159182303871483,1.688194297813413,0.8124134631160815
Singapore,205,27,0.1325053403956155,1.3768962012796555,-0.3224178132287842,-0.027710061208426916,0.7384575387265843,0.7384575387265843,0.39633489890493684,0.26711265681959373,-0.11181275141357619,-0.5759074953329532,1.688194297813413,0.2926727339940415
Singapore,205,31,-0.5714292804560943,-0.05364530654336531,1.3823200498199621,-0.5819112853769605,1.7259031996162275,1.7259031996162275,-1.3524985376186982,-1.2832425944268426,0.26297859410679153,0.9960669237206158,-0.562731432604471,-0.33731602857813
Singapore,205,40,1.6231904198462952,0.30399007041238985,-0.7671320383719354,1.6348936112971735,0.40404829086881144,0.40404829086881144,0.39633489890493684,-1.2832425944268426,1.1624778233556765,0.18566372024290093,-0.562731432604471,1.535468747431865
Singapore,205,44,0.7122162046264354,-0.05364530654336531,-0.841251075895794,0.7396454799480041,0.14926715255832348,0.14926715255832348,0.39633489890493684,-0.4730343561078788,-0.27672094344253834,-0.9027701207356311,-0.562731432604471,0.41867048650847366
Singapore,205,55,0.6708082857528054,0.6616254473681451,-0.4706558882765013,0.6117528897552655,0.7297938295100356,0.7297938295100356,0.39633489890493684,-0.36082534401483585,1.1624778233556765,-0.712013674378569,1.688194297813413,0.7107561855192044
Singapore,205,63,-0.5300213615824644,0.30399007041238985,-1.0636081884673696,-0.5819112853769605,-0.7838872495889717,-0.7838872495889717,0.39633489890493684,-0.5559829595077082,0.7127282087312347,-1.7016406632407788,-0.562731432604471,-0.33731602857813
Singapore,205,77,-0.9855084691923943,0.6616254473681451,0.2705344869620841,-1.0934816461479144,-0.586975232358171,-0.586975232358171,0.39633489890493684,1.4796381162955725,-0.6365206351420929,-0.11356207796425619,1.688194297813413,-0.8871244031865685
Singapore,205,81,-0.8612847125715043,-1.8418221913221413,1.3082010122961036,-0.6671730121721194,0.49986527309310347,0.49986527309310347,-2.6825234080657276,-0.7614258248922184,0.26297859410679153,1.307760463519737,-0.562731432604471,-0.9043059148930827
Singapore,206,1,-2.3355098716192932,-0.2028750033213073,-0.9162021267195665,-2.264311382263351,-3.0795285142853186,-3.0795285142853186,0.0,1.541176530531218,-2.7430591757498113,-0.22909414264782163,0.5961069620797649,-2.612645183845447
Singapore,206,2,-0.787477391871635,-0.7825178699536234,1.3540332315236048,-0.6822597614679966,0.2924610058085291,0.2924610058085291,0.0,-0.2068131920496913,-0.296491650756171,0.40771264352106323,0.5961069620797649,-0.8676261166804385
Singapore,206,4,1.0297781278321376,0.9564107299433248,-0.10540378448986244,0.8997918593273576,0.40638540055765543,0.40638540055765543,0.0,-0.783326437674618,0.8542654064542755,-0.3806646834880186,-1.107055786719563,0.8667817065370783
Singapore,206,10,-0.5182543519155206,0.3767678633110087,0.05675588395607836,-0.5504221264017171,-0.036819857237506436,-0.036819857237506436,0.0,0.3578748349517747,0.44811585685058863,0.010576775055740378,-1.107055786719563,-0.3610453306271828
Singapore,206,11,1.3663069277772808,-0.7825178699536234,-0.5918827898276848,1.4271423995924757,0.3607371328458342,0.3607371328458342,0.0,-1.0736645384166394,0.44811585685058863,0.10783453876153373,-1.107055786719563,0.7419934777145781
Singapore,206,14,1.0970838878211664,0.3767678633110087,0.5432348892939007,1.031629494393637,-0.5837572199759222,-0.5837572199759222,0.0,0.536925183222844,0.44811585685058863,-0.5648649935368695,-1.107055786719563,1.318024855404163
Singapore,206,16,-0.18172555197037746,0.3767678633110087,0.5432348892939007,-0.22082803873601828,0.7410119995341097,0.7410119995341097,0.0,-0.5584283541187285,0.44811585685058863,1.2992421441575015,0.5961069620797649,-0.06690164840271602
Singapore,206,18,-1.4605349917619213,-0.7825178699536234,-1.8891601373952114,-1.3414479367993941,-2.2060661371163337,-2.2060661371163337,0.0,3.3439413660608333,-2.5303141735764516,-2.0237314491237686,0.5961069620797649,-1.4804254546480835
Singapore,206,20,0.020191727996708396,-0.2028750033213073,0.38107522084796,0.04284723139654075,1.0732996713696867,1.0732996713696867,0.0,-1.0736645384166394,0.44811585685058863,1.116883837209139,-1.107055786719563,-0.5203731584987719
Singapore,206,22,-0.2490313119594061,-0.2028750033213073,-0.42972312138174407,-0.22082803873601828,-0.08855244570327561,-0.08855244570327561,0.0,-3.9799995126504436e-05,-0.048289148220584784,0.19158427973041142,0.5961069620797649,0.37159032232079947
Singapore,206,23,-0.2490313119594061,-0.2028750033213073,-0.42972312138174407,-0.22082803873601828,0.5686541672376692,0.5686541672376692,0.0,-0.23217321357669274,0.44811585685058863,-0.9133719801492954,-1.107055786719563,-0.16494954247753713
Singapore,206,24,-0.45094859192649195,0.9564107299433248,-1.0783617951655073,-0.5504221264017171,0.16567203606745046,0.16567203606745046,0.0,0.13637202313821253,0.44811585685058863,-1.3449533065937531,2.2992697108790927,-0.03013368812465593
Singapore,206,27,0.22210900796379426,0.3767678633110087,-1.0783617951655073,0.17468486646282028,0.5015722972942912,0.5015722972942912,0.0,-0.06569438434337098,0.44811585685058863,-0.5972842481054675,0.5961069620797649,0.27626598085916654
Singapore,206,31,0.8951666078540804,-0.2028750033213073,1.0297138946317232,0.8997918593273576,0.2897452818642896,0.2897452818642896,0.0,0.0027184011531931405,0.8542654064542755,0.14983220945267156,-1.107055786719563,0.9336325434062813
Singapore,206,40,1.2990011677882523,0.9564107299433248,-0.10540378448986244,1.1634671294599166,0.02147070993179398,0.02147070993179398,0.0,-0.23999644229273637,0.04196630724690085,0.7024331395992239,0.5961069620797649,1.2901703400419984
Singapore,206,44,0.6932493278869946,-0.7825178699536234,-0.26756345293580325,0.7679542242610781,0.012823304446865911,0.012823304446865911,0.0,0.290021201436887,0.04196630724690085,-1.1764100228990546,0.5961069620797649,-0.06913000963168725
Singapore,206,55,0.2894147679528229,0.9564107299433248,0.5432348892939007,0.17468486646282028,0.8838541169823848,0.8838541169823848,0.0,-1.0736645384166394,0.04196630724690085,1.8297390370981923,0.5961069620797649,0.04228805181697864
Singapore,206,63,-0.2490313119594061,0.3767678633110087,-0.5918827898276848,-0.286746856269158,0.30936663476492043,0.30936663476492043,0.0,-0.2169436114469525,0.44811585685058863,-0.5729698071790189,0.5961069620797649,0.3498019014152833
Singapore,206,77,-1.3932292317728927,1.5360535965756408,0.38107522084796,-1.5392043893988134,-0.35767090713918087,-0.35767090713918087,0.0,-0.11866506700720818,-1.0410991583629312,0.40771264352106323,0.5961069620797649,-1.2080701933291293
Singapore,206,81,0.9624723678431091,-3.1010893364828873,2.651310579091131,1.2953047645261961,0.7253413227520574,0.7253413227520574,0.0,-0.5659554227399196,0.7917808603614006,1.5797933856165212,-1.107055786719563,1.1907511467493468
Singapore,207,1,-0.8572836632641303,0.9801398658740703,-1.0351248116762628,-1.324424696504753,-0.8690106770459453,-0.31890616909801367,0.40660624716973637,-0.08806947493259112,-1.0818160341719132,0.6996277686988149,0.7152191688201743,0.509900098783292
Singapore,207,2,-0.6955320286859928,-0.6534265772493802,0.4436249192898269,-0.3670092532483047,0.4504867982054475,-0.4664398070120624,0.40660624716973637,1.7038920438053746,-2.1879632553892856,2.395921764561473,0.7152191688201743,-1.4348504143689516
Singapore,207,4,0.43672941336096927,0.3267132886246901,2.5138745426423523,0.2712677089226608,0.008443504350430486,0.42854595977792764,-2.129554204709403,-1.4063110159042016,1.6835520188715176,-0.9296143840541525,-1.3282641706660374,2.3947752882547344
Singapore,207,10,-1.3425385669985426,-0.6534265772493802,-0.24645828849434828,-1.00528621541927,-0.864907944029587,-0.3154112897159286,0.40660624716973637,2.5049921429636153,-0.3443845533603317,-0.8045293667910487,-1.3282641706660374,0.5769604613057849
Singapore,207,11,-0.8572836632641303,-0.9801398658740703,-0.14787497309660896,-0.3670092532483047,-0.9351835966127306,-0.3752750264729003,-2.061942192288258,-0.017294252495809015,-0.9237950025694314,1.4124947322860346,-1.3282641706660374,0.33985417952983593
Singapore,207,14,1.2454875862516566,-0.6534265772493802,0.24645828849434828,1.5478216332645918,1.292360116239439,1.5222397676168937,0.40660624716973637,-1.4063110159042016,-0.3443845533603317,0.4937668468708231,-1.3282641706660374,-0.49879952082583895
Singapore,207,16,1.407239220829794,0.9801398658740703,-0.8379581808807841,0.9095446710936262,-0.06943708709896616,0.36220401838523786,0.40660624716973637,0.16373408463765832,-0.3443845533603317,-0.44221414437378204,0.7152191688201743,-0.8676315146995398
Singapore,207,18,-1.5042902015766801,-1.3068531544987605,-1.42945807326722,-0.8457169748765289,1.0150768520304112,0.15472818258165508,0.40660624716973637,-0.4708577936414123,0.814436345057867,-1.0590126777746052,-1.3282641706660374,-1.5833412170973213
Singapore,207,20,0.7602326825172442,0.9801398658740703,-0.6407915500853055,0.2712677089226608,1.8172287491038122,1.9693447963835855,0.40660624716973637,-0.46758119218805017,1.6835520188715176,-1.5119067057961884,0.7152191688201743,-0.34511952337846713
Singapore,207,22,1.083735951673519,0.3267132886246901,1.1337081270740021,0.9095446710936262,1.484047967587686,1.6855274874860853,0.40660624716973637,-0.2450505936475976,1.1304784082628305,-1.2931059545961516,0.7152191688201743,0.8116717301344999
Singapore,207,23,-0.6955320286859928,-1.9602797317481406,-0.8379581808807841,0.2712677089226608,-0.4186214762605217,-1.194680502986088,0.40660624716973637,1.118507742459631,1.2155666560487828,-0.7952392328829136,0.7152191688201743,-0.8699958223525839
Singapore,207,24,1.083735951673519,-0.3267132886246901,0.14787497309660896,1.228683152179109,-0.05684425615292386,0.37293111787231886,0.40660624716973637,-0.3922729627732728,0.279595930403314,-0.46079441219005207,0.7152191688201743,-1.1253410488805258
Singapore,207,27,0.7602326825172442,-0.3267132886246901,1.0351248116762628,0.9095446710936262,-0.4000432471237954,-1.548720940995741,0.40660624716973637,0.5523938903233949,-0.6563747952421541,0.6400864559239499,0.7152191688201743,0.23650015926851864
Singapore,207,31,0.7602326825172442,0.3267132886246901,-0.24645828849434828,0.5904061900081435,-1.0725679653101756,-0.4923047711984482,0.40660624716973637,-0.07712206099536267,-1.0818160341719132,1.045474117369843,0.7152191688201743,0.3422491924770701
Singapore,207,40,-0.04852549037344307,0.6534265772493802,-0.14787497309660896,-0.3670092532483047,0.5683824441770101,0.9055253411376153,0.40660624716973637,0.7680891917627031,-0.05467932875578219,-0.29556274482393585,0.7152191688201743,0.6559958885644381
Singapore,207,44,0.9219843170953816,-1.3068531544987605,1.2322914424717415,1.5478216332645918,1.046009839851511,-0.46611595250450877,0.40660624716973637,-0.7257673976410406,0.4667900755324084,0.9225065267312554,-1.3282641706660374,0.1835396678405055
Singapore,207,55,-0.372028759529718,1.9602797317481406,-0.04929165769886966,-1.324424696504753,-0.3092155430051964,-1.1990313053891324,0.40660624716973637,-0.29596955876811315,-0.3443845533603317,0.4484774440686648,0.7152191688201743,1.0687364531373895
Singapore,207,63,0.43672941336096927,1.3068531544987605,1.0351248116762628,-0.20744001270556334,0.46889286938909397,0.8207759649846086,-2.72080980488784,-1.4063110159042016,0.4667900755324084,0.0650271670103908,0.7152191688201743,1.1179140523205469
Singapore,207,77,-1.6660418361548175,0.3267132886246901,-1.0351248116762628,-1.803132418132977,-1.6488192502722887,-0.9831796896209489,0.40660624716973637,0.5494595743310552,-0.6563747952421541,-0.028803185461773448,0.7152191688201743,-0.8416241305161389
Singapore,207,81,-0.8572836632641303,0.0,-1.1337081270740021,-0.8457169748765289,-1.506278098022719,-0.86175718123217,0.40660624716973637,-0.36215033548757297,0.279595930403314,-0.5026000147766603,-1.3282641706660374,-0.671393979497511
Singapore,208,1,-0.14648625531605255,-0.13900497366966477,-0.03824438787314808,-0.11934712479889523,1.3014860923608418,1.443722266078303,0.3821086898554436,-0.8762523173369083,0.4490160655867307,0.5650715311636477,0.3338489293859704,0.3862018012194528
Singapore,208,4,1.1909142315305046,-0.13900497366966477,0.58459278606096,1.191606449163971,-0.26672751051381655,-0.08440912098765387,0.3821086898554436,0.6094286246203385,-0.7238713277823381,-0.035385951929630566,-2.837715899780752,0.5671489267116172
Singapore,208,10,-2.062222087825986,1.2831228338738474,-0.5572753661515715,-2.245217785279219,-2.971482330754171,-2.720032691367804,0.3821086898554436,0.1152801973968366,-2.6786836500641193,1.416807417507918,0.3338489293859704,-1.3756092733270273
Singapore,208,11,-0.25492413262793556,0.0641561416936941,0.37698039474959066,-0.26107183549758345,-0.006575040058068053,0.16909407194310713,0.3821086898554436,0.008584720984941183,0.16467972780028925,0.31319979047876984,0.3338489293859704,-0.17051904226922548
Singapore,208,14,-0.3995079690437796,-0.7484883197597414,0.0655618077825366,-0.26107183549758345,0.6116792397518737,-1.1820796534265974,0.3821086898554436,-0.8762523173369083,-0.07226722035507793,0.4214838721630817,0.3338489293859704,-0.789954514479621
Singapore,208,16,-0.21877817352397455,0.26731725705705295,-0.14205058352883276,-0.26107183549758345,0.15797385974285788,0.32943724077676234,0.3821086898554436,-0.8762523173369083,0.5793368870721827,0.2664744675601971,0.3338489293859704,0.07237163044397994
Singapore,208,18,-0.9778433147071557,-2.373777242666612,0.6883989817166447,-0.5445212568949599,-0.18039023248729666,-0.0002785509018451836,-0.12516946645967764,-0.26358375699144726,-0.27276079187115776,0.9800197834852156,0.3338489293859704,-1.509828294983303
Singapore,208,20,0.07038949930771349,0.26731725705705295,0.7922051773723294,0.022377585899793013,-0.30881496344543863,-0.1254208541524333,0.3821086898554436,1.0350239138298742,-0.27276079187115776,0.21187601330735942,0.3338489293859704,0.22569822115549112
Singapore,208,22,0.2872652539314795,1.2831228338738474,-1.8029497140197877,0.05780876357446507,-0.7340724718593516,-0.5398091396522792,-2.810163204685102,3.312080010438247,2.0128659234121553,-3.1845243822829654,0.3338489293859704,2.6084586861701045
Singapore,208,23,-0.25492413262793556,-0.7484883197597414,0.7922051773723294,-0.11934712479889523,1.0701114710310105,1.2182613847439665,0.3821086898554436,-0.26057448937185756,0.5793368870721827,-0.36172154056728206,0.3338489293859704,-0.3941326774655082
Singapore,208,24,-1.0862811920190387,-0.7484883197597414,0.896011373028014,-0.9342642113163526,-0.19150130647736427,-0.011105635220658848,0.3821086898554436,-0.8762523173369083,0.16467972780028925,0.46450083611986287,0.3338489293859704,-1.3425629232980216
Singapore,208,27,2.1668551273374517,0.0641561416936941,-2.114368300986842,2.1128170687054446,-0.5639240468050414,-0.3740095647036152,0.3821086898554436,0.6696627987325633,-0.9410726969247584,-0.5847175261363429,0.3338489293859704,0.5765732561643369
Singapore,208,31,-0.8332594782913116,1.4862839492372062,0.273174199093906,-1.075988922015041,-1.3136291398054822,-1.104552828425543,0.3821086898554436,0.46275322219000176,-1.257001961131915,-0.24750408454410366,0.3338489293859704,-0.10883252221507655
Singapore,208,40,-0.2910700917318966,0.0641561416936941,-2.114368300986842,-0.2965030131722555,0.5848576227173594,0.7454102151435068,-2.810163204685102,-0.31906286037187614,1.230940994499443,-1.2142732658831457,0.3338489293859704,0.051166889175366846
Singapore,208,44,1.0463303951146605,0.8768006031471296,-0.4534691704958868,0.8727258500919225,0.7063919797067076,-0.5170559267473984,0.3821086898554436,-0.03381016419179309,0.8755205722663912,-0.9150086976665721,0.3338489293859704,1.1557411388949381
Singapore,208,55,1.7331036180899198,-0.34216608903302365,0.37698039474959066,1.7585052919587238,1.3206964099969956,1.4624415842129637,0.3821086898554436,-0.8762523173369083,0.5793368870721827,0.1033066732413717,0.3338489293859704,0.538875938353468
Singapore,208,63,-0.3272160508358576,1.4862839492372062,1.1036237643393834,-0.579952434569632,-0.1977951254335977,-0.017238589477592242,0.3821086898554436,-0.8762523173369083,-0.07226722035507793,0.6662355636413202,0.3338489293859704,0.8922882928303546
Singapore,208,77,0.14268141751563548,-1.1548105504864592,0.58459278606096,0.34125818497184157,0.5526112941626912,0.7139880755244512,0.3821086898554436,0.13580087596701215,-0.27276079187115776,0.4679239366999779,0.3338489293859704,-0.974816361436761
Singapore,208,81,0.2149733357235575,-0.7484883197597414,0.6883989817166447,0.34125818497184157,0.4291041981692893,0.5936377166403557,0.013865527998228312,-0.21406918921139173,-0.07226722035507793,0.6662355636413202,-2.837715899780752,-0.4082691716445852
Singapore,209,1,0.8480497718935768,0.8450858180917359,0.2516480996804297,0.52953053717904,-1.193584369543678,-1.193584369543678,0.22941573287056202,-0.7018788120694928,-1.1233424974144568,0.451772716066073,0.0,0.41530802713706777
Singapore,209,2,-1.8374411724360824,-1.0664178180681376,-0.38586041950999705,-1.5199487641250213,0.6061517580180579,0.6061517580180579,0.22941573287056202,0.7759352343562893,-0.8282709658355443,-0.10052851322649867,0.0,-1.7850258474064415
Singapore,209,4,0.00883385179055834,0.8450858180917359,0.8891566188708565,-0.4020509634137152,-0.5482845284402088,-0.5482845284402088,0.22941573287056202,0.21162006369848668,0.056943628901193845,-0.41119795470357046,0.0,0.8402000856696092
Singapore,209,11,1.0158929559141805,-0.684117090836163,-1.023368938700424,1.461112037771795,1.4747727088704732,1.4747727088704732,0.22941573287056202,-0.7018788120694928,1.237229755216844,-0.41119795470357046,0.0,0.293910296127769
Singapore,209,14,-0.6625388842918565,1.2273865453237105,1.5266651380612832,-1.3336324640064703,0.5013154303868411,0.5013154303868411,0.22941573287056202,-0.7018788120694928,-0.8282709658355443,1.841155496005199,0.0,0.11181369961382512
Singapore,209,16,2.6943247961202172,1.6096872725556852,0.8891566188708565,2.206377238245999,0.3880321212193841,0.3880321212193841,0.22941573287056202,-0.7018788120694928,1.237229755216844,0.8659986380355023,0.0,2.236273992276524
Singapore,209,18,0.17667703581116204,-1.0664178180681376,-0.7046146791052105,0.7158468372975909,-1.3927075661223625,-1.3927075661223625,0.22941573287056202,1.5869870443090786,-1.1233424974144568,-0.7218673961806419,0.0,-0.7986692829559029
Singapore,209,20,0.5123634038523694,0.08048436362778644,0.8891566188708565,0.52953053717904,0.14222788028985006,0.14222788028985006,0.22941573287056202,-0.7018788120694928,0.647086692059019,0.5466994898507339,0.0,0.6429287727794998
Singapore,209,22,0.00883385179055834,0.8450858180917359,0.2516480996804297,-0.4020509634137152,0.48380528061565325,0.48380528061565325,0.22941573287056202,-0.7018788120694928,1.6306584639887276,-1.7114070986631664,0.0,0.7188023546603105
Singapore,209,23,0.17667703581116204,0.08048436362778644,-0.38586041950999705,0.15689793694193788,-0.9078797328931212,-0.9078797328931212,0.22941573287056202,1.6945874464634259,0.056943628901193845,-2.0335828157505,0.0,0.4760068926417172
Singapore,209,24,0.6802065878729732,0.08048436362778644,0.8891566188708565,0.7158468372975909,-0.133779450312144,-0.133779450312144,0.22941573287056202,-0.7018788120694928,0.056943628901193845,0.6934045038815736,0.0,0.293910296127769
Singapore,209,27,-0.49469570027125276,0.46278509085976116,0.2516480996804297,-0.7746835636508173,-0.7979475581367396,-0.7979475581367396,0.22941573287056202,-0.7018788120694928,0.056943628901193845,0.003027967265858484,0.0,-0.3130783589187164
Singapore,209,31,-1.1660684363536675,-1.831019272532087,-1.979631717486064,-0.4020509634137152,0.22476338781587818,0.22476338781587818,-4.129483191670112,-0.7018788120694928,0.056943628901193845,-0.20408499371885583,0.0,-1.6484534000209816
Singapore,209,40,0.5123634038523694,-0.684117090836163,-1.023368938700424,0.902163137416142,0.45029400157196986,0.45029400157196986,0.22941573287056202,0.13795586318389083,1.237229755216844,-0.7563862230114278,0.0,0.7188023546603105
Singapore,209,44,-0.8303820683124601,-0.3018163636041883,-0.06710615991478368,-0.7746835636508173,1.3780216900732745,1.3780216900732745,0.22941573287056202,-0.3779718807103377,-0.8282709658355443,0.07206562092743002,0.0,-0.6469221191942816
Singapore,209,55,-0.15900933223004535,0.8450858180917359,0.2516480996804297,-0.5883672635322662,0.830040593270324,0.830040593270324,0.22941573287056202,-0.7018788120694928,0.647086692059019,-0.31627118091890954,0.0,0.3394344452562571
Singapore,209,63,0.00883385179055834,0.8450858180917359,1.20791087846607,-0.4020509634137152,1.0127411671855706,1.0127411671855706,0.22941573287056202,-0.024243950054772402,0.056943628901193845,0.7969609843739304,0.0,0.4760068926417172
Singapore,209,77,-0.15900933223004535,-1.831019272532087,-1.979631717486064,0.7158468372975909,-0.11428002462228286,-0.11428002462228286,0.22941573287056202,0.4270716504624311,0.056943628901193845,-0.44571678153435607,0.0,-1.344959072497739
Singapore,209,81,-1.3339116203742711,-0.3018163636041883,0.2516480996804297,-1.3336324640064703,-2.4037027892467386,-2.4037027892467386,0.22941573287056202,2.586846648986433,-2.3036286237301073,1.841155496005199,0.0,-1.026290028598335
Singapore,210,1,-0.43445240063376855,-0.43445240063376855,0.16155793602781698,0.0,0.0,0.0,-1.034582820163449,0.0,0.0,0.8915306487038943,-0.5026246887500351,0.1337032281397208
Singapore,210,2,0.5560990728112277,0.5560990728112277,-1.373242456236447,0.0,0.0,0.0,0.777704461710278,0.0,0.0,-2.2109377659994607,1.8848425828126292,-0.5407289846004478
Singapore,210,4,0.7211909850520605,0.7211909850520605,-1.0321757023999438,0.0,0.0,0.0,0.777704461710278,0.0,0.0,-0.975878683713093,-0.5026246887500351,-0.4845263002054338
Singapore,210,10,-0.43445240063376855,-0.43445240063376855,-1.2027090793181954,0.0,0.0,0.0,-1.459870913517952,0.0,0.0,0.3876265431310565,-0.5026246887500351,-0.8217424065755181
Singapore,210,11,-0.5995443128746013,-0.5995443128746013,0.16155793602781698,0.0,0.0,0.0,-1.6142582201683238,0.0,0.0,1.3657933363018593,-0.5026246887500351,-0.70933703778549
Singapore,210,14,1.8768343707378894,1.8768343707378894,0.5026246898643201,0.0,0.0,0.0,0.777704461710278,0.0,0.0,-0.7387473399141105,1.8848425828126292,1.257756916040002
Singapore,210,16,0.5560990728112277,0.5560990728112277,1.3552915744555778,0.0,0.0,0.0,0.777704461710278,0.0,0.0,0.47655079705567494,1.8848425828126292,1.257756916040002
Singapore,210,18,-0.764636225115434,-0.764636225115434,-1.5437758331546985,0.0,0.0,0.0,0.777704461710278,0.0,0.0,-1.627989879160295,-0.5026246887500351,-1.2151611973406165
Singapore,210,20,0.22591524832956228,0.22591524832956228,0.5026246898643201,0.0,0.0,0.0,0.777704461710278,0.0,0.0,-0.6794645039643649,-0.5026246887500351,0.4709193345098051
Singapore,210,22,0.8862828972928931,0.8862828972928931,0.5026246898643201,0.0,0.0,0.0,-0.5784926265313791,0.0,0.0,1.1089010471862928,1.8848425828126292,1.257756916040002
Singapore,210,23,-0.43445240063376855,-0.43445240063376855,-0.17950881780868608,0.0,0.0,0.0,0.777704461710278,0.0,0.0,-0.3296957718608653,-0.5026246887500351,-0.45080468956842407
Singapore,210,24,-1.920279610801263,-1.920279610801263,-1.71430921007295,0.0,0.0,0.0,0.777704461710278,0.0,0.0,-0.975878683713093,-0.5026246887500351,-2.1706068320558556
Singapore,210,27,-1.2599119618379322,-1.2599119618379322,0.6731580667825716,0.0,0.0,0.0,-0.5360257728414526,0.0,0.0,-0.2822695031010698,-0.5026246887500351,-0.5856911321164565
Singapore,210,31,-0.764636225115434,-0.764636225115434,0.6731580667825716,0.0,0.0,0.0,-1.3928375122177277,0.0,0.0,1.099020574528004,-0.5026246887500351,-0.09110750944033541
Singapore,210,44,0.7211909850520605,0.7211909850520605,-0.35004219472693765,0.0,0.0,0.0,0.777704461710278,0.0,0.0,0.3876265431310565,-0.5026246887500351,0.18990591253473485
Singapore,210,55,0.39100716057039503,0.39100716057039503,0.16155793602781698,0.0,0.0,0.0,0.777704461710278,0.0,0.0,0.1998975626235292,-0.5026246887500351,0.5833247032998332
Singapore,210,63,-0.26936048839293586,-0.26936048839293586,1.8668917052103324,0.0,0.0,0.0,-1.7103881649344967,0.0,0.0,1.1879448284526224,-0.5026246887500351,0.8081354408798894
Singapore,210,77,-0.9297281373562667,-0.9297281373562667,-0.17950881780868608,0.0,0.0,0.0,0.777704461710278,0.0,0.0,0.2394194532566924,-0.5026246887500351,-0.653134353390476
Singapore,210,81,1.8768343707378894,1.8768343707378894,1.0142248206190747,0.0,0.0,0.0,-0.22829304843827206,0.0,0.0,0.47655079705567494,-0.5026246887500351,1.7635810755951284
Singapore,211,1,-0.5643734373757207,1.2297974192834935,-0.4588020695228208,-0.7745966691557691,-1.2882493120764669,-1.2882493120764669,0.0,0.3736285045327923,-0.9461368997028733,-0.16188370198634908,0.0,0.10032277650943007
Singapore,211,2,-0.3059855985771977,0.2951513806280398,0.39582923645105944,-0.33197000106675817,-0.9928312415986402,-0.9928312415986402,0.0,0.6380089653906488,-1.4088731213204249,-0.9201080852880694,0.0,-0.40304621016002057
Singapore,211,4,-0.5643734373757207,-1.1068176773551408,-0.6297283307175969,-0.22131333404450546,0.47367175560127583,0.47367175560127583,0.0,-0.5559973385547082,-0.02066445646776942,-0.2943246423010601,0.0,-1.4151391727188207
Singapore,211,10,-1.0811491149727666,2.1644434579389475,-0.4588020695228208,-1.4385366712892855,-0.6293022773341375,-0.6293022773341375,0.0,1.4122430024678536,-0.9461368997028733,-0.7909781684812262,0.0,0.1538726687083097
Singapore,211,11,0.8567596760161554,1.2297974192834935,-0.4588020695228208,0.4426266680890109,-1.2957018139591854,-1.2957018139591854,0.0,1.9352436803963657,1.3675442083848852,-0.9201080852880694,0.0,2.0548938417684814
Singapore,211,14,-1.3395369537712893,0.2951513806280398,1.2504605424249398,-1.21722333724478,-0.4267875776031786,-0.4267875776031786,0.0,-1.1763603440222739,-0.9461368997028733,1.063194995924728,0.0,-0.5422759298771048
Singapore,211,16,-0.3059855985771977,1.2297974192834935,-1.3134333754967011,-0.5532833351112636,0.7916442138041302,0.7916442138041302,0.0,-0.38405693769486005,0.5963171723556322,-1.0558600491106482,0.0,0.7429214828959649
Singapore,211,18,0.8567596760161554,-0.639494658027414,0.5667554976458355,0.8852533361780218,0.6723109935301346,0.6723109935301346,0.0,-1.1346162607057433,-0.02066445646776942,0.42085643539837936,0.0,-0.40304621016002057
Singapore,211,20,1.8903110312102471,-2.0414637160105946,-2.5099172038601334,2.1024766734228018,-1.8121922986047017,-1.8121922986047017,0.0,1.8368068033529752,-0.02066445646776942,-1.0095057200004995,0.0,1.1391906851676632
Singapore,211,22,0.3399839984191096,-0.639494658027414,0.39582923645105944,0.4426266680890109,0.16522620744520453,0.16522620744520453,0.0,0.4567315131493237,-0.9461368997028733,0.4754883232781977,0.0,0.006610465161394165
Singapore,211,23,-0.5643734373757207,0.2951513806280398,0.5667554976458355,-0.5532833351112636,-0.39891177467980793,-0.39891177467980793,0.0,0.43584136758106423,-0.02066445646776942,-0.7115136042923998,0.0,0.2716824315458394
Singapore,211,24,-0.17679167917793626,-0.1721716386996871,-0.4588020695228208,-0.11065666702225273,-0.5539890774258094,-0.5539890774258094,0.0,0.41012413760286687,-0.9461368997028733,0.16921864880042828,0.0,-1.1848746362636466
Singapore,211,27,1.3735353536132013,-0.639494658027414,1.2504605424249398,1.3278800042670327,1.5034439861019595,1.5034439861019595,0.0,-1.678133069257463,0.7365402698154957,0.6538320894974395,0.0,0.718580622805572
Singapore,211,31,0.3399839984191096,0.2951513806280398,1.2504605424249398,0.22131333404450546,0.8365932344411757,0.8365932344411757,0.0,-0.2198268724401563,-0.02066445646776942,0.30165958911513935,0.0,1.0909957821886758
Singapore,211,40,-0.5643734373757207,-0.1721716386996871,0.2249029752562834,-0.4426266680890109,-0.18679296119898633,-0.18679296119898633,0.0,-0.3001505590600752,0.7365402698154957,1.4665378596104386,0.0,-0.28913098493695344
Singapore,211,44,0.8567596760161554,-1.1068176773551408,-1.142507114301925,0.9959100032002746,1.2602494248370208,1.2602494248370208,0.0,-0.14919561441050794,2.75575287323754,-1.4564938935626492,0.0,0.22348752856685183
Singapore,211,55,-1.8563126313683354,-0.1721716386996871,0.39582923645105944,-1.5491933383115382,-0.5512880169662615,-0.5512880169662615,0.0,-0.14229491419052784,-0.02066445646776942,1.9108170139388774,0.0,-1.9934780084667056
Singapore,211,77,-0.5643734373757207,0.2951513806280398,-0.11694954713326872,-0.5532833351112636,0.9245142354877399,0.9245142354877399,0.0,-0.6520755800243677,-0.5254676073232812,-0.7006775273575596,0.0,-1.121588400028607
Singapore,211,81,1.3735353536132013,-0.639494658027414,1.2504605424249398,1.3278800042670327,1.5083923001985164,1.5083923001985164,0.0,-1.1059204841132169,0.5963171723556322,1.5598485221048934,0.0,0.8500212672937242
Singapore,212,1,-0.7332060399839312,-0.4960273835830237,-1.9402111932975006,-0.7008224472772271,-0.1599948434760654,-0.1599948434760654,0.0,-0.994158103094134,1.0214072679101627,-1.7301021584993983,0.40944725900693746,-0.4429894948413438
Singapore,212,2,-0.6336758083119043,1.1573972283603846,0.16871401680847875,-0.7343546217880992,-0.22214842142527547,-0.22214842142527547,0.0,0.9248108461872093,-0.51361086526792,-0.800701060870324,0.40944725900693746,-0.494348219853384
Singapore,212,4,1.9541102151607945,0.7440410753745326,-0.5342610532268477,1.9146871645707968,1.3902930574282366,1.3902930574282366,0.0,-0.7491842154628867,1.6028535304776186,-1.3588177251315734,-2.320201134372647,2.2052531257794605
Singapore,212,10,-0.7995595277652824,0.7440410753745326,1.1528791148579358,-0.8684833198315877,0.1368754699813004,0.1368754699813004,0.0,0.7793148304084951,-0.8392207723056958,1.2068529105768568,0.40944725900693746,-0.853859294937661
Singapore,212,11,-0.1692013938424455,-0.4960273835830237,-0.674856067233913,-0.13077548059240138,1.3135012887055388,1.3135012887055388,0.0,-1.6677984652342717,0.38181637908596167,-0.2509144960756603,0.40944725900693746,-0.3505437898196732
Singapore,212,14,1.8545799834887677,0.3306849223886805,-0.3936660392197824,1.8476228155490526,0.8310151703455007,0.8310151703455007,0.0,-0.5944996968452706,0.7888287628831803,-0.7423903646042233,-2.320201134372647,1.316280285571066
Singapore,212,16,0.5938637156430939,1.984109534332089,0.309309030815544,0.43927148609242433,0.5320593453146242,0.5320593453146242,0.0,-1.6677984652342717,1.1280057493808635,0.3294157667631516,0.40944725900693746,1.1234516180258625
Singapore,212,18,-1.9275688200482537,-2.149451995526432,1.2934741288650011,-1.7738520316251345,-2.5795207111238945,-2.5795207111238945,0.0,1.5119284321518185,-1.856751731798743,1.9482317631029944,0.40944725900693746,-2.022270288961561
Singapore,212,20,-0.30190836940514804,0.3306849223886805,-0.3936660392197824,-0.331968527657634,-1.1153329956439133,-1.1153329956439133,0.0,2.0426065978069086,-0.51361086526792,-0.1959358395961938,0.40944725900693746,-0.37930467582641575
Singapore,212,22,1.0251613862218771,-0.9093835365688758,-0.5342610532268477,1.1099149763098664,0.19863455220305265,0.19863455220305265,0.0,0.45149992168345354,0.38181637908596167,-0.1959358395961938,0.40944725900693746,0.6560872204163024
Singapore,212,23,-0.003317674389067374,-0.9093835365688758,-1.3778311372692393,0.07041756647283122,0.1278508169619101,0.1278508169619101,0.0,-0.33160762755695794,1.8741951196757642,-1.97154281922933,0.40944725900693746,0.08885863528333224
Singapore,212,24,0.494333483971067,-1.3227396895547279,-0.9560460952480435,0.6069323586467849,-1.0245634334427438,-1.0245634334427438,0.0,1.0532232345539467,-1.1105623615038416,0.12579111313549846,0.40944725900693746,-0.1508154147728531
Singapore,212,27,0.29527302062701327,1.1573972283603846,0.16871401680847875,0.20454626451631963,-0.5046942608876585,-0.5046942608876585,0.0,0.8752808135412965,0.38181637908596167,-0.15928340194321633,0.40944725900693746,0.6273263344095598
Singapore,212,31,-0.23555488162379676,0.3306849223886805,0.309309030815544,-0.2649041786358898,0.3494399624190181,0.3494399624190181,0.0,-0.5654698293040245,-0.025196004711257998,0.6570663457821931,0.40944725900693746,-0.09561775475991204
Singapore,212,40,1.1910451056752551,-0.9093835365688758,-0.11247601120565183,1.2775758488642268,0.4321623032767485,0.4321623032767485,0.0,0.027463126577287552,-0.025196004711257998,0.15726037778704446,0.40944725900693746,1.1724758555373551
Singapore,212,44,0.029859069501608253,-0.08267123059717159,1.2934741288650011,0.03688539196195912,0.2720852797735102,0.2720852797735102,0.0,-0.4589587763263133,-0.51361086526792,0.6287440075958017,-2.320201134372647,0.26781525932528283
Singapore,212,55,-0.10284790606109426,0.7440410753745326,0.309309030815544,-0.1643076551032735,0.9835929931421048,0.9835929931421048,0.0,-0.5097172286849028,0.38181637908596167,0.9036372899931336,0.40944725900693746,0.05210861427471662
Singapore,212,63,-0.13602464995176988,-0.9093835365688758,0.4499040448226093,-0.06371113157065718,0.9344202110440243,0.9344202110440243,0.0,-0.6448345839312161,-0.025196004711257998,0.12393997992070156,0.40944725900693746,-0.5008847848549185
Singapore,212,77,-0.8659130155466337,0.3306849223886805,2.277639226914458,-0.9020154943424598,-0.24214413638940177,-0.24214413638940177,0.0,0.46262187627197515,-1.409038109621802,1.3617927606553533,0.40944725900693746,-0.5662504348702394
Singapore,212,81,-1.529447893360146,0.3306849223886805,-0.8154510812409783,-1.5726589845599017,-1.653531648206602,-1.653531648206602,0.0,0.05527731249185357,-1.1105623615038416,-0.037108609766624515,0.40944725900693746,-1.6527727951249434
Singapore,213,1,0.4729380546935059,0.4729380546935059,1.3416407860498738,0.0,0.0,0.0,0.9448607319525871,0.0,0.0,0.6414126620369913,0.42146361408676236,1.5925882986078137
Singapore,213,4,0.4729380546935059,0.4729380546935059,-1.0062305895374053,0.0,0.0,0.0,-0.5599346554961484,0.0,0.0,-1.6436199464698409,0.42146361408676236,0.5718992414537089
Singapore,213,10,1.9705752278896194,1.9705752278896194,0.6708203930249369,0.0,0.0,0.0,1.1563267661334908,0.0,0.0,0.6414126620369913,0.42146361408676236,2.1029328271848753
Singapore,213,11,-0.42564424922416216,-0.42564424922416216,0.33541019651246845,0.0,0.0,0.0,-0.6078809894946395,0.0,0.0,0.6414126620369913,0.42146361408676236,0.18914084502092177
Singapore,213,14,1.0719929239719512,1.0719929239719512,-0.33541019651246845,0.0,0.0,0.0,1.5136471094121173,0.0,0.0,-1.6436199464698409,0.42146361408676236,-0.19361755141188342
Singapore,213,16,-1.0246991185026075,-1.0246991185026075,0.33541019651246845,0.0,0.0,0.0,1.2633096505608152,0.0,0.0,0.6414126620369913,0.42146361408676236,-0.7464907907036971
Singapore,213,18,0.4729380546935059,0.4729380546935059,-0.6708203930249369,0.0,0.0,0.0,-1.7227844948909001,0.0,0.0,-1.6436199464698409,0.42146361408676236,-0.7039620799889268
Singapore,213,20,-0.12611681458493945,-0.12611681458493945,-0.33541019651246845,0.0,0.0,0.0,-0.4316048308755594,0.0,0.0,-0.5011036422164248,0.42146361408676236,0.31672697716517806
Singapore,213,22,-1.0246991185026075,-1.0246991185026075,-0.33541019651246845,0.0,0.0,0.0,-1.7227844948909001,0.0,0.0,0.6414126620369913,-2.247805941796065,-0.7464907907036971
Singapore,213,23,-1.3242265531418302,-1.3242265531418302,3.3541019651246846,0.0,0.0,0.0,0.17154239641351118,0.0,0.0,0.6414126620369913,0.42146361408676236,-0.06603141926760898
Singapore,213,24,1.6710477932503967,1.6710477932503967,0.0,0.0,0.0,0.0,-1.7227844948909001,0.0,0.0,0.6414126620369913,0.42146361408676236,1.2098299021750267
Singapore,213,27,-0.12611681458493945,-0.12611681458493945,-0.33541019651246845,0.0,0.0,0.0,0.7706006807309277,0.0,0.0,0.6414126620369913,0.42146361408676236,0.31672697716517806
Singapore,213,31,-0.7251716838633848,-0.7251716838633848,-1.0062305895374053,0.0,0.0,0.0,0.5460379582280954,0.0,0.0,0.6414126620369913,-2.247805941796065,-1.469478872854519
Singapore,213,40,-0.42564424922416216,-0.42564424922416216,-1.0062305895374053,0.0,0.0,0.0,-0.3914582239431527,0.0,0.0,0.6414126620369913,-2.247805941796065,-1.0867204764217138
Singapore,213,44,0.4729380546935059,0.4729380546935059,-0.33541019651246845,0.0,0.0,0.0,-0.5625933270370023,0.0,0.0,0.6414126620369913,0.42146361408676236,0.18914084502092177
Singapore,213,55,-0.7251716838633848,-0.7251716838633848,0.0,0.0,0.0,0.0,0.04341397699315031,0.0,0.0,-1.2627811783853256,0.42146361408676236,-0.2148819067692776
Singapore,213,63,-1.0246991185026075,-1.0246991185026075,-0.33541019651246845,0.0,0.0,0.0,0.6388535931948051,0.0,0.0,0.6414126620369913,0.42146361408676236,-1.2780996746381164
Singapore,213,77,1.371520358611174,1.371520358611174,0.0,0.0,0.0,0.0,0.5390749517002352,0.0,0.0,0.6414126620369913,0.42146361408676236,1.0822437700307521
Singapore,213,81,-1.0246991185026075,-1.0246991185026075,-0.33541019651246845,0.0,0.0,0.0,0.1341576961994717,0.0,0.0,-1.6436199464698409,0.42146361408676236,-1.0654561210643558
Singapore,214,1,0.15644621730066102,-0.4232140185053075,-0.4505229436352213,0.22123803034165254,0.9199430776767791,0.9199430776767791,0.32489314377140976,-1.1616178516350082,0.7852388649130743,0.5477813459586134,-0.40944725900693746,0.3545018226814824
Singapore,214,2,-1.1146792982672142,-0.0846428037010615,-0.10396683314658876,-1.121105075102081,-0.12994803030066812,-0.12994803030066812,0.32489314377140976,1.2176309256045816,0.3534924099780508,-1.2902002278055889,-0.40944725900693746,-0.5647125263041448
Singapore,214,4,-1.5057948415188682,0.9310708407116766,0.9357014983193088,-1.6679855995421207,-2.3405498709421018,-2.3405498709421018,0.32489314377140976,1.742362649044648,-0.510000499891995,-0.2533901092719361,-0.40944725900693746,-1.0549601790964827
Singapore,214,10,1.1342350754297958,1.9467844851244145,1.9753698297852063,0.8675513774071539,1.0158169003526478,1.0158169003526478,-2.9240382939426888,0.04560290158779659,0.3534924099780508,-1.6200943564299328,-0.40944725900693746,1.5562894715404745
Singapore,214,11,-0.772453197922017,-1.1003564481137995,-1.1436351646124863,-0.6239409619747723,1.1002873442878343,1.1002873442878343,0.32489314377140976,-1.1616178516350082,0.7852388649130743,0.6891645439404751,-0.40944725900693746,-0.768982381634287
Singapore,214,14,1.3786822899620794,0.2539284111031845,0.24258927734204375,1.3647154905344627,0.4046145043948262,0.4046145043948262,0.32489314377140976,-0.31238067866756775,-0.02428573809009395,-0.1355707776203848,-0.40944725900693746,0.668566725251574
Singapore,214,16,1.3297928470556228,0.5924996259074305,0.5891453878306763,1.2652826679090008,-0.03478351628920065,-0.03478351628920065,0.32489314377140976,-0.40997839616017095,-0.510000499891995,0.7362922766010959,2.320201134372647,0.5791986635446379
Singapore,214,18,-1.0657898553607574,-0.4232140185053075,-0.4505229436352213,-1.0216722524766193,-0.16710824972122612,-0.16710824972122612,0.32489314377140976,-0.5566605546477851,0.3534924099780508,-0.02560606807893691,-0.40944725900693746,-0.8268588406444882
Singapore,214,20,0.009777888581290792,0.5924996259074305,0.5891453878306763,-0.07706043753473271,0.7336858828293131,0.7336858828293131,0.32489314377140976,-0.6071472423256887,0.7852388649130743,0.26501494999489006,-0.40944725900693746,0.334074837148469
Singapore,214,22,1.67201894740082,-0.4232140185053075,-0.4505229436352213,1.7624467810363096,0.9197010134949724,0.9197010134949724,0.32489314377140976,-0.4286583946866241,0.7852388649130743,-0.7717951685387623,-0.40944725900693746,1.641401911261363
Singapore,214,23,-1.0169004124543009,0.5924996259074305,0.5891453878306763,-1.121105075102081,0.7578182582537905,0.7578182582537905,0.32489314377140976,-1.1616178516350082,0.7852388649130743,0.3592704153161312,-0.40944725900693746,-0.6259934829031891
Singapore,214,24,-1.5057948415188682,-0.7617852333095535,-0.7970790541238538,-1.4194035429784664,-1.8823661691144695,-1.8823661691144695,0.32489314377140976,2.2181101777428998,-2.66873277456711,0.9640763177940951,-0.40944725900693746,-2.0184329967369754
Singapore,214,27,-0.6746743121091036,-2.1160700925265377,-2.1833034960783837,-0.37535890541111794,-0.32442297356011657,-0.32442297356011657,0.32489314377140976,0.3830806314190423,-1.1576201822945293,-0.08058842284966071,-0.40944725900693746,-1.3749829524470354
Singapore,214,31,0.8897878608975122,-0.7617852333095535,-0.7970790541238538,1.0167006113453465,0.9659541192346661,0.9659541192346661,-2.9240382939426888,0.0966086317006633,0.7852388649130743,-1.478711158448071,-0.40944725900693746,0.4974907214125802
Singapore,214,40,0.4986723176458582,-0.0846428037010615,-0.10396683314658876,0.5195364982180378,-1.5077253903774395,-1.5077253903774395,0.32489314377140976,-1.1616178516350082,-0.2509526269309812,-0.03660253903308167,-0.40944725900693746,0.8365786812606156
Singapore,214,44,-0.3813376546703631,1.2696420555159225,1.2822576088079414,-0.5742245506620415,0.2734098118926696,0.2734098118926696,0.32489314377140976,0.01087965952366901,0.3534924099780508,-0.7953590348690728,-0.40944725900693746,0.031074551742094798
Singapore,214,55,0.7920089750845987,0.5924996259074305,0.5891453878306763,0.7184021434689613,0.5729064354239947,0.5729064354239947,0.32489314377140976,-0.5791707669528862,0.7852388649130743,0.594909078619234,2.320201134372647,0.9673113886719046
Singapore,214,63,0.15644621730066102,1.2696420555159225,1.2822576088079414,-0.02734402622200184,0.12949829042939484,0.12949829042939484,0.32489314377140976,0.952237605833225,0.7852388649130743,-1.243072495144968,-0.40944725900693746,1.028592345270945
Singapore,214,77,0.44978287473940143,-1.4389276629180454,-1.1436351646124863,0.6686857321562304,-0.7233611724297003,-0.7233611724297003,0.32489314377140976,1.2287549406204887,-2.0642877376580775,2.2726563613373263,2.320201134372647,-0.450321407319267
Singapore,214,81,-0.4302270975768199,-0.4232140185053075,-0.4505229436352213,-0.37535890541111794,-0.6833702655359468,-0.6833702655359468,0.32489314377140976,-0.3548006830962554,-0.510000499891995,1.3018250685285426,-0.40944725900693746,-0.8098363527003137
Singapore,215,1,0.10153784734054958,0.06901824253393168,-1.285813008661006,0.0333066164958958,-0.22941573287056174,0.0,0.9759465828435412,0.0,-0.22941572987056183,-2.0068876470519608,1.2743861831571912,-1.371385375515586
Singapore,215,4,1.0661473970757431,1.1180955290496635,1.1944354344414396,-0.5995190969261238,-0.22941573287056174,0.0,-0.3775242712734725,0.0,-0.22941572987056183,0.14146025973676626,-0.7433919401750276,1.558801127792313
Singapore,215,10,0.10153784734054958,0.06901824253393168,-0.04568878710978319,0.0333066164958958,-0.22941573287056174,0.0,-2.587690019292912,0.0,-0.22941572987056183,1.243354831283243,-0.7433919401750276,-0.05302044652354308
Singapore,215,11,-0.863071702394644,-0.7177897223528671,0.32634847935558364,0.0333066164958958,-0.22941573287056174,0.0,-0.8444109525752201,0.0,-0.22941572987056183,-0.6809180787759085,-0.7433919401750276,-0.7888520347981717
Singapore,215,14,-0.5415351858162462,-0.19325107909500125,0.6983857458209506,-0.5995190969261238,-0.22941573287056174,0.0,-0.41361896008003085,0.0,-0.22941572987056183,0.45100716243535843,1.2743861831571912,1.0098474032064784
Singapore,215,16,1.0661473970757431,1.1180955290496635,0.20233605720046138,-0.5995190969261238,-0.22941573287056174,0.0,-0.17482747996476702,0.0,-0.22941572987056183,1.3888880765818343,1.2743861831571912,1.2040251834456142
Singapore,215,18,-1.1846082189730418,-2.2914056521264645,-1.7818626972814953,3.1974351836059935,4.129483191670112,0.0,0.9759465828435412,0.0,4.129483137670113,-2.176676433233651,-0.7433919401750276,-2.689750304507629
Singapore,215,20,0.10153784734054958,0.3312875641628646,-1.4098254308161284,-0.5995190969261238,-0.22941573287056174,0.0,0.9759465828435412,0.0,-0.22941572987056183,-0.26048870346886627,-0.7433919401750276,-0.5844543713885503
Singapore,215,22,1.0661473970757431,1.1180955290496635,-1.0377881643507616,-0.5995190969261238,-0.22941573287056174,0.0,0.9759465828435412,0.0,-0.22941572987056183,0.839095816564935,1.2743861831571912,0.27401581493184973
Singapore,215,23,0.4230743639189474,0.5935568857917976,0.32634847935558364,-0.5995190969261238,-0.22941573287056174,0.0,-0.45646228615152756,0.0,-0.22941572987056183,-1.1614087934125281,-0.7433919401750276,0.3674547467762467
Singapore,215,24,-1.1846082189730418,-0.7177897223528671,1.5664727009068065,-0.5995190969261238,-0.22941573287056174,0.0,-0.42779210015564356,0.0,-0.22941572987056183,1.0250549633353563,-0.7433919401750276,0.28423569810232835
Singapore,215,27,0.7446108804973453,0.8558262074207305,1.814497545217051,-0.5995190969261238,-0.22941573287056174,0.0,-0.9208958648425187,0.0,-0.22941572987056183,0.29738873684240014,1.2743861831571912,0.9894076368655141
Singapore,215,31,0.10153784734054958,0.06901824253393168,0.6983857458209506,0.0333066164958958,-0.22941573287056174,0.0,0.9759465828435412,0.0,-0.22941572987056183,0.2246221141931045,-0.7433919401750276,-0.05302044652354308
Singapore,215,40,-0.5415351858162462,-0.9800590439818,-0.6657508978853947,1.298958043339935,-0.22941573287056174,0.0,-0.6330723122624049,0.0,-0.22941572987056183,-0.4129521033054868,-0.7433919401750276,-0.47349563982333287
Singapore,215,44,0.10153784734054958,-0.4555204007239342,-0.29371363142002777,1.298958043339935,-0.22941573287056174,0.0,0.9759465828435412,0.0,-0.22941572987056183,-0.6901582848266106,-0.7433919401750276,-0.9640500320064186
Singapore,215,55,1.0661473970757431,0.5935568857917976,-0.16970120926490548,0.6661323299179155,-0.22941573287056174,0.0,0.9759465828435412,0.0,-0.22941572987056183,0.751313859083243,1.2743861831571912,0.2272963490096478
Singapore,215,63,-1.8276812521298376,-1.242328365610733,0.45036090151070596,-0.5995190969261238,-0.22941573287056174,0.0,-0.9930847408050876,0.0,-0.22941572987056183,0.6612218500888781,-0.7433919401750276,0.22291639907944266
Singapore,215,77,1.709220430232539,1.6426341723075293,-0.9137757421956392,-0.5995190969261238,-0.22941573287056174,0.0,0.9759465828435412,0.0,-0.22941572987056183,0.0305777871283162,1.2743861831571912,0.6828111417510856
Singapore,215,81,-1.5061447355514397,-0.9800590439818,0.32634847935558364,-0.5995190969261238,-0.22941573287056174,0.0,0.021806324655270097,0.0,-0.22941572987056183,0.33550458680155454,-0.7433919401750276,0.15721715012635182
Singapore,216,1,0.5218016183906679,1.2802428797627659,0.8314320268691608,-0.26682277790623965,-0.6585040193472762,0.03960826066383593,0.24082509462779556,-0.6358110682892125,-0.9135791073456139,0.6622613408132223,0.0,1.4688785804544184
Singapore,216,2,-0.40096334886861956,-1.7667351740726187,-1.4159040457573893,0.6500773134442924,1.852903271799896,2.4810287621825076,0.26312389952183063,-0.6358110682892125,0.9739646734889544,-0.6448985329375492,0.0,-2.393951384369037
Singapore,216,4,0.7524928602054897,0.5633068670956166,-0.03292800106412762,0.3444439496607818,0.021277458141250233,0.7004458880544323,0.05348098167873406,0.48781313337980825,-0.9135791073456139,0.14062477147606028,0.0,0.06637847353084647
Singapore,216,10,0.5218016183906679,2.1764128955967026,-3.4903681127972814,-0.7762117175454242,-0.01702083297499033,0.6632148768067068,3.759526159738432,3.415275198607355,1.2201660362065079,-3.5169681146998077,0.0,1.3595928578369976
Singapore,216,10,-3.6306407342761253,0.7425408702624039,0.48568801569584547,-3.6287897795248574,-1.8747744047466333,-1.1427676386064165,-1.2819188176500997,-0.6358110682892125,-1.9804516791216742,1.7761088388684572,0.0,0.2667356316627889
Singapore,216,11,0.8678384811129006,-1.0497991614054694,-1.0701600345840738,1.363221828939151,0.2070078202244312,0.8810003984051755,-0.3459044634183065,0.3893980254092266,0.15329346443044636,-0.7001306402791311,0.0,-0.49826442665915727
Singapore,216,14,0.4064559974832569,0.3840728639288293,0.8314320268691608,0.14068837380510796,-1.0154565759040342,-0.3073968996377803,-0.03593143074782446,-0.6358110682892125,0.9739646734889544,0.09719439647242314,0.0,1.1704444917683852
Singapore,216,16,-0.1702721070537977,0.025604857595254604,0.6585600212825032,-0.16494498997840273,-1.8747744047466333,-1.1427676386064165,-0.8268527568917786,-0.6358110682892125,-0.8165906917296081,0.9752432824155197,0.0,0.7485863177486929
Singapore,216,18,-0.2856177279612086,-1.2290331645722568,-0.20580000665078532,0.44632173758861865,0.43107301343771837,-0.2932086398030362,-0.6329424261114598,0.226334039794464,-0.2734555642799774,-0.30614160790918066,0.0,-0.8807644558201303
Singapore,216,20,-0.1702721070537977,0.5633068670956166,0.6585600212825032,-0.4705783537619134,-1.1190473002126409,-0.40810080337562293,-0.19101996618215616,-0.15559828015181998,-0.9956462282514645,0.5956995704272129,0.0,0.8846202941535891
Singapore,216,22,0.4064559974832569,0.025604857595254604,0.13994400452253009,0.3444439496607818,-0.5824341835993597,0.11355821581320075,-0.11044775018906085,0.4638712762443971,-0.9135791073456139,0.2510889861592241,0.0,0.2303070574569778
Singapore,216,23,-0.7470002115908523,-1.0497991614054694,0.48568801569584547,-0.06306720205056585,0.5662435277989436,1.2302250838799715,-0.7254328512759274,-0.6358110682892125,0.9739646734889544,-0.322003136171378,0.0,-0.6453798224903031
Singapore,216,24,0.7524928602054897,-0.6913311550718947,0.3128160101091878,1.05758846515564,-0.1700243909789252,-0.31735886245043454,-0.622691984960149,1.7509017309581894,0.9739646734889544,0.006557092117005976,0.0,-0.02329186297574874
Singapore,216,27,0.8678384811129006,0.025604857595254604,-0.378672012237443,0.7519551013721294,0.1467027673513716,-1.1427676386064165,-0.1585572331899591,-0.6358110682892125,-0.010840777381255043,-0.322003136171378,0.0,-0.40999518916046973
Singapore,216,31,0.291110376575846,0.7425408702624039,0.48568801569584547,-0.16494498997840273,1.7319717168629394,0.01838856551671086,0.2037970506343784,-0.6358110682892125,2.287038607982568,0.22040448208056712,0.0,0.3760213542802098
Singapore,216,40,0.17576475566843505,-1.0497991614054694,-0.20580000665078532,0.7519551013721294,0.54154813452548,1.2062178909234837,-0.07130862750750526,0.302801137268534,-0.1515272703627138,0.11257036774700292,0.0,-0.5841317801442666
Singapore,216,44,-0.1702721070537977,-0.15362914557153273,0.48568801569584547,-0.06306720205056585,0.6003735898219473,-1.1427676386064165,0.338631197136384,-0.6358110682892125,0.34727029566245793,-0.14278846619589602,0.0,-0.34427090842551594
Singapore,216,55,0.8678384811129006,0.5633068670956166,0.13994400452253009,0.44632173758861865,1.00659191938122,-1.1427676386064165,-0.1496794552482365,-0.6358110682892125,-0.010840777381255043,0.873276315015676,0.0,1.0359389870084892
Singapore,216,63,-0.2856177279612086,0.9217748734291913,0.3128160101091878,-0.7762117175454242,0.7315179053312441,-1.1427676386064165,-0.08552831072089641,-0.6358110682892125,-0.010840777381255043,0.4597436138940887,0.0,0.14484001797412427
Singapore,216,77,-1.093037074313085,-1.4082671677390441,-0.03292800106412762,-0.16494498997840273,0.25738160479215927,0.929970388584092,1.0940490366029514,0.20678101402353205,0.15329346443044636,-0.5282974174386544,0.0,-2.0282645433030497
Singapore,216,81,0.5218016183906679,0.3840728639288293,1.0043040324558186,0.24256616173294487,-0.7825566169580968,-0.0809872939247468,-0.7152173458471436,-0.09365552435235103,-1.0659894747421939,0.3124579943165369,0.0,0.055970309472046856
Spa,301,1,1.0632361769066394,0.566091054245499,-0.6133346782494421,1.0520040243584803,0.010917002912062155,0.010917002912062155,0.0,0.7250005200627203,0.09900903253645699,-1.2163735513749327,-0.5961069620797649,1.0481419539840477
Spa,301,2,-1.5013535965365103,-1.3934549027581555,-0.6133346782494421,-1.31956574153636,0.29067822247084873,0.29067822247084873,0.0,0.6122053431570699,-0.65681454593075,-0.2756340070805506,-0.5961069620797649,-1.9624731174660912
Spa,301,3,-1.2342088284695156,-0.9580002456462324,0.3450007565153103,-1.1371372980059877,-1.168221976573157,-1.168221976573157,0.0,-0.13794932481375605,-0.3058964559281181,0.39420036602421926,1.107055786719563,-1.0343995270661421
Spa,301,4,-0.43277452426853125,1.2192730399133838,1.1116691043271123,-0.8330898921220338,-1.3518508093037531,-1.3518508093037531,0.0,0.5670002029733019,-0.7108019443926937,0.22508220197936238,-0.5961069620797649,0.1846967192557756
Spa,301,10,-0.5930613851087281,0.566091054245499,-0.038333417390590645,-0.8330898921220338,-1.1417631283466712,-1.1417631283466712,0.0,2.0985421207456296,-0.7108019443926937,-1.014063971956786,1.107055786719563,-0.012959418814552016
Spa,301,11,0.15494396547885728,1.0015457113574222,0.15333366956235986,-0.10337611800054448,-0.3203054960544383,-0.3203054960544383,0.0,-0.8082541056534156,0.4460708797918072,0.8139475849286103,-0.5961069620797649,0.7249072921021175
Spa,301,14,0.6358045479994479,0.7838183828014607,1.1116691043271123,0.5047186937673632,-1.4144510305765416,-1.4144510305765416,0.0,0.9793591157658501,-1.80983112736797,0.6495710516513662,-0.5961069620797649,0.4157909257966469
Spa,301,16,1.1700940841334373,0.566091054245499,-0.038333417390590645,1.1736229867120618,-1.0799212723814315,-1.0799212723814315,0.0,0.30671473084977807,0.5713987690784622,0.38735134380433417,-0.5961069620797649,1.2674709142112035
Spa,301,18,1.0632361769066394,0.3483637256895374,0.5366678434682608,1.112813505535271,-0.3242813810749001,-0.3242813810749001,0.0,0.10276401085402649,0.4460708797918072,-0.12534689094135615,-0.5961069620797649,1.024363771960546
Spa,301,20,1.2769519913602354,-0.08709093142238589,-1.3800030260612441,1.4776703925960155,1.0259618406687956,1.0259618406687956,0.0,-0.4898384809938797,1.1980382155117337,-1.0176766430178243,1.107055786719563,0.7442270649962128
Spa,301,22,-0.27248766342833436,-0.08709093142238589,-0.4216675912964916,-0.2858045615309168,-0.19824133023753743,-0.19824133023753743,0.0,0.7588715003418917,-0.3058964559281181,0.156441451819634,-0.5961069620797649,-0.2507412390495309
Spa,301,23,-0.3259166170417333,-1.8289095598700789,-2.913339721684848,0.1398618067066186,0.8790629986928531,0.8790629986928531,0.0,0.35615325297965766,1.7186309863947584,-1.6968588024930311,-0.5961069620797649,-0.3562569217788032
Spa,301,24,-1.2876377820829146,-1.175727574202194,-0.8050017652023926,-1.1371372980059877,0.7664535263792407,0.7664535263792407,0.0,-0.4197567056520538,1.1980382155117337,-0.3132057861153494,-0.5961069620797649,-1.313328748224597
Spa,301,27,-1.821927318216904,-1.3934549027581555,0.3450007565153103,-1.6844226285971047,-0.6778827105961094,-0.6778827105961094,0.0,0.5833226822334753,-2.060486905941278,0.8421264192047099,-0.5961069620797649,-1.7280598730177734
Spa,301,31,0.31523082631905414,-1.3934549027581555,-0.038333417390590645,0.7479566184745263,0.9414412539238922,0.9414412539238922,0.0,-1.2446485944022354,-0.7108019443926937,1.4642283759155104,-0.5961069620797649,-0.8972105628133821
Spa,301,44,1.650954666654028,1.4370003684693455,0.9200020173741618,1.4776703925960155,0.1950924022596289,0.1950924022596289,0.0,-0.7260227606341888,-0.7108019443926937,-0.3565578388478092,1.107055786719563,1.2874099105954948
Spa,301,55,-0.27248766342833436,0.13063639713357575,1.4950032782330132,-0.34661404270770757,2.287640058489995,2.287640058489995,0.0,-2.794670873627997,0.09900903253645699,2.5263536678607807,-0.5961069620797649,-0.6267337422960926
Spa,301,63,0.9029493160664427,0.3483637256895374,-0.23000050434354113,0.9303850620048987,0.15198654072790524,0.15198654072790524,0.0,-0.28404884711120304,0.9088200094656083,-0.9129091822477126,2.810218535518891,1.0169330900782054
Spa,301,77,-0.27248766342833436,0.3483637256895374,0.15333366956235986,-0.4074235238844984,1.3752096658334667,1.3752096658334667,0.0,-0.40446116188221726,1.1980382155117337,-0.8063353859470819,1.107055786719563,-0.028563850767472265
Spa,301,81,-0.21905870981493542,1.0015457113574222,0.9200020173741618,-0.5290424862380799,-0.24752437721416398,-0.24752437721416398,0.0,0.21971737480754064,0.09900903253645699,0.27565959683389885,-0.5961069620797649,0.49678535831418824
Spa,302,1,-0.24254281441915745,0.5128277918306753,0.5128277918306753,-0.8814637922444089,-0.27620195655132224,0.0,0.49292896715480045,0.0,-0.30610347837309776,0.7200338793697708,0.3338489293859718,0.30279007564452315
Spa,302,2,-2.4369778020210524,-1.7921401327416087,-1.7921401327416087,0.8814637922444089,-0.27620195655132224,0.0,-1.1302835158528202,0.0,-0.30610347837309776,-1.2275752609961237,-2.8377158997807506,-2.228534956743681
Spa,302,3,-0.46198631317934696,-0.6396561704554666,-0.6396561704554666,0.5876425281629392,-0.27620195655132224,0.0,0.49292896715480045,0.0,-0.30610347837309776,-0.6559943176278719,-2.8377158997807506,-0.25038410101374087
Spa,302,4,-0.24254281441915745,0.30328525323319494,0.30328525323319494,-0.5876425281629392,-0.27620195655132224,0.0,0.49292896715480045,0.0,-0.30610347837309776,0.6595491234577866,0.3338489293859718,0.11471085558071173
Spa,302,10,2.171335671942927,0.8271415997268958,0.8271415997268958,0.2938212640814696,-0.27620195655132224,0.0,0.49292896715480045,0.0,-0.30610347837309776,0.1756710761619122,0.3338489293859718,1.2099957253640696
Spa,302,11,-0.24254281441915745,0.6175990611294154,0.6175990611294154,-1.0283744242851436,-0.27620195655132224,0.0,0.49292896715480045,0.0,-0.30610347837309776,0.7200338793697708,0.3338489293859718,0.43555187804250595
Spa,302,14,0.415787681861411,0.7223703304281557,0.7223703304281557,-0.734553160203674,-0.27620195655132224,0.0,0.49292896715480045,0.0,-0.30610347837309776,0.6797107087617802,0.3338489293859718,0.6568215487058054
Spa,302,16,0.6352311806216006,0.7223703304281557,0.7223703304281557,-0.5876425281629392,-0.27620195655132224,0.0,-2.0878836638230633,0.0,-0.30610347837309776,0.6746703124357826,0.3338489293859718,0.7121389663716342
Spa,302,18,-0.023099315658967973,0.5128277918306753,0.5128277918306753,-0.734553160203674,-0.27620195655132224,0.0,0.49292896715480045,0.0,-0.30610347837309776,0.6595491234577866,0.3338489293859718,0.3470440097771816
Spa,302,20,-1.1203168094599154,-1.8969114020403488,-1.8969114020403488,1.9098382165295524,0.6625511736428881,0.0,0.49292896715480045,0.0,1.404474783123625,-1.8808106248455538,0.3338489293859718,-1.5116212237945772
Spa,302,22,-0.46198631317934696,0.4080565225319351,0.4080565225319351,-0.8814637922444089,-0.27620195655132224,0.0,0.49292896715480045,0.0,-0.30610347837309776,0.437771685113843,0.3338489293859718,0.17002827324654038
Spa,302,23,0.19634418310122154,-0.22057109326050595,-0.22057109326050595,0.4407318961222044,-0.27620195655132224,0.0,-2.0878836638230633,0.0,-0.30610347837309776,-1.6237504122196205,0.3338489293859718,-0.018050946817271044
Spa,302,24,-0.46198631317934696,-1.5825975941441282,-1.5825975941441282,1.9098382165295524,-0.27620195655132224,0.0,0.49292896715480045,0.0,-0.30610347837309776,-1.7477441618391882,0.3338489293859718,-1.3257547004374044
Spa,302,31,0.6352311806216006,0.6175990611294154,0.6175990611294154,-0.4407318961222044,-0.27620195655132224,0.0,0.49292896715480045,0.0,-0.30610347837309776,0.7200338793697708,0.3338489293859718,0.6568215487058054
Spa,302,44,1.732448674422548,1.1414554076231163,1.1414554076231163,-0.4407318961222044,-0.27620195655132224,0.0,0.49292896715480045,0.0,-0.30610347837309776,0.7200338793697708,0.3338489293859718,1.2321226924304025
Spa,302,55,0.6352311806216006,0.6175990611294154,0.6175990611294154,-0.4407318961222044,-0.27620195655132224,0.0,0.49292896715480045,0.0,-0.30610347837309776,0.7200338793697708,0.3338489293859718,0.6457580651726428
Spa,302,63,0.415787681861411,0.6175990611294154,0.6175990611294154,-0.5876425281629392,-0.27620195655132224,0.0,0.49292896715480045,0.0,-0.30610347837309776,0.7200338793697708,0.3338489293859718,0.6789485157721384
Spa,302,77,-0.6814298119395364,-1.6873688634428683,-1.6873688634428683,1.9098382165295524,4.032882087729589,0.0,-2.0878836638230633,0.0,3.7992843492190365,-1.1307996515369483,0.3338489293859718,-1.8036971890701377
Spa,302,81,-0.46198631317934696,0.19851398393445477,0.19851398393445477,-0.5876425281629392,-0.27620195655132224,0.0,0.49292896715480045,0.0,-0.30610347837309776,0.6595491234577866,0.3338489293859718,-0.024689036937171692
Spa,303,1,1.503688236736091,1.4106758070950414,1.4221019356673648,1.4517379626748421,0.6020879642849545,0.7762797416477759,0.22360679674997913,-0.03550518976621357,-0.40186065929564685,-0.18293540692205734,0.3248931437714102,1.2232817040421724
Spa,303,2,-1.0557811023891701,-1.37093846041631,-1.3010719836956752,-0.8367159686352535,-1.1355106512770452,-0.6304854439836438,0.22360679674997913,0.6357218981318639,-1.4247787011391129,-0.3329996079128076,-2.9240382939426888,-1.2048263043447223
Spa,303,3,-1.7966801216096404,-1.6689685605068119,-1.704505156934644,-1.7425623164454997,-1.705569014617008,-1.09200644897438,0.22360679674997913,0.6531820941829913,-1.4247787011391129,2.318134609590447,0.3248931437714102,-1.874112486143674
Spa,303,4,0.7291119893692358,0.6159288735203695,0.6152355891894269,0.7365961091404372,0.1855298483753066,0.43903300928641426,0.22360679674997913,-0.25264339605158537,0.6210573825478192,-0.6331280098943081,0.3248931437714102,0.9431153953821461
Spa,303,10,-0.4495909957542398,0.11921204003619963,0.11094412264071586,-0.6936875979283726,1.2585585537089043,1.307760350760634,0.22360679674997913,0.21915682648910148,0.3287950848782576,-1.3834490148480594,0.3248931437714102,-0.21090297124129512
Spa,303,11,0.6617575330764658,1.4106758070950414,1.4221019356673648,0.2598348734508339,-0.6940121546175112,-2.5039458711353086,0.22360679674997913,-1.2283169556978994,-1.4247787011391129,1.3177066029854452,0.3248931437714102,0.7485554588126834
Spa,303,14,0.25763079531984556,0.6159288735203695,0.6152355891894269,0.06913037917499261,0.7501552740218012,-0.76158989898108,0.22360679674997913,-1.2283169556978994,1.497844275556504,-0.3115618649141288,0.3248931437714102,0.45615966842543293
Spa,303,16,1.368979324150551,1.2119890737013734,1.2203853490478802,1.3563857155369214,0.21367982111934275,0.46182331383553205,0.22360679674997913,-1.2283169556978994,-0.40186065929564685,1.24267450249007,0.3248931437714102,1.0053745750843741
Spa,303,18,1.065884270833086,0.8146156069140374,0.8169521758089113,1.1180050976921199,0.41067391158730876,0.6213103356157774,0.22360679674997913,-1.2283169556978994,0.6210573825478192,0.11719299505944318,0.3248931437714102,0.9508977928449246
Spa,303,20,-0.92107218980363,-0.3775047934479702,-0.3933473439079952,-1.1227727100490155,0.7620614585603726,0.905794774840685,0.22360679674997913,0.6822968321743255,0.3287950848782576,-1.3834490148480594,0.3248931437714102,-0.6111405550413337
Spa,303,22,-0.6179771364861648,-0.6755348935384722,-0.6959222238372219,-0.5506592272214916,-2.143910719215385,-1.4468892417647534,0.22360679674997913,2.5338548879049947,-0.8402541057999897,0.2458194530515149,0.3248931437714102,-0.4243630159346495
Spa,303,23,-0.7190088209253199,-1.172251727022642,-1.2002136903859328,-0.455306980083571,-0.3815251771415733,-0.020056484161688433,0.22360679674997913,0.23552882497710828,0.6210573825478192,-0.3329996079128076,0.3248931437714102,-0.8935304058335819
Spa,303,24,-1.1904900149747102,-0.9735649936289741,-0.9984971037664485,-1.2181249571869361,-1.4190921519444162,-0.8600738994848828,-4.2485291382496,1.0001070339872693,-0.8402541057999897,0.20294396705415757,0.3248931437714102,-1.2337323520636143
Spa,303,27,-0.8200405053644749,-1.569625193809978,-1.5027885703151596,-0.4076308565146107,0.23154523619818815,0.476287208854029,0.22360679674997913,0.1545918707716149,-1.4247787011391129,1.24267450249007,0.3248931437714102,-1.399386240914185
Spa,303,31,-0.3148820831686997,-0.3775047934479702,-0.3933473439079952,-0.26460248580772966,-0.4424156273004531,-0.06935357996607953,0.22360679674997913,0.5345699467149534,-0.40186065929564685,-0.2204514571697449,0.3248931437714102,-0.37989217329020036
Spa,303,44,0.19027633902707553,0.6159288735203695,0.6152355891894269,-0.026221867962928046,1.1671451152224541,-0.6541533551996426,0.22360679674997913,-1.2283169556978994,1.497844275556504,0.8032007710171586,0.3248931437714102,0.47394800548321364
Spa,303,55,0.9985298145403159,0.6159288735203695,0.6152355891894269,1.1180050976921199,1.401222525016805,1.4232615408988194,0.22360679674997913,-1.2283169556978994,1.497844275556504,0.3315704250462293,0.3248931437714102,1.0431747913321558
Spa,303,63,1.032207042686701,0.3178987734298676,0.3126607092602003,1.3087095919679612,-0.17252328053046484,0.1491520944192456,0.22360679674997913,0.2096465260991633,0.6210573825478192,-0.7456761606373709,0.3248931437714102,0.834161830903247
Spa,303,77,-0.9884266460964001,-0.4768481601448042,-0.4942056372177374,-1.170448833617976,0.5923828020761905,0.7684224124614385,0.22360679674997913,0.8405756513187478,0.6210573825478192,-1.3834490148480594,0.3248931437714102,-0.6678408794130052
Spa,303,81,1.065884270833086,0.9139589736108714,0.9178104691186536,1.0703289741231594,0.51951626647223,0.7094294410311119,0.22360679674997913,-0.04118207274694032,0.3287950848782576,-0.9118186688771301,-2.9240382939426888,1.2210581619099505
Spa,304,1,1.4149736878223904,1.1336190778886202,1.1826153826768564,-0.08171697869727661,0.8255502390647945,-0.3248751275867878,0.0,0.04583341460204372,1.1333388297837523,0.48135588891939274,0.3248931437714102,1.1956735587081742
Spa,304,2,-1.3139041386922197,-1.4733098120294619,-1.6627750117336269,1.3191455132560381,-0.5344981890177968,-0.3248751275867878,0.0,2.35961671355149,-0.5368447088449354,-2.015784481382753,-2.9240382939426888,-1.4551885938950313
Spa,304,3,-1.3139041386922197,-0.9203248959862325,-0.8328694800305693,-0.31519406068949574,-0.5344981890177968,-0.3248751275867878,0.0,0.25099912895016097,-0.5368447088449354,-0.37574839659685527,0.3248931437714102,-1.0400810590093632
Spa,304,4,0.7074868439111952,0.8966255424415217,1.0047784830262012,-1.0156253066661531,-0.5344981890177968,-0.3248751275867878,0.0,-0.6732922539145637,-0.5368447088449354,0.9805484947695151,0.3248931437714102,0.8934461429580847
Spa,304,10,-0.808556393041366,-0.6043335153901013,-0.5957536138296956,-0.08171697869727661,-0.5344981890177968,-0.3248751275867878,0.0,0.5489216518737483,-0.5368447088449354,-0.336189737265336,0.3248931437714102,-0.6446365126182823
Spa,304,11,0.9096259421715367,0.8966255424415217,0.47126778407423564,-0.5486711426817148,-0.5344981890177968,-0.3248751275867878,0.0,-0.6732922539145637,-0.5368447088449354,0.3604822076286392,0.3248931437714102,0.7623595529941892
Spa,304,14,0.6064172947810245,0.422638471547325,0.530546750624454,0.15176010329494252,-0.5344981890177968,-0.3248751275867878,0.0,-0.00922278997946364,-0.5368447088449354,0.008849680237358746,0.3248931437714102,0.5074689613977263
Spa,304,16,1.212834589562049,1.212616923037653,0.5898257171746725,-0.782148224673934,-0.5344981890177968,-0.3248751275867878,0.0,-0.6732922539145637,-0.5368447088449354,1.2945061085117309,0.3248931437714102,1.042739203750297
Spa,304,18,0.5053477456508537,0.2646427812492594,0.530546750624454,0.3852371852871616,1.7189097277454315,-0.3248751275867878,0.0,-0.6732922539145637,2.3263270716613875,0.1328629376655342,0.3248931437714102,0.29263260562356647
Spa,304,20,-1.5160432369525612,-1.3943119668804291,-1.0107063796812246,0.6187142672793807,-0.5344981890177968,-0.3248751275867878,0.0,0.615831845865507,-0.5368447088449354,-0.7713349899120466,0.3248931437714102,-1.313178121434145
Spa,304,22,-0.30320864739051223,0.18564493610022662,-0.0029639483275115943,-1.2491023886583723,-0.5344981890177968,-0.3248751275867878,0.0,-0.6732922539145637,-0.5368447088449354,0.3758661307020083,0.3248931437714102,0.04356808469216558
Spa,304,23,-0.6064172947810245,-1.3943119668804291,-1.6627750117336269,2.720008005209353,-0.5344981890177968,-0.3248751275867878,0.0,2.65485872576338,-0.5368447088449354,-1.9957696835066865,0.3248931437714102,-1.1930154139672404
Spa,304,24,-1.3139041386922197,-1.078320586284298,-0.9514274131310061,0.15176010329494252,1.5809978422628315,2.9563337953536655,0.0,-0.6732922539145637,1.1333388297837523,-0.7163924075071593,0.3248931437714102,-1.1493198839792769
Spa,304,27,-1.1117650404318782,-1.3153141217313964,-1.1885432793318798,1.3191455132560381,-0.5344981890177968,-0.3248751275867878,0.0,0.7940512527378595,-0.5368447088449354,-1.08215302751684,0.3248931437714102,-1.2804064739431722
Spa,304,31,-0.6064172947810245,-0.36733997994300294,-0.5364746472794772,-0.31519406068949574,-0.5344981890177968,-0.3248751275867878,0.0,0.14532484969547518,-0.5368447088449354,-0.5735416932544509,0.3248931437714102,-0.5157346991537858
Spa,304,44,0.7074868439111952,0.5016363166963578,0.7083836502751093,0.15176010329494252,1.237118732086618,-0.3248751275867878,0.0,-0.6732922539145637,1.1333388297837523,0.7560688009438306,0.3248931437714102,0.5329580205573733
Spa,304,55,0.808556393041366,1.0546212327395872,1.3604522823275118,-1.2491023886583723,-0.5344981890177968,-0.3248751275867878,0.0,-0.6732922539145637,-0.5368447088449354,1.6131730864600786,0.3248931437714102,1.335863384086229
Spa,304,63,0.7074868439111952,0.7386298521434561,0.7083836502751093,-0.5486711426817148,-0.5344981890177968,-0.3248751275867878,0.0,-0.6732922539145637,-0.5368447088449354,0.6132180866911232,0.3248931437714102,0.6731478459354282
Spa,304,77,0.0,-0.20934428964493734,-0.1808008479781668,0.6187142672793807,2.654896294107278,2.8914185012085154,0.0,-0.6732922539145637,2.3263270716613875,0.07635056719193423,0.3248931437714102,-0.1770943417470563
Spa,304,81,1.3139041386922197,1.4496104584847511,1.538289181978167,-1.2491023886583723,-0.5344981890177968,-0.3248751275867878,0.0,-0.6732922539145637,-0.5368447088449354,1.1736324272209777,-2.9240382939426888,1.4887977390441063
Spa,305,1,0.9119319502631819,0.916236680362588,0.9932318041623027,-0.597978150674461,-0.5432736703523958,-0.34760642286756843,-2.398411292912353,-0.5330183510236817,-0.6539561759283613,1.260691587104335,1.159542069019182,0.9521760606067984
Spa,305,3,-1.0703988137515383,-1.2541928329553458,-1.5099265163006446,1.4018176319089826,-0.5432736703523958,-0.34760642286756843,1.0082607172086182,1.5635350171343267,-0.6539561759283613,-1.4907373730067544,-0.8116794483134284,-1.2634611339583628
Spa,305,4,0.810273962364991,0.916236680362588,0.811183926310452,-0.9312774477717016,-0.5432736703523958,-0.34760642286756843,-0.37956465996334093,-0.5330183510236817,-0.6539561759283613,0.7345329967559412,1.159542069019182,0.8658758831609279
Spa,305,10,0.149497041026751,0.3204325002360964,-0.32661531026361496,-0.7646277992230813,-0.5432736703523958,-0.34760642286756843,1.0082607172086182,-0.5330183510236817,-0.6539561759283613,0.0914502752190154,1.159542069019182,0.08378052505772667
Spa,305,11,0.6069579865686096,0.7460069146121618,0.8566958957734147,-0.9312774477717016,-0.5432736703523958,-0.34760642286756843,1.0082607172086182,-0.5330183510236817,-0.6539561759283613,0.70947782578697,-0.8116794483134284,0.8550883609801941
Spa,305,14,0.7594449684158957,0.7034494731745553,0.9022078652363773,-0.26467885357722043,-0.5432736703523958,-0.34760642286756843,-1.2654371051117475,-0.5330183510236817,-0.6539561759283613,0.28353991931446076,-0.8116794483134284,0.7597985817170438
Spa,305,16,1.1152479260595634,0.7885643560497684,0.6291360484586013,0.5685693891658811,-0.5432736703523958,-0.34760642286756843,-0.4244990210842322,-0.5330183510236817,-0.6539561759283613,0.4756295634099061,1.159542069019182,0.747213139172856
Spa,305,18,0.30198402287403714,0.27787505879848984,0.4015762011437879,-0.09802920502860012,1.763335524869356,-0.34760642286756843,0.38304693359066755,-0.5330183510236817,1.9815999641277504,0.2250778537201948,1.159542069019182,0.2833496854013022
Spa,305,20,-0.6637668621587753,-0.3179291213280018,0.08299241490304914,-0.9312774477717016,-0.5432736703523958,-0.34760642286756843,-0.8150952735745073,-0.5330183510236817,-0.6539561759283613,0.4553468059588341,-0.8116794483134284,-0.2614201847257553
Spa,305,23,-1.527859759293397,-1.3393077158305589,-1.0548068216710178,0.23527009206864047,-0.5432736703523958,-0.34760642286756843,1.0082607172086182,-0.5330183510236817,-0.6539561759283613,-1.6540599689526403,-0.8116794483134284,-1.3558633441529315
Spa,305,24,-1.7311757350897785,-1.509537481580985,-1.5554384857636072,0.23527009206864047,0.17444487719372465,2.062004163305453,1.0082607172086182,1.8192453736611343,0.30442787500113366,-1.6054681222249387,-0.8116794483134284,-1.5912274644598503
Spa,305,27,-1.4770307653443016,-1.892554454519444,-2.056070149856197,2.5683651717493245,0.49913484673461306,3.1520921797080743,1.0082607172086182,2.1362787479398753,1.2628119259306287,-1.696577834839379,-0.8116794483134284,-1.8265915847667704
Spa,305,31,-0.8670828379551568,-0.7435035357040672,-0.4176392491895403,0.06862044352002017,2.648003255562069,-0.34760642286756843,-0.08664571868175588,-0.5330183510236817,1.2628119259306287,-0.22667447132640575,-0.8116794483134284,-0.6929210719551077
Spa,305,55,0.9627609442122773,0.916236680362588,0.8566958957734147,-0.43132850212584073,1.4343655398689867,-0.34760642286756843,-0.22002565197318802,-0.5330183510236817,1.9815999641277504,0.6426640365363804,1.159542069019182,0.8658758831609279
Spa,305,63,0.7086159744668004,0.7460069146121618,0.44708817060675055,-0.597978150674461,-0.5432736703523958,-0.34760642286756843,0.5825871073425685,-0.5330183510236817,-0.6539561759283613,0.49140504142740665,-0.8116794483134284,0.6351427698507879
Spa,305,77,0.0478390531285602,-0.3179291213280018,-0.0535434934858389,1.4018176319089826,-0.5432736703523958,-0.34760642286756843,-0.7123283446912694,1.4101794245725245,0.4002662800940834,0.00960338338704341,-0.8116794483134284,-0.21395508713052674
Spa,305,81,0.9627609442122773,1.0439090046754076,0.9932318041623027,-0.9312774477717016,-0.5432736703523958,-0.34760642286756843,-0.7131912761925497,-0.5330183510236817,-0.6539561759283613,1.2940984817296297,1.159542069019182,1.1571389820407407
Spa,306,1,-0.05300517181290658,0.8133097392882885,1.3146907088878297,-0.47977331106000876,0.09588055757423052,0.4720960063380517,0.32168405963560337,-0.3820150651578522,0.20320495883529838,0.7814712323937457,-0.22360679674997821,0.7764772009559048
Spa,306,2,-0.2044485198497819,-1.4004327463484725,-1.3571980297294677,0.44567774580701375,-0.23485742112221852,0.2669384835489875,0.32168405963560337,0.3139300699018711,-0.23578024916234197,-1.8639349281905047,-0.22360679674997821,-1.2050440893277676
Spa,306,3,-1.0373869340525963,-1.4966824196370274,-0.4463268688372073,-0.5771892117828532,0.19144357459616915,0.5313739638309951,0.32168405963560337,0.3682432149433557,0.3129512608347083,-0.10170220846486314,-0.22360679674997821,-1.02994121606555
Spa,306,4,-0.24230935685900074,1.0058090858653983,0.40381954799556913,-0.8207289635899645,-1.4510402395618454,-0.4874624935419901,-3.327293541302742,1.3259157790984106,0.20320495883529838,0.7060449292148272,-0.22360679674997821,0.7764772009559048
Spa,306,10,-0.6587785639604079,-0.1491869935972597,-0.32487738071823924,-0.7720210132285422,-1.803967789181133,-0.7063842578016716,0.32168405963560337,0.9175851343735062,-1.7513244196303839,-0.5251996769629464,-0.22360679674997821,-0.8136576865064846
Spa,306,11,-0.015144334803687749,0.9095594125768434,0.100195827698149,-0.47977331106000876,-0.43818694943386693,-0.8687153317486321,0.32168405963560337,0.5406176972616369,-0.17801903758370488,0.39957594998259016,-0.22360679674997821,0.6637229877220711
Spa,306,14,1.2342632865005336,0.6208103927111789,1.1932412207688616,1.273712901951192,0.8808900467554942,0.6664292160460882,0.32168405963560337,-0.3640554837391458,0.457354289781299,0.5345493346185491,-0.22360679674997821,0.9740556846959271
Spa,306,16,2.1429233747217857,1.198308432442508,1.0717917326498936,2.1504560084567923,-0.7198114875866737,-1.5161909852932736,0.32168405963560337,-1.11566828898268,-0.8133923649487094,1.4793630270702656,-0.22360679674997821,1.5698944628857299
Spa,306,18,0.2877423612700629,0.33206137284551446,0.8288927564119574,0.20213799399990257,0.4966553221844749,0.7206975072236554,0.32168405963560337,-0.7348960576085379,-0.23578024916234197,0.3919972305244211,-0.22360679674997821,0.4530729146246642
Spa,306,20,0.2498815242608441,0.7170600659997337,-0.32487738071823924,-0.041401757807208624,-0.4278780476799529,-0.6204211528502797,0.32168405963560337,-1.4515766009254218,-0.026739673925371146,-0.10855914511749229,-0.22360679674997821,0.03616131161938425
Spa,306,22,-1.2645519561079093,-0.24543666688581453,-0.5677763569561753,-1.5026402686498759,1.138926880511638,1.1191000202450228,0.32168405963560337,-0.3833069229449587,-0.23578024916234197,0.07657814450348938,-0.22360679674997821,-0.7261913338759881
Spa,306,23,-1.302412793117128,-0.4379360134629242,-0.6285011010156594,-1.4539323182884536,0.16951140762762812,0.5177693906205151,0.32168405963560337,1.1174466138858083,-0.026739673925371146,-1.509333347011693,-0.22360679674997821,-0.8061702944525116
Spa,306,24,-0.5073352159235326,-0.9191843799056983,-0.6892258450751434,-0.18752560889147535,0.7920023106875116,0.9039019180485311,0.32168405963560337,0.16704526877367462,-0.9515170013324062,-0.39714673988900673,-0.22360679674997821,-1.114618293197679
Spa,306,27,-1.529577815172441,-1.5929320929255821,-2.2680691906217283,-1.1616846161199201,-1.1656922844765176,-0.3104605059596686,0.32168405963560337,2.0887745352848275,0.3129512608347083,-1.8227933082747307,-0.22360679674997821,-1.6088527562385988
Spa,306,31,-0.28017019386821956,-1.4004327463484725,-0.9321248213130795,0.3482618450841693,-0.19458114275417068,0.29192195091405604,0.32168405963560337,0.5956545865521421,-0.23578024916234197,-0.03313284193857379,-0.22360679674997821,-0.9012942071382067
Spa,306,44,1.2342632865005336,1.2945581057310627,0.6467185242335053,0.9327572494212362,-1.3562330258528823,-0.4286533625685078,0.32168405963560337,-0.9674763086344049,-1.7513244196303839,1.1844631950925388,-0.22360679674997821,0.792387909070597
Spa,306,55,0.70421156837147,-0.1491869935972597,1.0110669885904096,0.9814651997826584,2.2036897602163457,-2.920768821684682,-2.463019532138181,-1.4515766009254218,2.507877300822906,0.8788397328610773,4.2485291382496015,0.588866979603529
Spa,306,63,1.2721241235097525,0.4283110461340693,1.3146907088878297,1.4198367530354585,0.2594361423018903,0.573549908709028,0.32168405963560337,0.5675957080709244,-0.026739673925371146,0.7462722909102508,-0.22360679674997821,1.0619340230136025
Spa,306,77,-0.8859435860157209,-0.8229347066171435,-0.9321248213130795,-0.7233130628671199,0.40256748274024073,0.6623346057478912,0.32168405963560337,0.2993393216976872,2.0140189418255616,-1.52657364488116,-0.22360679674997821,-0.8627001044600029
Spa,306,81,0.8556549164083455,1.2945581057310627,0.5859937801740213,0.44567774580701375,1.1612449024536278,1.1329439401758903,0.32168405963560337,-1.4515766009254218,0.457354289781299,0.7092207735592032,-0.22360679674997821,1.375419306115448
Spa,307,1,1.4642375250282031,1.4953515247494085,1.2037214181993041,-0.08218043832757806,1.1703010590085683,-1.1837165832499854,0.4141378091425135,-0.703879091357112,1.0570769475310493,0.6153875800243219,1.4327007958227578,1.4933710141014538
Spa,307,2,-0.927350432517862,-0.7872961873894325,-1.1456803435272198,-0.2903708820907755,-0.4230572115669771,0.23993812711406004,0.4141378091425135,1.1606353125022377,-0.03450842337978581,-1.531849928572769,-0.6612465211489654,-0.9099726309200705
Spa,307,3,-0.488079175009401,-0.9329971051855288,-1.1456803435272198,0.9587717804884092,-0.35558056947468286,0.2988071674753806,0.4141378091425135,1.635924042379927,-0.43144855825645306,-1.0600522341348397,-0.6612465211489654,-0.9171131059775663
Spa,307,4,0.1464237525028203,0.9611148261637222,0.8201456203664022,-1.7477039884331576,-2.0548731671972167,-1.1837165832499854,0.4141378091425135,-0.08609358521314883,-2.2176791652014556,0.9963661424171029,-0.6612465211489654,0.7485939639080315
Spa,307,10,-0.4392712575084609,-0.4473273791985414,-0.7621045456943181,0.021914783554020666,-0.1910840158485831,0.4423198550431409,0.4141378091425135,0.11462735360497385,-0.03450842337978581,-0.8291561357149727,-0.6612465211489654,-0.5060257562388922
Spa,307,11,1.415429607527263,1.1553827165585173,1.1557744434701913,0.5423908929620143,0.019060437739844047,-0.5813754540285981,0.4141378091425135,-0.703879091357112,-0.03450842337978581,0.754021445783917,1.4327007958227578,1.2275795809344983
Spa,307,14,0.4392712575084609,0.621146017972831,1.0119335192828531,-0.3944661039723742,0.2532624591287366,0.8299836414845472,-1.5748758089998671,-0.703879091357112,1.0570769475310493,0.04201484362318656,1.4327007958227578,0.5756542081851515
Spa,307,18,0.976158350018802,1.009681798762421,0.7242516709081767,-0.08218043832757806,0.5514053698814496,-0.09951803537082997,0.4141378091425135,-0.703879091357112,-0.03450842337978581,0.22911764870941903,1.4327007958227578,0.9582816644803789
Spa,307,20,-1.4642375250282031,-1.078698022981625,-1.0018394193398816,-0.810846991498769,1.4620710949716837,1.8845916090122896,0.4141378091425135,-0.703879091357112,0.23838791934792306,-0.651366139931675,-0.6612465211489654,-1.2774520794147532
Spa,307,22,-0.4392712575084609,-0.690162242192035,-0.7141575709652053,0.5423908929620143,0.11833637260568851,0.7122692889763712,0.4141378091425135,0.2932895805528798,0.4021257249845484,-0.5446921424616964,-0.6612465211489654,-0.732123798595162
Spa,307,23,-0.8297345975159818,-0.8844301325868301,-1.1456803435272198,0.12601000543561938,-0.13199398752195743,0.49387211304901096,0.4141378091425135,1.1165423158514503,0.4021257249845484,-1.7181061146314618,-0.6612465211489654,-0.8836038766006038
Spa,307,24,-0.6833108450131614,-1.078698022981625,-1.1936273182563326,0.8546765586068105,0.9229659455943476,1.4142569596638384,0.4141378091425135,-0.3764162982168741,1.0570769475310493,-1.1466382710422902,-0.6612465211489654,-1.1461693451433705
Spa,307,27,-0.7809266800150416,-1.7100686667647087,-0.8100515204234308,1.9997239993043963,0.7369541762534526,1.2519736269806263,0.4141378091425135,-0.4524339651796911,1.0570769475310493,-0.49135514372670686,-0.6612465211489654,-1.1613173529439138
Spa,307,31,-0.3904633400075208,-0.39876040659984263,-0.5703166467778671,0.021914783554020666,-1.033227388981779,-0.2923961990720996,0.4141378091425135,-0.703879091357112,-0.3463899579257386,-0.11799615258178157,-0.6612465211489654,-0.5092316838157263
Spa,307,44,0.8785425150169218,1.1553827165585173,1.3475623423866423,-0.6026565477355716,0.8301271550405183,-1.1837165832499854,-2.431747599519861,-0.703879091357112,0.6932151572274374,1.702234756628172,1.4327007958227578,1.2163588344155762
Spa,307,55,1.3666216900263228,0.6697129905715298,0.48451679726261304,1.4792478898964028,1.1721389136620433,-1.1837165832499854,0.4141378091425135,-0.703879091357112,1.0570769475310493,0.8630236455796295,1.4327007958227578,0.9442557313317272
Spa,307,63,0.8785425150169218,0.8639808809663247,0.8201456203664022,0.021914783554020666,-0.87564802051133,-1.1837165832499854,0.4141378091425135,-0.703879091357112,-0.7622320039870091,1.050338105422747,-0.6612465211489654,0.8853468121073877
Spa,307,77,-1.8058929475347838,-0.7387292147907338,-0.37852874786141616,-2.2681800978411513,-2.0548731671972167,-1.1837165832499854,0.4141378091425135,2.7927633560672476,-2.2176791652014556,1.2099862649016266,-0.6612465211489654,-0.8698985362096352
Spa,307,81,0.6833108450131614,0.815413908367626,1.2996153676575295,-0.2903708820907755,-0.11628545558659693,0.5075767991721729,-2.619581537760496,0.1360737098650075,-0.9077767201084536,0.628721829708069,-0.6612465211489654,0.8634663563954919
Spa,308,1,0.8850660658709609,1.0416336340445618,0.6145218589357465,-0.3785896867358531,-0.507573831326048,-0.8425306030717878,-0.9604589884009096,-0.2761208680146627,-0.6932057622845559,0.9005881895030082,0.6168471691855618,0.9511805399367039
Spa,308,2,-0.41142526871552576,-1.2201993998807732,-0.3242452019510234,1.8478782328773775,1.4413775037364485,1.8876026371103387,0.46946157365963165,-0.2761208680146627,0.44882240614203306,-0.7924578480716402,-1.0574522900323926,-1.057858683068162
Spa,308,3,-1.7079166033020126,-1.2201993998807732,-0.5002640258672928,-1.0636567389245395,0.13071652816816307,0.5454270486479137,0.04898817876192893,-0.2761208680146627,-0.15224505092459245,-0.17071777777586522,-1.0574522900323926,-1.1839847887898978
Spa,308,4,0.7325376735666684,1.3055141546691842,0.5558489176303234,-1.3205568834952968,-1.2246515365530783,-0.8425306030717878,-1.1060036407492564,-0.2761208680146627,-1.3543799650578447,1.2030886467815285,0.6168471691855618,1.120488803888594
Spa,308,10,-0.1826326802590869,-0.20237453461437246,0.20381126979778472,0.04957722088207587,0.9247216932286059,1.358523928407482,0.30045002196308995,0.6607893535532467,0.6291426432620217,-0.47600809434417535,-1.0574522900323926,-0.09053558410061337
Spa,308,11,0.9231981639470341,1.0039364168124727,0.4971759763249003,-0.2073229236886815,-0.6402627246206141,-0.8425306030717878,-0.6568795368580381,-0.2761208680146627,-0.6932057622845559,0.6550805720015987,2.2911466284035162,0.9135564812807306
Spa,308,14,0.9994623600991804,0.890844765116206,0.790540682852016,0.22084398392924745,-1.2246515365530783,-0.8425306030717878,-0.46861814985103184,4.033265402696019,-1.3543799650578447,-0.011297246930795231,0.6168471691855618,0.8853384372887481
Spa,308,18,0.7706697716427415,0.7023586789557615,0.4385030350194772,0.13521060240566166,1.2544331215866662,-0.8425306030717878,-0.6976697469375456,-0.2761208680146627,1.4295114150402124,1.147018767972467,0.6168471691855618,0.7838524895982892
Spa,308,20,0.5037450851102296,-0.6547411413994394,0.20381126979778472,2.6185786665896496,1.1785473303519431,1.2261106824833028,-0.6286194400425059,-0.2761208680146627,1.1643789026499214,-0.10315383851295516,-1.0574522900323926,-0.28593434110858174
Spa,308,22,0.1224241043494982,-0.0515856656860168,0.3798300937140541,0.392110746976419,-0.5624552440850619,-0.16441191708929623,-0.21586967508741625,-0.2761208680146627,-0.09500053120396165,0.06803344579925114,0.6168471691855618,0.07462955434451919
Spa,308,23,-2.0892375840627437,-1.4086854860412177,-0.5589369671727159,-1.4918236465424684,-1.2246515365530783,-0.8425306030717878,0.9125933653275523,-0.2761208680146627,-0.6932057622845559,-0.6119140968895976,-1.0574522900323926,-1.3603475637397824
Spa,308,24,-1.4409919167695004,-1.2201993998807732,-3.6099299150547184,-0.4642230682594389,0.27599517290061676,0.6941988928696887,3.378469489000318,-0.2761208680146627,1.2903168460353107,-3.0976787240913595,-1.0574522900323926,-2.0023080645573628
Spa,308,27,-1.55538821099772,-1.5971715722016624,-0.9696475563106778,0.13521060240566166,0.7761867342762849,1.2064174724625085,0.8176470423160127,-0.2761208680146627,0.6291426432620217,-0.9494870709540351,-1.0574522900323926,-1.4426501920497286
Spa,308,31,0.08429200627342506,-0.24007175184646137,-0.030880495423907785,0.7346442730707622,0.017098413448161407,0.4290770063204617,0.4449568419127274,-0.2761208680146627,0.6291426432620217,-0.07705821590438679,-1.0574522900323926,-0.09523859143261136
Spa,308,44,0.6944055754905952,0.6269642444915836,0.5558489176303234,0.13521060240566166,0.035952778640090347,-0.8425306030717878,-0.3867437253659519,-0.2761208680146627,-0.09500053120396165,0.6191729952922095,0.6168471691855618,0.721852944319331
Spa,308,55,0.7325376735666684,1.0039364168124727,0.6731948002411697,-0.6354898313066104,0.09076907617866008,-0.8425306030717878,-0.28208407098086147,-0.2761208680146627,-0.032031559511266974,0.6463124428051203,0.6168471691855618,0.9464775326047086
Spa,308,63,0.5037450851102296,0.6646614617236726,0.5558489176303234,-0.3785896867358531,-1.2246515365530783,-0.8425306030717878,-0.44262478485677775,-0.2761208680146627,-1.3543799650578447,0.46607867598861,0.6168471691855618,0.658026416242231
Spa,308,77,-0.33516107256337946,-0.5416494897031727,-0.030880495423907785,0.4777441285000048,1.707751130281476,1.2423602795054802,0.11351364283485314,-0.2761208680146627,1.6509573202752856,-0.42579062712797894,0.6168471691855618,-0.5041864562557966
Spa,308,81,0.7706697716427415,1.1170280685087395,0.5558489176303234,-0.806756594353782,-1.2246515365530783,-0.8425306030717878,-0.640508396645816,-0.2761208680146627,-1.3543799650578447,1.010189804458994,0.6168471691855618,0.9676410655986942
Spa,309,1,0.6322016934253807,0.811717687158559,0.8190956257910115,0.2683774556298819,0.42454195603193146,0.09784979398755876,0.0,-0.7522102165803706,0.02237249987029522,0.6477763072249784,1.1413288631290224,0.6025759580370336
Spa,309,3,-1.4656394188425033,-1.2370457741567695,-1.2520016789657293,-1.3099375810506149,-1.9203052312543467,-0.7879078836962295,0.0,2.429660435378043,-1.4708285635531062,-0.9341898233332083,-0.8300573550029269,-1.335594846022207
Spa,309,4,1.1059077510342579,1.266998456339743,1.1149666693276887,0.6326040025561505,-0.8511226630297352,-0.3329173000890998,0.0,0.7824225822639158,0.3753109330430989,0.01718927981004662,1.1413288631290224,1.3678221496175968
Spa,309,10,-0.6197357445409372,-0.09884385120380929,0.16817933001032154,-1.006415458612058,0.21021079587736796,0.7574794189528555,0.0,-0.2040276831182475,-0.6246812942798453,1.1475913324695042,-0.8300573550029269,-0.4745329982436697
Spa,309,11,0.9705631631460072,0.5840773025679669,0.4048761648396633,1.1182393984578418,0.8492488354555332,-1.0092547362197604,0.0,-0.7522102165803706,0.7988370528504639,-0.16899458768680595,-0.8300573550029269,0.7838554276601272
Spa,309,14,0.5983655464533181,0.2995268218297268,0.16817933001032154,0.7540128515315733,1.264729535180556,-0.31645247787472003,0.0,-0.7522102165803706,1.0811877993887071,-0.6610519517856289,-0.8300573550029269,0.6095965652992411
Spa,309,16,0.8690547222298193,0.9255378794538549,0.8190956257910115,0.571899578068439,0.18755136606642558,-1.4731850622576768,0.0,-0.7522102165803706,0.02237249987029522,1.1475913324695042,1.1413288631290224,0.8618950199642382
Spa,309,18,1.1059077510342579,0.6978974948632629,0.6415729996690052,1.2396482474332646,-0.303737363479733,0.3846828994356477,0.0,-0.17733352043996692,-0.33056593330250933,-0.4615692366104304,1.1413288631290224,0.7913933428258653
Spa,309,20,0.2600040767326916,-0.041933755056161266,0.10900512130298609,0.5111951535807276,0.9849993583125516,1.3194786676686914,0.0,-0.15495655923871274,-0.33056593330250933,0.4427524055171364,1.1413288631290224,-0.17966749323097667
Spa,309,22,-0.9919333612336263,0.07188643723913475,0.04983091259565064,-1.8562774014400176,-1.1419849774633213,-0.22334689364229124,0.0,0.24293289489938563,-1.0868625758156607,0.15492734505006417,-0.8300573550029269,-0.33517658341489914
Spa,309,23,-1.6348201537028166,-1.8061467356332497,-2.0804406008684255,-1.006415458612058,-0.17532948213549873,0.47782461105027796,0.0,1.2837486154803397,0.02237249987029522,-2.0585391953185477,-0.8300573550029269,-1.722353562689618
Spa,309,24,-1.9393454764513804,-1.4077760625997136,-1.2520016789657293,-1.9776862504154407,-1.7711038769289646,-0.6796834556345871,0.0,1.792172391218601,-1.918788882580127,-0.8150969373931433,-0.8300573550029269,-1.7345472489871354
Spa,309,27,-0.6874080384850625,-1.6923265433379535,-1.488698513795071,0.571899578068439,-0.9015942907358804,-0.048977534194748325,0.0,1.1210067693527022,-1.4708285635531062,-0.8216611122087375,-0.8300573550029269,-1.4969266954970517
Spa,309,31,-0.5520634505968119,-1.1801356780091214,-1.3111758876730648,0.2683774556298819,1.3087299028530932,1.5542992776249371,0.0,-0.3457339765727237,1.9635338823207173,-1.753773936023105,-0.8300573550029269,-0.6615028548056037
Spa,309,44,0.801382428285694,0.5840773025679669,0.5823987909616697,0.8147172760192847,0.19138206578531233,-1.9950333684165091,0.0,-0.7522102165803706,0.7988370528504639,0.811130486207336,1.1413288631290224,0.8472625964072168
Spa,309,55,0.49685710553713014,1.0393580717491508,0.878269834498347,-0.21725794027180942,0.12382417793271354,-0.642375224407246,0.0,-0.7522102165803706,0.6694262940204362,1.1963537739567742,1.1413288631290224,0.866772494483245
Spa,309,63,0.7337101343415686,0.2995268218297268,0.28652774742499243,0.996830549482419,1.3634927840333633,1.59402198337074,0.0,-0.7522102165803706,1.0811877993887071,-0.08920150161672634,1.1413288631290224,0.5297833458973095
Spa,309,77,-0.4843911566526866,-0.2695741396467533,-0.12769171352635572,-0.581484487198078,-0.6374950795605203,0.1425889982286235,0.0,-0.7522102165803706,0.02237249987029522,1.037875839123145,-0.8300573550029269,-0.21846558599580415
Spa,309,81,0.801382428285694,1.153178264044447,1.4700119215717014,0.2076730311421705,0.7939621870591484,1.1809082861135394,0.0,-0.7522102165803706,0.3753109330430989,1.1608901801478506,-0.8300573550029269,0.8978109686951069
Spa,310,1,1.1992402428332918,1.3116652836192468,1.380407933495374,-1.1394344709844462,-0.44165502695974906,-0.3524427354963649,-2.416987230181387,-0.47386607612227494,-0.4304370095626904,1.1331344397975704,1.0289915088550527,1.3249146872130981
Spa,310,2,-1.1675980200672431,-1.439424889166575,-1.6600161098055672,1.894481409588597,-0.44165502695974906,-0.3524427354963649,0.8208331886411497,2.659089072915142,-0.4304370095626904,-1.8415018538388044,-0.9146591189822695,-1.5113997175901739
Spa,310,3,-0.737263790448964,-0.9567774904322203,-1.188964497463168,1.4277251202696672,-0.44165502695974906,-0.3524427354963649,0.8208331886411497,1.2057148255347256,-0.4304370095626904,-0.7791317489686705,-0.9146591189822695,-1.0047822410535108
Spa,310,4,0.9840731280241521,0.925547364631763,0.9521791950022838,-0.20592189234658673,-0.44165502695974906,-0.3524427354963649,-0.8288216354135672,-0.47386607612227494,-0.4304370095626904,0.9664881488375491,1.0289915088550527,0.9797350648348666
Spa,310,10,0.17719644748987898,0.10504678678336003,0.48112758265988437,0.26083439697234295,-0.44165502695974906,-0.3524427354963649,-1.3556741646909436,-0.47386607612227494,-0.4304370095626904,-0.2871464490662448,-0.9146591189822695,0.09144065200137938
Spa,310,11,0.7689060132150126,0.925547364631763,0.9093563211529747,-1.1394344709844462,-0.44165502695974906,-0.3524427354963649,-1.4433486741502566,-0.47386607612227494,-0.4304370095626904,1.4612193251251118,1.0289915088550527,1.0109339922421294
Spa,310,14,0.7151142345127278,0.6359589253911502,0.6524190780571205,0.02745625231287812,-0.44165502695974906,-0.3524427354963649,0.26603680674665464,0.16747199976154778,-0.4304370095626904,0.24435422134412518,1.0289915088550527,0.6504868096433232
Spa,310,16,1.1992402428332918,1.2634005437458113,1.1234706903995197,-0.9060563263249812,-0.44165502695974906,-0.3524427354963649,0.11303324891207202,-0.47386607612227494,-0.4304370095626904,0.9081619470015424,1.0289915088550527,1.160290559617325
Spa,310,20,-0.25313778212840005,-0.1845416524572528,-0.3753298943262962,-0.20592189234658673,-0.44165502695974906,-0.3524427354963649,-0.30307623381852533,-0.47386607612227494,-0.4304370095626904,-0.5030291441735446,1.0289915088550527,-0.316981670420973
Spa,310,22,0.17719644748987898,0.1533115266567955,-0.03274690353182398,0.02745625231287812,-0.44165502695974906,-0.3524427354963649,0.8208331886411497,-0.47386607612227494,-0.4304370095626904,0.1082597503934414,-0.9146591189822695,0.1279379659199734
Spa,310,23,-1.113806241364958,-0.8119832708119139,-1.53154748825764,-0.9060563263249812,-0.44165502695974906,-0.3524427354963649,0.8208331886411497,-0.47386607612227494,-0.4304370095626904,-1.5426747548218576,-0.9146591189822695,-1.1034118870001852
Spa,310,24,-1.4365569135786673,-1.246365929672833,-0.3753298943262962,-0.20592189234658673,2.5775542153802418,2.928342359411456,0.8208331886411497,-0.47386607612227494,2.6184918081730326,-0.26252824699260596,-0.9146591189822695,-0.9851335548565954
Spa,310,27,-1.1675980200672431,-1.3911601492931396,-1.188964497463168,1.661103264929132,-0.44165502695974906,-0.3524427354963649,0.8208331886411497,2.1279830913781588,-0.4304370095626904,-1.2983864419372813,-0.9146591189822695,-1.2728637016222246
Spa,310,31,-1.1675980200672431,-0.8602480106853494,-0.8892043805180045,-0.9060563263249812,-0.44165502695974906,-0.3524427354963649,0.8208331886411497,-0.47386607612227494,-0.4304370095626904,-0.28544211199960845,-0.9146591189822695,-0.9091940379333855
Spa,310,44,0.8764895706195824,1.0220768443786339,0.9093563211529747,-1.1394344709844462,-0.44165502695974906,-0.3524427354963649,0.5036558410537195,-0.47386607612227494,-0.4304370095626904,1.1721921642413253,1.0289915088550527,0.9870369414620981
Spa,310,55,1.4144073576424312,1.1186063241255049,0.7808876996050476,0.7275906862912727,1.552656248545896,-0.3524427354963649,-0.5676954500624882,-0.47386607612227494,1.0940273993051712,0.9039957897275412,1.0289915088550527,1.149669648159533
Spa,310,77,-0.46830489693753957,-0.5706595714447366,0.05289884416679408,0.7275906862912727,2.052959913510349,2.3582986730340183,0.28704517111668637,-0.47386607612227494,2.313598926399461,-0.09796503466958484,-0.9146591189822695,-0.37867951061668975
Spa,311,1,1.272585105216241,0.8994892582624672,0.7653038945605352,1.2442317130147305,0.45339799948517917,0.6787019991886594,-1.4684627785483297,-0.13959391997765205,0.07457643887877236,0.5007161944002596,0.3248931437714102,1.2169373271560662
Spa,311,2,-0.6729710706782625,-1.5075946722990665,-1.3693716570326497,0.1307169503945438,0.9065841366946275,1.031217806862292,0.5429197492073462,-0.2679313681174866,0.5924592936967249,-1.4155049606666865,-2.9240382939426888,-1.5103538767447842
Spa,311,3,-1.183280887306329,-1.3175617304126297,-1.7327206870910643,-0.789143070900393,0.13011343565968045,0.42723155521809797,0.5429197492073462,1.4551199269176287,0.9161360779579457,-2.051445988056473,0.3248931437714102,-1.3027609492752814
Spa,311,4,1.1769020145984785,0.8994892582624672,0.2202803494729135,1.0989906570207932,-1.8677318525437976,-1.1268143158993544,0.5429197492073462,2.644003501571228,-1.6085428392795749,0.08300335114633695,0.3248931437714102,0.9240122315106577
Spa,311,10,-0.7367597977567708,0.4560790605274478,-0.052231423070897336,-1.4669346655387676,-0.5455344289507597,-0.09832854722174524,0.5429197492073462,0.5715156672981346,-0.9964994654038125,0.04502945630507138,0.3248931437714102,-0.16484064927228037
Spa,311,11,-0.13076689051094184,0.5194233744895934,1.0832342958616479,-0.5954883295751432,-0.5839449217796954,-1.162323117340357,-0.5596792842776099,-0.9861599497002447,-0.7669832002004014,0.9564029324954485,0.3248931437714102,0.4303791999600587
Spa,311,14,1.2406907416769868,0.32939043260315654,0.9469784095897424,1.6315411956652304,0.9261094897696769,1.0464058169187047,-0.6640368330776927,-0.37767423591853805,0.5924592936967249,0.023121440050495087,0.3248931437714102,0.872270476724288
Spa,311,16,0.9855358333629535,1.0261778861867583,1.1286529246189496,0.7116811743702934,-0.5228178276175882,-0.922772022671852,-1.4950450072949928,-0.9861599497002447,-0.4864633205073437,1.3187371791058577,0.3248931437714102,0.7766455938865781
Spa,311,18,0.666592197970412,0.582767688451739,0.5382107507740261,0.566440118376356,-1.1339191223976108,-0.5560100348118188,0.5429197492073462,1.0242828956605845,-0.23144524805910952,0.13133376276249353,0.3248931437714102,0.7573309481299353
Spa,311,20,-0.162661254050196,0.13935749071671966,-0.006812794313595529,-0.3534199029185809,0.04048159152467324,0.357510442116339,0.5429197492073462,-0.4245485727038339,0.07457643887877236,-0.31572254468695293,0.3248931437714102,-0.0795274480152829
Spa,311,22,-0.6729710706782625,0.13935749071671966,1.2194901821335533,-1.1280388682195803,-1.1958840996113074,-0.6042101720103427,-3.1034460400357142,1.048864191742167,-0.23144524805910952,1.0116376886281984,0.3248931437714102,0.20994566838851306
Spa,311,23,-0.6091823435997541,-1.5709389862612122,-1.778139315848366,0.2759580063884812,1.277932934429286,1.3200755423793977,0.5429197492073462,-0.9861599497002447,2.3187354764232344,-1.9565112509533085,-2.9240382939426888,-1.2530360101996723
Spa,311,24,-1.7573794310129036,-1.3175617304126297,-1.4147902857899515,-1.6605894068640175,0.05043594458439033,0.3652535448297675,0.5429197492073462,-0.5034858029858128,0.5336089692855935,-0.8180136082691492,0.3248931437714102,-1.6245347285827394
Spa,311,27,-1.2470696143848372,-1.951004870034086,-1.4602089145472534,-0.40183358824989335,0.1589664058787968,0.44967515458149665,0.5429197492073462,0.02802664350599589,-0.05489427482571636,-0.9262259309811476,0.3248931437714102,-1.6522264301912788
Spa,311,31,-1.3427527050025996,-0.6841185907911734,0.2656989782302153,-1.51534835087008,1.1617033759015671,1.2296651053959464,0.5429197492073462,-0.9861599497002447,0.5924592936967249,0.6219405510089161,0.3248931437714102,-0.8009911095123111
Spa,311,44,0.28385983549936217,0.6461120024138847,0.2656989782302153,-0.06293779093070608,1.5658236308151934,-2.366699477441439,0.5429197492073462,-0.9861599497002447,0.5336089692855935,0.7786160611931588,0.3248931437714102,0.4515842153013938
Spa,311,55,0.6346978344311578,0.8994892582624672,0.583629379531328,0.2759580063884812,-0.27941279109608974,0.1086770877816308,0.5429197492073462,-0.10900167721566595,-0.4864633205073437,0.11623050913244458,0.3248931437714102,0.7178797567972206
Spa,311,63,1.4320569229125117,0.7728006303381759,0.03860583444370628,1.5831275103339177,-1.763033511224498,-1.0453735627034884,0.5429197492073462,0.9488087182307436,-2.356595851794396,0.19270571402110517,0.3248931437714102,1.0674611466621151
Spa,311,77,-0.06697816343243354,0.012668862792428405,-0.006812794313595529,-0.11135147626201854,1.1517899965411293,1.221953874523929,0.5429197492073462,-0.9861599497002447,0.9161360779579457,0.18743156195981778,0.3248931437714102,-0.05782929278229082
Spa,311,81,0.8898527427451911,1.0261778861867583,0.7653038945605352,0.566440118376356,0.06893961393713269,-0.3538366796958642,-0.31020654566848904,0.018573730193971325,0.07457643887877236,1.5165178814041176,0.3248931437714102,1.0216539300591267
Spa,312,1,0.45054868004162996,0.45054868004162996,0.7387178562824743,0.0,0.0,0.0,-1.0244052781511894,0.0,0.0,0.6361679806496746,-0.18560646713965165,0.7807434438969261
Spa,312,3,-2.2657399967478056,-2.2657399967478056,-0.20327135642671826,0.0,0.0,0.0,0.4421048505963936,0.0,0.0,-0.11339552604830945,-1.9488679049663369,-1.1209852479811377
Spa,312,4,0.36823690195710157,0.36823690195710157,0.17352432865695877,0.0,0.0,0.0,-1.8168852862912561,0.0,0.0,0.5989687991758295,-0.18560646713965165,0.3664429483620855
Spa,312,10,-0.7841279912262952,-0.7841279912262952,0.6445189350115551,0.0,0.0,0.0,-0.23339890525830245,0.0,0.0,0.3166535826332535,-0.18560646713965165,0.2969528755241745
Spa,312,11,0.03898978961898822,0.03898978961898822,0.3619221711987973,0.0,0.0,0.0,0.37770496793983027,0.0,0.0,0.6361679806496746,-0.18560646713965165,0.5452776946361196
Spa,312,14,0.9444193485488,0.9444193485488,0.8329167775533936,0.0,0.0,0.0,-0.020957929436182108,0.0,0.0,0.5454949758071765,1.5776549706870335,0.8272404779281747
Spa,312,16,0.9444193485488,0.9444193485488,0.26772324992787805,0.0,0.0,0.0,-1.8168852862912561,0.0,0.0,0.6361679806496746,1.5776549706870335,0.5870058021000587
Spa,312,18,1.2736664608869135,1.2736664608869135,0.26772324992787805,0.0,0.0,0.0,-1.8168852862912561,0.0,0.0,0.525345419175508,1.5776549706870335,0.6025048134438099
Spa,312,20,0.5328604581261582,0.5328604581261582,-0.2974702776976375,0.0,0.0,0.0,0.11011891449531748,0.0,0.0,-0.5178520809821204,-0.18560646713965165,-0.16680974961866749
Spa,312,22,0.7797957923797433,0.7797957923797433,1.2097124626370706,0.0,0.0,0.0,0.6548793620415917,0.0,0.0,0.6361679806496746,-0.18560646713965165,1.0741175871893298
Spa,312,23,-0.8664397693108236,-0.8664397693108236,-2.5582443881996997,0.0,0.0,0.0,0.7955697601593417,0.0,0.0,-3.2883456648410103,-0.18560646713965165,-2.194470618282066
Spa,312,24,-1.5249339939870503,-1.5249339939870503,-0.5800670415103952,0.0,0.0,0.0,-0.48337257847010157,0.0,0.0,-0.9873105822445761,-0.18560646713965165,-1.363655482734699
Spa,312,27,-1.689557550156107,-1.689557550156107,-2.4640454669287806,0.0,0.0,0.0,1.120879971312713,0.0,0.0,-1.1873668945161187,-1.9488679049663369,-2.0323271149936137
Spa,312,31,-0.29025732271912513,-0.29025732271912513,-0.2974702776976375,0.0,0.0,0.0,0.2811975548650783,0.0,0.0,-0.5296277958967281,-0.18560646713965165,-0.66619997226597
Spa,312,44,0.12130156770351656,0.12130156770351656,0.9271156988243129,0.0,0.0,0.0,-0.135993513746916,0.0,0.0,0.6361679806496746,-0.18560646713965165,0.8504889949437989
Spa,312,55,0.28592512387257324,0.28592512387257324,0.6445189350115551,0.0,0.0,0.0,1.6587636747509835,0.0,0.0,0.6361679806496746,-0.18560646713965165,0.7527260003139975
Spa,312,63,0.7797957923797433,0.7797957923797433,-0.014873513884879733,0.0,0.0,0.0,0.7705265732162079,0.0,0.0,0.6361679806496746,1.5776549706870335,0.4587867082563155
Spa,312,77,-0.043321988465540126,-0.043321988465540126,-0.014873513884879733,0.0,0.0,0.0,0.544061929850211,0.0,0.0,-0.33101073767030437,-0.18560646713965165,-0.12284891744366915
Spa,312,81,0.9444193485488,0.9444193485488,0.3619221711987973,0.0,0.0,0.0,0.5929765047087886,0.0,0.0,0.5152706408596772,-0.18560646713965165,0.5250097567250588
Spa,313,1,0.13437314951406049,0.1535352258480022,0.09393364363777776,-0.24253562403633294,0.0,0.0,0.26217849439721674,0.0,0.0,0.5617301307021286,0.0,0.03617190719467941
Spa,313,2,0.4199160922314228,0.44354620800535427,1.1585149381991986,-0.24253562403633294,0.0,0.0,-0.6019477138228613,0.0,0.0,0.5617301307021286,0.0,0.9865065598553493
Spa,313,3,-0.7222556786380264,-0.7164977206240541,-0.7045023272832878,-0.24253562403633294,0.0,0.0,0.1614791434148751,0.0,0.0,0.5617301307021286,0.0,-0.5787505151151565
Spa,313,4,-1.293341564072751,-1.2965196849387584,-1.5029382982043533,-0.24253562403633294,0.0,0.0,-1.5112617066757064,0.0,0.0,-2.1282451430827796,0.0,-1.3613790526004095
Spa,313,10,1.8476308058182342,1.893601118792115,1.9569509091202641,-0.24253562403633294,0.0,0.0,-0.5009652859346321,0.0,0.0,0.5617301307021286,0.0,1.9368412125160033
Spa,313,11,0.4199160922314228,0.44354620800535427,0.09393364363777776,-0.24253562403633294,0.0,0.0,-0.3367301126815892,0.0,0.0,0.5617301307021286,0.0,0.37158413754551345
Spa,313,14,0.4199160922314228,0.44354620800535427,0.09393364363777776,-0.24253562403633294,0.0,0.0,1.1268745553706891,0.0,0.0,-0.1107636877440984,0.0,0.20387802237009642
Spa,313,18,-0.4367127359206641,-0.42648673846670204,-0.7045023272832878,-0.24253562403633294,0.0,0.0,0.2273701753089075,0.0,0.0,-0.7832575061903254,0.0,-0.5880675215137819
Spa,313,20,1.2765449203835098,1.3135791544774107,1.4246602618395536,-0.24253562403633294,0.0,0.0,-0.5171811437449854,0.0,0.0,0.5617301307021286,0.0,1.3778208285979678
Spa,313,22,0.9910019776661474,0.7335571901627064,1.1585149381991986,3.880569984581327,0.0,0.0,-0.9997675196400785,0.0,0.0,0.5617301307021286,0.0,0.8188004446799323
Spa,313,24,0.13437314951406049,0.1535352258480022,0.09393364363777776,-0.24253562403633294,0.0,0.0,0.5378476431759331,0.0,0.0,0.5617301307021286,0.0,0.06412292639058753
Spa,313,27,-1.8644274495074755,-1.8765416492534626,-1.2367929745639983,-0.24253562403633294,0.0,0.0,0.3946729159616548,0.0,0.0,0.5617301307021286,0.0,-1.659523257356694
Spa,313,31,-0.7222556786380264,-0.7164977206240541,-0.4383570036429326,-0.24253562403633294,0.0,0.0,2.352425139399662,0.0,0.0,0.5617301307021286,0.0,-0.6346525535069568
Spa,313,55,0.7054590349487851,0.7335571901627064,0.36007896727813293,-0.24253562403633294,0.0,0.0,1.388750183855797,0.0,0.0,-1.5902500883257902,0.0,0.5392902527209146
Spa,313,63,0.13437314951406049,0.1535352258480022,-0.17221168000257742,-0.24253562403633294,0.0,0.0,-1.5112617066757064,0.0,0.0,0.5617301307021286,0.0,-0.07563216958892134
Spa,313,77,0.13437314951406049,0.1535352258480022,-0.17221168000257742,-0.24253562403633294,0.0,0.0,-0.2744215525553887,0.0,0.0,0.5617301307021286,0.0,0.14797598397829603
Spa,313,81,-1.5788845067901134,-1.5865306670961106,-1.5029382982043533,-0.24253562403633294,0.0,0.0,-0.19806150915379067,0.0,0.0,-2.1282451430827796,0.0,-1.584987206167611
Spa,314,1,0.09653278671839334,0.24990468703701363,0.23808024226728483,-0.4287464625437718,-0.24253561559418108,0.0,0.24253562192532865,0.0,-0.24253561803633317,0.5072822595295315,0.0,0.18661837084809385
Spa,314,3,0.09653278671839334,-0.015619042939814294,-0.03174403230230669,0.30012252378064064,-0.24253561559418108,0.0,0.24253562192532865,0.0,-0.24253561803633317,0.5072822595295315,0.0,-0.14425714556354258
Spa,314,4,-1.5445245874942002,-1.6087614228007818,-1.6506896797198558,0.30012252378064064,-0.24253561559418108,0.0,0.24253562192532865,0.0,-0.24253561803633317,-0.38703757578919856,0.0,-1.6753673783703131
Spa,314,10,2.284609285668518,2.6396182568284647,2.6664987133936084,-1.1576154488681842,-0.24253561559418108,0.0,-3.8805699508052784,0.0,-0.24253561803633317,0.5072822595295315,0.0,2.385967391701893
Spa,314,11,0.09653278671839334,0.24990468703701363,0.23808024226728483,-0.4287464625437718,-0.24253561559418108,0.0,0.24253562192532865,0.0,-0.24253561803633317,0.5072822595295315,0.0,0.20608163651936204
Spa,314,14,0.09653278671839334,-0.2811427729166422,-0.30156830687189823,1.028991510105053,-0.24253561559418108,0.0,0.24253562192532865,0.0,-0.24253561803633317,0.06012234187016652,0.0,-0.08586734854972256
Spa,314,16,0.09653278671839334,0.24990468703701363,0.23808024226728483,-0.4287464625437718,-0.24253561559418108,0.0,0.24253562192532865,0.0,-0.24253561803633317,-0.38703757578919856,0.0,0.36827551711330997
Spa,314,18,-0.7239959003879034,-0.5466665028934701,-0.5713925814414897,-0.4287464625437718,-0.24253561559418108,0.0,0.24253562192532865,0.0,-0.24253561803633317,-0.00375764636687111,0.0,-0.7281551157016962
Spa,314,22,1.1905710361934556,1.0464758769674973,1.0475530659760595,0.30012252378064064,-0.24253561559418108,0.0,0.24253562192532865,0.0,-0.24253561803633317,0.5072822595295315,0.0,1.2311469618730515
Spa,314,23,0.91706147382469,0.7809521469906694,0.7777287914064679,0.30012252378064064,-0.24253561559418108,0.0,0.24253562192532865,0.0,-0.24253561803633317,0.5072822595295315,0.0,0.8678326693426349
Spa,314,24,-0.17697677565037226,-0.015619042939814294,-0.03174403230230669,-0.4287464625437718,-0.24253561559418108,0.0,0.24253562192532865,0.0,-0.24253561803633317,0.5072822595295315,0.0,0.004961224582877747
Spa,314,27,-1.2710150251254346,-1.077713962847126,-0.8412168560110812,-0.4287464625437718,-0.24253561559418108,0.0,0.24253562192532865,0.0,-0.24253561803633317,0.5072822595295315,0.0,-1.084981653008388
Spa,314,31,-0.17697677565037226,0.24990468703701363,0.23808024226728483,-1.1576154488681842,-0.24253561559418108,0.0,0.24253562192532865,0.0,-0.24253561803633317,0.5072822595295315,0.0,-0.08586734854972256
Spa,314,55,0.37004234908715894,0.24990468703701363,0.23808024226728483,0.30012252378064064,-0.24253561559418108,0.0,0.24253562192532865,0.0,-0.24253561803633317,-0.38703757578919856,0.0,0.3617877618895694
Spa,314,63,-0.17697677565037226,-0.015619042939814294,-0.03174403230230669,-0.4287464625437718,-0.24253561559418108,0.0,0.24253562192532865,0.0,-0.24253561803633317,0.5072822595295315,0.0,-0.13128163511603047
Spa,314,77,0.6435519114559245,-0.5466665028934701,-0.5713925814414897,3.2155984690782904,3.880569849506897,0.0,0.24253562192532865,0.0,3.8805698885813307,-3.5810369876417916,0.0,0.08930204249175297
Spa,314,81,-1.8180341498629657,-1.6087614228007818,-1.6506896797198558,-0.4287464625437718,-0.24253561559418108,0.0,0.24253562192532865,0.0,-0.24253561803633317,-0.38703757578919856,0.0,-1.7661959515029289
Spa,315,1,0.38943036948804266,0.6549431844284709,0.633898790106668,0.1627874655270834,0.2690235492382337,0.2690235492382337,0.32489314377140976,0.08757360008438082,-0.14021393395074497,-0.7091223897116504,-0.22360679674997821,0.4567550150936453
Spa,315,2,-0.37666216065236985,-0.8760928311186063,-0.9508481851600047,-0.0542624885090278,-0.392446774857831,-0.392446774857831,0.32489314377140976,0.7416311964458172,-0.6986329323063554,-0.7579233549695843,-0.22360679674997821,-0.7939744081296004
Spa,315,3,-0.3128211164740021,-1.5565532824728627,-1.6551801741674148,0.3074874348844909,0.04916476940396671,0.04916476940396671,0.32489314377140976,-0.5311300889614365,-0.04883627967437241,0.4487914223175087,-0.22360679674997821,-1.0679978544903295
Spa,315,4,1.9854564739472356,1.5055187486212915,1.5143137763659307,1.6097871591011579,0.4976392674283356,0.4976392674283356,0.32489314377140976,-0.13848014969524716,0.864940263089354,-0.7969641271759315,-0.22360679674997821,2.0045326763324116
Spa,315,10,0.19790723695293955,0.8250582972670351,0.8099817873585207,-0.12661247318773153,-1.4144244396867118,-1.4144244396867118,-2.9240382939426888,1.7521561295280403,-1.949491488622923,-1.1483310770330555,-0.22360679674997821,0.1415712004413878
Spa,315,11,-0.24898007229563443,0.4848280715899068,0.45781579285481555,-0.4883623965812502,-0.12828299193269638,-0.12828299193269638,0.32489314377140976,0.4804277491984016,-0.6986329323063554,0.17905517798274656,-0.22360679674997821,0.06902889389443943
Spa,315,14,-0.44050320483073757,0.3147129587513427,0.28173279560296305,-0.6330623659386576,-0.7248213774925815,-0.7248213774925815,0.32489314377140976,1.0702810629201012,0.864940263089354,-0.4455971773188073,-0.22360679674997821,0.1612701888571536
Spa,315,16,0.5809535020231458,0.8250582972670351,0.8099817873585207,0.3074874348844909,0.7858946655378941,0.7858946655378941,0.32489314377140976,-1.5247766374313019,0.19483746506262106,2.5215015103635743,-0.22360679674997821,0.4317404266291781
Spa,315,18,0.772476634558249,0.6549431844284709,0.633898790106668,0.5968873735993058,-0.8717393595352574,-0.8717393595352574,0.32489314377140976,1.1141466229376196,-0.7798575138853537,0.6404461222395762,-0.22360679674997821,0.303256404061702
Spa,315,20,0.0063841044178364085,-0.535862605441478,-0.5986821906562996,0.2351374502057871,0.6895885964313196,0.6895885964313196,0.32489314377140976,-0.3282784099912747,1.267001941905394,-1.0780576870616305,4.2485291382496015,-0.03853383650276048
Spa,315,22,1.219363943806823,0.6549431844284709,0.633898790106668,1.1033372663502319,0.37874296231540666,0.37874296231540666,0.32489314377140976,-0.020916248934183118,0.864940263089354,-0.7969641271759315,-0.22360679674997821,1.2587852577355514
Spa,315,23,-2.547257662716872,-0.19563237976434972,-0.07043319890074201,-2.8035619062997696,-2.7951390535515754,-2.7951390535515754,0.32489314377140976,2.0183270800875825,-1.949491488622923,0.53823028228114,-0.22360679674997821,-1.862097335562251
Spa,315,24,-0.568185293187473,-0.535862605441478,-0.24651619615259454,-0.41601241190254645,1.3603634143223458,1.3603634143223458,0.32489314377140976,-0.961481271073464,-0.475265332964111,1.3697987302763335,-0.22360679674997821,-1.250490647606085
Spa,315,27,-0.0574569397605313,-2.4071288466656835,-2.5355951604266775,0.9586372969928244,0.2902127137759527,0.2902127137759527,0.32489314377140976,-0.14512026048223015,-0.04883627967437241,-0.19005757742271714,-0.22360679674997821,-0.7814671138973676
Spa,315,31,-1.6534830442197241,-1.5565532824728627,-1.3030141796637096,-1.2118622433682875,-1.0472018453345275,-1.0472018453345275,0.32489314377140976,0.060907454089422074,-1.145368130990844,0.4328201973240029,-0.22360679674997821,-1.7101337106406274
Spa,315,44,-0.0574569397605313,0.4848280715899068,0.45781579285481555,-0.271312442545139,1.089913459401315,1.089913459401315,0.32489314377140976,-0.7241170562611415,1.535043061116087,-0.6798418105568901,-0.22360679674997821,0.8694957247573184
Spa,315,55,0.5171124578447781,0.3147129587513427,0.28173279560296305,0.4521874042418983,0.1932169614722242,0.1932169614722242,-2.9240382939426888,-1.5247766374313019,0.19483746506262106,1.7406860662366312,-0.22360679674997821,0.33168207277132045
Spa,315,63,1.3470460321635584,-0.025517266925785587,-0.07043319890074201,1.5374371744224542,0.766535979818953,0.766535979818953,0.32489314377140976,-1.1410279087171231,0.864940263089354,0.16929498493115983,-0.22360679674997821,1.0758660795891517
Spa,315,77,-0.5043442490091052,-0.19563237976434972,-0.24651619615259454,-0.4883623965812502,1.143657653495428,1.143657653495428,0.32489314377140976,-0.7772589692496278,1.0883078624315983,-0.8360048993822785,-0.22360679674997821,-0.256160756143604
Spa,315,81,-0.24898007229563443,1.1652885229441634,1.1621477818622257,-0.7777623352960651,-0.13989815025018282,-0.13989815025018282,0.32489314377140976,0.49191274293697124,0.19483746506262106,-0.6017602661441958,-0.22360679674997821,0.6568717228093622
Spa,316,1,1.0442678478491083,1.4011476081795102,-0.0730424899235442,-1.0072247153253233,-0.8334740038730882,-0.8334740038730882,0.0,0.24930610481836482,-0.8360793256371466,-0.4777308599323254,-0.3248931437714102,1.012003542011273
Spa,316,2,-1.258054966306408,-1.5345902375299396,-0.6208611643501277,0.934413290121083,0.3972736147394775,0.3972736147394775,0.0,0.01422627033375134,0.8040634081320058,-1.1467696337766438,-0.3248931437714102,-1.6257110909249735
Spa,316,3,-1.0936033367238711,-0.7339344614273624,-0.529558051945697,-0.279110463282921,-0.8334740038730882,-0.8334740038730882,0.0,0.46087535243095146,-0.8360793256371466,-0.16690387923142355,-0.3248931437714102,-1.0022679381976012
Spa,316,4,0.8798162182665713,0.867377090777792,0.018260622480886377,-0.279110463282921,0.230105637029314,0.230105637029314,0.0,0.09844535548520046,0.23001345131280287,-0.23698123488035447,-0.3248931437714102,0.4899615844186762
Spa,316,10,-0.2713451888111868,-0.46704920272650335,0.5660792969074698,0.4490037887594814,-0.8334740038730882,-0.8334740038730882,0.0,0.89548055054762,-0.8360793256371466,0.5965488370025267,-0.3248931437714102,-0.16145316216635539
Spa,316,11,-0.1068935592286499,1.0008197201282216,1.844322870569498,-1.9780437180485266,-0.8334740038730882,-0.8334740038730882,0.0,0.1403298716097083,-0.8360793256371466,1.6528468077811271,-0.3248931437714102,1.3814852928188175
Spa,316,14,0.5509129591014976,0.7339344614273624,0.8399886341207616,-0.5218152139637218,-0.8334740038730882,-0.8334740038730882,0.0,1.0238761388432212,-0.8360793256371466,-0.20985451656463902,-0.3248931437714102,0.8046170109128441
Spa,316,16,1.0442678478491083,0.33360657337607386,0.018260622480886377,0.934413290121083,1.8793468599337715,1.8793468599337715,0.0,-1.3232287024916591,1.1022711779082157,0.6705307960453856,-0.3248931437714102,0.42364990362858446
Spa,316,18,0.5509129591014976,0.46704920272650335,0.20086684728974755,-0.03640571260212021,-0.8334740038730882,-0.8334740038730882,0.0,1.1533509819418275,-0.8360793256371466,-0.4419386621546457,-0.3248931437714102,0.6345759471003403
Spa,316,20,-0.6002484479762605,-0.06672131467521476,0.10956373488531695,-0.7645199646445225,-0.8334740038730882,-0.8334740038730882,0.0,-1.0253568726162834,-0.8360793256371466,-0.30356499801892767,2.9240382939426888,-0.13544858146435734
Spa,316,22,-0.6002484479762605,0.06672131467521476,-0.6208611643501277,-1.0072247153253233,0.5555444579419037,0.5555444579419037,0.0,0.007810617481319427,0.34846820430724157,0.13073650228822753,-0.3248931437714102,-0.0964417104113623
Spa,316,23,0.05755807035388697,-1.6680328668803692,-0.8947705015634194,3.11875604624829,1.5480841976275974,1.5480841976275974,0.0,0.08572690062996526,2.071446429680897,-1.4749460161975323,-0.3248931437714102,-1.266647842001241
Spa,316,24,-1.258054966306408,-1.134262349478651,-0.8947705015634194,0.20629903807868058,0.477377866306831,0.477377866306831,0.0,0.5316432349119403,0.052331321821144236,-0.6303186504582226,-0.3248931437714102,-1.3836684551602292
Spa,316,27,-2.244764743801629,-1.9349181255812282,-2.5382265248431697,0.20629903807868058,0.06429176532216732,0.06429176532216732,0.0,0.2175596864726622,1.1022711779082157,-1.0557149149546632,-0.3248931437714102,-1.6047073911272065
Spa,316,31,-1.0936033367238711,-0.867377090777792,-0.8947705015634194,-0.03640571260212021,-0.8334740038730882,-0.8334740038730882,0.0,1.9924693153081023,-0.8360793256371466,-0.6845720870896527,-0.3248931437714102,-1.2120382225270465
Spa,316,44,0.8798162182665713,0.7339344614273624,0.9312917465251922,-0.03640571260212021,-0.8334740038730882,-0.8334740038730882,0.0,-0.34664922267807224,-0.8360793256371466,1.1253828405311126,-0.3248931437714102,0.682251011720668
Spa,316,55,1.208719477431645,1.0008197201282216,0.9312917465251922,-0.03640571260212021,1.0677464202823528,1.0677464202823528,0.0,-2.4406668130355875,0.34846820430724157,2.5118595544454365,-0.3248931437714102,1.0477598404765194
Spa,316,63,0.8798162182665713,0.7339344614273624,0.47477618450303927,-0.03640571260212021,0.05832398523716381,0.05832398523716381,0.0,0.30958257254313387,0.23001345131280287,0.2784264131182317,2.9240382939426888,0.6901968558240563
Spa,316,77,0.7153645886840344,0.33360657337607386,-0.43825493954126654,0.4490037887594814,2.056645234310304,2.056645234310304,0.0,-1.2892134867944507,2.071446429680897,-0.9817329559118041,-0.3248931437714102,0.20261096766160713
Spa,316,81,0.7153645886840344,0.7339344614273624,1.5704135333562061,-0.279110463282921,-0.8334740038730882,-0.8334740038730882,0.0,-0.7555678557417166,-0.8360793256371466,0.8446966579587835,-0.3248931437714102,1.119272437407012
Suzuka,401,1,1.9669759559163251,2.0877294437090805,0.08843009740656836,-0.3779644729377986,0.7319962817604633,0.5988181060918052,-1.0894790864171588,-1.0142908270761575,0.6308443971378896,-0.3314719574173961,0.6380774681893508,1.4123839200915984
Suzuka,401,2,1.092764419953514,-1.014040015515839,-1.40807924331996,1.5118578917511944,1.5879845210284056,1.994853179957651,1.0770630456754775,-0.41413900400580406,1.1467792569558208,-1.913080972939306,0.6380774681893508,-1.4906811419875254
Suzuka,401,4,-0.6556586519721084,2.0877294437090805,1.7209857418355083,-2.0788046011578927,-0.5134329135135473,0.5580639244648282,-0.5882996456371421,1.010888000365404,-0.5156775135686231,-0.7264869417054328,-1.4888474257751532,0.12437767245319165
Suzuka,401,10,0.2185528839907028,0.41754588874181614,-1.5441255470223718,-0.1889822364688993,-0.2696824127581441,0.8381080713954493,0.5626130490151149,1.9096023169346248,-0.40102532249797174,-0.607207907234144,-1.4888474257751532,0.9072834308216327
Suzuka,401,11,0.8013605746325769,0.41754588874181614,-0.18366250999825498,0.1889822364688993,-0.848892361966912,-0.8480078785286126,-0.4364335972129652,0.48480343827908384,-0.18378959204831768,0.05416702621158665,0.6380774681893508,0.09380580073421925
Suzuka,401,14,-0.07285096133023426,0.1789482380322069,-0.04761620629584331,-0.1889822364688993,-0.9930497176382487,0.007033758994632617,1.0770630456754775,1.0394768034443906,-1.776851615345788,1.084385672540514,0.6380774681893508,-0.032203479220499154
Suzuka,401,16,0.2185528839907028,1.1333388408706437,1.5849394381330968,-0.7559289458755972,0.5326024498089101,-3.007021873966204,-0.9471696532926437,-1.0142908270761575,-0.8866110729148483,2.140674876200708,0.6380774681893508,-1.1517438577906343
Suzuka,401,18,-1.8212740332558566,0.1789482380322069,1.1768005270258617,-1.3228756552822951,0.09973424648940943,0.0908335102035725,-1.5278885353058325,-0.5174438812159744,-0.40102532249797174,0.15029141557703493,0.6380774681893508,-0.32011075810438183
Suzuka,401,20,1.092764419953514,-0.77544236480623,-1.8162181544271951,1.3228756552822951,-0.4031970180247418,0.6847135814609125,1.0770630456754775,-0.013047716984307102,0.35929973407581994,-1.5674734356024653,0.6380774681893508,-0.013860356189118302
Suzuka,401,22,-0.6556586519721084,-1.7298329676446669,-0.18366250999825498,0.9449111823444966,-0.6387115267975549,-0.19128579454968817,-1.6640682363385098,2.142251766334561,0.11490953731995895,-1.03475353728708,0.6380774681893508,-0.6496888273530309
Suzuka,401,23,1.092764419953514,-1.014040015515839,0.22447640110898004,1.5118578917511944,1.788875427234638,-0.08516551696128769,-1.3607485947400049,-1.0142908270761575,1.1467792569558208,-1.1044620639261455,0.6380774681893508,-0.5701355002930129
Suzuka,401,24,-0.3642548066511713,-0.5368447140966207,-0.04761620629584331,0.1889822364688993,-0.8943076281433209,-0.548710420362768,1.0770630456754775,-1.0142908270761575,-0.18378959204831768,0.6485239375551995,0.6380774681893508,-0.25311848268541104
Suzuka,401,27,-0.3642548066511713,-0.0596494126774023,-0.59180142110549,-0.1889822364688993,0.5372279578355917,0.2526667819394288,0.40966067526410516,-1.0142908270761575,1.662714116773751,0.22929441243464307,0.6380774681893508,1.1648846803493127
Suzuka,401,31,0.8013605746325769,-1.4912353169350576,-1.1359866359151367,1.7008401282200938,1.1665144332777058,1.3935493052150738,0.04855386620105556,-1.0142908270761575,0.9023890601999581,-0.3934350922076764,-1.4888474257751532,-1.4374462088421047
Suzuka,401,40,-0.9470624972930454,-0.2982470633870115,0.22447640110898004,-0.3779644729377986,-1.598548097136193,-0.6886213335236402,1.0770630456754775,1.1122414052960334,-1.2699682442965925,-0.02654810989680539,0.6380774681893508,-1.0785590190976462
Suzuka,401,44,-1.5298701879349195,0.1789482380322069,-0.18366250999825498,-1.133893418813396,-0.2927883299562195,0.0953951160314085,1.0770630456754775,-0.49283006668367857,-1.08893846892188,0.4353218356123253,-1.4888474257751532,-0.5575079880612601
Suzuka,401,55,0.8013605746325769,0.41754588874181614,1.1768005270258617,0.1889822364688993,1.0311246811456805,-0.679348937875055,-0.422807685106318,-0.33545213656877804,1.662714116773751,0.9240560612706635,0.6380774681893508,2.4642556889962965
Suzuka,401,63,-0.9470624972930454,-0.2982470633870115,0.22447640110898004,-0.3779644729377986,-0.9929614233187134,0.007135200047333895,0.238931635532666,-0.3184413809714561,-1.2699682442965925,1.3602846832382895,-1.4888474257751532,0.38091555252976667
Suzuka,401,77,-0.9470624972930454,-0.0596494126774023,-0.31970881370066667,-0.566946709406698,1.1456343369183222,-0.26971035603698573,1.0770630456754775,0.29606282309681226,0.6308443971378896,0.4972849704026056,0.6380774681893508,0.31379035592942395
Suzuka,401,81,0.2185528839907028,0.1789482380322069,1.0407542233234501,0.0,-1.1761229062455445,-0.2032984239978669,-0.7623055116906964,0.18177259513603267,-0.27962888489375315,0.18063512717286362,-1.4888474257751532,0.6933585177190603
Suzuka,402,1,-0.3278294952689018,-0.3278294952689018,1.2035643389306663,0.0,0.0,0.0,-1.5863320797404838,0.0,0.0,0.9354856943933935,0.2425356240363321,0.48752122888466337
Suzuka,402,2,0.5295707231267025,0.5295707231267025,-1.7193776270438157,0.0,0.0,0.0,0.973057294265603,0.0,0.0,-2.3967553192122675,0.2425356240363321,-0.8007473034011678
Suzuka,402,4,1.815671050720109,1.815671050720109,1.6211274769270207,0.0,0.0,0.0,0.4846702801625755,0.0,0.0,0.17070906831996405,0.2425356240363321,1.878851243753355
Suzuka,402,10,1.3869709415223068,1.3869709415223068,-0.049125075058397444,0.0,0.0,0.0,1.4106743828798805,0.0,0.0,0.41653012670070905,0.2425356240363321,0.8482364179246903
Suzuka,402,11,0.10087061392890036,0.10087061392890036,1.2035643389306663,0.0,0.0,0.0,-1.5863320797404838,0.0,0.0,0.9354856943933935,0.2425356240363321,0.8482364179246903
Suzuka,402,18,0.10087061392890036,0.10087061392890036,-1.3018144890474612,0.0,0.0,0.0,0.3139082395267117,0.0,0.0,0.8330602534014162,0.2425356240363321,-1.058401009858334
Suzuka,402,20,-1.6139298228623082,-1.6139298228623082,-0.466688213054752,0.0,0.0,0.0,0.8965053718809869,0.0,0.0,-0.32776141117432606,0.2425356240363321,-1.3160547163155003
Suzuka,402,22,0.10087061392890036,0.10087061392890036,-0.466688213054752,0.0,0.0,0.0,-1.5863320797404838,0.0,0.0,0.9354856943933935,-3.8805699845813284,-1.1099317511497644
Suzuka,402,23,0.10087061392890036,0.10087061392890036,-0.466688213054752,0.0,0.0,0.0,-0.26761859584445635,0.0,0.0,-1.6866055950012246,0.2425356240363321,0.2298675224274971
Suzuka,402,24,-0.756529604466704,-0.756529604466704,-0.049125075058397444,0.0,0.0,0.0,0.5951683520262379,0.0,0.0,-0.5940675577534673,0.2425356240363321,0.12680603984463648
Suzuka,402,27,-0.756529604466704,-0.756529604466704,-1.3018144890474612,0.0,0.0,0.0,0.218677473995212,0.0,0.0,-1.386157634758091,0.2425356240363321,-0.6976858208183072
Suzuka,402,31,-1.1852297136645062,-1.1852297136645062,-0.049125075058397444,0.0,0.0,0.0,1.119651246303888,0.0,0.0,-0.11152992463570999,0.2425356240363321,-0.1995553216677995
Suzuka,402,44,1.3869709415223068,1.3869709415223068,0.7860012009343117,0.0,0.0,0.0,0.20698453736070158,0.0,0.0,0.21850760744955264,0.2425356240363321,0.8740017885704128
Suzuka,402,55,0.5295707231267025,0.5295707231267025,1.6211274769270207,0.0,0.0,0.0,0.004909461790483315,0.0,0.0,0.8262318906686181,0.2425356240363321,1.054359383090426
Suzuka,402,63,-0.3278294952689018,-0.3278294952689018,-0.049125075058397444,0.0,0.0,0.0,-1.5863320797404838,0.0,0.0,0.7989184397374237,0.2425356240363321,0.2298675224274971
Suzuka,402,77,-1.6139298228623082,-1.6139298228623082,-0.466688213054752,0.0,0.0,0.0,0.27946890380937817,0.0,0.0,0.34369425755086075,0.2425356240363321,-1.8313621292298328
Suzuka,402,81,0.5295707231267025,0.5295707231267025,-0.049125075058397444,0.0,0.0,0.0,0.10927137080473398,0.0,0.0,0.08876871552638106,0.2425356240363321,0.43599048759323306
Suzuka,403,2,0.5138023832197891,-1.2358516474183598,-1.053578676817157,1.9257300065533833,-0.7473784818242661,-0.3330304105042576,0.3338487783444346,0.0,-0.8704302776957474,-1.7523887709216457,-2.247805941796065,-0.962671786460067
Suzuka,403,4,0.3658895759292443,0.7209134609940404,0.9665859420340914,-0.2381279040361712,-0.7473784818242661,-0.3330304105042576,0.3338487783444346,0.0,-0.8704302776957474,0.5688914270818097,0.42146361408676236,0.7201280815352658
Suzuka,403,10,0.21797676863869953,0.7209134609940404,0.4156319550746601,-0.43484225954431255,-0.7473784818242661,-0.3330304105042576,0.3338487783444346,0.0,-0.8704302776957474,0.41650979482775363,0.42146361408676236,0.5806695289389676
Suzuka,403,11,-0.07784884594238999,-1.0401751365771197,0.4156319550746601,0.9421582290126768,0.7940137267809737,3.040704774941744,-2.834874347489811,0.0,0.668004631719992,0.1777785709630655,0.42146361408676236,-0.5535933655109226
Suzuka,403,14,-0.8174128823951138,-0.8444986257358797,-0.5026246898577255,-0.2381279040361712,-0.7473784818242661,-0.3330304105042576,0.3338487783444346,0.0,-0.8704302776957474,0.1879373464466694,0.42146361408676236,-0.8604021812227796
Suzuka,403,16,1.5491920342536023,0.32956043931156037,0.04832929710170588,1.729015651045242,1.4367090672633425,-0.3330304105042576,0.3338487783444346,0.0,2.2064395411357314,-0.22857244838108423,0.42146361408676236,1.1942871603626815
Suzuka,403,18,0.21797676863869953,0.9165899718352805,0.5992832840611373,-0.6315566150524539,-0.7473784818242661,-0.3330304105042576,0.3338487783444346,0.0,1.0526133590739268,-0.2946044890245084,0.42146361408676236,0.7201280815352658
Suzuka,403,20,-0.9653256896856586,-0.4531456040533997,-0.6862760188442026,-0.8282709705605952,-0.7473784818242661,-0.3330304105042576,0.3338487783444346,0.0,-0.8704302776957474,-1.0819095890037986,0.42146361408676236,-0.38004494450220067
Suzuka,403,22,0.3658895759292443,1.1122664826765205,1.3338886000070458,-0.6315566150524539,-0.7473784818242661,-0.3330304105042576,0.3338487783444346,0.0,-0.8704302776957474,1.8235001993068716,-2.247805941796065,0.6736418973364997
Suzuka,403,23,-0.3736744605234795,-0.6488221148946397,-0.8699273478306797,0.15530080698011145,0.6083149762299074,-0.3330304105042576,0.3338487783444346,0.0,0.668004631719992,-1.711753668987231,0.42146361408676236,-0.516404418151912
Suzuka,403,24,-1.5569769188478375,0.13388392847032038,0.04832929710170588,-2.2052714591175846,-0.7473784818242661,-0.3330304105042576,0.3338487783444346,0.0,-0.8704302776957474,1.6101659141511935,0.42146361408676236,-0.6744574444277154
Suzuka,403,27,-0.5215872678140243,-1.62720466910084,-1.7881839927630654,0.9421582290126768,0.6021731992072006,2.620812203630636,0.3338487783444346,0.0,0.668004631719992,-1.0819095890037986,0.42146361408676236,-1.632072838922297
Suzuka,403,31,0.5138023832197891,0.5252369501528004,0.23198062608818298,0.15530080698011145,0.7384263035138247,-0.3330304105042576,0.3338487783444346,0.0,1.0526133590739268,-0.4469861212785646,0.42146361408676236,0.8131004499327978
Suzuka,403,40,0.21797676863869953,0.5252369501528004,0.4156319550746601,-0.2381279040361712,-0.7473784818242661,-0.3330304105042576,0.3338487783444346,0.0,-0.8704302776957474,0.9092104057825346,-2.247805941796065,0.41331926582340883
Suzuka,403,44,1.105453612381968,0.7209134609940404,0.4156319550746601,0.7454438735045354,1.0461645001851199,-0.3330304105042576,0.3338487783444346,0.0,1.0526133590739268,0.11174653031964132,0.42146361408676236,0.8131004499327978
Suzuka,403,55,0.9575408050914234,0.9165899718352805,0.7829346130476144,0.35201516248825276,2.570667223423229,-0.3330304105042576,0.3338487783444346,0.0,0.668004631719992,0.8482577528809128,0.42146361408676236,0.7480197920545264
Suzuka,403,63,0.3658895759292443,0.32956043931156037,0.04832929710170588,0.15530080698011145,0.4246943034633311,-0.3330304105042576,0.3338487783444346,0.0,0.668004631719992,0.7873050999792909,0.42146361408676236,0.5620750552594623
Suzuka,403,77,-2.740279377172196,-2.21423420162456,-2.3391379797224965,-1.4184140370850191,-0.7473784818242661,-0.3330304105042576,0.3338487783444346,0.0,-0.8704302776957474,-0.811008909441033,0.42146361408676236,-2.487418628179591
Suzuka,403,81,0.6617151905103338,1.1122664826765205,1.5175399289935227,-0.2381279040361712,-0.7473784818242661,-0.3330304105042576,-2.8405548843655732,0.0,-0.8704302776957474,-0.03216945569807814,0.42146361408676236,0.8285958446657163
Suzuka,404,1,0.9414552844493669,2.4807806089778013,2.161245702239305,-1.711225635723052,-0.22360679473866865,0.0,0.2655241059770503,-0.3700577009885813,-0.32341163051438465,1.9128276875750427,0.7152191688201734,2.1670064098807917
Suzuka,404,2,-0.3381926749963731,-2.524948809731117,-2.500264635923898,2.2377566005609144,-0.22360679473866865,0.0,0.2655241059770503,-0.3700577009885813,-0.32341163051438465,-1.799425966365624,-1.3282641706660385,-2.212614879863658
Suzuka,404,4,0.39303473040119263,0.27237057131210207,0.748666811886819,0.043877580403155286,-0.22360679473866865,0.0,0.2655241059770503,0.8292638519232053,-0.32341163051438465,-0.14671029851532735,-1.3282641706660385,0.14331933117128567
Suzuka,404,10,0.9414552844493669,-0.4637661079097977,-0.6639120784656667,1.21394639115396,-0.22360679473866865,0.0,0.2655241059770503,-0.3700577009885813,-0.32341163051438465,-0.37554785252536843,-1.3282641706660385,0.11311504641443429
Suzuka,404,11,1.8554895411963241,0.714052578845242,0.8899247009220677,0.7751705871224083,-0.22360679473866865,0.0,0.2655241059770503,-0.3700577009885813,-0.32341163051438465,0.23468562483474117,0.7152191688201734,1.2004692976613314
Suzuka,404,14,-0.3381926749963731,0.566825243000862,0.32489314478107334,-0.8336740276599484,-0.22360679473866865,0.0,0.2655241059770503,-0.3700577009885813,-0.32341163051438465,0.18891811403273284,0.7152191688201734,0.33058589666381166
Suzuka,404,16,-0.3381926749963731,-0.16931143622103778,0.4661510338163219,-0.10238102094069532,-0.22360679473866865,0.0,0.2655241059770503,-0.3700577009885813,3.2047152478243577,0.5855698743168037,0.7152191688201734,-0.2130912289596369
Suzuka,404,18,-0.15538582364698167,-0.6109934437541776,-0.5226541894304181,0.48265338443470707,4.248529100034704,0.0,0.2655241059770503,-0.3700577009885813,2.616694101434566,-0.27384227296535,0.7152191688201734,-0.521174933479589
Suzuka,404,20,-1.4350337830927218,0.12514323546772213,-0.0988805223246724,-1.2724498316915,-0.22360679473866865,0.0,0.2655241059770503,-0.3700577009885813,-0.32341163051438465,-0.22298948318534104,0.7152191688201734,-0.5513792182364506
Suzuka,404,22,-0.5209995263457645,1.0085072505340018,1.3136983680278134,-1.4187084330353508,-0.22360679473866865,0.0,-0.6135623043157074,-0.3700577009885813,-0.32341163051438465,1.6649203373974981,-1.3282641706660385,0.7474050263084576
Suzuka,404,23,-1.9834543371408961,-0.9054481154429376,-1.0876857455714124,-0.6874154263160978,-0.22360679473866865,0.0,0.2655241059770503,-0.3700577009885813,-0.32341163051438465,-0.7569437758754369,-1.3282641706660385,-1.4816711887476834
Suzuka,404,24,0.39303473040119263,-0.31653877206541775,-0.5226541894304181,0.6289119857785577,-0.22360679473866865,0.0,-4.165871603271198,1.9997229368069136,-0.32341163051438465,-1.653224195748098,0.7152191688201734,0.2943407549555838
Suzuka,404,27,-0.8866132290445474,-1.4943574588204573,-1.2289436346066611,0.7751705871224083,-0.22360679473866865,0.0,0.2655241059770503,3.4619941280757627,-0.32341163051438465,-1.4307432404605587,-1.3282641706660385,-1.608529184726486
Suzuka,404,31,-1.8006474857915047,-0.022084100376657832,0.32489314478107334,-1.4187084330353508,-0.22360679473866865,0.0,0.2655241059770503,-0.3700577009885813,-0.32341163051438465,1.2644546178799263,0.7152191688201734,-0.6570942148854512
Suzuka,404,40,0.9414552844493669,0.566825243000862,0.32489314478107334,0.1901361817470059,-0.22360679473866865,0.0,0.2655241059770503,-0.3700577009885813,-0.32341163051438465,0.3109648095047549,-1.3282641706660385,0.8742630222872602
Suzuka,404,44,0.7586484330999755,0.27237057131210207,0.04237736671057618,0.33639478309085646,-0.22360679473866865,0.0,0.2655241059770503,-0.3700577009885813,-0.32341163051438465,0.03127446571470482,0.7152191688201734,0.35474932446929686
Suzuka,404,55,0.7586484330999755,0.566825243000862,0.748666811886819,0.043877580403155286,-0.22360679473866865,0.0,0.2655241059770503,-0.3700577009885813,-0.32341163051438465,0.9669657976668723,0.7152191688201734,0.584301888621422
Suzuka,404,63,0.5758415817505841,-0.16931143622103778,-0.38139630039516953,0.6289119857785577,-0.22360679473866865,0.0,0.2655241059770503,-0.3700577009885813,-0.32341163051438465,-0.032291521510306787,0.7152191688201734,0.20372790068500904
Suzuka,404,77,-0.3381926749963731,0.12514323546772213,-0.0988805223246724,-0.3948982236283965,-0.22360679473866865,0.0,0.2655241059770503,-0.3700577009885813,-0.32341163051438465,0.27282521716974806,0.7152191688201734,0.2641364701987221
Suzuka,404,81,0.5758415817505841,-0.022084100376657832,-0.24013841135992098,0.48265338443470707,-0.22360679473866865,0.0,0.2655241059770503,-0.3700577009885813,-0.32341163051438465,-0.741687938941434,0.7152191688201734,-0.03186552041848738
Suzuka,405,1,1.019826769605014,0.5753146033208029,0.7825574276805675,0.6085167788972059,0.2892204266210476,1.0740662566612138,0.4130506541749793,0.6901437687712404,-0.1971396122584031,-0.7521672472113173,-0.3435921344056372,0.68693517793816
Suzuka,405,4,0.4238241120436413,1.6572495289688782,1.9159164608731112,-0.9022834997441321,-1.049252615715281,-0.557430944841707,0.4130506541749793,1.2839174469604828,-1.1951588993165687,-0.09739844407807559,-0.3435921344056372,1.3352783501680507
Suzuka,405,10,-0.6489806715668296,0.26619033884992427,-0.5127100388251968,-0.9022834997441321,0.10815754727563423,-0.557430944841707,0.4130506541749793,-0.8551133706356653,-0.1971396122584031,0.46524208524747357,-0.3435921344056372,-0.26871516263191286
Suzuka,405,11,1.9734310217032103,-0.5066203223272724,0.13492369442768531,2.4970171271988786,1.5160459982816796,2.5694736526912294,0.4130506541749793,0.26989334878108573,1.2000873896230289,-1.2160989117429104,-0.3435921344056372,-0.0438562589683663
Suzuka,405,14,0.9006262380927395,1.5026873967334389,1.4301911609334494,-0.27278338364357463,-1.049252615715281,-0.557430944841707,-3.1010058446875304,-0.8551133706356653,-1.1951588993165687,1.0500173297086375,2.7487370752451086,1.516528254333214
Suzuka,405,18,0.4238241120436413,-0.1974960578563937,-1.3222522053912995,0.6085167788972059,0.33641007687414903,-0.557430944841707,0.4130506541749793,-0.8551133706356653,1.2000873896230289,-0.36062208352862496,-0.3435921344056372,0.73565460706526
Suzuka,405,20,-0.529780140054555,-0.1974960578563937,-0.6746184721384173,-0.39868340686368614,0.48565773494711534,1.313508448373443,0.4130506541749793,0.8871611716827679,0.579097611009059,-1.2511953970029837,-0.3435921344056372,-0.4685897436661821
Suzuka,405,22,0.1854230490190922,-0.5066203223272724,0.29683212774090584,0.6085167788972059,-1.049252615715281,-0.557430944841707,0.4130506541749793,2.7564332994135747,-1.1951588993165687,0.1338623248677627,-0.3435921344056372,-0.31154542999640095
Suzuka,405,23,0.30462358053136673,-0.1974960578563937,-0.5127100388251968,0.4826167556770944,0.2734184780418371,-0.557430944841707,0.4130506541749793,-0.8551133706356653,0.4016719599764964,-0.45275035733631763,-0.3435921344056372,-0.0888280397010773
Suzuka,405,24,-2.4369886442509476,-1.1248688512690297,-0.9984353387648583,-1.657683639064801,-1.049252615715281,-0.557430944841707,0.4130506541749793,0.037977251710248766,-0.3967434696700362,0.5343382906032426,-0.3435921344056372,-1.8277368946991697
Suzuka,405,27,-1.4833843921527512,-1.4339931157399084,-0.6746184721384173,-0.39868340686368614,0.8846914734080865,1.799900334509567,0.4130506541749793,0.6112704223814053,0.579097611009059,-0.9441011509773443,-0.3435921344056372,-1.3846815734065487
Suzuka,405,31,-0.1721785455177314,-0.9703067190335903,-0.18889317219875576,0.6085167788972059,0.7176105878790764,-0.557430944841707,-1.4134950358968092,-0.8551133706356653,1.2000873896230289,-0.04475371618796589,-0.3435921344056372,-0.7634047506917169
Suzuka,405,40,-0.4105796085422805,0.11162820661448493,-0.6746184721384173,-0.5245834300837976,-1.049252615715281,-0.557430944841707,0.4130506541749793,0.07023573548320367,-1.1951588993165687,-0.3342997195835706,-0.3435921344056372,-0.013875071813228465
Suzuka,405,44,1.019826769605014,0.5753146033208029,0.9444658609937879,0.6085167788972059,-0.223557130217147,-0.557430944841707,0.4130506541749793,-0.8551133706356653,-0.3967434696700362,1.8109729419384075,-0.3435921344056372,0.840588762108251
Suzuka,405,55,0.30462358053136673,-0.1974960578563937,-0.18889317219875576,0.4826167556770944,2.0934008226352763,-0.557430944841707,-1.6812589320403504,-0.8551133706356653,1.9985028192695617,1.2055585712021437,2.7487370752451086,0.10604967680733139
Suzuka,405,63,-0.529780140054555,0.7298767355562422,0.45874056105412636,-1.154083546184355,-1.049252615715281,-0.557430944841707,0.4130506541749793,-0.8551133706356653,-0.3967434696700362,1.9952294895537919,-0.3435921344056372,0.39087095478115785
Suzuka,405,77,-0.529780140054555,-1.7431173802107869,-1.6460690720177404,0.8603168253374289,0.8637122942602119,0.4896535907067378,0.4130506541749793,0.40005286822314023,0.4016719599764964,-1.1766153658253284,-0.3435921344056372,-1.7527839268113208
Suzuka,405,81,0.1854230490190922,1.6572495289688782,1.4301911609334494,-1.154083546184355,-1.049252615715281,-0.557430944841707,0.4130506541749793,-0.1661783483218284,-1.1951588993165687,-0.5652186396470066,-0.3435921344056372,1.3121110691845337
Suzuka,406,1,1.5205020895522716,1.7999287730080138,0.37893237328969354,-0.37047928640570954,0.0,0.0,-0.021849904715531877,0.0,-0.2581988817471613,1.3048295265224767,0.48304589037298173,1.8530610560251457
Suzuka,406,4,1.5205020895522716,0.9473309331621138,0.8161620347778048,2.9638342912456763,0.0,0.0,0.018069498064177805,0.0,-0.2581988817471613,-1.1086779988706557,0.48304589037298173,0.8248122926612879
Suzuka,406,10,-0.7602510447761358,-0.7578647465296862,1.909236188498083,-0.37047928640570954,0.0,0.0,-0.9520107764950441,0.0,-0.2581988817471613,0.6767360018418537,-1.9321835614919247,0.5249064033468294
Suzuka,406,11,1.267085074626893,1.5157294930593805,-0.49552694968652905,-0.37047928640570954,0.0,0.0,-0.6615816363147942,0.0,-0.2581988817471613,-0.09093386165668417,-1.9321835614919247,0.5249064033468294
Suzuka,406,16,1.267085074626893,0.9473309331621138,0.37893237328969354,1.8523964320285478,0.0,0.0,1.368575628732051,0.0,3.6147843444602588,-0.7888155557462646,0.48304589037298173,0.310687910979359
Suzuka,406,18,0.0,0.09473309331621381,-0.49552694968652905,-0.37047928640570954,0.0,0.0,-0.1438559640396347,0.0,-0.2581988817471613,1.0722022951592833,0.48304589037298173,-0.1605927722290758
Suzuka,406,20,-0.7602510447761358,-0.7578647465296862,-1.151371441918696,-0.37047928640570954,0.0,0.0,-0.6297721256902177,0.0,-0.2581988817471613,-0.5894207860063836,0.48304589037298173,-0.3564496795364717
Suzuka,406,22,0.0,0.09473309331621381,-0.058297288198417736,-0.37047928640570954,0.0,0.0,-0.5333155838498691,0.0,-0.2581988817471613,1.1718996800292272,0.48304589037298173,0.47594217651999016
Suzuka,406,23,-1.77391910447765,-1.8946618663242194,-0.9327566111746404,-0.37047928640570954,0.0,0.0,-0.7663775852932966,0.0,-0.2581988817471613,-1.6934770110475719,0.48304589037298173,-1.760090848572861
Suzuka,406,24,-0.7602510447761358,-0.7578647465296862,-0.49552694968652905,-0.37047928640570954,0.0,0.0,-0.4453008926896415,0.0,-0.2581988817471613,-0.23632588125868012,0.48304589037298173,-0.8889356462784751
Suzuka,406,31,-0.2534170149253786,-0.18946618663241951,-0.27691211894247336,-0.37047928640570954,0.0,0.0,2.06031452250839,0.0,-0.2581988817471613,-0.6434235361442687,0.48304589037298173,-0.5890297569640166
Suzuka,406,40,-0.2534170149253786,-0.18946618663241951,1.909236188498083,-0.37047928640570954,0.0,0.0,-0.6837272763354688,0.0,-0.2581988817471613,0.8395750637960898,-1.9321835614919247,1.5219961132754178
Suzuka,406,44,-0.2534170149253786,-0.18946618663241951,-1.5886011034068073,-0.37047928640570954,0.0,0.0,0.3175087742313749,0.0,-0.2581988817471613,-0.052162656429480855,0.48304589037298173,-1.3602163294869098
Suzuka,406,77,-1.0136680597015144,-1.0420640264783194,0.37893237328969354,-0.37047928640570954,0.0,0.0,-0.8607679814103019,0.0,-0.2581988817471613,1.3048295265224767,0.48304589037298173,-0.3319675661230521
Suzuka,406,81,0.2534170149253786,0.37893237326484713,-0.27691211894247336,-0.37047928640570954,0.0,0.0,1.934091303297806,0.0,-0.2581988817471613,-1.166834806711454,0.48304589037298173,-0.5890297569640166
Suzuka,407,1,1.7133131527951606,1.948548331366432,2.0512824520755304,-0.11965625946791877,0.33165855874212885,-0.6123054202929361,0.4243467635827123,-0.35417799796983407,1.2122391456385249,0.9125552055314275,0.7164977193772923,1.801728203843369
Suzuka,407,4,0.265042918664442,-0.6393674212296132,-0.6704191428734653,0.9898836010527804,0.5416222662781032,1.153684834428464,0.4243467635827123,-0.35417799796983407,1.2122391456385249,-0.786631244440416,-1.3135791521917046,-0.3993880650863441
Suzuka,407,10,-0.37863274094921073,0.0507434461293322,0.3502189552324081,-0.4895028796414852,0.6190904461585961,-0.6123054202929361,0.4243467635827123,-0.35417799796983407,-0.09620945600305734,0.10978995357622605,0.7164977193772923,-0.3993880650863441
Suzuka,407,11,0.9087185782780948,-0.2943119875501405,-0.3302064435048408,1.359730221226347,0.5065821693954042,1.7528315790923585,0.4243467635827123,2.7117311550103214,-0.09620945600305734,-2.1245733310324186,0.7164977193772923,0.5487850969141419
Suzuka,407,14,0.10412400376102883,-0.4668397043898769,-0.500312793189153,0.620036980879214,-1.4483725840139459,-0.6123054202929361,0.4243467635827123,-0.35417799796983407,-1.4046580576446395,-0.9471842948314562,0.7164977193772923,0.4810584424855392
Suzuka,407,16,0.5868807484712684,0.7408543134882776,0.6904316546010325,-0.11965625946791877,1.9110945885908592,-0.6123054202929361,-2.514830284367966,-0.35417799796983407,1.8664634464593157,0.7018293268931868,0.7164977193772923,0.7265675647892361
Suzuka,407,18,0.10412400376102883,0.3957988798088049,0.3502189552324081,-0.304579569554702,0.06404024697706082,-0.6123054202929361,0.4243467635827123,-0.35417799796983407,-0.09620945600305734,0.5379314212856663,0.7164977193772923,0.7858283874142706
Suzuka,407,20,1.2305564080849212,-1.1569505717488222,-1.180738191926402,2.654193391833829,-0.0981215345384776,1.0212509113837374,0.4243467635827123,-0.35417799796983407,-0.09620945600305734,-0.11766020114441475,0.7164977193772923,-0.162344774586225
Suzuka,407,22,1.2305564080849212,1.6034928976869594,1.5409634030225936,-0.304579569554702,-1.4483725840139459,-0.6123054202929361,-0.9111941214220428,-0.35417799796983407,-1.4046580576446395,1.1935230437157474,0.7164977193772923,1.1583249867716048
Suzuka,407,23,-0.21771382604579753,-0.9844228549090859,-1.0106318422420897,0.8049602909659972,-0.42682272490544754,-0.6123054202929361,0.4243467635827123,-0.35417799796983407,-0.09620945600305734,-1.1880138704180168,-1.3135791521917046,-0.7380213372293769
Suzuka,407,24,-1.8269029750799293,-1.1569505717488222,-1.0106318422420897,-0.8593494998150516,0.20536213555673774,1.388410537763662,0.4243467635827123,-0.35417799796983407,0.23090269440733813,-0.16783302939161485,-1.3135791521917046,-1.7708528172656308
Suzuka,407,27,-1.8269029750799293,-1.8470614391077678,-1.8611635906636508,-0.11965625946791877,0.736910938238811,2.0314871808470127,-2.514830284367966,-0.35417799796983407,0.23090269440733813,-0.786631244440416,0.7164977193772923,-2.1518152484265425
Suzuka,407,31,-1.1832273154662767,0.0507434461293322,0.01000625586378364,-1.4141194300754012,1.458143350368502,-0.6123054202929361,0.4243467635827123,-0.35417799796983407,0.23090269440733813,0.09975538792678565,-1.3135791521917046,-0.627965523782895
Suzuka,407,44,-0.37863274094921073,0.3957988798088049,0.3502189552324081,-0.8593494998150516,-1.4483725840139459,-0.6123054202929361,0.4243467635827123,-0.35417799796983407,-1.4046580576446395,1.0028662963763872,0.7164977193772923,-0.1200156155683459
Suzuka,407,55,-0.05679491114238435,0.3957988798088049,0.3502189552324081,-0.4895028796414852,0.019199737225125905,-0.6123054202929361,0.4243467635827123,-0.35417799796983407,1.2122391456385249,0.8991757846655073,0.7164977193772923,0.2778784791997215
Suzuka,407,63,0.265042918664442,0.913382030328014,0.8605380042853448,-0.6744261897282684,-0.07526984203162414,-0.6123054202929361,0.4243467635827123,-0.35417799796983407,-0.09620945600305734,1.5146291444978286,-1.3135791521917046,0.7519650601999597
Suzuka,407,81,-0.5395516558526239,0.0507434461293322,0.01000625586378364,-0.6744261897282684,-1.4483725840139459,-0.6123054202929361,0.4243467635827123,2.60093881453719,-1.4046580576446395,-0.8535283487700162,-1.3135791521917046,-0.162344774586225
Suzuka,408,1,-0.4817785147754914,0.8283684547693816,0.4492780567781986,-0.6587059254700004,0.6960334285973483,0.7062950003828782,0.0,0.9095729390640424,0.18403639492029072,-0.5147546902951582,0.0,0.3203141765490662
Suzuka,408,2,2.0298630314474466,-1.0383773587954161,-1.048315465815803,2.2844482096087244,1.710041213241719,1.6350426084636942,0.0,-0.5120495143414023,1.4705043982465937,-0.9551682538705224,0.0,0.8823971949445
Suzuka,408,4,1.7101995619281636,1.7617413615517805,0.28287877648997617,1.3968302958548233,-0.40947151971194906,-0.30625647309901316,0.0,2.301712693948899,0.18403639492029072,-1.1702539477096536,0.0,2.487625274506233
Suzuka,408,10,-0.7101095644321221,0.12833877468258248,-0.38271834466291343,-0.7521393900756742,-1.3622407449819827,-1.1789146049425459,0.0,1.0150648565148055,-0.7808146075744341,-0.023130247234287152,0.0,-0.6595332474105382
Suzuka,408,11,-0.8014419842947744,0.8283684547693816,0.4492780567781986,-0.9857230515898586,-0.5011118187099816,-1.7659056638678456,0.0,-1.530723326875407,1.4705043982465937,0.7655172968425272,0.0,-0.14555643329219217
Suzuka,408,14,-1.349436503470688,-0.5716909054042166,1.447673738507533,-1.2660234454068802,-1.4147104348068973,-1.2269725189542442,0.0,-1.530723326875407,1.4705043982465937,1.088145837601224,0.0,-1.0494466926037662
Suzuka,408,16,1.1165388328209238,1.0617116814649814,0.7820766173546434,0.9296629728264543,-0.6039317757396778,-0.48436605015307616,0.0,-1.530723326875407,-0.7808146075744341,0.7475934890225996,0.0,1.095077255958988
Suzuka,408,18,-0.4817785147754914,-2.2050934922734147,-0.5491176249511358,-0.05138840553312066,-0.19463255933169143,-0.10948168142844203,0.0,0.8723680566535813,0.4699181734372476,0.15212476256056037,0.0,-1.2956041706297945
Suzuka,408,20,0.020549794469096248,-0.33834767870861693,-0.8819161855275806,0.08876179137539005,2.3444801192075957,2.2161363883264116,0.0,0.0018172607761603578,1.4705043982465937,-1.098558716429943,0.0,-0.11010975645644418
Suzuka,408,22,0.3858794739197054,0.5950252280737819,1.1148751779310881,0.27562872058673765,-0.3338169655499084,-0.23696313306508188,0.0,0.18462106000687695,0.18403639492029072,0.652853361974411,0.0,0.7659295424841833
Suzuka,408,23,1.3448698824775545,-0.8050341320998163,0.615677337066421,1.536980492763334,-0.7677078320137452,-0.634371427654981,0.0,-1.530723326875407,0.18403639492029072,1.8204614142439788,0.0,1.393842103574579
Suzuka,408,24,-0.984106824020079,-0.5716909054042166,-1.048315465815803,-0.8922895869841848,0.2019283087377079,0.25373540946112866,0.0,-0.29693275873460667,-0.7808146075744341,-0.45330163491254954,0.0,-1.1735100615288843
Suzuka,408,27,-0.6187771445694699,-1.7384070388822153,-2.2131104278333598,-0.28497206704730516,1.0378780458576298,1.0193965124458615,0.0,-0.12979278186018045,1.4705043982465937,-1.4928824884683503,0.0,-1.4216367993791204
Suzuka,408,31,-0.9384406140887528,-0.10500445201301721,0.4492780567781986,-0.9390063192870217,1.1109931973864402,1.0863639688354243,0.0,-0.3417930806357266,-0.7808146075744341,0.9626791828617308,0.0,-0.8722133084250263
Suzuka,408,40,-0.8471081942261005,-0.5716909054042166,-1.048315465815803,-0.7521393900756742,0.3107218531573605,0.35338133495056995,0.0,0.5223010530338933,-0.7808146075744341,-1.7975872214071196,0.0,-0.5000232016496722
Suzuka,408,44,1.207871252683576,-0.10500445201301721,-0.5491176249511358,1.2566800989463125,-0.025868919997498848,0.04509191133506497,0.0,0.7310284440753395,-0.7808146075744341,-0.11274928633392516,0.0,0.04940028930442185
Suzuka,408,55,0.2945470540570531,1.0617116814649814,-0.216319064374691,0.08876179137539005,-1.3501068184323135,-1.1678009276806047,0.0,-0.06136678390074375,-1.5312542761814436,0.13619248894284702,0.0,0.2798036887367839
Suzuka,408,63,0.2945470540570531,0.8283684547693816,-0.216319064374691,0.13547852367822694,0.1757675370858706,0.22977429746067832,0.0,0.5610462565657531,-0.7808146075744341,-0.23821594107341834,0.0,0.4924837497512719
Suzuka,408,77,-0.7101095644321221,0.3616820013781822,0.615677337066421,-0.7988561223785111,-0.6418091212779343,-0.5190585787527889,0.0,0.1689339570850824,-0.7808146075744341,-0.04105405505421475,0.0,-0.4645765248139242
Suzuka,408,81,-0.4817785147754914,0.5950252280737819,1.9468715793722002,-0.6119891931671635,0.017564807281930772,0.08487362793692743,0.0,0.19636164924984556,-0.7808146075744341,1.5720886487392693,0.0,-0.07466307962069617
Suzuka,409,1,0.5935843734809304,0.5935843734809304,0.8765101421289353,0.0,0.0,0.0,1.1040023573192286,-0.23570225803140502,-0.5194624767921768,0.3740343607436247,-0.5194624804350342,0.7483767409981008
Suzuka,409,2,1.141508410540246,1.141508410540246,0.5095989198424081,0.0,0.0,0.0,-1.6327095382211552,-0.23570225803140502,-0.5194624767921768,0.3740343607436247,1.8181186815226187,0.8332766233802386
Suzuka,409,4,0.8675463920105883,0.8675463920105883,0.5095989198424081,0.0,0.0,0.0,-0.4442638573116672,-0.23570225803140502,-0.5194624767921768,0.3740343607436247,-0.5194624804350342,0.7483767409981008
Suzuka,409,10,-0.7762257191673586,-0.7762257191673586,-0.22422352473064625,0.0,0.0,0.0,-1.6327095382211552,4.006938386533886,-0.5194624767921768,-2.7429186454532477,-0.5194624804350342,-0.4402216123518285
Suzuka,409,14,0.04566033642161483,0.04566033642161483,-0.5911347470171734,0.0,0.0,0.0,-1.6327095382211552,-0.23570225803140502,-0.5194624767921768,0.28052577055771855,1.8181186815226187,-0.4402216123518285
Suzuka,409,16,-0.228301682108043,-0.228301682108043,0.8765101421289353,0.0,0.0,0.0,0.46278428964063656,-0.23570225803140502,1.8181186687726192,0.3740343607436247,-0.5194624804350342,0.23897744670527393
Suzuka,409,18,-0.228301682108043,-0.228301682108043,-0.9580459693037006,0.0,0.0,0.0,-0.19635054380090933,-0.23570225803140502,-0.5194624767921768,0.2493562404957498,1.8181186815226187,-0.7798211418803798
Suzuka,409,20,-0.228301682108043,-0.228301682108043,0.14268769755588095,0.0,0.0,0.0,-0.7070715431523833,-0.23570225803140502,-0.5194624767921768,0.3740343607436247,-0.5194624804350342,-0.01572220044113949
Suzuka,409,22,-0.228301682108043,-0.228301682108043,-0.9580459693037006,0.0,0.0,0.0,1.157891728545207,-0.23570225803140502,-0.5194624767921768,0.3740343607436247,-0.5194624804350342,-0.7515211810863403
Suzuka,409,23,0.04566033642161483,0.04566033642161483,0.5095989198424081,0.0,0.0,0.0,0.38057144946102467,-0.23570225803140502,-0.5194624767921768,0.3740343607436247,-0.5194624804350342,0.32387732908741174
Suzuka,409,24,-3.241883885934279,-3.241883885934279,-3.1595133030228637,0.0,0.0,0.0,-0.03400903002750275,-0.23570225803140502,1.8181186687726192,0.3740343607436247,-0.5194624804350342,-3.326817613344514
Suzuka,409,27,0.3196223549512726,0.3196223549512726,0.5095989198424081,0.0,0.0,0.0,0.04350836113923389,-0.23570225803140502,1.8181186687726192,0.3740343607436247,-0.5194624804350342,0.663476858615963
Suzuka,409,31,0.5935843734809304,0.5935843734809304,1.2434213644154626,0.0,0.0,0.0,0.34678205673407975,-0.23570225803140502,-0.5194624767921768,0.3740343607436247,-0.5194624804350342,0.8332766233802386
Suzuka,409,40,-0.7762257191673586,-0.7762257191673586,-0.22422352473064625,0.0,0.0,0.0,0.5248818649780838,-0.23570225803140502,1.8181186687726192,-2.7429186454532477,-0.5194624804350342,-0.4402216123518285
Suzuka,409,55,-0.228301682108043,-0.228301682108043,0.5095989198424081,0.0,0.0,0.0,-0.27304660154677357,-0.23570225803140502,-0.5194624767921768,0.34286483068165596,-0.5194624804350342,0.15407756432313613
Suzuka,409,63,0.3196223549512726,0.3196223549512726,-0.22422352473064625,0.0,0.0,0.0,-0.20514125993076737,-0.23570225803140502,-0.5194624767921768,0.3740343607436247,1.8181186815226187,0.32387732908741174
Suzuka,409,77,0.8675463920105883,0.8675463920105883,0.14268769755588095,0.0,0.0,0.0,2.1055858688512057,-0.23570225803140502,-0.5194624767921768,0.3740343607436247,-0.5194624804350342,0.49367709385168734
Suzuka,409,81,1.141508410540246,1.141508410540246,0.5095989198424081,0.0,0.0,0.0,0.6320034737647718,-0.23570225803140502,-0.5194624767921768,0.1246781202478749,-0.5194624804350342,0.8332766233802386
Suzuka,410,1,0.6083111000961015,1.3952019511126459,-0.7315344195408109,0.338955736554252,-0.1981185015935602,-0.1981185015935602,0.0,0.8717251330242445,-0.46059795765540035,-0.7985607260657478,1.1937336362563324,1.5449351675118717
Suzuka,410,2,1.191623113886884,-0.40505863096819084,0.006147348063367807,1.2266969513391972,0.527505729972989,0.527505729972989,0.0,0.25590157388189444,0.015872019364359762,-0.32219069926695204,-0.795822424170888,0.278740022198958
Suzuka,410,4,0.6083111000961015,-2.2053192130490276,-0.6085874582734478,0.9845857109433029,-0.09755867419073186,-0.09755867419073186,0.0,1.0895374774717457,0.15881301247028837,0.18437673955004757,1.1937336362563324,-0.6399876181211125
Suzuka,410,10,-0.5583129274854635,0.4950716600722275,0.7438291156675465,-0.6294892250293245,-0.48845750216199063,-0.48845750216199063,0.0,0.7952942902600039,0.3136657550017104,0.7077985478655792,-0.795822424170888,0.19040082601433564
Suzuka,410,11,0.524980812411704,-0.8551237764884,-0.9774283420755372,0.6617707237487774,0.09996719271022159,0.09996719271022159,0.0,0.205482039135197,0.665603806209487,-0.8137764763074785,1.1937336362563324,-0.01037007440525879
Suzuka,410,14,0.10832937398971651,-1.3051889220086093,3.079821379747446,0.338955736554252,-0.2795039562572313,-0.2795039562572313,0.0,-0.03997073224457344,0.42427485680986815,-0.5268509003205589,-0.795822424170888,0.7078161179528408
Suzuka,410,16,0.7749716754648964,0.9451368055924367,0.37498823186545716,0.5810669769501461,0.4878670890144285,0.4878670890144285,0.0,-0.820403739278154,0.15881301247028837,0.6347629467052732,1.1937336362563324,0.6792110449025817
Suzuka,410,18,0.02499908630531901,-1.7552540675288184,-0.23974657447135844,0.338955736554252,0.4845583925507608,0.4845583925507608,0.0,-0.7559690170406637,-0.46059795765540035,0.20567878988846983,-0.795822424170888,-0.958008724385755
Suzuka,410,20,0.524980812411704,0.04500651455201836,0.37498823186545716,0.5003632301515147,0.15919590786177845,0.15919590786177845,0.0,-0.5404752306272418,-0.23937975403908335,-0.05733632143287238,-0.795822424170888,0.3039797925374208
Suzuka,410,22,-3.6415335718081705,0.4950716600722275,-0.36269353573872154,-3.6155278565786855,-3.911733677028076,-3.911733677028076,0.0,-2.3143815088785433,-3.5576528082838417,3.446633591377086,-0.795822424170888,-2.430328660796129
Suzuka,410,23,-0.6416432151698609,0.4950716600722275,-1.2233222646102635,-0.7101929718279558,-0.22262363846599764,-0.22262363846599764,0.0,0.8242324760596537,1.4452819504236405,-1.5862684116568773,-0.795822424170888,-0.2377045093419131
Suzuka,410,24,-0.05833120137907848,0.4950716600722275,-1.2233222646102635,-0.14526674423753624,-0.09624624734544328,-0.09624624734544328,0.0,1.281738249599758,0.42427485680986815,-0.5920612584994044,1.1937336362563324,-1.0084882650626805
Suzuka,410,27,-0.474982639801066,-1.3051889220086093,0.12909430933073093,-0.22597049103616762,0.3761250899918514,0.3761250899918514,0.0,0.2155263909550793,-0.23937975403908335,-0.4485984705059445,-0.795822424170888,-1.4880439014934892
Suzuka,410,31,0.358320237042909,0.4950716600722275,0.37498823186545716,0.25825198975562064,0.6219491227446348,0.6219491227446348,0.0,-0.08703011420147978,-0.23937975403908335,-0.08342046470441043,-0.795822424170888,0.07682185949125048
Suzuka,410,40,0.358320237042909,1.3952019511126459,0.12909430933073093,0.09684449615835787,0.2679902710144758,0.2679902710144758,0.0,0.3832577341368907,-0.17904751668917862,0.21536154004229996,-0.795822424170888,1.017576935743073
Suzuka,410,44,-0.6416432151698609,0.04500651455201836,-0.6085874582734478,-0.6294892250293245,0.293833547637416,0.293833547637416,0.0,0.023917519095715736,0.3136657550017104,-0.7376977250988257,1.1937336362563324,0.16095442728612985
Suzuka,410,55,0.858301963149294,0.4950716600722275,-0.23974657447135844,0.7424744705474089,0.9746478863450934,0.9746478863450934,0.0,-0.3301258423402964,0.42427485680986815,0.3991361858190452,1.1937336362563324,1.086412673029788
Suzuka,410,63,0.191659661674114,0.04500651455201836,1.2356169607369991,0.17754824295698926,0.906738875477752,0.906738875477752,0.0,-2.3143815088785433,1.5102551291081532,0.6137375463712452,-0.795822424170888,1.5315504408172442
Suzuka,410,77,0.02499908630531901,0.4950716600722275,0.7438291156675465,-0.06456299743890487,0.15796305545109332,0.15796305545109332,0.0,0.062283840260959754,-0.23937975403908335,0.06004232328904918,1.1937336362563324,-0.3522542362626324
Suzuka,410,81,-0.14166148906347598,0.4950716600722275,-0.9774283420755372,-0.22597049103616762,-0.06409996372946293,-0.06409996372946293,0.0,1.1938409696083496,-0.23937975403908335,-0.500766757049021,-0.795822424170888,-0.45321331761648365
Suzuka,411,1,1.002353373050955,1.002353373050955,1.3684091968906293,0.0,0.0,0.0,-0.3744460852107875,0.0,0.0,0.351878931854958,0.5816750494613975,1.0697857125740875
Suzuka,411,2,0.01728195470777557,0.01728195470777557,0.7906364248701404,0.0,0.0,0.0,-0.3915626676500298,0.0,0.0,0.351878931854958,0.5816750494613975,1.3247828558446648
Suzuka,411,4,-2.6095751608740363,-2.6095751608740363,-0.6537955051810816,0.0,0.0,0.0,-1.4921334134089483,0.0,0.0,0.351878931854958,-1.62869013849191,-1.3101876246180535
Suzuka,411,10,0.3456390941555021,0.3456390941555021,-0.3649091191708372,0.0,0.0,0.0,1.5377125331048553,0.0,0.0,0.351878931854958,-1.62869013849191,-0.4920717899582439
Suzuka,411,11,0.01728195470777557,0.01728195470777557,1.6572955829008735,0.0,0.0,0.0,-1.4921334134089483,0.0,0.0,0.351878931854958,-1.62869013849191,1.7072785707505564
Suzuka,411,14,0.01728195470777557,0.01728195470777557,-0.6537955051810816,0.0,0.0,0.0,-1.4921334134089483,0.0,0.0,0.351878931854958,0.5816750494613975,-0.2689492895964823
Suzuka,411,16,0.6739962336032286,0.6739962336032286,-0.3649091191708372,0.0,0.0,0.0,1.1041633441960796,0.0,0.0,0.351878931854958,0.5816750494613975,0.10292154433977861
Suzuka,411,18,-1.2961466030831306,-1.2961466030831306,-0.6537955051810816,0.0,0.0,0.0,0.5359168311515506,0.0,0.0,-0.328022733085073,0.5816750494613975,-1.4164364343141063
Suzuka,411,20,-0.31107518473995094,-0.31107518473995094,-0.6537955051810816,0.0,0.0,0.0,0.4238490289059227,0.0,0.0,0.351878931854958,0.5816750494613975,-1.0126909574690295
Suzuka,411,22,0.6739962336032286,0.6739962336032286,-0.6537955051810816,0.0,0.0,0.0,-1.4921334134089483,0.0,0.0,0.351878931854958,-1.62869013849191,0.10292154433977861
Suzuka,411,23,0.6739962336032286,0.6739962336032286,2.2350683549213626,0.0,0.0,0.0,-0.2462592094877308,0.0,0.0,0.351878931854958,0.5816750494613975,1.683372588568932
Suzuka,411,24,-0.967789463635404,-0.967789463635404,-0.0760227331605928,0.0,0.0,0.0,-0.06769782855222843,0.0,0.0,0.351878931854958,0.5816750494613975,-0.7895684571072679
Suzuka,411,27,1.002353373050955,1.002353373050955,-1.2315682772015704,0.0,0.0,0.0,0.5625070020488316,0.0,0.0,0.351878931854958,0.5816750494613975,-0.44744728988589416
Suzuka,411,31,-0.31107518473995094,-0.31107518473995094,1.079522810880385,0.0,0.0,0.0,1.4734502615097667,0.0,0.0,0.351878931854958,-1.62869013849191,0.4960421402152628
Suzuka,411,44,0.01728195470777557,0.01728195470777557,-0.0760227331605928,0.0,0.0,0.0,0.3273571835773019,0.0,0.0,0.351878931854958,0.5816750494613975,-0.07770143214353653
Suzuka,411,55,1.3307105124986816,1.3307105124986816,-0.0760227331605928,0.0,0.0,0.0,1.030157716759352,0.0,0.0,-1.6878260629652027,0.5816750494613975,0.8785378551211417
Suzuka,411,63,-0.967789463635404,-0.967789463635404,-1.2315682772015704,0.0,0.0,0.0,-0.3247330005211654,0.0,0.0,0.351878931854958,0.5816750494613975,-1.5333101249798151
Suzuka,411,77,1.3307105124986816,1.3307105124986816,-0.9426818911913261,0.0,0.0,0.0,0.841748372864257,0.0,0.0,0.351878931854958,0.5816750494613975,0.17729571112704093
Suzuka,411,81,-0.6394323241876775,-0.6394323241876775,0.501750038859896,0.0,0.0,0.0,-0.4636298290601848,0.0,0.0,-3.614214113628714,0.5816750494613975,-0.19457512280924535
Suzuka,412,1,1.0078080990104765,0.5049476163634228,-0.28338812356028686,0.8889123201637124,0.06156350721379349,0.9764286583302487,0.46607941831954036,-0.14728211712368508,0.566740489233062,-0.005373758969486804,0.8816307187406156,1.1832233965238108
Suzuka,412,2,-0.36960615931819374,-0.5927645931222735,-1.609885723204186,-0.24201938487917835,-0.3891794059620264,0.048190128442557226,0.46607941831954036,1.3212801299666985,-0.5335747330208375,-1.651321151142141,0.8816307187406156,-1.0977165771534403
Suzuka,412,4,0.6404976301228311,0.2854051744662835,-0.6451601961904412,0.5722514427517029,-0.5189905265430959,0.5424859926881613,0.46607941831954036,0.16319408877654001,-0.7941757067125506,-0.2468641099446253,-1.0775486562385292,0.6474470479310127
Suzuka,412,10,-0.32369235070723806,-0.8123070350194127,-1.609885723204186,-0.1515448484757471,-0.683382126698967,-0.07463152128218192,0.46607941831954036,2.1775090151427765,-0.6252676682086621,-0.7287856436888708,-1.0775486562385292,-0.541561460114848
Suzuka,412,11,0.9618942903995209,1.602659825849119,0.07838394906986745,0.6174887109534186,-1.251393216783243,-0.7044383817227506,0.46607941831954036,1.0895975359599166,-0.36852744968275236,-0.04000855930671107,0.8816307187406156,0.9509054362418711
Suzuka,412,14,0.7323252473447426,-1.2513919188136913,-1.4892950323274678,0.9793868565671436,0.31228057236161855,1.1638303905482827,0.46607941831954036,-0.2693661964763658,0.3666831760959896,-0.6836265629044451,-1.0775486562385292,-0.4199625277358701
Suzuka,412,16,0.27318716123518577,1.3831173839519797,1.4048815487137667,-0.01583304387060021,-0.07911120506105092,-1.7275799294566399,0.46607941831954036,-0.2881883579710084,0.3666831760959896,1.142283136274801,0.8816307187406156,0.9105857902425263
Suzuka,412,18,-0.09412330765245966,-1.031849476916552,0.44015602170002177,0.11987876073454667,-0.2715291268334553,-0.24383907531863092,-1.419518513828527,-0.7735923724076262,0.8918336230808064,-0.22259952922463558,-1.0775486562385292,0.046593375970844585
Suzuka,412,20,-0.4155199679291494,0.2854051744662835,-1.0069322688205955,-0.4682057258877565,1.3521115994560475,0.8996701187695517,0.46607941831954036,0.5040990215537539,0.7868035336838431,-0.7406483275964214,0.8816307187406156,-0.5633852685049692
Suzuka,412,22,0.8700666731776096,0.724490058260562,-0.28338812356028686,0.7079632473568498,-0.8834010054709278,-0.28118751501680894,0.46607941831954036,1.7885818754007798,-1.0837323441477884,-0.9649801536338525,0.8816307187406156,0.3082596500074095
Suzuka,412,23,0.043618118180407374,-0.8123070350194127,0.8019280943301761,0.21035329713797793,0.8777079912169186,1.2147232455038297,0.46607941831954036,-0.42705064160569883,0.6863399699128349,-0.8793256813200164,-1.0775486562385292,-0.01601476999087576
Suzuka,412,24,-0.2777785420962824,0.724490058260562,0.681337403453458,-0.42296845768604086,-0.4035312589506246,-0.0017563686059628438,-1.500239359080428,-0.21941275067080104,-0.5995936463560709,1.0449821675876414,0.8816307187406156,0.11202640147834812
Suzuka,412,27,0.31910096984614145,-2.5686465701965266,0.3195653308233037,0.8436750519619968,1.3333977284074172,1.1466625565762452,0.46607941831954036,-0.9486831196941112,0.6863399699128349,-1.0533976734416832,0.8816307187406156,-0.7763280945499594
Suzuka,412,31,-0.185950924874371,-0.37322215122513425,0.5607467125767399,-0.10630758027403146,0.17124567826617018,1.0584120240677621,0.46607941831954036,-0.45481766912481364,0.7868035336838431,-0.3803193039045702,-1.0775486562385292,0.09555294611290188
Suzuka,412,40,-3.721314187917958,0.5049476163634228,0.44015602170002177,-3.7705263046129973,-1.4038403686351753,-0.11890653383626652,0.46607941831954036,-0.10963589642396399,-2.784219505812906,1.815625251254523,0.8816307187406156,-3.259617595975478
Suzuka,412,44,0.08953192679136304,-0.5927645931222735,0.44015602170002177,0.21035329713797793,0.21959946061292435,-1.7275799294566399,0.46607941831954036,-0.9414806237165514,0.2091380420005451,0.9609053953928758,-1.0775486562385292,-0.0881894406555419
Suzuka,412,55,0.6404976301228311,0.9440325001577012,-0.8863415779438774,0.43653963814655605,2.554399540923443,-0.9931378884199631,0.46607941831954036,-0.9403139820962108,1.942134517050438,0.5841977797150315,0.8816307187406156,0.7205074591027554
Suzuka,412,63,0.22727335262423007,0.5049476163634228,0.19897463994658557,0.11987876073454667,0.4673389302411191,-1.7275799294566399,-2.9630391194204115,-1.2356213958615179,-0.5335747330208375,2.161684390570571,-1.0775486562385292,0.5556631921258428
Suzuka,412,77,-0.5532613937620164,0.06586273256914427,0.19897463994658557,-0.5586802622911877,-1.500732704237437,-0.4066727826426586,0.46607941831954036,0.9468048522334055,-0.5335747330208375,-0.15153897140180736,0.8816307187406156,0.10912996976574678
Suzuka,412,81,0.13544573540231872,0.5049476163634228,2.249016384850793,0.029404224331115416,0.03544593647657131,0.9569067402885045,-1.5744737007832832,-1.2356213958615179,0.566740489233062,0.03911130568382848,-1.0775486562385292,1.1228810691778583
Suzuka,413,1,0.46174106285428906,0.6363663123332457,0.6363663123332457,-0.5194624812445581,0.0,0.0,0.49631571492647486,0.0,0.0,0.707940264950854,0.0,0.6292645534963667
Suzuka,413,2,2.7284699168662416,1.983965561980101,1.983965561980101,1.0389249624891155,0.0,0.0,-1.7635236946581128,0.0,0.0,0.707940264950854,0.0,2.2999151897464833
Suzuka,413,4,-0.29383522181636185,-0.7112329373136096,-0.7112329373136096,1.0389249624891155,0.0,0.0,0.49631571492647486,0.0,0.0,0.2417357002270926,0.0,-0.3432037273059208
Suzuka,413,14,-0.6716233641516873,-0.7112329373136096,-0.7112329373136096,0.2597312406222787,0.0,0.0,0.49631571492647486,0.0,0.0,-0.6906734292203971,0.0,-0.49281423204474895
Suzuka,413,16,-0.29383522181636185,-0.37433312490189574,-0.37433312490189574,0.2597312406222787,0.0,0.0,0.49631571492647486,0.0,0.0,-1.6230825586679198,0.0,-0.3182686431827863
Suzuka,413,18,-1.0494115064870129,-1.7219323745487511,-1.7219323745487511,1.8181186843559523,0.0,0.0,0.49631571492647486,0.0,0.0,-1.6230825586679198,0.0,-1.3780097184160764
Suzuka,413,20,0.0839529205189636,0.2994664999215319,0.2994664999215319,-0.5194624812445581,0.0,0.0,0.49631571492647486,0.0,0.0,-1.2345787547314133,0.0,0.2427707495877715
Suzuka,413,22,0.0839529205189636,-0.03743331249018191,-0.03743331249018191,0.2597312406222787,0.0,0.0,0.49631571492647486,0.0,0.0,0.707940264950854,0.0,-0.11878797019771041
Suzuka,413,23,1.5951054898602655,1.3101659371566734,1.3101659371566734,0.2597312406222787,0.0,0.0,0.49631571492647486,0.0,0.0,0.707940264950854,0.0,1.4521223295598473
Suzuka,413,24,-1.0494115064870129,-1.0481327497253234,-1.0481327497253234,0.2597312406222787,0.0,0.0,-0.7387029118296605,0.0,0.0,0.707940264950854,0.0,-1.3156720081082296
Suzuka,413,27,-0.6716233641516873,-0.03743331249018191,-0.03743331249018191,-1.2986562031113948,0.0,0.0,0.49631571492647486,0.0,0.0,0.707940264950854,0.0,-0.2870997880288735
Suzuka,413,31,1.21731734752494,1.983965561980101,1.983965561980101,-2.0778499249782314,0.0,0.0,-2.298509235594807,0.0,0.0,0.707940264950854,0.0,1.6017328342986754
Suzuka,413,40,-0.29383522181636185,-0.03743331249018191,-0.03743331249018191,-0.5194624812445581,0.0,0.0,0.49631571492647486,0.0,0.0,0.707940264950854,0.0,-0.2683984749365173
Suzuka,413,44,-0.29383522181636185,-0.03743331249018191,-0.03743331249018191,-0.5194624812445581,0.0,0.0,0.49631571492647486,0.0,0.0,0.707940264950854,0.0,-0.3432037273059208
Suzuka,413,55,-0.29383522181636185,0.2994664999215319,0.2994664999215319,-1.2986562031113948,0.0,0.0,0.49631571492647486,0.0,0.0,-1.6230825586679198,0.0,0.03082253454111776
Suzuka,413,63,-1.0494115064870129,-0.7112329373136096,-0.7112329373136096,-0.5194624812445581,0.0,0.0,-2.1476841668880775,0.0,0.0,0.707940264950854,0.0,-1.0039834565690378
Suzuka,413,77,-0.6716233641516873,-1.0481327497253234,-1.0481327497253234,1.0389249624891155,0.0,0.0,0.49631571492647486,0.0,0.0,0.707940264950854,0.0,-0.9416457462611909
Suzuka,413,81,0.46174106285428906,-0.03743331249018191,-0.03743331249018191,1.0389249624891155,0.0,0.0,0.49631571492647486,0.0,0.0,-1.2345787547314133,0.0,0.5544593011269632
Suzuka,414,1,0.19250763796661047,1.7153281995091647,1.7442716699569643,-0.16631603982626683,2.2050213663729603,2.2119006839672655,0.32489314377140976,-0.4290764661386414,1.4437612136294873,-1.068579916453017,0.22360679674997821,0.8565296573942325
Suzuka,414,2,-0.11550458277996628,0.012165448223468565,0.0,-0.1159172398789132,-1.0263296237848372,-0.9202368089568953,0.32489314377140976,1.2485204112341828,-1.4332123107069217,0.5560418383885541,0.22360679674997821,-0.27434079491110686
Suzuka,414,4,0.5518552288376166,1.2287102705703943,1.2459083356835459,0.28727315969991585,0.14707642152234904,0.2171416683811635,0.32489314377140976,0.4937578774250773,0.5806691563285649,-1.068579916453017,0.22360679674997821,0.7916231855179868
Suzuka,414,10,0.9112028197086228,-0.7177614451846869,-0.7475450014101275,1.0432551589102201,-1.6011952463284673,-1.4774520960756012,0.32489314377140976,1.6464878326545067,-0.4262715771891784,0.17696342892552092,0.22360679674997821,0.5819253533024275
Suzuka,414,11,0.5518552288376166,0.7420923416316241,0.7475450014101275,0.38807075959462306,0.3867685657900428,0.4494744462523687,0.32489314377140976,0.24862365884924853,-0.4262715771891784,-1.0144258579582979,0.22360679674997821,0.7217239081128003
Suzuka,414,14,2.1945870728193593,-0.9610704096540721,-0.9967266685468367,2.3536239575414144,0.7004737334722051,0.7535477952677225,0.32489314377140976,-1.1297355677457768,0.5806691563285649,-0.5270393315058265,0.22360679674997821,0.599400172653724
Suzuka,414,16,0.2951783782154694,0.9854013061010092,0.9967266685468367,0.08567795991050131,0.3336735245288809,-1.09361028940906,0.32489314377140976,-1.6109115412131223,1.2519629786737272,1.3141986573146207,0.22360679674997821,1.4323665617321935
Suzuka,414,18,-0.8341997645219786,-0.4744524807153017,-0.49836333427341833,-0.7207028392471567,-1.3978415540828955,-1.2803420558023801,0.32489314377140976,1.3153311732948927,-2.440153044224665,0.9892743063463064,0.22360679674997821,-0.9558587496116749
Suzuka,414,20,1.2192150404551996,0.2554744126928537,0.24918166713670917,1.1440527588049274,0.31978498133547384,0.38454748631529234,0.32489314377140976,0.31712806763096074,0.5806691563285649,-0.8519636824741408,0.22360679674997821,1.385767043462072
Suzuka,414,22,-1.758236426761709,-0.4744524807153017,-0.49836333427341833,-1.627881238299522,-1.8042830207060923,-1.6743043830664426,-2.9240382939426888,-0.4932292168575032,-0.8578176058396401,2.0259377118166424,0.22360679674997821,-1.7996428840028533
Suzuka,414,23,-1.4502242060151322,0.7420923416316241,0.7475450014101275,-1.5774824383521684,0.22069016706384958,0.2884952208449437,0.32489314377140976,0.4184727735061014,-0.09062466601659765,-1.068579916453017,0.22360679674997821,-1.0374079065843897
Suzuka,414,24,-0.11550458277996628,-1.6909973030622276,-1.7442716699569643,0.23687435975256219,0.3925451940745866,0.4550737123450386,0.32489314377140976,-0.8441728910079368,0.5806691563285649,-0.3104230975269504,0.22360679674997821,-0.3966645303701832
Suzuka,414,27,0.141172267842181,-1.4476883385928423,-1.495090002820255,0.4384695595419767,-0.11551256849052484,-0.03738494397184697,0.32489314377140976,0.5572699829557853,-0.9856830958101467,0.4718021918412135,0.22360679674997821,-0.7500442105852897
Suzuka,414,31,-0.4748521736509725,-1.9343062675316127,-1.7442716699569643,-0.06551843993155958,0.7351370698992854,0.7871468490330952,0.32489314377140976,-1.6109115412131223,0.5806691563285649,0.5560418383885541,0.22360679674997821,-0.6937364593422257
Suzuka,414,40,0.705861339210905,0.7420923416316241,0.7475450014101275,0.5392671594366839,1.3681562642627518,1.400730194960378,0.32489314377140976,-0.7550458911897462,1.4437612136294873,-1.068579916453017,0.22360679674997821,0.7167311025838596
Suzuka,414,44,-0.6288582840242608,-0.4744524807153017,-0.49836333427341833,-0.5191076394577422,0.3241563909363944,0.38878467873099565,0.32489314377140976,-0.3754364863537641,-0.4262715771891784,0.014501253441363804,-4.2485291382496015,-1.095657304422048
Suzuka,414,55,0.24384300809103993,0.012165448223468565,0.0,0.23687435975256219,-0.39955224714393206,-0.31270363565783504,0.32489314377140976,-0.44302050330086545,-0.4262715771891784,1.801585183767092,0.22360679674997821,-0.18696669815462377
Suzuka,414,63,0.3978491184643283,0.49878337716223886,0.49836333427341833,0.28727315969991585,0.47135886420949447,0.5314675339807524,0.32489314377140976,0.16211278563936227,0.8044337637769523,-1.068579916453017,0.22360679674997821,1.0673370019495585
Suzuka,414,77,-1.9635779072594268,0.49878337716223886,0.49836333427341833,-2.031071637878351,-1.1431630186388466,-1.0334830200811116,-2.9240382939426888,1.8132914729291425,-0.6276597238927273,0.40441047460334084,0.22360679674997821,-1.6199018849609463
Suzuka,414,81,-0.06416921265553682,0.7420923416316241,0.7475450014101275,-0.21671483977362047,-0.11696526429266306,-0.03879303705785012,0.32489314377140976,-0.5294559310987826,0.292971803894924,-0.2640053331029057,0.22360679674997821,0.6568174362365546
Suzuka,415,1,0.6798250965893379,0.6038388938383987,0.45447183382708917,0.2803580083059984,-0.3233522403368898,-0.3233522403368898,0.0,0.6283754404513604,-0.408119383980313,-0.43181998489852974,0.0,0.6361087156755151
Suzuka,415,2,-1.3596501931786757,-1.1214150885570309,-1.1686418584125167,-0.6541686860473291,-0.3233522403368898,-0.3233522403368898,0.0,0.8992660338633386,-0.408119383980313,-1.135202179870479,0.0,-1.4819722901413812
Suzuka,415,4,-0.9064334621191172,-0.25878809735931607,0.2921604646031286,-0.9656775841651051,-0.3233522403368898,-0.3233522403368898,0.0,-0.654210274243953,-0.408119383980313,1.5430607932919425,0.0,-0.15060708648504464
Suzuka,415,10,-0.6798250965893379,0.6038388938383987,-0.19477364306875317,-1.5886953804006567,-0.3233522403368898,-0.3233522403368898,0.0,-1.7469459160690652,-0.408119383980313,0.7314659529396935,0.0,-0.02957388615265314
Suzuka,415,11,0.9064334621191172,0.02875423303992219,-0.6817077507406349,1.214884702659326,-0.3233522403368898,-0.3233522403368898,0.0,1.8058695369799225,-0.408119383980313,-1.329083169510183,0.0,-0.059832186235749936
Suzuka,415,14,0.0,0.31629656343916046,0.129849095379168,-0.3426597879295533,-0.3233522403368898,-0.3233522403368898,0.0,0.1454571002744364,-0.408119383980313,0.7353306902747042,0.0,0.696625315841713
Suzuka,415,16,-0.9064334621191172,-0.5463304277585543,-0.19477364306875317,-0.6541686860473291,-0.3233522403368898,-0.3233522403368898,0.0,0.6454548337282304,-0.408119383980313,1.4664101694808973,0.0,-0.7154286880362235
Suzuka,415,18,1.3596501931786757,-0.5463304277585543,-0.5193963815166743,2.460920295130429,-0.3233522403368898,-0.3233522403368898,0.0,1.2275872313537204,2.169476725369032,-0.8492116170796866,0.0,-0.08144525772367253
Suzuka,415,20,0.4532167310595586,0.02875423303992219,-0.5193963815166743,0.5918669064237743,-0.3233522403368898,-0.3233522403368898,0.0,-0.8585811288606532,-0.408119383980313,-0.6752984370042046,0.0,-0.09009048631884674
Suzuka,415,22,-0.2266083655297793,0.31629656343916046,-0.19477364306875317,-0.6541686860473291,-0.3233522403368898,-0.3233522403368898,0.0,0.6968740025549839,-0.408119383980313,0.38428371567789765,0.0,-0.16069318651273926
Suzuka,415,23,-1.5862585587084552,-2.8466690709524602,-1.1686418584125167,0.9033758045415501,2.610337885774589,2.610337885774589,0.0,0.5053525466848755,2.169476725369032,-1.4095985306562393,0.0,-2.8479184081783973
Suzuka,415,24,-0.4532167310595586,-0.5463304277585543,0.2921604646031286,-0.031150889811777476,-0.3233522403368898,-0.3233522403368898,0.0,-0.5332520593303708,-0.408119383980313,0.06866349998535703,0.0,-0.16069318651273926
Suzuka,415,27,-0.9064334621191172,-1.1214150885570309,3.7006992183063008,-0.031150889811777476,-0.3233522403368898,-0.3233522403368898,0.0,-0.14328669895623444,-0.408119383980313,-0.22441241458628908,0.0,0.2931813147337385
Suzuka,415,31,-1.1330418276488965,-0.5463304277585543,-0.6817077507406349,-0.9656775841651051,-0.3233522403368898,-0.3233522403368898,0.0,0.03873864979439695,-0.408119383980313,-0.17932381234449665,0.0,-1.1693031892827013
Suzuka,415,40,0.6798250965893379,0.8913812242376369,-0.3570850122927137,-0.031150889811777476,-0.3233522403368898,-0.3233522403368898,0.0,-0.3108005895492241,-0.408119383980313,0.7585191142847688,0.0,0.696625315841713
Suzuka,415,44,1.8128669242382345,1.1789235546368753,0.45447183382708917,1.214884702659326,3.210002440289427,3.210002440289427,0.0,-1.7469459160690652,2.599076076927256,-0.08914660786091425,0.0,1.3017913175036833
Suzuka,415,55,0.6798250965893379,0.6038388938383987,-0.19477364306875317,0.2803580083059984,-0.3233522403368898,-0.3233522403368898,0.0,0.5930501723737536,-0.408119383980313,1.0445096770755613,0.0,0.5237207439382978
Suzuka,415,63,-0.2266083655297793,1.1789235546368753,0.45447183382708917,-1.5886953804006567,-0.3233522403368898,-0.3233522403368898,0.0,-1.7469459160690652,-0.408119383980313,1.6242202773271677,0.0,1.0748540668804445
Suzuka,415,77,0.2266083655297793,0.31629656343916046,0.129849095379168,-0.031150889811777476,-0.3233522403368898,-0.3233522403368898,0.0,-0.27942016938526815,-0.408119383980313,-0.5851212325206212,0.0,0.2931813147337385
Suzuka,415,81,1.5862585587084552,1.4664658850361134,-0.032462273844792576,0.5918669064237743,-0.3233522403368898,-0.3233522403368898,0.0,0.834363120473883,-0.408119383980313,-1.4482459040063462,0.0,1.4314697464312534
Suzuka,416,1,-0.3338489304106395,-0.3338489304106395,0.061005108499205735,0.0,0.0,0.0,-0.5352712688231536,0.0,-0.22941572587056203,0.3368191432033294,-0.6612465211489654,-0.3564560834521053
Suzuka,416,2,-1.663859991885281,-1.663859991885281,-1.1507781830531945,0.0,0.0,0.0,-0.028792180350971225,0.0,4.129483065670117,-3.710337211832745,-0.6612465211489654,-1.216469454053891
Suzuka,416,4,0.2800023287315027,0.2800023287315027,-0.7819745725807248,0.0,0.0,0.0,1.7480147736562897,0.0,-0.22941572587056203,-0.1097636270075506,-0.6612465211489654,-0.5566429629796313
Suzuka,416,10,-0.43615747360099655,-0.43615747360099655,-0.20242604183827256,0.0,0.0,0.0,0.20009044404042992,0.0,-0.22941572587056203,0.1414391812360676,-0.6612465211489654,-0.7020418544259328
Suzuka,416,11,-0.5384660167913536,-0.5384660167913536,0.061005108499205735,0.0,0.0,0.0,-0.48513512636418216,0.0,-0.22941572587056203,0.20423988329697215,-0.6612465211489654,-0.1970967911966488
Suzuka,416,14,-0.5384660167913536,-0.5384660167913536,0.9039847895791363,0.0,0.0,0.0,-0.25890097486340335,0.0,-0.22941572587056203,0.2949520084960597,-0.6612465211489654,0.5180444955365291
Suzuka,416,16,-0.5384660167913536,-0.5384660167913536,1.1674159399166146,0.0,0.0,0.0,-0.8068713932692727,0.0,-0.22941572587056203,0.5601105283087646,-0.6612465211489654,1.066882208308157
Suzuka,416,20,-1.1523172759334959,-1.1523172759334959,1.2727884000516059,0.0,0.0,0.0,-0.22203639195192712,0.0,-0.22941572587056203,-0.17066127749085133,1.4327007958227578,0.2737973458737688
Suzuka,416,22,1.4053963038254302,1.4053963038254302,-1.4142093333906727,0.0,0.0,0.0,-0.6371323456916889,0.0,-0.22941572587056203,0.6940853593720272,1.4327007958227578,-1.0434131647781277
Suzuka,416,23,-0.8453916463624247,-0.8453916463624247,-1.2561506431881857,0.0,0.0,0.0,1.8563483018438711,0.0,-0.22941572587056203,-0.8992581672017782,-0.6612465211489654,-1.685516343773919
Suzuka,416,24,0.6892365014929309,0.6892365014929309,-1.20346441312069,0.0,0.0,0.0,0.2773549005457553,0.0,-0.22941572587056203,0.45962940501131827,1.4327007958227578,-0.7399720000206215
Suzuka,416,27,0.893853587873645,0.893853587873645,1.1674159399166146,0.0,0.0,0.0,-0.9051916785279338,0.0,-0.22941572587056203,0.34696875161720847,1.4327007958227578,1.3254968373628477
Suzuka,416,31,0.07538524235078864,0.07538524235078864,0.6932398693091536,0.0,0.0,0.0,-0.5326261902261874,0.0,-0.22941572587056203,0.5098699666600415,-0.6612465211489654,1.052227379328391
Suzuka,416,40,1.303087760635073,1.303087760635073,-0.6239158823782378,0.0,0.0,0.0,0.5408456476507583,0.0,-0.22941572587056203,0.36473056634150286,1.4327007958227578,0.24937263090749034
Suzuka,416,44,2.4284817357290005,2.4284817357290005,-0.09705358170328124,0.0,0.0,0.0,-0.17217326119908538,0.0,-0.22941572587056203,0.7554904902760264,-0.6612465211489654,0.89734595148341
Suzuka,416,55,0.4846194151122168,0.4846194151122168,1.114729709849119,0.0,0.0,0.0,-1.4021960369749449,0.0,-0.22941572587056203,0.8615538982011061,1.4327007958227578,1.6306620996473837
Suzuka,416,63,-0.7430831031720677,-0.7430831031720677,0.9566710196466319,0.0,0.0,0.0,0.15492614385674158,0.0,-0.22941572587056203,-0.09301677312464367,-0.6612465211489654,0.21776417624525207
Suzuka,416,77,-0.43615747360099655,-0.43615747360099655,-1.4668955634581684,0.0,0.0,0.0,2.268634935443029,0.0,-0.22941572587056203,-0.5284349740802476,-0.6612465211489654,-1.5681135121713126
Suzuka,416,81,-0.3338489304106395,-0.3338489304106395,0.798612329444145,0.0,0.0,0.0,-1.0598882987941285,0.0,-0.22941572587056203,-0.018417151282595925,-0.6612465211489654,0.8341290421589335
